date,id,name,y_items,y_actual_cost,x_items,x_actual_cost
2021-07-01,QOC,"NHS SHROPSHIRE, TELFORD AND WREKIN INTEGRATED CARE BOARD",235095,1200959.06,0,0
2021-07-01,QSL,"NHS SOMERSET INTEGRATED CARE BOARD",291371,1577630.13,0,0
2021-07-01,QR1,"NHS GLOUCESTERSHIRE INTEGRATED CARE BOARD",342920,1609383.35,0,0
2021-07-01,QT6,"NHS CORNWALL AND THE ISLES OF SCILLY INTEGRATED CARE BOARD",359275,1638300.78,0,0
2021-07-01,QGH,"NHS HEREFORDSHIRE AND WORCESTERSHIRE INTEGRATED CARE BOARD",380814,2063859.6,0,0
2021-07-01,QUY,"NHS BRISTOL, NORTH SOMERSET AND SOUTH GLOUCESTERSHIRE INTEGRATED CARE BOARD",390996,2087278.77,0,0
2021-07-01,QVV,"NHS DORSET INTEGRATED CARE BOARD",401588,2240917.15,0,0
2021-07-01,QPM,"NHS NORTHAMPTONSHIRE INTEGRATED CARE BOARD",446194,1660798.27,0,0
2021-07-01,QOX,"NHS BATH AND NORTH EAST SOMERSET, SWINDON AND WILTSHIRE INTEGRATED CARE BOARD",472746,2286172.16,0,0
2021-07-01,QWU,"NHS COVENTRY AND WARWICKSHIRE INTEGRATED CARE BOARD",488344,2014122.53,0,0
2021-07-01,QJ2,"NHS DERBY AND DERBYSHIRE INTEGRATED CARE BOARD",505104,2547567.59,0,0
2021-07-01,QHL,"NHS BIRMINGHAM AND SOLIHULL INTEGRATED CARE BOARD",524010,2647791.7,0,0
2021-07-01,QK1,"NHS LEICESTER, LEICESTERSHIRE AND RUTLAND INTEGRATED CARE BOARD",567359,2399190.48,0,0
2021-07-01,QUA,"NHS BLACK COUNTRY INTEGRATED CARE BOARD",571960,2912729.57,0,0
2021-07-01,QT1,"NHS NOTTINGHAM AND NOTTINGHAMSHIRE INTEGRATED CARE BOARD",585471,2565052.2,0,0
2021-07-01,QKK,"NHS SOUTH EAST LONDON INTEGRATED CARE BOARD",587364,2692751.98,0,0
2021-07-01,QWE,"NHS SOUTH WEST LONDON INTEGRATED CARE BOARD",589112,2348697.14,0,0
2021-07-01,QJM,"NHS LINCOLNSHIRE INTEGRATED CARE BOARD",601896,2344740.51,0,0
2021-07-01,QNC,"NHS STAFFORDSHIRE AND STOKE-ON-TRENT INTEGRATED CARE BOARD",634244,3096829.14,0,0
2021-07-01,QJK,"NHS DEVON INTEGRATED CARE BOARD",656524,3167956.59,0,0
2021-07-01,QMF,"NHS NORTH EAST LONDON INTEGRATED CARE BOARD",810356,2823549.65,0,0
2021-07-01,QRL,"NHS HAMPSHIRE AND ISLE OF WIGHT INTEGRATED CARE BOARD",824323,4827763.15,0,0
2021-07-01,S0E4D,"NHS THAMES VALLEY INTEGRATED CARE BOARD",875052,4293251.65,0,0
2021-07-01,QKS,"NHS KENT AND MEDWAY INTEGRATED CARE BOARD",877197,4574771.69,0,0
2021-07-01,QF7,"NHS SOUTH YORKSHIRE INTEGRATED CARE BOARD",899401,3602395.23,0,0
2021-07-01,D7T5G,"NHS ESSEX INTEGRATED CARE BOARD",965414,4504800.42,0,0
2021-07-01,QE1,"NHS LANCASHIRE AND SOUTH CUMBRIA INTEGRATED CARE BOARD",1025816,4230337.59,0,0
2021-07-01,T6Y0W,"NHS NORFOLK AND SUFFOLK INTEGRATED CARE BOARD",1039878,4492063.34,0,0
2021-07-01,QOQ,"NHS HUMBER AND NORTH YORKSHIRE INTEGRATED CARE BOARD",1053429,4465138.34,0,0
2021-07-01,S9B9J,"NHS SURREY AND SUSSEX INTEGRATED CARE BOARD",1203832,6734215,0,0
2021-07-01,QWO,"NHS WEST YORKSHIRE INTEGRATED CARE BOARD",1225907,5242440.31,0,0
2021-07-01,Z9B2Z,"NHS WEST AND NORTH LONDON INTEGRATED CARE BOARD",1386862,5774100.83,0,0
2021-07-01,QYG,"NHS CHESHIRE AND MERSEYSIDE INTEGRATED CARE BOARD",1417927,6700078,0,0
2021-07-01,S1Y5D,"NHS CENTRAL EAST INTEGRATED CARE BOARD",1436350,6329314.12,0,0
2021-07-01,QOP,"NHS GREATER MANCHESTER INTEGRATED CARE BOARD",1452606,6523248.65,0,0
2021-07-01,QHM,"NHS NORTH EAST AND NORTH CUMBRIA INTEGRATED CARE BOARD",2129253,7729606.89,0,0
2021-08-01,QOC,"NHS SHROPSHIRE, TELFORD AND WREKIN INTEGRATED CARE BOARD",227088,1157367.78,0,0
2021-08-01,QSL,"NHS SOMERSET INTEGRATED CARE BOARD",273662,1477585.47,0,0
2021-08-01,QR1,"NHS GLOUCESTERSHIRE INTEGRATED CARE BOARD",328324,1531045.82,0,0
2021-08-01,QT6,"NHS CORNWALL AND THE ISLES OF SCILLY INTEGRATED CARE BOARD",345475,1585154.58,0,0
2021-08-01,QGH,"NHS HEREFORDSHIRE AND WORCESTERSHIRE INTEGRATED CARE BOARD",367668,2020339.44,0,0
2021-08-01,QUY,"NHS BRISTOL, NORTH SOMERSET AND SOUTH GLOUCESTERSHIRE INTEGRATED CARE BOARD",374742,2010350.89,0,0
2021-08-01,QVV,"NHS DORSET INTEGRATED CARE BOARD",381367,2138088.69,0,0
2021-08-01,QPM,"NHS NORTHAMPTONSHIRE INTEGRATED CARE BOARD",425646,1585483.89,0,0
2021-08-01,QOX,"NHS BATH AND NORTH EAST SOMERSET, SWINDON AND WILTSHIRE INTEGRATED CARE BOARD",451233,2176566.58,0,0
2021-08-01,QWU,"NHS COVENTRY AND WARWICKSHIRE INTEGRATED CARE BOARD",471841,1937945.99,0,0
2021-08-01,QJ2,"NHS DERBY AND DERBYSHIRE INTEGRATED CARE BOARD",479420,2414071.92,0,0
2021-08-01,QHL,"NHS BIRMINGHAM AND SOLIHULL INTEGRATED CARE BOARD",506732,2572307.72,0,0
2021-08-01,QK1,"NHS LEICESTER, LEICESTERSHIRE AND RUTLAND INTEGRATED CARE BOARD",548651,2307151.65,0,0
2021-08-01,QUA,"NHS BLACK COUNTRY INTEGRATED CARE BOARD",554349,2823893.16,0,0
2021-08-01,QWE,"NHS SOUTH WEST LONDON INTEGRATED CARE BOARD",561104,2222723.67,0,0
2021-08-01,QKK,"NHS SOUTH EAST LONDON INTEGRATED CARE BOARD",561710,2548523.79,0,0
2021-08-01,QT1,"NHS NOTTINGHAM AND NOTTINGHAMSHIRE INTEGRATED CARE BOARD",561975,2471988,0,0
2021-08-01,QJM,"NHS LINCOLNSHIRE INTEGRATED CARE BOARD",579127,2249711.22,0,0
2021-08-01,QNC,"NHS STAFFORDSHIRE AND STOKE-ON-TRENT INTEGRATED CARE BOARD",597763,2930475.71,0,0
2021-08-01,QJK,"NHS DEVON INTEGRATED CARE BOARD",631286,3033019.97,0,0
2021-08-01,QMF,"NHS NORTH EAST LONDON INTEGRATED CARE BOARD",777399,2687365,0,0
2021-08-01,QRL,"NHS HAMPSHIRE AND ISLE OF WIGHT INTEGRATED CARE BOARD",790631,4619533.32,0,0
2021-08-01,S0E4D,"NHS THAMES VALLEY INTEGRATED CARE BOARD",831279,4081801.45,0,0
2021-08-01,QKS,"NHS KENT AND MEDWAY INTEGRATED CARE BOARD",832498,4322448,0,0
2021-08-01,QF7,"NHS SOUTH YORKSHIRE INTEGRATED CARE BOARD",856680,3413656.65,0,0
2021-08-01,D7T5G,"NHS ESSEX INTEGRATED CARE BOARD",929189,4339722.02,0,0
2021-08-01,QE1,"NHS LANCASHIRE AND SOUTH CUMBRIA INTEGRATED CARE BOARD",975731,4020252.91,0,0
2021-08-01,T6Y0W,"NHS NORFOLK AND SUFFOLK INTEGRATED CARE BOARD",990745,4257195.87,0,0
2021-08-01,QOQ,"NHS HUMBER AND NORTH YORKSHIRE INTEGRATED CARE BOARD",1017907,4315284.02,0,0
2021-08-01,S9B9J,"NHS SURREY AND SUSSEX INTEGRATED CARE BOARD",1153143,6505236.38,0,0
2021-08-01,QWO,"NHS WEST YORKSHIRE INTEGRATED CARE BOARD",1209455,5128411.72,0,0
2021-08-01,Z9B2Z,"NHS WEST AND NORTH LONDON INTEGRATED CARE BOARD",1312341,5399387.96,0,0
2021-08-01,QYG,"NHS CHESHIRE AND MERSEYSIDE INTEGRATED CARE BOARD",1358609,6399538.78,0,0
2021-08-01,S1Y5D,"NHS CENTRAL EAST INTEGRATED CARE BOARD",1369668,6015999.47,0,0
2021-08-01,QOP,"NHS GREATER MANCHESTER INTEGRATED CARE BOARD",1403234,6266796.63,0,0
2021-08-01,QHM,"NHS NORTH EAST AND NORTH CUMBRIA INTEGRATED CARE BOARD",2048706,7417105.78,0,0
2021-09-01,QOC,"NHS SHROPSHIRE, TELFORD AND WREKIN INTEGRATED CARE BOARD",233619,1202137.11,0,0
2021-09-01,QSL,"NHS SOMERSET INTEGRATED CARE BOARD",289459,1578683.95,0,0
2021-09-01,QR1,"NHS GLOUCESTERSHIRE INTEGRATED CARE BOARD",340610,1593047.62,0,0
2021-09-01,QT6,"NHS CORNWALL AND THE ISLES OF SCILLY INTEGRATED CARE BOARD",363616,1651594.12,0,0
2021-09-01,QUY,"NHS BRISTOL, NORTH SOMERSET AND SOUTH GLOUCESTERSHIRE INTEGRATED CARE BOARD",384557,2062209.17,0,0
2021-09-01,QGH,"NHS HEREFORDSHIRE AND WORCESTERSHIRE INTEGRATED CARE BOARD",388312,2118794.97,0,0
2021-09-01,QVV,"NHS DORSET INTEGRATED CARE BOARD",396169,2213338.32,0,0
2021-09-01,QPM,"NHS NORTHAMPTONSHIRE INTEGRATED CARE BOARD",444773,1650558.26,0,0
2021-09-01,QOX,"NHS BATH AND NORTH EAST SOMERSET, SWINDON AND WILTSHIRE INTEGRATED CARE BOARD",460685,2246003.97,0,0
2021-09-01,QWU,"NHS COVENTRY AND WARWICKSHIRE INTEGRATED CARE BOARD",489153,2024468.84,0,0
2021-09-01,QJ2,"NHS DERBY AND DERBYSHIRE INTEGRATED CARE BOARD",502570,2558421.2,0,0
2021-09-01,QHL,"NHS BIRMINGHAM AND SOLIHULL INTEGRATED CARE BOARD",526576,2678657.61,0,0
2021-09-01,QK1,"NHS LEICESTER, LEICESTERSHIRE AND RUTLAND INTEGRATED CARE BOARD",568294,2417690.92,0,0
2021-09-01,QWE,"NHS SOUTH WEST LONDON INTEGRATED CARE BOARD",578921,2290109.83,0,0
2021-09-01,QT1,"NHS NOTTINGHAM AND NOTTINGHAMSHIRE INTEGRATED CARE BOARD",581348,2555332.21,0,0
2021-09-01,QUA,"NHS BLACK COUNTRY INTEGRATED CARE BOARD",587487,2962720.23,0,0
2021-09-01,QKK,"NHS SOUTH EAST LONDON INTEGRATED CARE BOARD",589838,2690810.98,0,0
2021-09-01,QJM,"NHS LINCOLNSHIRE INTEGRATED CARE BOARD",606449,2344774.02,0,0
2021-09-01,QNC,"NHS STAFFORDSHIRE AND STOKE-ON-TRENT INTEGRATED CARE BOARD",637400,3117901.85,0,0
2021-09-01,QJK,"NHS DEVON INTEGRATED CARE BOARD",649960,3150805.41,0,0
2021-09-01,QMF,"NHS NORTH EAST LONDON INTEGRATED CARE BOARD",802144,2796658.65,0,0
2021-09-01,QRL,"NHS HAMPSHIRE AND ISLE OF WIGHT INTEGRATED CARE BOARD",822219,4806328.76,0,0
2021-09-01,S0E4D,"NHS THAMES VALLEY INTEGRATED CARE BOARD",864068,4236115.47,0,0
2021-09-01,QKS,"NHS KENT AND MEDWAY INTEGRATED CARE BOARD",875186,4584522.17,0,0
2021-09-01,QF7,"NHS SOUTH YORKSHIRE INTEGRATED CARE BOARD",886056,3553162.9,0,0
2021-09-01,D7T5G,"NHS ESSEX INTEGRATED CARE BOARD",969174,4536638.56,0,0
2021-09-01,T6Y0W,"NHS NORFOLK AND SUFFOLK INTEGRATED CARE BOARD",1031579,4432769.91,0,0
2021-09-01,QE1,"NHS LANCASHIRE AND SOUTH CUMBRIA INTEGRATED CARE BOARD",1034711,4260595.14,0,0
2021-09-01,QOQ,"NHS HUMBER AND NORTH YORKSHIRE INTEGRATED CARE BOARD",1062766,4517364.58,0,0
2021-09-01,S9B9J,"NHS SURREY AND SUSSEX INTEGRATED CARE BOARD",1186452,6669018.72,0,0
2021-09-01,QWO,"NHS WEST YORKSHIRE INTEGRATED CARE BOARD",1232890,5249785.19,0,0
2021-09-01,Z9B2Z,"NHS WEST AND NORTH LONDON INTEGRATED CARE BOARD",1373832,5770315.9,0,0
2021-09-01,S1Y5D,"NHS CENTRAL EAST INTEGRATED CARE BOARD",1414306,6237687.29,0,0
2021-09-01,QYG,"NHS CHESHIRE AND MERSEYSIDE INTEGRATED CARE BOARD",1414999,6689360.12,0,0
2021-09-01,QOP,"NHS GREATER MANCHESTER INTEGRATED CARE BOARD",1472625,6590139.75,0,0
2021-09-01,QHM,"NHS NORTH EAST AND NORTH CUMBRIA INTEGRATED CARE BOARD",2124722,7732637.91,0,0
2021-10-01,QOC,"NHS SHROPSHIRE, TELFORD AND WREKIN INTEGRATED CARE BOARD",225037,1130560.69,0,0
2021-10-01,QSL,"NHS SOMERSET INTEGRATED CARE BOARD",270545,1446426.6,0,0
2021-10-01,QR1,"NHS GLOUCESTERSHIRE INTEGRATED CARE BOARD",320525,1485791.52,0,0
2021-10-01,QT6,"NHS CORNWALL AND THE ISLES OF SCILLY INTEGRATED CARE BOARD",340037,1546931.89,0,0
2021-10-01,QUY,"NHS BRISTOL, NORTH SOMERSET AND SOUTH GLOUCESTERSHIRE INTEGRATED CARE BOARD",362263,1924539.44,0,0
2021-10-01,QGH,"NHS HEREFORDSHIRE AND WORCESTERSHIRE INTEGRATED CARE BOARD",368818,1988572.99,0,0
2021-10-01,QVV,"NHS DORSET INTEGRATED CARE BOARD",375493,2063251.69,0,0
2021-10-01,QPM,"NHS NORTHAMPTONSHIRE INTEGRATED CARE BOARD",420846,1546857.9,0,0
2021-10-01,QOX,"NHS BATH AND NORTH EAST SOMERSET, SWINDON AND WILTSHIRE INTEGRATED CARE BOARD",441233,2105969.59,0,0
2021-10-01,QWU,"NHS COVENTRY AND WARWICKSHIRE INTEGRATED CARE BOARD",464517,1892400.45,0,0
2021-10-01,QJ2,"NHS DERBY AND DERBYSHIRE INTEGRATED CARE BOARD",471230,2333558.79,0,0
2021-10-01,QHL,"NHS BIRMINGHAM AND SOLIHULL INTEGRATED CARE BOARD",508775,2540101.85,0,0
2021-10-01,QK1,"NHS LEICESTER, LEICESTERSHIRE AND RUTLAND INTEGRATED CARE BOARD",542457,2255271.85,0,0
2021-10-01,QUA,"NHS BLACK COUNTRY INTEGRATED CARE BOARD",549316,2766131.58,0,0
2021-10-01,QT1,"NHS NOTTINGHAM AND NOTTINGHAMSHIRE INTEGRATED CARE BOARD",562026,2434477.72,0,0
2021-10-01,QWE,"NHS SOUTH WEST LONDON INTEGRATED CARE BOARD",563392,2198290.72,0,0
2021-10-01,QKK,"NHS SOUTH EAST LONDON INTEGRATED CARE BOARD",570898,2539620.38,0,0
2021-10-01,QJM,"NHS LINCOLNSHIRE INTEGRATED CARE BOARD",575710,2206547.79,0,0
2021-10-01,QNC,"NHS STAFFORDSHIRE AND STOKE-ON-TRENT INTEGRATED CARE BOARD",604177,2919801.99,0,0
2021-10-01,QJK,"NHS DEVON INTEGRATED CARE BOARD",622993,2951713.45,0,0
2021-10-01,QRL,"NHS HAMPSHIRE AND ISLE OF WIGHT INTEGRATED CARE BOARD",778557,4473778.48,0,0
2021-10-01,QMF,"NHS NORTH EAST LONDON INTEGRATED CARE BOARD",787371,2638349.69,0,0
2021-10-01,S0E4D,"NHS THAMES VALLEY INTEGRATED CARE BOARD",823074,3981699.02,0,0
2021-10-01,QKS,"NHS KENT AND MEDWAY INTEGRATED CARE BOARD",841953,4317356.76,0,0
2021-10-01,QF7,"NHS SOUTH YORKSHIRE INTEGRATED CARE BOARD",859036,3357882.91,0,0
2021-10-01,D7T5G,"NHS ESSEX INTEGRATED CARE BOARD",919620,4236786.43,0,0
2021-10-01,QE1,"NHS LANCASHIRE AND SOUTH CUMBRIA INTEGRATED CARE BOARD",983526,3969852.95,0,0
2021-10-01,T6Y0W,"NHS NORFOLK AND SUFFOLK INTEGRATED CARE BOARD",995376,4208040.27,0,0
2021-10-01,QOQ,"NHS HUMBER AND NORTH YORKSHIRE INTEGRATED CARE BOARD",1009012,4215186.14,0,0
2021-10-01,S9B9J,"NHS SURREY AND SUSSEX INTEGRATED CARE BOARD",1148777,6333197.67,0,0
2021-10-01,QWO,"NHS WEST YORKSHIRE INTEGRATED CARE BOARD",1187791,4922622.55,0,0
2021-10-01,Z9B2Z,"NHS WEST AND NORTH LONDON INTEGRATED CARE BOARD",1328063,5393602.53,0,0
2021-10-01,QYG,"NHS CHESHIRE AND MERSEYSIDE INTEGRATED CARE BOARD",1354591,6270099.44,0,0
2021-10-01,S1Y5D,"NHS CENTRAL EAST INTEGRATED CARE BOARD",1366973,5909988.36,0,0
2021-10-01,QOP,"NHS GREATER MANCHESTER INTEGRATED CARE BOARD",1392069,6096785.96,0,0
2021-10-01,QHM,"NHS NORTH EAST AND NORTH CUMBRIA INTEGRATED CARE BOARD",2033368,7246967.57,0,0
2021-11-01,QOC,"NHS SHROPSHIRE, TELFORD AND WREKIN INTEGRATED CARE BOARD",228169,1164341.49,0,0
2021-11-01,QSL,"NHS SOMERSET INTEGRATED CARE BOARD",284571,1543466.68,0,0
2021-11-01,QR1,"NHS GLOUCESTERSHIRE INTEGRATED CARE BOARD",349398,1615209.51,0,0
2021-11-01,QT6,"NHS CORNWALL AND THE ISLES OF SCILLY INTEGRATED CARE BOARD",355462,1596859.33,0,0
2021-11-01,QGH,"NHS HEREFORDSHIRE AND WORCESTERSHIRE INTEGRATED CARE BOARD",381140,2046842.92,0,0
2021-11-01,QUY,"NHS BRISTOL, NORTH SOMERSET AND SOUTH GLOUCESTERSHIRE INTEGRATED CARE BOARD",393415,2075583.68,0,0
2021-11-01,QVV,"NHS DORSET INTEGRATED CARE BOARD",396706,2207664.55,0,0
2021-11-01,QPM,"NHS NORTHAMPTONSHIRE INTEGRATED CARE BOARD",448679,1652768.27,0,0
2021-11-01,QOX,"NHS BATH AND NORTH EAST SOMERSET, SWINDON AND WILTSHIRE INTEGRATED CARE BOARD",458883,2205084.75,0,0
2021-11-01,QWU,"NHS COVENTRY AND WARWICKSHIRE INTEGRATED CARE BOARD",491299,2002881.72,0,0
2021-11-01,QJ2,"NHS DERBY AND DERBYSHIRE INTEGRATED CARE BOARD",495744,2481118.33,0,0
2021-11-01,QHL,"NHS BIRMINGHAM AND SOLIHULL INTEGRATED CARE BOARD",528273,2630235.28,0,0
2021-11-01,QK1,"NHS LEICESTER, LEICESTERSHIRE AND RUTLAND INTEGRATED CARE BOARD",567011,2373578.84,0,0
2021-11-01,QUA,"NHS BLACK COUNTRY INTEGRATED CARE BOARD",577351,2883570.35,0,0
2021-11-01,QT1,"NHS NOTTINGHAM AND NOTTINGHAMSHIRE INTEGRATED CARE BOARD",577628,2519240.67,0,0
2021-11-01,QWE,"NHS SOUTH WEST LONDON INTEGRATED CARE BOARD",585414,2279496.52,0,0
2021-11-01,QKK,"NHS SOUTH EAST LONDON INTEGRATED CARE BOARD",590711,2679129.1,0,0
2021-11-01,QJM,"NHS LINCOLNSHIRE INTEGRATED CARE BOARD",597430,2300784.89,0,0
2021-11-01,QNC,"NHS STAFFORDSHIRE AND STOKE-ON-TRENT INTEGRATED CARE BOARD",618801,3012484.66,0,0
2021-11-01,QJK,"NHS DEVON INTEGRATED CARE BOARD",657929,3157175.64,0,0
2021-11-01,QRL,"NHS HAMPSHIRE AND ISLE OF WIGHT INTEGRATED CARE BOARD",805017,4689980.25,0,0
2021-11-01,QMF,"NHS NORTH EAST LONDON INTEGRATED CARE BOARD",823684,2797055.73,0,0
2021-11-01,S0E4D,"NHS THAMES VALLEY INTEGRATED CARE BOARD",861104,4203514.57,0,0
2021-11-01,QKS,"NHS KENT AND MEDWAY INTEGRATED CARE BOARD",872009,4471935.22,0,0
2021-11-01,QF7,"NHS SOUTH YORKSHIRE INTEGRATED CARE BOARD",890080,3525749.3,0,0
2021-11-01,D7T5G,"NHS ESSEX INTEGRATED CARE BOARD",948657,4388129.56,0,0
2021-11-01,T6Y0W,"NHS NORFOLK AND SUFFOLK INTEGRATED CARE BOARD",1020160,4371905.28,0,0
2021-11-01,QE1,"NHS LANCASHIRE AND SOUTH CUMBRIA INTEGRATED CARE BOARD",1020478,4157784.21,0,0
2021-11-01,QOQ,"NHS HUMBER AND NORTH YORKSHIRE INTEGRATED CARE BOARD",1055941,4441468.02,0,0
2021-11-01,S9B9J,"NHS SURREY AND SUSSEX INTEGRATED CARE BOARD",1202007,6684946.99,0,0
2021-11-01,QWO,"NHS WEST YORKSHIRE INTEGRATED CARE BOARD",1242459,5182656.8,0,0
2021-11-01,Z9B2Z,"NHS WEST AND NORTH LONDON INTEGRATED CARE BOARD",1366843,5603625.01,0,0
2021-11-01,QYG,"NHS CHESHIRE AND MERSEYSIDE INTEGRATED CARE BOARD",1407224,6566810.25,0,0
2021-11-01,S1Y5D,"NHS CENTRAL EAST INTEGRATED CARE BOARD",1426350,6207356.73,0,0
2021-11-01,QOP,"NHS GREATER MANCHESTER INTEGRATED CARE BOARD",1436943,6315495.6,0,0
2021-11-01,QHM,"NHS NORTH EAST AND NORTH CUMBRIA INTEGRATED CARE BOARD",2083468,7475430.06,0,0
2021-12-01,QOC,"NHS SHROPSHIRE, TELFORD AND WREKIN INTEGRATED CARE BOARD",249326,1306603.89,0,0
2021-12-01,QSL,"NHS SOMERSET INTEGRATED CARE BOARD",309658,1707558.7,0,0
2021-12-01,QR1,"NHS GLOUCESTERSHIRE INTEGRATED CARE BOARD",355531,1700950.79,0,0
2021-12-01,QT6,"NHS CORNWALL AND THE ISLES OF SCILLY INTEGRATED CARE BOARD",380816,1760587.7,0,0
2021-12-01,QUY,"NHS BRISTOL, NORTH SOMERSET AND SOUTH GLOUCESTERSHIRE INTEGRATED CARE BOARD",404842,2207530.72,0,0
2021-12-01,QGH,"NHS HEREFORDSHIRE AND WORCESTERSHIRE INTEGRATED CARE BOARD",404870,2246444.63,0,0
2021-12-01,QVV,"NHS DORSET INTEGRATED CARE BOARD",422482,2391881.84,0,0
2021-12-01,QPM,"NHS NORTHAMPTONSHIRE INTEGRATED CARE BOARD",472019,1796861.45,0,0
2021-12-01,QOX,"NHS BATH AND NORTH EAST SOMERSET, SWINDON AND WILTSHIRE INTEGRATED CARE BOARD",483729,2406596.22,0,0
2021-12-01,QWU,"NHS COVENTRY AND WARWICKSHIRE INTEGRATED CARE BOARD",516585,2182674.44,0,0
2021-12-01,QJ2,"NHS DERBY AND DERBYSHIRE INTEGRATED CARE BOARD",526761,2688404.35,0,0
2021-12-01,QHL,"NHS BIRMINGHAM AND SOLIHULL INTEGRATED CARE BOARD",545660,2811858.98,0,0
2021-12-01,QK1,"NHS LEICESTER, LEICESTERSHIRE AND RUTLAND INTEGRATED CARE BOARD",595906,2578099.57,0,0
2021-12-01,QUA,"NHS BLACK COUNTRY INTEGRATED CARE BOARD",600901,3097303.91,0,0
2021-12-01,QKK,"NHS SOUTH EAST LONDON INTEGRATED CARE BOARD",602128,2781201.67,0,0
2021-12-01,QWE,"NHS SOUTH WEST LONDON INTEGRATED CARE BOARD",608469,2455276.42,0,0
2021-12-01,QT1,"NHS NOTTINGHAM AND NOTTINGHAMSHIRE INTEGRATED CARE BOARD",618193,2740410.54,0,0
2021-12-01,QJM,"NHS LINCOLNSHIRE INTEGRATED CARE BOARD",626550,2465832.51,0,0
2021-12-01,QNC,"NHS STAFFORDSHIRE AND STOKE-ON-TRENT INTEGRATED CARE BOARD",668765,3344826.16,0,0
2021-12-01,QJK,"NHS DEVON INTEGRATED CARE BOARD",688350,3327688.36,0,0
2021-12-01,QMF,"NHS NORTH EAST LONDON INTEGRATED CARE BOARD",820534,2866016.35,0,0
2021-12-01,QRL,"NHS HAMPSHIRE AND ISLE OF WIGHT INTEGRATED CARE BOARD",875308,5140090.25,0,0
2021-12-01,S0E4D,"NHS THAMES VALLEY INTEGRATED CARE BOARD",910128,4555742.57,0,0
2021-12-01,QKS,"NHS KENT AND MEDWAY INTEGRATED CARE BOARD",916777,4833579.48,0,0
2021-12-01,QF7,"NHS SOUTH YORKSHIRE INTEGRATED CARE BOARD",942766,3794246.66,0,0
2021-12-01,D7T5G,"NHS ESSEX INTEGRATED CARE BOARD",1013678,4788095.27,0,0
2021-12-01,QE1,"NHS LANCASHIRE AND SOUTH CUMBRIA INTEGRATED CARE BOARD",1073559,4460476.26,0,0
2021-12-01,T6Y0W,"NHS NORFOLK AND SUFFOLK INTEGRATED CARE BOARD",1075952,4679981.12,0,0
2021-12-01,QOQ,"NHS HUMBER AND NORTH YORKSHIRE INTEGRATED CARE BOARD",1111058,4772358.24,0,0
2021-12-01,S9B9J,"NHS SURREY AND SUSSEX INTEGRATED CARE BOARD",1270653,7290851.19,0,0
2021-12-01,QWO,"NHS WEST YORKSHIRE INTEGRATED CARE BOARD",1292210,5555391.71,0,0
2021-12-01,Z9B2Z,"NHS WEST AND NORTH LONDON INTEGRATED CARE BOARD",1401465,5957407.67,0,0
2021-12-01,QYG,"NHS CHESHIRE AND MERSEYSIDE INTEGRATED CARE BOARD",1482783,7009147.37,0,0
2021-12-01,S1Y5D,"NHS CENTRAL EAST INTEGRATED CARE BOARD",1494241,6707041.26,0,0
2021-12-01,QOP,"NHS GREATER MANCHESTER INTEGRATED CARE BOARD",1518602,6799014.63,0,0
2021-12-01,QHM,"NHS NORTH EAST AND NORTH CUMBRIA INTEGRATED CARE BOARD",2226045,8235624.24,0,0
2022-01-01,QOC,"NHS SHROPSHIRE, TELFORD AND WREKIN INTEGRATED CARE BOARD",228496,1163491.99,0,0
2022-01-01,QSL,"NHS SOMERSET INTEGRATED CARE BOARD",279226,1503857.96,0,0
2022-01-01,QR1,"NHS GLOUCESTERSHIRE INTEGRATED CARE BOARD",332507,1550367.34,0,0
2022-01-01,QT6,"NHS CORNWALL AND THE ISLES OF SCILLY INTEGRATED CARE BOARD",344893,1554026.62,0,0
2022-01-01,QGH,"NHS HEREFORDSHIRE AND WORCESTERSHIRE INTEGRATED CARE BOARD",375623,2005793.74,0,0
2022-01-01,QUY,"NHS BRISTOL, NORTH SOMERSET AND SOUTH GLOUCESTERSHIRE INTEGRATED CARE BOARD",379123,1991442.07,0,0
2022-01-01,QVV,"NHS DORSET INTEGRATED CARE BOARD",388014,2142942.56,0,0
2022-01-01,QPM,"NHS NORTHAMPTONSHIRE INTEGRATED CARE BOARD",432475,1585836.7,0,0
2022-01-01,QOX,"NHS BATH AND NORTH EAST SOMERSET, SWINDON AND WILTSHIRE INTEGRATED CARE BOARD",451127,2178959.2,0,0
2022-01-01,QWU,"NHS COVENTRY AND WARWICKSHIRE INTEGRATED CARE BOARD",468611,1936420.71,0,0
2022-01-01,QJ2,"NHS DERBY AND DERBYSHIRE INTEGRATED CARE BOARD",487259,2421055.42,0,0
2022-01-01,QHL,"NHS BIRMINGHAM AND SOLIHULL INTEGRATED CARE BOARD",520124,2579049.17,0,0
2022-01-01,QK1,"NHS LEICESTER, LEICESTERSHIRE AND RUTLAND INTEGRATED CARE BOARD",555448,2329011.29,0,0
2022-01-01,QUA,"NHS BLACK COUNTRY INTEGRATED CARE BOARD",566937,2790113.1,0,0
2022-01-01,QT1,"NHS NOTTINGHAM AND NOTTINGHAMSHIRE INTEGRATED CARE BOARD",571214,2491655.26,0,0
2022-01-01,QWE,"NHS SOUTH WEST LONDON INTEGRATED CARE BOARD",587272,2223716.93,0,0
2022-01-01,QKK,"NHS SOUTH EAST LONDON INTEGRATED CARE BOARD",587650,2590096.27,0,0
2022-01-01,QJM,"NHS LINCOLNSHIRE INTEGRATED CARE BOARD",588300,2262199.12,0,0
2022-01-01,QNC,"NHS STAFFORDSHIRE AND STOKE-ON-TRENT INTEGRATED CARE BOARD",613780,2951847.38,0,0
2022-01-01,QJK,"NHS DEVON INTEGRATED CARE BOARD",636465,3007961.85,0,0
2022-01-01,QRL,"NHS HAMPSHIRE AND ISLE OF WIGHT INTEGRATED CARE BOARD",797175,4577359.4,0,0
2022-01-01,QMF,"NHS NORTH EAST LONDON INTEGRATED CARE BOARD",809258,2717283.46,0,0
2022-01-01,QKS,"NHS KENT AND MEDWAY INTEGRATED CARE BOARD",852228,4369705.25,0,0
2022-01-01,S0E4D,"NHS THAMES VALLEY INTEGRATED CARE BOARD",853981,4144846.7,0,0
2022-01-01,QF7,"NHS SOUTH YORKSHIRE INTEGRATED CARE BOARD",860979,3342854.98,0,0
2022-01-01,D7T5G,"NHS ESSEX INTEGRATED CARE BOARD",950529,4365356.79,0,0
2022-01-01,QE1,"NHS LANCASHIRE AND SOUTH CUMBRIA INTEGRATED CARE BOARD",995516,4027334.77,0,0
2022-01-01,T6Y0W,"NHS NORFOLK AND SUFFOLK INTEGRATED CARE BOARD",1017787,4341643.56,0,0
2022-01-01,QOQ,"NHS HUMBER AND NORTH YORKSHIRE INTEGRATED CARE BOARD",1037476,4340643.71,0,0
2022-01-01,S9B9J,"NHS SURREY AND SUSSEX INTEGRATED CARE BOARD",1180742,6520339.45,0,0
2022-01-01,QWO,"NHS WEST YORKSHIRE INTEGRATED CARE BOARD",1220345,5095539.42,0,0
2022-01-01,QYG,"NHS CHESHIRE AND MERSEYSIDE INTEGRATED CARE BOARD",1371763,6313568.25,0,0
2022-01-01,Z9B2Z,"NHS WEST AND NORTH LONDON INTEGRATED CARE BOARD",1373480,5578229.38,0,0
2022-01-01,QOP,"NHS GREATER MANCHESTER INTEGRATED CARE BOARD",1420821,6122652.18,0,0
2022-01-01,S1Y5D,"NHS CENTRAL EAST INTEGRATED CARE BOARD",1423482,6159576.5,0,0
2022-01-01,QHM,"NHS NORTH EAST AND NORTH CUMBRIA INTEGRATED CARE BOARD",2067598,7348912.64,0,0
2022-02-01,QOC,"NHS SHROPSHIRE, TELFORD AND WREKIN INTEGRATED CARE BOARD",216226,1085276.16,0,0
2022-02-01,QSL,"NHS SOMERSET INTEGRATED CARE BOARD",260209,1405486.23,0,0
2022-02-01,QR1,"NHS GLOUCESTERSHIRE INTEGRATED CARE BOARD",318252,1469450.46,0,0
2022-02-01,QT6,"NHS CORNWALL AND THE ISLES OF SCILLY INTEGRATED CARE BOARD",333447,1505679.24,0,0
2022-02-01,QGH,"NHS HEREFORDSHIRE AND WORCESTERSHIRE INTEGRATED CARE BOARD",355303,1908081.82,0,0
2022-02-01,QUY,"NHS BRISTOL, NORTH SOMERSET AND SOUTH GLOUCESTERSHIRE INTEGRATED CARE BOARD",356790,1900194.92,0,0
2022-02-01,QVV,"NHS DORSET INTEGRATED CARE BOARD",363951,2009734.29,0,0
2022-02-01,QPM,"NHS NORTHAMPTONSHIRE INTEGRATED CARE BOARD",406368,1494375.61,0,0
2022-02-01,QOX,"NHS BATH AND NORTH EAST SOMERSET, SWINDON AND WILTSHIRE INTEGRATED CARE BOARD",422664,2032574.08,0,0
2022-02-01,QWU,"NHS COVENTRY AND WARWICKSHIRE INTEGRATED CARE BOARD",451600,1855208.89,0,0
2022-02-01,QJ2,"NHS DERBY AND DERBYSHIRE INTEGRATED CARE BOARD",459381,2277516.98,0,0
2022-02-01,QHL,"NHS BIRMINGHAM AND SOLIHULL INTEGRATED CARE BOARD",486890,2409093.83,0,0
2022-02-01,QK1,"NHS LEICESTER, LEICESTERSHIRE AND RUTLAND INTEGRATED CARE BOARD",523362,2195931.76,0,0
2022-02-01,QUA,"NHS BLACK COUNTRY INTEGRATED CARE BOARD",529066,2617972.81,0,0
2022-02-01,QT1,"NHS NOTTINGHAM AND NOTTINGHAMSHIRE INTEGRATED CARE BOARD",541296,2351241.43,0,0
2022-02-01,QKK,"NHS SOUTH EAST LONDON INTEGRATED CARE BOARD",546248,2375927.42,0,0
2022-02-01,QWE,"NHS SOUTH WEST LONDON INTEGRATED CARE BOARD",550531,2120755.63,0,0
2022-02-01,QJM,"NHS LINCOLNSHIRE INTEGRATED CARE BOARD",553457,2113644.16,0,0
2022-02-01,QNC,"NHS STAFFORDSHIRE AND STOKE-ON-TRENT INTEGRATED CARE BOARD",579582,2786544.33,0,0
2022-02-01,QJK,"NHS DEVON INTEGRATED CARE BOARD",596679,2831879.64,0,0
2022-02-01,QMF,"NHS NORTH EAST LONDON INTEGRATED CARE BOARD",746268,2509224.7,0,0
2022-02-01,QRL,"NHS HAMPSHIRE AND ISLE OF WIGHT INTEGRATED CARE BOARD",763919,4370570.74,0,0
2022-02-01,QKS,"NHS KENT AND MEDWAY INTEGRATED CARE BOARD",799712,4104199.44,0,0
2022-02-01,QF7,"NHS SOUTH YORKSHIRE INTEGRATED CARE BOARD",814944,3186446.52,0,0
2022-02-01,S0E4D,"NHS THAMES VALLEY INTEGRATED CARE BOARD",820155,3965833.64,0,0
2022-02-01,D7T5G,"NHS ESSEX INTEGRATED CARE BOARD",883750,4065099.55,0,0
2022-02-01,QE1,"NHS LANCASHIRE AND SOUTH CUMBRIA INTEGRATED CARE BOARD",937245,3774277.17,0,0
2022-02-01,T6Y0W,"NHS NORFOLK AND SUFFOLK INTEGRATED CARE BOARD",949198,4041570.52,0,0
2022-02-01,QOQ,"NHS HUMBER AND NORTH YORKSHIRE INTEGRATED CARE BOARD",984203,4110833.23,0,0
2022-02-01,S9B9J,"NHS SURREY AND SUSSEX INTEGRATED CARE BOARD",1102083,6149336.57,0,0
2022-02-01,QWO,"NHS WEST YORKSHIRE INTEGRATED CARE BOARD",1155478,4805216.61,0,0
2022-02-01,Z9B2Z,"NHS WEST AND NORTH LONDON INTEGRATED CARE BOARD",1285286,5213615.54,0,0
2022-02-01,QYG,"NHS CHESHIRE AND MERSEYSIDE INTEGRATED CARE BOARD",1290184,5909690.66,0,0
2022-02-01,S1Y5D,"NHS CENTRAL EAST INTEGRATED CARE BOARD",1322277,5734257.12,0,0
2022-02-01,QOP,"NHS GREATER MANCHESTER INTEGRATED CARE BOARD",1328176,5755775.41,0,0
2022-02-01,QHM,"NHS NORTH EAST AND NORTH CUMBRIA INTEGRATED CARE BOARD",1948434,6979033.75,0,0
2022-03-01,QOC,"NHS SHROPSHIRE, TELFORD AND WREKIN INTEGRATED CARE BOARD",247129,1256695.47,0,0
2022-03-01,QSL,"NHS SOMERSET INTEGRATED CARE BOARD",299716,1622433.28,0,0
2022-03-01,QR1,"NHS GLOUCESTERSHIRE INTEGRATED CARE BOARD",350450,1630707.82,0,0
2022-03-01,QT6,"NHS CORNWALL AND THE ISLES OF SCILLY INTEGRATED CARE BOARD",375741,1702181.17,0,0
2022-03-01,QUY,"NHS BRISTOL, NORTH SOMERSET AND SOUTH GLOUCESTERSHIRE INTEGRATED CARE BOARD",401109,2142291.08,0,0
2022-03-01,QGH,"NHS HEREFORDSHIRE AND WORCESTERSHIRE INTEGRATED CARE BOARD",402885,2159241.15,0,0
2022-03-01,QVV,"NHS DORSET INTEGRATED CARE BOARD",413455,2281319.48,0,0
2022-03-01,QPM,"NHS NORTHAMPTONSHIRE INTEGRATED CARE BOARD",469011,1718329.02,0,0
2022-03-01,QOX,"NHS BATH AND NORTH EAST SOMERSET, SWINDON AND WILTSHIRE INTEGRATED CARE BOARD",486978,2339757.26,0,0
2022-03-01,QWU,"NHS COVENTRY AND WARWICKSHIRE INTEGRATED CARE BOARD",504031,2068189.03,0,0
2022-03-01,QJ2,"NHS DERBY AND DERBYSHIRE INTEGRATED CARE BOARD",520473,2587171.31,0,0
2022-03-01,QHL,"NHS BIRMINGHAM AND SOLIHULL INTEGRATED CARE BOARD",550747,2737400.86,0,0
2022-03-01,QK1,"NHS LEICESTER, LEICESTERSHIRE AND RUTLAND INTEGRATED CARE BOARD",593574,2484494.78,0,0
2022-03-01,QUA,"NHS BLACK COUNTRY INTEGRATED CARE BOARD",605916,3009458.09,0,0
2022-03-01,QT1,"NHS NOTTINGHAM AND NOTTINGHAMSHIRE INTEGRATED CARE BOARD",607285,2632240.88,0,0
2022-03-01,QKK,"NHS SOUTH EAST LONDON INTEGRATED CARE BOARD",616252,2758433.66,0,0
2022-03-01,QWE,"NHS SOUTH WEST LONDON INTEGRATED CARE BOARD",617337,2364475.44,0,0
2022-03-01,QJM,"NHS LINCOLNSHIRE INTEGRATED CARE BOARD",627744,2414305.54,0,0
2022-03-01,QNC,"NHS STAFFORDSHIRE AND STOKE-ON-TRENT INTEGRATED CARE BOARD",653097,3160167.16,0,0
2022-03-01,QJK,"NHS DEVON INTEGRATED CARE BOARD",678712,3222616.2,0,0
2022-03-01,QMF,"NHS NORTH EAST LONDON INTEGRATED CARE BOARD",847844,2842900.36,0,0
2022-03-01,QRL,"NHS HAMPSHIRE AND ISLE OF WIGHT INTEGRATED CARE BOARD",855845,4961581.03,0,0
2022-03-01,S0E4D,"NHS THAMES VALLEY INTEGRATED CARE BOARD",894133,4358979.25,0,0
2022-03-01,QKS,"NHS KENT AND MEDWAY INTEGRATED CARE BOARD",906162,4619854.14,0,0
2022-03-01,QF7,"NHS SOUTH YORKSHIRE INTEGRATED CARE BOARD",924868,3590747.21,0,0
2022-03-01,D7T5G,"NHS ESSEX INTEGRATED CARE BOARD",996240,4569175.02,0,0
2022-03-01,T6Y0W,"NHS NORFOLK AND SUFFOLK INTEGRATED CARE BOARD",1066529,4565985.4,0,0
2022-03-01,QE1,"NHS LANCASHIRE AND SOUTH CUMBRIA INTEGRATED CARE BOARD",1073738,4350093.35,0,0
2022-03-01,QOQ,"NHS HUMBER AND NORTH YORKSHIRE INTEGRATED CARE BOARD",1098197,4586511.73,0,0
2022-03-01,S9B9J,"NHS SURREY AND SUSSEX INTEGRATED CARE BOARD",1248297,6895694.12,0,0
2022-03-01,QWO,"NHS WEST YORKSHIRE INTEGRATED CARE BOARD",1287974,5389126.69,0,0
2022-03-01,Z9B2Z,"NHS WEST AND NORTH LONDON INTEGRATED CARE BOARD",1442827,5887255.91,0,0
2022-03-01,QYG,"NHS CHESHIRE AND MERSEYSIDE INTEGRATED CARE BOARD",1478579,6781702.83,0,0
2022-03-01,S1Y5D,"NHS CENTRAL EAST INTEGRATED CARE BOARD",1492322,6497554.76,0,0
2022-03-01,QOP,"NHS GREATER MANCHESTER INTEGRATED CARE BOARD",1525425,6559040.28,0,0
2022-03-01,QHM,"NHS NORTH EAST AND NORTH CUMBRIA INTEGRATED CARE BOARD",2212611,7943376.53,0,0
2022-04-01,QOC,"NHS SHROPSHIRE, TELFORD AND WREKIN INTEGRATED CARE BOARD",228138,1151606.94,0,0
2022-04-01,QSL,"NHS SOMERSET INTEGRATED CARE BOARD",281164,1504007.88,0,0
2022-04-01,QR1,"NHS GLOUCESTERSHIRE INTEGRATED CARE BOARD",346294,1612670.18,0,0
2022-04-01,QT6,"NHS CORNWALL AND THE ISLES OF SCILLY INTEGRATED CARE BOARD",356816,1618345,0,0
2022-04-01,QUY,"NHS BRISTOL, NORTH SOMERSET AND SOUTH GLOUCESTERSHIRE INTEGRATED CARE BOARD",369897,1957972.68,0,0
2022-04-01,QGH,"NHS HEREFORDSHIRE AND WORCESTERSHIRE INTEGRATED CARE BOARD",373349,1999793.52,0,0
2022-04-01,QVV,"NHS DORSET INTEGRATED CARE BOARD",388318,2148858.66,0,0
2022-04-01,QPM,"NHS NORTHAMPTONSHIRE INTEGRATED CARE BOARD",435835,1586868.02,0,0
2022-04-01,QOX,"NHS BATH AND NORTH EAST SOMERSET, SWINDON AND WILTSHIRE INTEGRATED CARE BOARD",454260,2179355.51,0,0
2022-04-01,QWU,"NHS COVENTRY AND WARWICKSHIRE INTEGRATED CARE BOARD",479845,1972784.28,0,0
2022-04-01,QJ2,"NHS DERBY AND DERBYSHIRE INTEGRATED CARE BOARD",490356,2419308.07,0,0
2022-04-01,QHL,"NHS BIRMINGHAM AND SOLIHULL INTEGRATED CARE BOARD",506821,2485800.04,0,0
2022-04-01,QUA,"NHS BLACK COUNTRY INTEGRATED CARE BOARD",557583,2730709.97,0,0
2022-04-01,QK1,"NHS LEICESTER, LEICESTERSHIRE AND RUTLAND INTEGRATED CARE BOARD",559312,2360450.48,0,0
2022-04-01,QT1,"NHS NOTTINGHAM AND NOTTINGHAMSHIRE INTEGRATED CARE BOARD",579501,2498504.38,0,0
2022-04-01,QKK,"NHS SOUTH EAST LONDON INTEGRATED CARE BOARD",580209,2525284.49,0,0
2022-04-01,QWE,"NHS SOUTH WEST LONDON INTEGRATED CARE BOARD",587954,2248379.23,0,0
2022-04-01,QJM,"NHS LINCOLNSHIRE INTEGRATED CARE BOARD",593675,2271346.48,0,0
2022-04-01,QNC,"NHS STAFFORDSHIRE AND STOKE-ON-TRENT INTEGRATED CARE BOARD",616467,2958403.14,0,0
2022-04-01,QJK,"NHS DEVON INTEGRATED CARE BOARD",642418,3035796.12,0,0
2022-04-01,QMF,"NHS NORTH EAST LONDON INTEGRATED CARE BOARD",795732,2674041.07,0,0
2022-04-01,QRL,"NHS HAMPSHIRE AND ISLE OF WIGHT INTEGRATED CARE BOARD",807976,4636422.96,0,0
2022-04-01,QKS,"NHS KENT AND MEDWAY INTEGRATED CARE BOARD",853120,4334731.41,0,0
2022-04-01,S0E4D,"NHS THAMES VALLEY INTEGRATED CARE BOARD",853595,4131214.88,0,0
2022-04-01,QF7,"NHS SOUTH YORKSHIRE INTEGRATED CARE BOARD",870864,3388424.11,0,0
2022-04-01,D7T5G,"NHS ESSEX INTEGRATED CARE BOARD",946230,4339943.61,0,0
2022-04-01,QE1,"NHS LANCASHIRE AND SOUTH CUMBRIA INTEGRATED CARE BOARD",1007887,4058563.35,0,0
2022-04-01,T6Y0W,"NHS NORFOLK AND SUFFOLK INTEGRATED CARE BOARD",1010127,4324885.67,0,0
2022-04-01,QOQ,"NHS HUMBER AND NORTH YORKSHIRE INTEGRATED CARE BOARD",1052415,4395413.16,0,0
2022-04-01,S9B9J,"NHS SURREY AND SUSSEX INTEGRATED CARE BOARD",1177527,6531964.91,0,0
2022-04-01,QWO,"NHS WEST YORKSHIRE INTEGRATED CARE BOARD",1218668,5067537.57,0,0
2022-04-01,Z9B2Z,"NHS WEST AND NORTH LONDON INTEGRATED CARE BOARD",1365953,5495398.08,0,0
2022-04-01,QYG,"NHS CHESHIRE AND MERSEYSIDE INTEGRATED CARE BOARD",1394753,6347360.69,0,0
2022-04-01,S1Y5D,"NHS CENTRAL EAST INTEGRATED CARE BOARD",1407037,6057014.49,0,0
2022-04-01,QOP,"NHS GREATER MANCHESTER INTEGRATED CARE BOARD",1419774,6106845.85,0,0
2022-04-01,QHM,"NHS NORTH EAST AND NORTH CUMBRIA INTEGRATED CARE BOARD",2084991,7460253.49,0,0
2022-05-01,QOC,"NHS SHROPSHIRE, TELFORD AND WREKIN INTEGRATED CARE BOARD",244416,1239503.64,0,0
2022-05-01,QSL,"NHS SOMERSET INTEGRATED CARE BOARD",290333,1579672.98,0,0
2022-05-01,QR1,"NHS GLOUCESTERSHIRE INTEGRATED CARE BOARD",350389,1605346.85,0,0
2022-05-01,QT6,"NHS CORNWALL AND THE ISLES OF SCILLY INTEGRATED CARE BOARD",366150,1679688.46,0,0
2022-05-01,QGH,"NHS HEREFORDSHIRE AND WORCESTERSHIRE INTEGRATED CARE BOARD",392238,2104746.4,0,0
2022-05-01,QUY,"NHS BRISTOL, NORTH SOMERSET AND SOUTH GLOUCESTERSHIRE INTEGRATED CARE BOARD",396021,2100211.32,0,0
2022-05-01,QVV,"NHS DORSET INTEGRATED CARE BOARD",402186,2212674.01,0,0
2022-05-01,QPM,"NHS NORTHAMPTONSHIRE INTEGRATED CARE BOARD",453777,1662325.27,0,0
2022-05-01,QOX,"NHS BATH AND NORTH EAST SOMERSET, SWINDON AND WILTSHIRE INTEGRATED CARE BOARD",477790,2281836.07,0,0
2022-05-01,QWU,"NHS COVENTRY AND WARWICKSHIRE INTEGRATED CARE BOARD",498016,2057800.43,0,0
2022-05-01,QJ2,"NHS DERBY AND DERBYSHIRE INTEGRATED CARE BOARD",518932,2577536.51,0,0
2022-05-01,QHL,"NHS BIRMINGHAM AND SOLIHULL INTEGRATED CARE BOARD",548123,2739127.57,0,0
2022-05-01,QK1,"NHS LEICESTER, LEICESTERSHIRE AND RUTLAND INTEGRATED CARE BOARD",585064,2447980.96,0,0
2022-05-01,QUA,"NHS BLACK COUNTRY INTEGRATED CARE BOARD",595525,2930235,0,0
2022-05-01,QT1,"NHS NOTTINGHAM AND NOTTINGHAMSHIRE INTEGRATED CARE BOARD",597108,2593532.74,0,0
2022-05-01,QWE,"NHS SOUTH WEST LONDON INTEGRATED CARE BOARD",599745,2321321.22,0,0
2022-05-01,QKK,"NHS SOUTH EAST LONDON INTEGRATED CARE BOARD",605253,2642668.4,0,0
2022-05-01,QJM,"NHS LINCOLNSHIRE INTEGRATED CARE BOARD",617089,2375206.68,0,0
2022-05-01,QNC,"NHS STAFFORDSHIRE AND STOKE-ON-TRENT INTEGRATED CARE BOARD",635285,3086211.1,0,0
2022-05-01,QJK,"NHS DEVON INTEGRATED CARE BOARD",667756,3191802.71,0,0
2022-05-01,QMF,"NHS NORTH EAST LONDON INTEGRATED CARE BOARD",840522,2761119.72,0,0
2022-05-01,QRL,"NHS HAMPSHIRE AND ISLE OF WIGHT INTEGRATED CARE BOARD",840951,4870688.18,0,0
2022-05-01,S0E4D,"NHS THAMES VALLEY INTEGRATED CARE BOARD",882112,4336928.54,0,0
2022-05-01,QKS,"NHS KENT AND MEDWAY INTEGRATED CARE BOARD",893339,4566235.73,0,0
2022-05-01,QF7,"NHS SOUTH YORKSHIRE INTEGRATED CARE BOARD",911402,3585801.96,0,0
2022-05-01,D7T5G,"NHS ESSEX INTEGRATED CARE BOARD",993696,4581112.43,0,0
2022-05-01,T6Y0W,"NHS NORFOLK AND SUFFOLK INTEGRATED CARE BOARD",1048131,4520557.28,0,0
2022-05-01,QE1,"NHS LANCASHIRE AND SOUTH CUMBRIA INTEGRATED CARE BOARD",1050582,4260545.37,0,0
2022-05-01,QOQ,"NHS HUMBER AND NORTH YORKSHIRE INTEGRATED CARE BOARD",1077399,4518740.61,0,0
2022-05-01,S9B9J,"NHS SURREY AND SUSSEX INTEGRATED CARE BOARD",1233913,6830582.2,0,0
2022-05-01,QWO,"NHS WEST YORKSHIRE INTEGRATED CARE BOARD",1284081,5369297.48,0,0
2022-05-01,Z9B2Z,"NHS WEST AND NORTH LONDON INTEGRATED CARE BOARD",1414134,5691580.51,0,0
2022-05-01,QYG,"NHS CHESHIRE AND MERSEYSIDE INTEGRATED CARE BOARD",1436608,6573702.04,0,0
2022-05-01,S1Y5D,"NHS CENTRAL EAST INTEGRATED CARE BOARD",1478879,6451814.55,0,0
2022-05-01,QOP,"NHS GREATER MANCHESTER INTEGRATED CARE BOARD",1483330,6377825.86,0,0
2022-05-01,QHM,"NHS NORTH EAST AND NORTH CUMBRIA INTEGRATED CARE BOARD",2173497,7872295.28,0,0
2022-06-01,QOC,"NHS SHROPSHIRE, TELFORD AND WREKIN INTEGRATED CARE BOARD",233545,1188344.33,0,0
2022-06-01,QSL,"NHS SOMERSET INTEGRATED CARE BOARD",280690,1518179.43,0,0
2022-06-01,QR1,"NHS GLOUCESTERSHIRE INTEGRATED CARE BOARD",341798,1584374.81,0,0
2022-06-01,QT6,"NHS CORNWALL AND THE ISLES OF SCILLY INTEGRATED CARE BOARD",358449,1629061.76,0,0
2022-06-01,QUY,"NHS BRISTOL, NORTH SOMERSET AND SOUTH GLOUCESTERSHIRE INTEGRATED CARE BOARD",374578,2015461.76,0,0
2022-06-01,QGH,"NHS HEREFORDSHIRE AND WORCESTERSHIRE INTEGRATED CARE BOARD",380265,2036346.9,0,0
2022-06-01,QVV,"NHS DORSET INTEGRATED CARE BOARD",392778,2166151.4,0,0
2022-06-01,QPM,"NHS NORTHAMPTONSHIRE INTEGRATED CARE BOARD",441595,1610222.05,0,0
2022-06-01,QOX,"NHS BATH AND NORTH EAST SOMERSET, SWINDON AND WILTSHIRE INTEGRATED CARE BOARD",459385,2215120.69,0,0
2022-06-01,QWU,"NHS COVENTRY AND WARWICKSHIRE INTEGRATED CARE BOARD",481194,1981833.15,0,0
2022-06-01,QJ2,"NHS DERBY AND DERBYSHIRE INTEGRATED CARE BOARD",488979,2449346.6,0,0
2022-06-01,QHL,"NHS BIRMINGHAM AND SOLIHULL INTEGRATED CARE BOARD",518563,2538376.79,0,0
2022-06-01,QK1,"NHS LEICESTER, LEICESTERSHIRE AND RUTLAND INTEGRATED CARE BOARD",565702,2364540.71,0,0
2022-06-01,QUA,"NHS BLACK COUNTRY INTEGRATED CARE BOARD",568637,2829384.23,0,0
2022-06-01,QWE,"NHS SOUTH WEST LONDON INTEGRATED CARE BOARD",591220,2276682.21,0,0
2022-06-01,QT1,"NHS NOTTINGHAM AND NOTTINGHAMSHIRE INTEGRATED CARE BOARD",592639,2565684.65,0,0
2022-06-01,QKK,"NHS SOUTH EAST LONDON INTEGRATED CARE BOARD",593545,2632075.84,0,0
2022-06-01,QJM,"NHS LINCOLNSHIRE INTEGRATED CARE BOARD",600716,2334121.79,0,0
2022-06-01,QNC,"NHS STAFFORDSHIRE AND STOKE-ON-TRENT INTEGRATED CARE BOARD",630587,3060599.1,0,0
2022-06-01,QJK,"NHS DEVON INTEGRATED CARE BOARD",646331,3075702.54,0,0
2022-06-01,QMF,"NHS NORTH EAST LONDON INTEGRATED CARE BOARD",809246,2691336.36,0,0
2022-06-01,QRL,"NHS HAMPSHIRE AND ISLE OF WIGHT INTEGRATED CARE BOARD",814579,4712950.48,0,0
2022-06-01,QKS,"NHS KENT AND MEDWAY INTEGRATED CARE BOARD",868307,4466968.26,0,0
2022-06-01,S0E4D,"NHS THAMES VALLEY INTEGRATED CARE BOARD",870756,4241708.38,0,0
2022-06-01,QF7,"NHS SOUTH YORKSHIRE INTEGRATED CARE BOARD",886107,3462643.5,0,0
2022-06-01,D7T5G,"NHS ESSEX INTEGRATED CARE BOARD",961843,4449781.28,0,0
2022-06-01,QE1,"NHS LANCASHIRE AND SOUTH CUMBRIA INTEGRATED CARE BOARD",1012833,4113175.17,0,0
2022-06-01,T6Y0W,"NHS NORFOLK AND SUFFOLK INTEGRATED CARE BOARD",1041078,4493741.39,0,0
2022-06-01,QOQ,"NHS HUMBER AND NORTH YORKSHIRE INTEGRATED CARE BOARD",1053537,4418350.68,0,0
2022-06-01,S9B9J,"NHS SURREY AND SUSSEX INTEGRATED CARE BOARD",1191763,6673858.39,0,0
2022-06-01,QWO,"NHS WEST YORKSHIRE INTEGRATED CARE BOARD",1238023,5213679.17,0,0
2022-06-01,Z9B2Z,"NHS WEST AND NORTH LONDON INTEGRATED CARE BOARD",1386256,5613715.88,0,0
2022-06-01,QYG,"NHS CHESHIRE AND MERSEYSIDE INTEGRATED CARE BOARD",1406867,6433285.4,0,0
2022-06-01,S1Y5D,"NHS CENTRAL EAST INTEGRATED CARE BOARD",1429595,6209505.28,0,0
2022-06-01,QOP,"NHS GREATER MANCHESTER INTEGRATED CARE BOARD",1459172,6278349.15,0,0
2022-06-01,QHM,"NHS NORTH EAST AND NORTH CUMBRIA INTEGRATED CARE BOARD",2086551,7560711.39,0,0
2022-07-01,QOC,"NHS SHROPSHIRE, TELFORD AND WREKIN INTEGRATED CARE BOARD",237878,1219621.85,0,0
2022-07-01,QSL,"NHS SOMERSET INTEGRATED CARE BOARD",285588,1544297.71,0,0
2022-07-01,QR1,"NHS GLOUCESTERSHIRE INTEGRATED CARE BOARD",335774,1566161.8,0,0
2022-07-01,QT6,"NHS CORNWALL AND THE ISLES OF SCILLY INTEGRATED CARE BOARD",360306,1657458.96,0,0
2022-07-01,QUY,"NHS BRISTOL, NORTH SOMERSET AND SOUTH GLOUCESTERSHIRE INTEGRATED CARE BOARD",377131,2030983.98,0,0
2022-07-01,QGH,"NHS HEREFORDSHIRE AND WORCESTERSHIRE INTEGRATED CARE BOARD",383474,2079722.73,0,0
2022-07-01,QVV,"NHS DORSET INTEGRATED CARE BOARD",395133,2192676.16,0,0
2022-07-01,QPM,"NHS NORTHAMPTONSHIRE INTEGRATED CARE BOARD",437397,1612842.12,0,0
2022-07-01,QOX,"NHS BATH AND NORTH EAST SOMERSET, SWINDON AND WILTSHIRE INTEGRATED CARE BOARD",462395,2231546.71,0,0
2022-07-01,QWU,"NHS COVENTRY AND WARWICKSHIRE INTEGRATED CARE BOARD",477006,2010956.64,0,0
2022-07-01,QJ2,"NHS DERBY AND DERBYSHIRE INTEGRATED CARE BOARD",498893,2500644.52,0,0
2022-07-01,QHL,"NHS BIRMINGHAM AND SOLIHULL INTEGRATED CARE BOARD",525774,2628095.74,0,0
2022-07-01,QK1,"NHS LEICESTER, LEICESTERSHIRE AND RUTLAND INTEGRATED CARE BOARD",570001,2429430.35,0,0
2022-07-01,QUA,"NHS BLACK COUNTRY INTEGRATED CARE BOARD",577509,2846618.2,0,0
2022-07-01,QT1,"NHS NOTTINGHAM AND NOTTINGHAMSHIRE INTEGRATED CARE BOARD",583916,2560311.68,0,0
2022-07-01,QWE,"NHS SOUTH WEST LONDON INTEGRATED CARE BOARD",586652,2288402.41,0,0
2022-07-01,QKK,"NHS SOUTH EAST LONDON INTEGRATED CARE BOARD",592878,2601701.3,0,0
2022-07-01,QJM,"NHS LINCOLNSHIRE INTEGRATED CARE BOARD",600779,2323149.74,0,0
2022-07-01,QNC,"NHS STAFFORDSHIRE AND STOKE-ON-TRENT INTEGRATED CARE BOARD",632247,3062631.69,0,0
2022-07-01,QJK,"NHS DEVON INTEGRATED CARE BOARD",650311,3119752.26,0,0
2022-07-01,QMF,"NHS NORTH EAST LONDON INTEGRATED CARE BOARD",816101,2746092.97,0,0
2022-07-01,QRL,"NHS HAMPSHIRE AND ISLE OF WIGHT INTEGRATED CARE BOARD",817099,4727152.56,0,0
2022-07-01,QKS,"NHS KENT AND MEDWAY INTEGRATED CARE BOARD",857348,4413824.32,0,0
2022-07-01,S0E4D,"NHS THAMES VALLEY INTEGRATED CARE BOARD",868623,4242197.22,0,0
2022-07-01,QF7,"NHS SOUTH YORKSHIRE INTEGRATED CARE BOARD",879513,3405987.19,0,0
2022-07-01,D7T5G,"NHS ESSEX INTEGRATED CARE BOARD",957814,4391244.81,0,0
2022-07-01,QE1,"NHS LANCASHIRE AND SOUTH CUMBRIA INTEGRATED CARE BOARD",1023495,4177894.34,0,0
2022-07-01,T6Y0W,"NHS NORFOLK AND SUFFOLK INTEGRATED CARE BOARD",1024942,4419184.75,0,0
2022-07-01,QOQ,"NHS HUMBER AND NORTH YORKSHIRE INTEGRATED CARE BOARD",1057327,4437306.77,0,0
2022-07-01,S9B9J,"NHS SURREY AND SUSSEX INTEGRATED CARE BOARD",1190216,6689376.16,0,0
2022-07-01,QWO,"NHS WEST YORKSHIRE INTEGRATED CARE BOARD",1240547,5201620.62,0,0
2022-07-01,Z9B2Z,"NHS WEST AND NORTH LONDON INTEGRATED CARE BOARD",1387271,5644078.02,0,0
2022-07-01,QYG,"NHS CHESHIRE AND MERSEYSIDE INTEGRATED CARE BOARD",1401631,6423997.34,0,0
2022-07-01,S1Y5D,"NHS CENTRAL EAST INTEGRATED CARE BOARD",1424553,6239556.19,0,0
2022-07-01,QOP,"NHS GREATER MANCHESTER INTEGRATED CARE BOARD",1446248,6236395.21,0,0
2022-07-01,QHM,"NHS NORTH EAST AND NORTH CUMBRIA INTEGRATED CARE BOARD",2104529,7642668.62,0,0
2022-08-01,QOC,"NHS SHROPSHIRE, TELFORD AND WREKIN INTEGRATED CARE BOARD",244122,1273765.68,0,0
2022-08-01,QSL,"NHS SOMERSET INTEGRATED CARE BOARD",297295,1613195.72,0,0
2022-08-01,QR1,"NHS GLOUCESTERSHIRE INTEGRATED CARE BOARD",351479,1651161.73,0,0
2022-08-01,QT6,"NHS CORNWALL AND THE ISLES OF SCILLY INTEGRATED CARE BOARD",371900,1726751.68,0,0
2022-08-01,QUY,"NHS BRISTOL, NORTH SOMERSET AND SOUTH GLOUCESTERSHIRE INTEGRATED CARE BOARD",386943,2107907.44,0,0
2022-08-01,QGH,"NHS HEREFORDSHIRE AND WORCESTERSHIRE INTEGRATED CARE BOARD",396745,2170430.74,0,0
2022-08-01,QVV,"NHS DORSET INTEGRATED CARE BOARD",407371,2270375.91,0,0
2022-08-01,QPM,"NHS NORTHAMPTONSHIRE INTEGRATED CARE BOARD",463347,1710164.16,0,0
2022-08-01,QOX,"NHS BATH AND NORTH EAST SOMERSET, SWINDON AND WILTSHIRE INTEGRATED CARE BOARD",479409,2354265.14,0,0
2022-08-01,QWU,"NHS COVENTRY AND WARWICKSHIRE INTEGRATED CARE BOARD",507215,2133142.45,0,0
2022-08-01,QJ2,"NHS DERBY AND DERBYSHIRE INTEGRATED CARE BOARD",513332,2574623,0,0
2022-08-01,QHL,"NHS BIRMINGHAM AND SOLIHULL INTEGRATED CARE BOARD",545482,2749462.87,0,0
2022-08-01,QUA,"NHS BLACK COUNTRY INTEGRATED CARE BOARD",589837,2984979.15,0,0
2022-08-01,QK1,"NHS LEICESTER, LEICESTERSHIRE AND RUTLAND INTEGRATED CARE BOARD",594786,2543767.39,0,0
2022-08-01,QKK,"NHS SOUTH EAST LONDON INTEGRATED CARE BOARD",603556,2680572.65,0,0
2022-08-01,QWE,"NHS SOUTH WEST LONDON INTEGRATED CARE BOARD",606191,2351236.87,0,0
2022-08-01,QT1,"NHS NOTTINGHAM AND NOTTINGHAMSHIRE INTEGRATED CARE BOARD",610708,2668872.55,0,0
2022-08-01,QJM,"NHS LINCOLNSHIRE INTEGRATED CARE BOARD",617205,2402129.1,0,0
2022-08-01,QNC,"NHS STAFFORDSHIRE AND STOKE-ON-TRENT INTEGRATED CARE BOARD",647548,3178411.2,0,0
2022-08-01,QJK,"NHS DEVON INTEGRATED CARE BOARD",665053,3210165.83,0,0
2022-08-01,QMF,"NHS NORTH EAST LONDON INTEGRATED CARE BOARD",836021,2801070.78,0,0
2022-08-01,QRL,"NHS HAMPSHIRE AND ISLE OF WIGHT INTEGRATED CARE BOARD",839108,4856153.42,0,0
2022-08-01,S0E4D,"NHS THAMES VALLEY INTEGRATED CARE BOARD",893476,4434818.78,0,0
2022-08-01,QKS,"NHS KENT AND MEDWAY INTEGRATED CARE BOARD",894047,4628401.34,0,0
2022-08-01,QF7,"NHS SOUTH YORKSHIRE INTEGRATED CARE BOARD",921534,3614853.13,0,0
2022-08-01,D7T5G,"NHS ESSEX INTEGRATED CARE BOARD",982705,4572940.56,0,0
2022-08-01,QE1,"NHS LANCASHIRE AND SOUTH CUMBRIA INTEGRATED CARE BOARD",1059602,4323625.65,0,0
2022-08-01,T6Y0W,"NHS NORFOLK AND SUFFOLK INTEGRATED CARE BOARD",1067202,4638816.2,0,0
2022-08-01,QOQ,"NHS HUMBER AND NORTH YORKSHIRE INTEGRATED CARE BOARD",1103871,4662666.19,0,0
2022-08-01,S9B9J,"NHS SURREY AND SUSSEX INTEGRATED CARE BOARD",1225836,6924443.63,0,0
2022-08-01,QWO,"NHS WEST YORKSHIRE INTEGRATED CARE BOARD",1295209,5472378.59,0,0
2022-08-01,Z9B2Z,"NHS WEST AND NORTH LONDON INTEGRATED CARE BOARD",1404236,5751801.81,0,0
2022-08-01,QYG,"NHS CHESHIRE AND MERSEYSIDE INTEGRATED CARE BOARD",1447132,6677250.18,0,0
2022-08-01,S1Y5D,"NHS CENTRAL EAST INTEGRATED CARE BOARD",1470282,6476551.66,0,0
2022-08-01,QOP,"NHS GREATER MANCHESTER INTEGRATED CARE BOARD",1497056,6505132.16,0,0
2022-08-01,QHM,"NHS NORTH EAST AND NORTH CUMBRIA INTEGRATED CARE BOARD",2167320,7946745,0,0
2022-09-01,QOC,"NHS SHROPSHIRE, TELFORD AND WREKIN INTEGRATED CARE BOARD",240814,1250031.86,0,0
2022-09-01,QSL,"NHS SOMERSET INTEGRATED CARE BOARD",285468,1568441.81,0,0
2022-09-01,QR1,"NHS GLOUCESTERSHIRE INTEGRATED CARE BOARD",353863,1682530.18,0,0
2022-09-01,QT6,"NHS CORNWALL AND THE ISLES OF SCILLY INTEGRATED CARE BOARD",370385,1737145.23,0,0
2022-09-01,QUY,"NHS BRISTOL, NORTH SOMERSET AND SOUTH GLOUCESTERSHIRE INTEGRATED CARE BOARD",374737,2080184.76,0,0
2022-09-01,QGH,"NHS HEREFORDSHIRE AND WORCESTERSHIRE INTEGRATED CARE BOARD",386407,2101546.91,0,0
2022-09-01,QVV,"NHS DORSET INTEGRATED CARE BOARD",404354,2266027.7,0,0
2022-09-01,QPM,"NHS NORTHAMPTONSHIRE INTEGRATED CARE BOARD",454236,1701546.45,0,0
2022-09-01,QOX,"NHS BATH AND NORTH EAST SOMERSET, SWINDON AND WILTSHIRE INTEGRATED CARE BOARD",472824,2337861.52,0,0
2022-09-01,QWU,"NHS COVENTRY AND WARWICKSHIRE INTEGRATED CARE BOARD",493238,2097724.58,0,0
2022-09-01,QJ2,"NHS DERBY AND DERBYSHIRE INTEGRATED CARE BOARD",508029,2580643.33,0,0
2022-09-01,QHL,"NHS BIRMINGHAM AND SOLIHULL INTEGRATED CARE BOARD",542250,2756852.12,0,0
2022-09-01,QK1,"NHS LEICESTER, LEICESTERSHIRE AND RUTLAND INTEGRATED CARE BOARD",583874,2534108.64,0,0
2022-09-01,QUA,"NHS BLACK COUNTRY INTEGRATED CARE BOARD",584903,2961481.63,0,0
2022-09-01,QT1,"NHS NOTTINGHAM AND NOTTINGHAMSHIRE INTEGRATED CARE BOARD",597615,2634932.17,0,0
2022-09-01,QKK,"NHS SOUTH EAST LONDON INTEGRATED CARE BOARD",597970,2694979.59,0,0
2022-09-01,QWE,"NHS SOUTH WEST LONDON INTEGRATED CARE BOARD",601943,2372161.97,0,0
2022-09-01,QJM,"NHS LINCOLNSHIRE INTEGRATED CARE BOARD",610989,2395808.95,0,0
2022-09-01,QNC,"NHS STAFFORDSHIRE AND STOKE-ON-TRENT INTEGRATED CARE BOARD",639755,3143911.22,0,0
2022-09-01,QJK,"NHS DEVON INTEGRATED CARE BOARD",657471,3207696.19,0,0
2022-09-01,QRL,"NHS HAMPSHIRE AND ISLE OF WIGHT INTEGRATED CARE BOARD",837005,4873982.51,0,0
2022-09-01,QMF,"NHS NORTH EAST LONDON INTEGRATED CARE BOARD",843101,2846059.88,0,0
2022-09-01,QKS,"NHS KENT AND MEDWAY INTEGRATED CARE BOARD",870339,4537703.3,0,0
2022-09-01,S0E4D,"NHS THAMES VALLEY INTEGRATED CARE BOARD",880120,4369358,0,0
2022-09-01,QF7,"NHS SOUTH YORKSHIRE INTEGRATED CARE BOARD",895185,3515399.34,0,0
2022-09-01,D7T5G,"NHS ESSEX INTEGRATED CARE BOARD",987550,4600400.75,0,0
2022-09-01,QE1,"NHS LANCASHIRE AND SOUTH CUMBRIA INTEGRATED CARE BOARD",1039931,4281647.51,0,0
2022-09-01,T6Y0W,"NHS NORFOLK AND SUFFOLK INTEGRATED CARE BOARD",1047160,4582716.33,0,0
2022-09-01,QOQ,"NHS HUMBER AND NORTH YORKSHIRE INTEGRATED CARE BOARD",1073415,4572832.32,0,0
2022-09-01,S9B9J,"NHS SURREY AND SUSSEX INTEGRATED CARE BOARD",1213408,6888819.38,0,0
2022-09-01,QWO,"NHS WEST YORKSHIRE INTEGRATED CARE BOARD",1275157,5423457.62,0,0
2022-09-01,Z9B2Z,"NHS WEST AND NORTH LONDON INTEGRATED CARE BOARD",1413013,5805352.1,0,0
2022-09-01,QYG,"NHS CHESHIRE AND MERSEYSIDE INTEGRATED CARE BOARD",1433516,6662030.43,0,0
2022-09-01,S1Y5D,"NHS CENTRAL EAST INTEGRATED CARE BOARD",1454039,6455720.29,0,0
2022-09-01,QOP,"NHS GREATER MANCHESTER INTEGRATED CARE BOARD",1488507,6529217.6,0,0
2022-09-01,QHM,"NHS NORTH EAST AND NORTH CUMBRIA INTEGRATED CARE BOARD",2140551,7906486.52,0,0
2022-10-01,QOC,"NHS SHROPSHIRE, TELFORD AND WREKIN INTEGRATED CARE BOARD",240134,1242467.6,0,0
2022-10-01,QSL,"NHS SOMERSET INTEGRATED CARE BOARD",292049,1602951.75,0,0
2022-10-01,QR1,"NHS GLOUCESTERSHIRE INTEGRATED CARE BOARD",348494,1620003.51,0,0
2022-10-01,QT6,"NHS CORNWALL AND THE ISLES OF SCILLY INTEGRATED CARE BOARD",356912,1662589.39,0,0
2022-10-01,QUY,"NHS BRISTOL, NORTH SOMERSET AND SOUTH GLOUCESTERSHIRE INTEGRATED CARE BOARD",381690,2085242.48,0,0
2022-10-01,QGH,"NHS HEREFORDSHIRE AND WORCESTERSHIRE INTEGRATED CARE BOARD",388593,2129882.79,0,0
2022-10-01,QVV,"NHS DORSET INTEGRATED CARE BOARD",397277,2210250.49,0,0
2022-10-01,QPM,"NHS NORTHAMPTONSHIRE INTEGRATED CARE BOARD",443359,1632728.83,0,0
2022-10-01,QOX,"NHS BATH AND NORTH EAST SOMERSET, SWINDON AND WILTSHIRE INTEGRATED CARE BOARD",467828,2267516.3,0,0
2022-10-01,QWU,"NHS COVENTRY AND WARWICKSHIRE INTEGRATED CARE BOARD",493494,2078916.08,0,0
2022-10-01,QJ2,"NHS DERBY AND DERBYSHIRE INTEGRATED CARE BOARD",498077,2508560.12,0,0
2022-10-01,QHL,"NHS BIRMINGHAM AND SOLIHULL INTEGRATED CARE BOARD",522840,2615975.78,0,0
2022-10-01,QUA,"NHS BLACK COUNTRY INTEGRATED CARE BOARD",568798,2848910.36,0,0
2022-10-01,QK1,"NHS LEICESTER, LEICESTERSHIRE AND RUTLAND INTEGRATED CARE BOARD",574856,2457707.47,0,0
2022-10-01,QT1,"NHS NOTTINGHAM AND NOTTINGHAMSHIRE INTEGRATED CARE BOARD",589672,2574134.59,0,0
2022-10-01,QJM,"NHS LINCOLNSHIRE INTEGRATED CARE BOARD",597103,2339015.92,0,0
2022-10-01,QWE,"NHS SOUTH WEST LONDON INTEGRATED CARE BOARD",599739,2328157.07,0,0
2022-10-01,QKK,"NHS SOUTH EAST LONDON INTEGRATED CARE BOARD",602336,2667009.49,0,0
2022-10-01,QNC,"NHS STAFFORDSHIRE AND STOKE-ON-TRENT INTEGRATED CARE BOARD",620761,3028357.18,0,0
2022-10-01,QJK,"NHS DEVON INTEGRATED CARE BOARD",651671,3204329.85,0,0
2022-10-01,QRL,"NHS HAMPSHIRE AND ISLE OF WIGHT INTEGRATED CARE BOARD",825256,4820805.61,0,0
2022-10-01,QMF,"NHS NORTH EAST LONDON INTEGRATED CARE BOARD",839759,2790028.99,0,0
2022-10-01,QKS,"NHS KENT AND MEDWAY INTEGRATED CARE BOARD",867596,4456346.85,0,0
2022-10-01,S0E4D,"NHS THAMES VALLEY INTEGRATED CARE BOARD",883980,4373776.76,0,0
2022-10-01,QF7,"NHS SOUTH YORKSHIRE INTEGRATED CARE BOARD",895690,3504373.49,0,0
2022-10-01,D7T5G,"NHS ESSEX INTEGRATED CARE BOARD",962712,4464908.6,0,0
2022-10-01,QE1,"NHS LANCASHIRE AND SOUTH CUMBRIA INTEGRATED CARE BOARD",1010742,4160762.99,0,0
2022-10-01,T6Y0W,"NHS NORFOLK AND SUFFOLK INTEGRATED CARE BOARD",1029900,4480364.51,0,0
2022-10-01,QOQ,"NHS HUMBER AND NORTH YORKSHIRE INTEGRATED CARE BOARD",1081268,4571439.43,0,0
2022-10-01,S9B9J,"NHS SURREY AND SUSSEX INTEGRATED CARE BOARD",1210414,6850527.43,0,0
2022-10-01,QWO,"NHS WEST YORKSHIRE INTEGRATED CARE BOARD",1253890,5260653.75,0,0
2022-10-01,QYG,"NHS CHESHIRE AND MERSEYSIDE INTEGRATED CARE BOARD",1407742,6519030.36,0,0
2022-10-01,Z9B2Z,"NHS WEST AND NORTH LONDON INTEGRATED CARE BOARD",1407872,5669055.99,0,0
2022-10-01,S1Y5D,"NHS CENTRAL EAST INTEGRATED CARE BOARD",1438775,6347566.96,0,0
2022-10-01,QOP,"NHS GREATER MANCHESTER INTEGRATED CARE BOARD",1458105,6353195.1,0,0
2022-10-01,QHM,"NHS NORTH EAST AND NORTH CUMBRIA INTEGRATED CARE BOARD",2120405,7757310.05,0,0
2022-11-01,QOC,"NHS SHROPSHIRE, TELFORD AND WREKIN INTEGRATED CARE BOARD",238909,1253348.06,0,0
2022-11-01,QSL,"NHS SOMERSET INTEGRATED CARE BOARD",291577,1613182.91,0,0
2022-11-01,QR1,"NHS GLOUCESTERSHIRE INTEGRATED CARE BOARD",360413,1670532.04,0,0
2022-11-01,QT6,"NHS CORNWALL AND THE ISLES OF SCILLY INTEGRATED CARE BOARD",373716,1767884.15,0,0
2022-11-01,QUY,"NHS BRISTOL, NORTH SOMERSET AND SOUTH GLOUCESTERSHIRE INTEGRATED CARE BOARD",385766,2156971.16,0,0
2022-11-01,QGH,"NHS HEREFORDSHIRE AND WORCESTERSHIRE INTEGRATED CARE BOARD",398536,2202703.49,0,0
2022-11-01,QVV,"NHS DORSET INTEGRATED CARE BOARD",411306,2311680.86,0,0
2022-11-01,QPM,"NHS NORTHAMPTONSHIRE INTEGRATED CARE BOARD",461309,1716722.81,0,0
2022-11-01,QOX,"NHS BATH AND NORTH EAST SOMERSET, SWINDON AND WILTSHIRE INTEGRATED CARE BOARD",483971,2385855.09,0,0
2022-11-01,QWU,"NHS COVENTRY AND WARWICKSHIRE INTEGRATED CARE BOARD",505213,2148659.83,0,0
2022-11-01,QJ2,"NHS DERBY AND DERBYSHIRE INTEGRATED CARE BOARD",517083,2627716.23,0,0
2022-11-01,QHL,"NHS BIRMINGHAM AND SOLIHULL INTEGRATED CARE BOARD",543544,2738221.29,0,0
2022-11-01,QK1,"NHS LEICESTER, LEICESTERSHIRE AND RUTLAND INTEGRATED CARE BOARD",589498,2557576.37,0,0
2022-11-01,QUA,"NHS BLACK COUNTRY INTEGRATED CARE BOARD",595569,3007829.01,0,0
2022-11-01,QT1,"NHS NOTTINGHAM AND NOTTINGHAMSHIRE INTEGRATED CARE BOARD",604063,2657647.99,0,0
2022-11-01,QWE,"NHS SOUTH WEST LONDON INTEGRATED CARE BOARD",608583,2378831.62,0,0
2022-11-01,QKK,"NHS SOUTH EAST LONDON INTEGRATED CARE BOARD",609310,2690938.38,0,0
2022-11-01,QJM,"NHS LINCOLNSHIRE INTEGRATED CARE BOARD",620009,2472345.12,0,0
2022-11-01,QNC,"NHS STAFFORDSHIRE AND STOKE-ON-TRENT INTEGRATED CARE BOARD",656765,3235234.73,0,0
2022-11-01,QJK,"NHS DEVON INTEGRATED CARE BOARD",673101,3324331.63,0,0
2022-11-01,QMF,"NHS NORTH EAST LONDON INTEGRATED CARE BOARD",833837,2764763.44,0,0
2022-11-01,QRL,"NHS HAMPSHIRE AND ISLE OF WIGHT INTEGRATED CARE BOARD",849544,5013959.47,0,0
2022-11-01,QKS,"NHS KENT AND MEDWAY INTEGRATED CARE BOARD",883976,4592873.99,0,0
2022-11-01,S0E4D,"NHS THAMES VALLEY INTEGRATED CARE BOARD",887871,4454739.1,0,0
2022-11-01,QF7,"NHS SOUTH YORKSHIRE INTEGRATED CARE BOARD",915743,3599127.07,0,0
2022-11-01,D7T5G,"NHS ESSEX INTEGRATED CARE BOARD",987779,4633583.83,0,0
2022-11-01,QE1,"NHS LANCASHIRE AND SOUTH CUMBRIA INTEGRATED CARE BOARD",1061045,4365398.77,0,0
2022-11-01,T6Y0W,"NHS NORFOLK AND SUFFOLK INTEGRATED CARE BOARD",1067860,4691412.49,0,0
2022-11-01,QOQ,"NHS HUMBER AND NORTH YORKSHIRE INTEGRATED CARE BOARD",1094923,4687234.66,0,0
2022-11-01,S9B9J,"NHS SURREY AND SUSSEX INTEGRATED CARE BOARD",1229143,7005292.33,0,0
2022-11-01,QWO,"NHS WEST YORKSHIRE INTEGRATED CARE BOARD",1288643,5481757.15,0,0
2022-11-01,Z9B2Z,"NHS WEST AND NORTH LONDON INTEGRATED CARE BOARD",1435867,5837890.88,0,0
2022-11-01,QYG,"NHS CHESHIRE AND MERSEYSIDE INTEGRATED CARE BOARD",1441553,6689530.21,0,0
2022-11-01,S1Y5D,"NHS CENTRAL EAST INTEGRATED CARE BOARD",1467466,6506320.7,0,0
2022-11-01,QOP,"NHS GREATER MANCHESTER INTEGRATED CARE BOARD",1481303,6470993.82,0,0
2022-11-01,QHM,"NHS NORTH EAST AND NORTH CUMBRIA INTEGRATED CARE BOARD",2169514,8061516.71,0,0
2022-12-01,QOC,"NHS SHROPSHIRE, TELFORD AND WREKIN INTEGRATED CARE BOARD",257981,1346550.83,0,0
2022-12-01,QSL,"NHS SOMERSET INTEGRATED CARE BOARD",293278,1644621.91,0,0
2022-12-01,QR1,"NHS GLOUCESTERSHIRE INTEGRATED CARE BOARD",357662,1716975.67,0,0
2022-12-01,QUY,"NHS BRISTOL, NORTH SOMERSET AND SOUTH GLOUCESTERSHIRE INTEGRATED CARE BOARD",379412,2151239.74,0,0
2022-12-01,QT6,"NHS CORNWALL AND THE ISLES OF SCILLY INTEGRATED CARE BOARD",381637,1812830.89,0,0
2022-12-01,QGH,"NHS HEREFORDSHIRE AND WORCESTERSHIRE INTEGRATED CARE BOARD",404212,2266779.61,0,0
2022-12-01,QVV,"NHS DORSET INTEGRATED CARE BOARD",413760,2383250.8,0,0
2022-12-01,QPM,"NHS NORTHAMPTONSHIRE INTEGRATED CARE BOARD",463133,1752499.77,0,0
2022-12-01,QOX,"NHS BATH AND NORTH EAST SOMERSET, SWINDON AND WILTSHIRE INTEGRATED CARE BOARD",485508,2437051.41,0,0
2022-12-01,QWU,"NHS COVENTRY AND WARWICKSHIRE INTEGRATED CARE BOARD",511221,2216659.83,0,0
2022-12-01,QJ2,"NHS DERBY AND DERBYSHIRE INTEGRATED CARE BOARD",526762,2748974.71,0,0
2022-12-01,QHL,"NHS BIRMINGHAM AND SOLIHULL INTEGRATED CARE BOARD",543196,2788149.33,0,0
2022-12-01,QUA,"NHS BLACK COUNTRY INTEGRATED CARE BOARD",599692,3073669.73,0,0
2022-12-01,QK1,"NHS LEICESTER, LEICESTERSHIRE AND RUTLAND INTEGRATED CARE BOARD",605469,2683945.64,0,0
2022-12-01,QKK,"NHS SOUTH EAST LONDON INTEGRATED CARE BOARD",607271,2786437.98,0,0
2022-12-01,QWE,"NHS SOUTH WEST LONDON INTEGRATED CARE BOARD",608659,2460018.11,0,0
2022-12-01,QT1,"NHS NOTTINGHAM AND NOTTINGHAMSHIRE INTEGRATED CARE BOARD",625327,2795482.5,0,0
2022-12-01,QJM,"NHS LINCOLNSHIRE INTEGRATED CARE BOARD",628827,2555509.86,0,0
2022-12-01,QNC,"NHS STAFFORDSHIRE AND STOKE-ON-TRENT INTEGRATED CARE BOARD",662083,3321496.36,0,0
2022-12-01,QJK,"NHS DEVON INTEGRATED CARE BOARD",671175,3367888.54,0,0
2022-12-01,QMF,"NHS NORTH EAST LONDON INTEGRATED CARE BOARD",841301,2910623.7,0,0
2022-12-01,QRL,"NHS HAMPSHIRE AND ISLE OF WIGHT INTEGRATED CARE BOARD",862431,5156134.63,0,0
2022-12-01,QKS,"NHS KENT AND MEDWAY INTEGRATED CARE BOARD",900621,4775225.07,0,0
2022-12-01,S0E4D,"NHS THAMES VALLEY INTEGRATED CARE BOARD",909719,4669484.66,0,0
2022-12-01,QF7,"NHS SOUTH YORKSHIRE INTEGRATED CARE BOARD",934047,3763731.07,0,0
2022-12-01,D7T5G,"NHS ESSEX INTEGRATED CARE BOARD",996496,4752133.27,0,0
2022-12-01,QE1,"NHS LANCASHIRE AND SOUTH CUMBRIA INTEGRATED CARE BOARD",1075159,4561373.41,0,0
2022-12-01,T6Y0W,"NHS NORFOLK AND SUFFOLK INTEGRATED CARE BOARD",1083273,4869886.08,0,0
2022-12-01,QOQ,"NHS HUMBER AND NORTH YORKSHIRE INTEGRATED CARE BOARD",1126080,4897365.44,0,0
2022-12-01,S9B9J,"NHS SURREY AND SUSSEX INTEGRATED CARE BOARD",1246109,7238085.54,0,0
2022-12-01,QWO,"NHS WEST YORKSHIRE INTEGRATED CARE BOARD",1296412,5613232.73,0,0
2022-12-01,Z9B2Z,"NHS WEST AND NORTH LONDON INTEGRATED CARE BOARD",1447780,6002672.36,0,0
2022-12-01,S1Y5D,"NHS CENTRAL EAST INTEGRATED CARE BOARD",1478871,6700015.87,0,0
2022-12-01,QYG,"NHS CHESHIRE AND MERSEYSIDE INTEGRATED CARE BOARD",1483934,7042165.02,0,0
2022-12-01,QOP,"NHS GREATER MANCHESTER INTEGRATED CARE BOARD",1520132,6803510.83,0,0
2022-12-01,QHM,"NHS NORTH EAST AND NORTH CUMBRIA INTEGRATED CARE BOARD",2187288,8287554.69,0,0
2023-01-01,QOC,"NHS SHROPSHIRE, TELFORD AND WREKIN INTEGRATED CARE BOARD",242658,1278611.72,0,0
2023-01-01,QSL,"NHS SOMERSET INTEGRATED CARE BOARD",294485,1673474.86,0,0
2023-01-01,QR1,"NHS GLOUCESTERSHIRE INTEGRATED CARE BOARD",355364,1681638.1,0,0
2023-01-01,QT6,"NHS CORNWALL AND THE ISLES OF SCILLY INTEGRATED CARE BOARD",373909,1801334.17,0,0
2023-01-01,QUY,"NHS BRISTOL, NORTH SOMERSET AND SOUTH GLOUCESTERSHIRE INTEGRATED CARE BOARD",381571,2161866.83,0,0
2023-01-01,QGH,"NHS HEREFORDSHIRE AND WORCESTERSHIRE INTEGRATED CARE BOARD",393882,2198891.42,0,0
2023-01-01,QVV,"NHS DORSET INTEGRATED CARE BOARD",410079,2343319.51,0,0
2023-01-01,QPM,"NHS NORTHAMPTONSHIRE INTEGRATED CARE BOARD",460270,1742091.53,0,0
2023-01-01,QOX,"NHS BATH AND NORTH EAST SOMERSET, SWINDON AND WILTSHIRE INTEGRATED CARE BOARD",476760,2376173.5,0,0
2023-01-01,QWU,"NHS COVENTRY AND WARWICKSHIRE INTEGRATED CARE BOARD",499953,2164952.43,0,0
2023-01-01,QJ2,"NHS DERBY AND DERBYSHIRE INTEGRATED CARE BOARD",513466,2665934.39,0,0
2023-01-01,QHL,"NHS BIRMINGHAM AND SOLIHULL INTEGRATED CARE BOARD",549583,2838608.46,0,0
2023-01-01,QK1,"NHS LEICESTER, LEICESTERSHIRE AND RUTLAND INTEGRATED CARE BOARD",586761,2573283.67,0,0
2023-01-01,QUA,"NHS BLACK COUNTRY INTEGRATED CARE BOARD",591629,3035522.54,0,0
2023-01-01,QWE,"NHS SOUTH WEST LONDON INTEGRATED CARE BOARD",601593,2447758.99,0,0
2023-01-01,QT1,"NHS NOTTINGHAM AND NOTTINGHAMSHIRE INTEGRATED CARE BOARD",612023,2738170.67,0,0
2023-01-01,QKK,"NHS SOUTH EAST LONDON INTEGRATED CARE BOARD",615691,2770564.02,0,0
2023-01-01,QJM,"NHS LINCOLNSHIRE INTEGRATED CARE BOARD",616497,2522694.59,0,0
2023-01-01,QNC,"NHS STAFFORDSHIRE AND STOKE-ON-TRENT INTEGRATED CARE BOARD",646475,3246779.24,0,0
2023-01-01,QJK,"NHS DEVON INTEGRATED CARE BOARD",666354,3380290.33,0,0
2023-01-01,QRL,"NHS HAMPSHIRE AND ISLE OF WIGHT INTEGRATED CARE BOARD",853895,5123648.72,0,0
2023-01-01,QMF,"NHS NORTH EAST LONDON INTEGRATED CARE BOARD",863504,2919954.6,0,0
2023-01-01,QKS,"NHS KENT AND MEDWAY INTEGRATED CARE BOARD",883347,4622460.83,0,0
2023-01-01,S0E4D,"NHS THAMES VALLEY INTEGRATED CARE BOARD",899161,4543244.59,0,0
2023-01-01,QF7,"NHS SOUTH YORKSHIRE INTEGRATED CARE BOARD",916697,3659110.5,0,0
2023-01-01,D7T5G,"NHS ESSEX INTEGRATED CARE BOARD",988787,4721284.39,0,0
2023-01-01,QE1,"NHS LANCASHIRE AND SOUTH CUMBRIA INTEGRATED CARE BOARD",1043282,4416504.53,0,0
2023-01-01,T6Y0W,"NHS NORFOLK AND SUFFOLK INTEGRATED CARE BOARD",1067926,4786367.2,0,0
2023-01-01,QOQ,"NHS HUMBER AND NORTH YORKSHIRE INTEGRATED CARE BOARD",1097065,4765114.67,0,0
2023-01-01,S9B9J,"NHS SURREY AND SUSSEX INTEGRATED CARE BOARD",1241187,7185339.04,0,0
2023-01-01,QWO,"NHS WEST YORKSHIRE INTEGRATED CARE BOARD",1306642,5682229.04,0,0
2023-01-01,QYG,"NHS CHESHIRE AND MERSEYSIDE INTEGRATED CARE BOARD",1432071,6778560.94,0,0
2023-01-01,Z9B2Z,"NHS WEST AND NORTH LONDON INTEGRATED CARE BOARD",1440965,5884167.19,0,0
2023-01-01,S1Y5D,"NHS CENTRAL EAST INTEGRATED CARE BOARD",1481152,6689819.05,0,0
2023-01-01,QOP,"NHS GREATER MANCHESTER INTEGRATED CARE BOARD",1505795,6736053.68,0,0
2023-01-01,QHM,"NHS NORTH EAST AND NORTH CUMBRIA INTEGRATED CARE BOARD",2170198,8196893.55,0,0
2023-02-01,QOC,"NHS SHROPSHIRE, TELFORD AND WREKIN INTEGRATED CARE BOARD",225135,1200070.42,0,0
2023-02-01,QSL,"NHS SOMERSET INTEGRATED CARE BOARD",268692,1522028.04,0,0
2023-02-01,QR1,"NHS GLOUCESTERSHIRE INTEGRATED CARE BOARD",335701,1587812.03,0,0
2023-02-01,QT6,"NHS CORNWALL AND THE ISLES OF SCILLY INTEGRATED CARE BOARD",343119,1659715.36,0,0
2023-02-01,QUY,"NHS BRISTOL, NORTH SOMERSET AND SOUTH GLOUCESTERSHIRE INTEGRATED CARE BOARD",354918,2047168.65,0,0
2023-02-01,QGH,"NHS HEREFORDSHIRE AND WORCESTERSHIRE INTEGRATED CARE BOARD",364294,2068838.23,0,0
2023-02-01,QVV,"NHS DORSET INTEGRATED CARE BOARD",377391,2178730.94,0,0
2023-02-01,QPM,"NHS NORTHAMPTONSHIRE INTEGRATED CARE BOARD",426132,1620061.99,0,0
2023-02-01,QOX,"NHS BATH AND NORTH EAST SOMERSET, SWINDON AND WILTSHIRE INTEGRATED CARE BOARD",447807,2244650.33,0,0
2023-02-01,QWU,"NHS COVENTRY AND WARWICKSHIRE INTEGRATED CARE BOARD",463494,2034390.48,0,0
2023-02-01,QJ2,"NHS DERBY AND DERBYSHIRE INTEGRATED CARE BOARD",479396,2516911.4,0,0
2023-02-01,QHL,"NHS BIRMINGHAM AND SOLIHULL INTEGRATED CARE BOARD",502795,2609923.53,0,0
2023-02-01,QUA,"NHS BLACK COUNTRY INTEGRATED CARE BOARD",547605,2850392.37,0,0
2023-02-01,QK1,"NHS LEICESTER, LEICESTERSHIRE AND RUTLAND INTEGRATED CARE BOARD",548966,2446427,0,0
2023-02-01,QWE,"NHS SOUTH WEST LONDON INTEGRATED CARE BOARD",559483,2257897.76,0,0
2023-02-01,QKK,"NHS SOUTH EAST LONDON INTEGRATED CARE BOARD",563423,2563641.33,0,0
2023-02-01,QT1,"NHS NOTTINGHAM AND NOTTINGHAMSHIRE INTEGRATED CARE BOARD",567189,2563140.47,0,0
2023-02-01,QJM,"NHS LINCOLNSHIRE INTEGRATED CARE BOARD",570042,2358651.69,0,0
2023-02-01,QNC,"NHS STAFFORDSHIRE AND STOKE-ON-TRENT INTEGRATED CARE BOARD",600639,3055316.85,0,0
2023-02-01,QJK,"NHS DEVON INTEGRATED CARE BOARD",620570,3202338.1,0,0
2023-02-01,QRL,"NHS HAMPSHIRE AND ISLE OF WIGHT INTEGRATED CARE BOARD",784112,4757579.29,0,0
2023-02-01,QMF,"NHS NORTH EAST LONDON INTEGRATED CARE BOARD",793648,2734217.94,0,0
2023-02-01,QKS,"NHS KENT AND MEDWAY INTEGRATED CARE BOARD",817775,4329177.5,0,0
2023-02-01,S0E4D,"NHS THAMES VALLEY INTEGRATED CARE BOARD",830420,4276360.97,0,0
2023-02-01,QF7,"NHS SOUTH YORKSHIRE INTEGRATED CARE BOARD",853124,3458031.7,0,0
2023-02-01,D7T5G,"NHS ESSEX INTEGRATED CARE BOARD",916798,4452373.58,0,0
2023-02-01,QE1,"NHS LANCASHIRE AND SOUTH CUMBRIA INTEGRATED CARE BOARD",967745,4165104.01,0,0
2023-02-01,T6Y0W,"NHS NORFOLK AND SUFFOLK INTEGRATED CARE BOARD",983349,4491246.37,0,0
2023-02-01,QOQ,"NHS HUMBER AND NORTH YORKSHIRE INTEGRATED CARE BOARD",1017815,4476682.97,0,0
2023-02-01,S9B9J,"NHS SURREY AND SUSSEX INTEGRATED CARE BOARD",1144794,6770879.92,0,0
2023-02-01,QWO,"NHS WEST YORKSHIRE INTEGRATED CARE BOARD",1197052,5232483.58,0,0
2023-02-01,Z9B2Z,"NHS WEST AND NORTH LONDON INTEGRATED CARE BOARD",1342330,5528303.16,0,0
2023-02-01,QYG,"NHS CHESHIRE AND MERSEYSIDE INTEGRATED CARE BOARD",1347430,6495084.52,0,0
2023-02-01,S1Y5D,"NHS CENTRAL EAST INTEGRATED CARE BOARD",1371085,6262183.48,0,0
2023-02-01,QOP,"NHS GREATER MANCHESTER INTEGRATED CARE BOARD",1384834,6263569.91,0,0
2023-02-01,QHM,"NHS NORTH EAST AND NORTH CUMBRIA INTEGRATED CARE BOARD",2001705,7693248.14,0,0
2023-03-01,QOC,"NHS SHROPSHIRE, TELFORD AND WREKIN INTEGRATED CARE BOARD",256801,1376256.89,0,0
2023-03-01,QSL,"NHS SOMERSET INTEGRATED CARE BOARD",311401,1763402.81,0,0
2023-03-01,QR1,"NHS GLOUCESTERSHIRE INTEGRATED CARE BOARD",379247,1812167.07,0,0
2023-03-01,QT6,"NHS CORNWALL AND THE ISLES OF SCILLY INTEGRATED CARE BOARD",394432,1926780.44,0,0
2023-03-01,QUY,"NHS BRISTOL, NORTH SOMERSET AND SOUTH GLOUCESTERSHIRE INTEGRATED CARE BOARD",406864,2344403.09,0,0
2023-03-01,QGH,"NHS HEREFORDSHIRE AND WORCESTERSHIRE INTEGRATED CARE BOARD",419290,2396438.04,0,0
2023-03-01,QVV,"NHS DORSET INTEGRATED CARE BOARD",431088,2500548.22,0,0
2023-03-01,QPM,"NHS NORTHAMPTONSHIRE INTEGRATED CARE BOARD",489656,1867799.96,0,0
2023-03-01,QOX,"NHS BATH AND NORTH EAST SOMERSET, SWINDON AND WILTSHIRE INTEGRATED CARE BOARD",506301,2557484.9,0,0
2023-03-01,QWU,"NHS COVENTRY AND WARWICKSHIRE INTEGRATED CARE BOARD",533698,2367427.2,0,0
2023-03-01,QJ2,"NHS DERBY AND DERBYSHIRE INTEGRATED CARE BOARD",545021,2884061.12,0,0
2023-03-01,QHL,"NHS BIRMINGHAM AND SOLIHULL INTEGRATED CARE BOARD",574348,2974964.57,0,0
2023-03-01,QUA,"NHS BLACK COUNTRY INTEGRATED CARE BOARD",621424,3259327.92,0,0
2023-03-01,QK1,"NHS LEICESTER, LEICESTERSHIRE AND RUTLAND INTEGRATED CARE BOARD",622351,2784120.43,0,0
2023-03-01,QWE,"NHS SOUTH WEST LONDON INTEGRATED CARE BOARD",634498,2621540.8,0,0
2023-03-01,QKK,"NHS SOUTH EAST LONDON INTEGRATED CARE BOARD",639202,2941979.27,0,0
2023-03-01,QT1,"NHS NOTTINGHAM AND NOTTINGHAMSHIRE INTEGRATED CARE BOARD",644012,2916551.99,0,0
2023-03-01,QJM,"NHS LINCOLNSHIRE INTEGRATED CARE BOARD",652145,2732187.77,0,0
2023-03-01,QNC,"NHS STAFFORDSHIRE AND STOKE-ON-TRENT INTEGRATED CARE BOARD",687542,3491395.39,0,0
2023-03-01,QJK,"NHS DEVON INTEGRATED CARE BOARD",717593,3739547.29,0,0
2023-03-01,QMF,"NHS NORTH EAST LONDON INTEGRATED CARE BOARD",894251,3116678.73,0,0
2023-03-01,QRL,"NHS HAMPSHIRE AND ISLE OF WIGHT INTEGRATED CARE BOARD",897560,5451521.43,0,0
2023-03-01,S0E4D,"NHS THAMES VALLEY INTEGRATED CARE BOARD",935122,4842555.52,0,0
2023-03-01,QKS,"NHS KENT AND MEDWAY INTEGRATED CARE BOARD",944411,5092285.16,0,0
2023-03-01,QF7,"NHS SOUTH YORKSHIRE INTEGRATED CARE BOARD",970505,3945454.48,0,0
2023-03-01,D7T5G,"NHS ESSEX INTEGRATED CARE BOARD",1056858,5178773.5,0,0
2023-03-01,T6Y0W,"NHS NORFOLK AND SUFFOLK INTEGRATED CARE BOARD",1124315,5153507.51,0,0
2023-03-01,QE1,"NHS LANCASHIRE AND SOUTH CUMBRIA INTEGRATED CARE BOARD",1131411,4863906,0,0
2023-03-01,QOQ,"NHS HUMBER AND NORTH YORKSHIRE INTEGRATED CARE BOARD",1155881,5076755.38,0,0
2023-03-01,S9B9J,"NHS SURREY AND SUSSEX INTEGRATED CARE BOARD",1297743,7685991.82,0,0
2023-03-01,QWO,"NHS WEST YORKSHIRE INTEGRATED CARE BOARD",1364903,5979824.51,0,0
2023-03-01,Z9B2Z,"NHS WEST AND NORTH LONDON INTEGRATED CARE BOARD",1521603,6381809.45,0,0
2023-03-01,QYG,"NHS CHESHIRE AND MERSEYSIDE INTEGRATED CARE BOARD",1547204,7454825.25,0,0
2023-03-01,S1Y5D,"NHS CENTRAL EAST INTEGRATED CARE BOARD",1562197,7175466.45,0,0
2023-03-01,QOP,"NHS GREATER MANCHESTER INTEGRATED CARE BOARD",1602254,7298165.26,0,0
2023-03-01,QHM,"NHS NORTH EAST AND NORTH CUMBRIA INTEGRATED CARE BOARD",2300673,8880490.14,0,0
2023-04-01,QOC,"NHS SHROPSHIRE, TELFORD AND WREKIN INTEGRATED CARE BOARD",237233,1267122.35,0,0
2023-04-01,QSL,"NHS SOMERSET INTEGRATED CARE BOARD",279352,1597760.01,0,0
2023-04-01,QR1,"NHS GLOUCESTERSHIRE INTEGRATED CARE BOARD",339957,1647134.08,0,0
2023-04-01,QT6,"NHS CORNWALL AND THE ISLES OF SCILLY INTEGRATED CARE BOARD",359430,1772734.58,0,0
2023-04-01,QUY,"NHS BRISTOL, NORTH SOMERSET AND SOUTH GLOUCESTERSHIRE INTEGRATED CARE BOARD",360305,2121819.77,0,0
2023-04-01,QGH,"NHS HEREFORDSHIRE AND WORCESTERSHIRE INTEGRATED CARE BOARD",370838,2119455.93,0,0
2023-04-01,QVV,"NHS DORSET INTEGRATED CARE BOARD",392795,2293503.42,0,0
2023-04-01,QPM,"NHS NORTHAMPTONSHIRE INTEGRATED CARE BOARD",433794,1673366.63,0,0
2023-04-01,QOX,"NHS BATH AND NORTH EAST SOMERSET, SWINDON AND WILTSHIRE INTEGRATED CARE BOARD",460107,2323976.86,0,0
2023-04-01,QWU,"NHS COVENTRY AND WARWICKSHIRE INTEGRATED CARE BOARD",473875,2106497.34,0,0
2023-04-01,QJ2,"NHS DERBY AND DERBYSHIRE INTEGRATED CARE BOARD",484205,2582244.11,0,0
2023-04-01,QHL,"NHS BIRMINGHAM AND SOLIHULL INTEGRATED CARE BOARD",519274,2732560.6,0,0
2023-04-01,QUA,"NHS BLACK COUNTRY INTEGRATED CARE BOARD",554727,2922051.87,0,0
2023-04-01,QK1,"NHS LEICESTER, LEICESTERSHIRE AND RUTLAND INTEGRATED CARE BOARD",570336,2547282.65,0,0
2023-04-01,QT1,"NHS NOTTINGHAM AND NOTTINGHAMSHIRE INTEGRATED CARE BOARD",583628,2673942.71,0,0
2023-04-01,QWE,"NHS SOUTH WEST LONDON INTEGRATED CARE BOARD",584801,2424528.89,0,0
2023-04-01,QKK,"NHS SOUTH EAST LONDON INTEGRATED CARE BOARD",585231,2704782.21,0,0
2023-04-01,QJM,"NHS LINCOLNSHIRE INTEGRATED CARE BOARD",588101,2474109.39,0,0
2023-04-01,QNC,"NHS STAFFORDSHIRE AND STOKE-ON-TRENT INTEGRATED CARE BOARD",614746,3166281.79,0,0
2023-04-01,QJK,"NHS DEVON INTEGRATED CARE BOARD",642957,3385108.03,0,0
2023-04-01,QRL,"NHS HAMPSHIRE AND ISLE OF WIGHT INTEGRATED CARE BOARD",809591,5008690.7,0,0
2023-04-01,QMF,"NHS NORTH EAST LONDON INTEGRATED CARE BOARD",814079,2854907.56,0,0
2023-04-01,QKS,"NHS KENT AND MEDWAY INTEGRATED CARE BOARD",855890,4597624.79,0,0
2023-04-01,S0E4D,"NHS THAMES VALLEY INTEGRATED CARE BOARD",862163,4473526.47,0,0
2023-04-01,QF7,"NHS SOUTH YORKSHIRE INTEGRATED CARE BOARD",878395,3617077.45,0,0
2023-04-01,D7T5G,"NHS ESSEX INTEGRATED CARE BOARD",946161,4636190.48,0,0
2023-04-01,QE1,"NHS LANCASHIRE AND SOUTH CUMBRIA INTEGRATED CARE BOARD",1006757,4382990.31,0,0
2023-04-01,T6Y0W,"NHS NORFOLK AND SUFFOLK INTEGRATED CARE BOARD",1022233,4723839.99,0,0
2023-04-01,QOQ,"NHS HUMBER AND NORTH YORKSHIRE INTEGRATED CARE BOARD",1049847,4644866.87,0,0
2023-04-01,S9B9J,"NHS SURREY AND SUSSEX INTEGRATED CARE BOARD",1188051,7059883.14,0,0
2023-04-01,QWO,"NHS WEST YORKSHIRE INTEGRATED CARE BOARD",1221409,5404921.44,0,0
2023-04-01,Z9B2Z,"NHS WEST AND NORTH LONDON INTEGRATED CARE BOARD",1377229,5792761.43,0,0
2023-04-01,QYG,"NHS CHESHIRE AND MERSEYSIDE INTEGRATED CARE BOARD",1380439,6731557.73,0,0
2023-04-01,S1Y5D,"NHS CENTRAL EAST INTEGRATED CARE BOARD",1407571,6497054.57,0,0
2023-04-01,QOP,"NHS GREATER MANCHESTER INTEGRATED CARE BOARD",1429076,6557961.28,0,0
2023-04-01,QHM,"NHS NORTH EAST AND NORTH CUMBRIA INTEGRATED CARE BOARD",2085489,8148856.04,0,0
2023-05-01,QOC,"NHS SHROPSHIRE, TELFORD AND WREKIN INTEGRATED CARE BOARD",250726,1381205.92,0,0
2023-05-01,QSL,"NHS SOMERSET INTEGRATED CARE BOARD",297272,1729302.07,0,0
2023-05-01,QR1,"NHS GLOUCESTERSHIRE INTEGRATED CARE BOARD",368670,1821739.55,0,0
2023-05-01,QT6,"NHS CORNWALL AND THE ISLES OF SCILLY INTEGRATED CARE BOARD",372041,1871269.41,0,0
2023-05-01,QUY,"NHS BRISTOL, NORTH SOMERSET AND SOUTH GLOUCESTERSHIRE INTEGRATED CARE BOARD",379239,2252654.58,0,0
2023-05-01,QGH,"NHS HEREFORDSHIRE AND WORCESTERSHIRE INTEGRATED CARE BOARD",397558,2318641.97,0,0
2023-05-01,QVV,"NHS DORSET INTEGRATED CARE BOARD",415361,2444397.09,0,0
2023-05-01,QPM,"NHS NORTHAMPTONSHIRE INTEGRATED CARE BOARD",471762,1855485.52,0,0
2023-05-01,QOX,"NHS BATH AND NORTH EAST SOMERSET, SWINDON AND WILTSHIRE INTEGRATED CARE BOARD",493502,2556252.46,0,0
2023-05-01,QWU,"NHS COVENTRY AND WARWICKSHIRE INTEGRATED CARE BOARD",521700,2374288.44,0,0
2023-05-01,QJ2,"NHS DERBY AND DERBYSHIRE INTEGRATED CARE BOARD",530653,2872672.99,0,0
2023-05-01,QHL,"NHS BIRMINGHAM AND SOLIHULL INTEGRATED CARE BOARD",564019,3035009.92,0,0
2023-05-01,QK1,"NHS LEICESTER, LEICESTERSHIRE AND RUTLAND INTEGRATED CARE BOARD",608181,2807498.81,0,0
2023-05-01,QUA,"NHS BLACK COUNTRY INTEGRATED CARE BOARD",608461,3280180.85,0,0
2023-05-01,QWE,"NHS SOUTH WEST LONDON INTEGRATED CARE BOARD",621684,2597741.36,0,0
2023-05-01,QKK,"NHS SOUTH EAST LONDON INTEGRATED CARE BOARD",626288,2986329.8,0,0
2023-05-01,QT1,"NHS NOTTINGHAM AND NOTTINGHAMSHIRE INTEGRATED CARE BOARD",628142,2910823.17,0,0
2023-05-01,QJM,"NHS LINCOLNSHIRE INTEGRATED CARE BOARD",631945,2719240.45,0,0
2023-05-01,QNC,"NHS STAFFORDSHIRE AND STOKE-ON-TRENT INTEGRATED CARE BOARD",665035,3464742.55,0,0
2023-05-01,QJK,"NHS DEVON INTEGRATED CARE BOARD",677118,3612252.17,0,0
2023-05-01,QRL,"NHS HAMPSHIRE AND ISLE OF WIGHT INTEGRATED CARE BOARD",867290,5400956.2,0,0
2023-05-01,QMF,"NHS NORTH EAST LONDON INTEGRATED CARE BOARD",880632,3113924.87,0,0
2023-05-01,QKS,"NHS KENT AND MEDWAY INTEGRATED CARE BOARD",912921,5012899.97,0,0
2023-05-01,S0E4D,"NHS THAMES VALLEY INTEGRATED CARE BOARD",918459,4907521.27,0,0
2023-05-01,QF7,"NHS SOUTH YORKSHIRE INTEGRATED CARE BOARD",937102,3921146.32,0,0
2023-05-01,D7T5G,"NHS ESSEX INTEGRATED CARE BOARD",1009221,5030206.6,0,0
2023-05-01,QE1,"NHS LANCASHIRE AND SOUTH CUMBRIA INTEGRATED CARE BOARD",1075885,4772263.49,0,0
2023-05-01,T6Y0W,"NHS NORFOLK AND SUFFOLK INTEGRATED CARE BOARD",1088708,5098505.48,0,0
2023-05-01,QOQ,"NHS HUMBER AND NORTH YORKSHIRE INTEGRATED CARE BOARD",1118559,5022387.71,0,0
2023-05-01,S9B9J,"NHS SURREY AND SUSSEX INTEGRATED CARE BOARD",1274725,7753860.65,0,0
2023-05-01,QWO,"NHS WEST YORKSHIRE INTEGRATED CARE BOARD",1319708,5906843.56,0,0
2023-05-01,Z9B2Z,"NHS WEST AND NORTH LONDON INTEGRATED CARE BOARD",1465608,6328938.76,0,0
2023-05-01,QYG,"NHS CHESHIRE AND MERSEYSIDE INTEGRATED CARE BOARD",1472626,7306793.49,0,0
2023-05-01,S1Y5D,"NHS CENTRAL EAST INTEGRATED CARE BOARD",1521027,7134725,0,0
2023-05-01,QOP,"NHS GREATER MANCHESTER INTEGRATED CARE BOARD",1531616,7176472.9,0,0
2023-05-01,QHM,"NHS NORTH EAST AND NORTH CUMBRIA INTEGRATED CARE BOARD",2207536,8805955.36,0,0
2023-06-01,QOC,"NHS SHROPSHIRE, TELFORD AND WREKIN INTEGRATED CARE BOARD",255679,1403973.35,0,0
2023-06-01,QSL,"NHS SOMERSET INTEGRATED CARE BOARD",300747,1755163.16,0,0
2023-06-01,QR1,"NHS GLOUCESTERSHIRE INTEGRATED CARE BOARD",372772,1814685.49,0,0
2023-06-01,QT6,"NHS CORNWALL AND THE ISLES OF SCILLY INTEGRATED CARE BOARD",381082,1923054.7,0,0
2023-06-01,QUY,"NHS BRISTOL, NORTH SOMERSET AND SOUTH GLOUCESTERSHIRE INTEGRATED CARE BOARD",392058,2315844.45,0,0
2023-06-01,QGH,"NHS HEREFORDSHIRE AND WORCESTERSHIRE INTEGRATED CARE BOARD",414670,2389331.66,0,0
2023-06-01,QVV,"NHS DORSET INTEGRATED CARE BOARD",427254,2518491.73,0,0
2023-06-01,QPM,"NHS NORTHAMPTONSHIRE INTEGRATED CARE BOARD",483608,1912728.91,0,0
2023-06-01,QOX,"NHS BATH AND NORTH EAST SOMERSET, SWINDON AND WILTSHIRE INTEGRATED CARE BOARD",503413,2578079.99,0,0
2023-06-01,QWU,"NHS COVENTRY AND WARWICKSHIRE INTEGRATED CARE BOARD",523153,2375323.89,0,0
2023-06-01,QJ2,"NHS DERBY AND DERBYSHIRE INTEGRATED CARE BOARD",531698,2876379.09,0,0
2023-06-01,QHL,"NHS BIRMINGHAM AND SOLIHULL INTEGRATED CARE BOARD",559268,2991001.84,0,0
2023-06-01,QUA,"NHS BLACK COUNTRY INTEGRATED CARE BOARD",611030,3273997.46,0,0
2023-06-01,QK1,"NHS LEICESTER, LEICESTERSHIRE AND RUTLAND INTEGRATED CARE BOARD",617146,2819936.99,0,0
2023-06-01,QWE,"NHS SOUTH WEST LONDON INTEGRATED CARE BOARD",624945,2643029.78,0,0
2023-06-01,QKK,"NHS SOUTH EAST LONDON INTEGRATED CARE BOARD",629981,2967537.29,0,0
2023-06-01,QT1,"NHS NOTTINGHAM AND NOTTINGHAMSHIRE INTEGRATED CARE BOARD",639416,2971484,0,0
2023-06-01,QJM,"NHS LINCOLNSHIRE INTEGRATED CARE BOARD",641759,2770167.64,0,0
2023-06-01,QNC,"NHS STAFFORDSHIRE AND STOKE-ON-TRENT INTEGRATED CARE BOARD",669993,3502265.54,0,0
2023-06-01,QJK,"NHS DEVON INTEGRATED CARE BOARD",694440,3741020.9,0,0
2023-06-01,QMF,"NHS NORTH EAST LONDON INTEGRATED CARE BOARD",882458,3153331.05,0,0
2023-06-01,QRL,"NHS HAMPSHIRE AND ISLE OF WIGHT INTEGRATED CARE BOARD",885688,5493857.78,0,0
2023-06-01,QKS,"NHS KENT AND MEDWAY INTEGRATED CARE BOARD",913917,4974691.37,0,0
2023-06-01,S0E4D,"NHS THAMES VALLEY INTEGRATED CARE BOARD",930895,4932062.81,0,0
2023-06-01,QF7,"NHS SOUTH YORKSHIRE INTEGRATED CARE BOARD",955883,3983003.02,0,0
2023-06-01,D7T5G,"NHS ESSEX INTEGRATED CARE BOARD",1021107,5072494.03,0,0
2023-06-01,QE1,"NHS LANCASHIRE AND SOUTH CUMBRIA INTEGRATED CARE BOARD",1094369,4856151.21,0,0
2023-06-01,T6Y0W,"NHS NORFOLK AND SUFFOLK INTEGRATED CARE BOARD",1102408,5187036.97,0,0
2023-06-01,QOQ,"NHS HUMBER AND NORTH YORKSHIRE INTEGRATED CARE BOARD",1141029,5093632.9,0,0
2023-06-01,S9B9J,"NHS SURREY AND SUSSEX INTEGRATED CARE BOARD",1273791,7711228.71,0,0
2023-06-01,QWO,"NHS WEST YORKSHIRE INTEGRATED CARE BOARD",1353474,6056488.32,0,0
2023-06-01,Z9B2Z,"NHS WEST AND NORTH LONDON INTEGRATED CARE BOARD",1479526,6379898.41,0,0
2023-06-01,QYG,"NHS CHESHIRE AND MERSEYSIDE INTEGRATED CARE BOARD",1504622,7457822.64,0,0
2023-06-01,S1Y5D,"NHS CENTRAL EAST INTEGRATED CARE BOARD",1530791,7213770.73,0,0
2023-06-01,QOP,"NHS GREATER MANCHESTER INTEGRATED CARE BOARD",1548309,7222076.38,0,0
2023-06-01,QHM,"NHS NORTH EAST AND NORTH CUMBRIA INTEGRATED CARE BOARD",2272249,9060084.91,0,0
2023-07-01,QOC,"NHS SHROPSHIRE, TELFORD AND WREKIN INTEGRATED CARE BOARD",245149,1359529.86,0,0
2023-07-01,QSL,"NHS SOMERSET INTEGRATED CARE BOARD",291909,1713542.08,0,0
2023-07-01,QR1,"NHS GLOUCESTERSHIRE INTEGRATED CARE BOARD",362688,1831631.18,0,0
2023-07-01,QUY,"NHS BRISTOL, NORTH SOMERSET AND SOUTH GLOUCESTERSHIRE INTEGRATED CARE BOARD",378465,2289807.49,0,0
2023-07-01,QT6,"NHS CORNWALL AND THE ISLES OF SCILLY INTEGRATED CARE BOARD",381392,1974853.46,0,0
2023-07-01,QGH,"NHS HEREFORDSHIRE AND WORCESTERSHIRE INTEGRATED CARE BOARD",393637,2309203.68,0,0
2023-07-01,QVV,"NHS DORSET INTEGRATED CARE BOARD",408815,2433588.49,0,0
2023-07-01,QPM,"NHS NORTHAMPTONSHIRE INTEGRATED CARE BOARD",473484,1919263.34,0,0
2023-07-01,QOX,"NHS BATH AND NORTH EAST SOMERSET, SWINDON AND WILTSHIRE INTEGRATED CARE BOARD",482898,2517167.09,0,0
2023-07-01,QWU,"NHS COVENTRY AND WARWICKSHIRE INTEGRATED CARE BOARD",505427,2328359.46,0,0
2023-07-01,QJ2,"NHS DERBY AND DERBYSHIRE INTEGRATED CARE BOARD",516822,2921086.92,0,0
2023-07-01,QHL,"NHS BIRMINGHAM AND SOLIHULL INTEGRATED CARE BOARD",552300,3048402.92,0,0
2023-07-01,QUA,"NHS BLACK COUNTRY INTEGRATED CARE BOARD",595012,3248748.04,0,0
2023-07-01,QK1,"NHS LEICESTER, LEICESTERSHIRE AND RUTLAND INTEGRATED CARE BOARD",597515,2867840.67,0,0
2023-07-01,QT1,"NHS NOTTINGHAM AND NOTTINGHAMSHIRE INTEGRATED CARE BOARD",603197,2897136.42,0,0
2023-07-01,QWE,"NHS SOUTH WEST LONDON INTEGRATED CARE BOARD",615974,2642593.87,0,0
2023-07-01,QJM,"NHS LINCOLNSHIRE INTEGRATED CARE BOARD",620242,2716979.28,0,0
2023-07-01,QKK,"NHS SOUTH EAST LONDON INTEGRATED CARE BOARD",627745,3070238.36,0,0
2023-07-01,QNC,"NHS STAFFORDSHIRE AND STOKE-ON-TRENT INTEGRATED CARE BOARD",648067,3400740.41,0,0
2023-07-01,QJK,"NHS DEVON INTEGRATED CARE BOARD",671612,3748362.95,0,0
2023-07-01,QRL,"NHS HAMPSHIRE AND ISLE OF WIGHT INTEGRATED CARE BOARD",854723,5393799.23,0,0
2023-07-01,QMF,"NHS NORTH EAST LONDON INTEGRATED CARE BOARD",881761,3300483.58,0,0
2023-07-01,QKS,"NHS KENT AND MEDWAY INTEGRATED CARE BOARD",892520,4929819.4,0,0
2023-07-01,S0E4D,"NHS THAMES VALLEY INTEGRATED CARE BOARD",913112,4876008.53,0,0
2023-07-01,QF7,"NHS SOUTH YORKSHIRE INTEGRATED CARE BOARD",933121,3929946.29,0,0
2023-07-01,D7T5G,"NHS ESSEX INTEGRATED CARE BOARD",997227,5048355.21,0,0
2023-07-01,QE1,"NHS LANCASHIRE AND SOUTH CUMBRIA INTEGRATED CARE BOARD",1056456,4798768.46,0,0
2023-07-01,T6Y0W,"NHS NORFOLK AND SUFFOLK INTEGRATED CARE BOARD",1070912,5162555.55,0,0
2023-07-01,QOQ,"NHS HUMBER AND NORTH YORKSHIRE INTEGRATED CARE BOARD",1106636,5063565.41,0,0
2023-07-01,S9B9J,"NHS SURREY AND SUSSEX INTEGRATED CARE BOARD",1248897,7669412.42,0,0
2023-07-01,QWO,"NHS WEST YORKSHIRE INTEGRATED CARE BOARD",1302002,6025605.18,0,0
2023-07-01,QYG,"NHS CHESHIRE AND MERSEYSIDE INTEGRATED CARE BOARD",1454994,7326687.11,0,0
2023-07-01,Z9B2Z,"NHS WEST AND NORTH LONDON INTEGRATED CARE BOARD",1474302,6503488.63,0,0
2023-07-01,S1Y5D,"NHS CENTRAL EAST INTEGRATED CARE BOARD",1497653,7219755.66,0,0
2023-07-01,QOP,"NHS GREATER MANCHESTER INTEGRATED CARE BOARD",1512041,7199743.27,0,0
2023-07-01,QHM,"NHS NORTH EAST AND NORTH CUMBRIA INTEGRATED CARE BOARD",2195332,8884835.54,0,0
2023-08-01,QOC,"NHS SHROPSHIRE, TELFORD AND WREKIN INTEGRATED CARE BOARD",256615,1423764.94,0,0
2023-08-01,QSL,"NHS SOMERSET INTEGRATED CARE BOARD",300938,1770221.08,0,0
2023-08-01,QR1,"NHS GLOUCESTERSHIRE INTEGRATED CARE BOARD",377122,1894343.64,0,0
2023-08-01,QT6,"NHS CORNWALL AND THE ISLES OF SCILLY INTEGRATED CARE BOARD",386347,2001573.18,0,0
2023-08-01,QUY,"NHS BRISTOL, NORTH SOMERSET AND SOUTH GLOUCESTERSHIRE INTEGRATED CARE BOARD",396513,2396877.12,0,0
2023-08-01,QGH,"NHS HEREFORDSHIRE AND WORCESTERSHIRE INTEGRATED CARE BOARD",414251,2448300.03,0,0
2023-08-01,QVV,"NHS DORSET INTEGRATED CARE BOARD",422570,2528429.26,0,0
2023-08-01,QPM,"NHS NORTHAMPTONSHIRE INTEGRATED CARE BOARD",484210,1948297.98,0,0
2023-08-01,QOX,"NHS BATH AND NORTH EAST SOMERSET, SWINDON AND WILTSHIRE INTEGRATED CARE BOARD",507174,2624242.12,0,0
2023-08-01,QWU,"NHS COVENTRY AND WARWICKSHIRE INTEGRATED CARE BOARD",526605,2419434.63,0,0
2023-08-01,QJ2,"NHS DERBY AND DERBYSHIRE INTEGRATED CARE BOARD",535961,3003439.18,0,0
2023-08-01,QHL,"NHS BIRMINGHAM AND SOLIHULL INTEGRATED CARE BOARD",566422,3129258.99,0,0
2023-08-01,QUA,"NHS BLACK COUNTRY INTEGRATED CARE BOARD",613622,3390760.5,0,0
2023-08-01,QWE,"NHS SOUTH WEST LONDON INTEGRATED CARE BOARD",622026,2694326.08,0,0
2023-08-01,QK1,"NHS LEICESTER, LEICESTERSHIRE AND RUTLAND INTEGRATED CARE BOARD",626584,2977786.22,0,0
2023-08-01,QKK,"NHS SOUTH EAST LONDON INTEGRATED CARE BOARD",632652,3135670.07,0,0
2023-08-01,QJM,"NHS LINCOLNSHIRE INTEGRATED CARE BOARD",648712,2847929.92,0,0
2023-08-01,QT1,"NHS NOTTINGHAM AND NOTTINGHAMSHIRE INTEGRATED CARE BOARD",651764,3123982.26,0,0
2023-08-01,QNC,"NHS STAFFORDSHIRE AND STOKE-ON-TRENT INTEGRATED CARE BOARD",672427,3555159.24,0,0
2023-08-01,QJK,"NHS DEVON INTEGRATED CARE BOARD",694784,3841388.54,0,0
2023-08-01,QRL,"NHS HAMPSHIRE AND ISLE OF WIGHT INTEGRATED CARE BOARD",874480,5537049.04,0,0
2023-08-01,QMF,"NHS NORTH EAST LONDON INTEGRATED CARE BOARD",887611,3339591.71,0,0
2023-08-01,QKS,"NHS KENT AND MEDWAY INTEGRATED CARE BOARD",919548,5067285.96,0,0
2023-08-01,S0E4D,"NHS THAMES VALLEY INTEGRATED CARE BOARD",931630,4988560.38,0,0
2023-08-01,QF7,"NHS SOUTH YORKSHIRE INTEGRATED CARE BOARD",957367,4025165.72,0,0
2023-08-01,D7T5G,"NHS ESSEX INTEGRATED CARE BOARD",1028905,5196441.8,0,0
2023-08-01,QE1,"NHS LANCASHIRE AND SOUTH CUMBRIA INTEGRATED CARE BOARD",1097944,5002936.23,0,0
2023-08-01,T6Y0W,"NHS NORFOLK AND SUFFOLK INTEGRATED CARE BOARD",1107139,5336117.36,0,0
2023-08-01,QOQ,"NHS HUMBER AND NORTH YORKSHIRE INTEGRATED CARE BOARD",1155409,5289886.38,0,0
2023-08-01,S9B9J,"NHS SURREY AND SUSSEX INTEGRATED CARE BOARD",1287091,7924055.83,0,0
2023-08-01,QWO,"NHS WEST YORKSHIRE INTEGRATED CARE BOARD",1361913,6321804.61,0,0
2023-08-01,Z9B2Z,"NHS WEST AND NORTH LONDON INTEGRATED CARE BOARD",1494707,6613556.91,0,0
2023-08-01,QYG,"NHS CHESHIRE AND MERSEYSIDE INTEGRATED CARE BOARD",1512357,7631295.87,0,0
2023-08-01,S1Y5D,"NHS CENTRAL EAST INTEGRATED CARE BOARD",1537784,7428618.52,0,0
2023-08-01,QOP,"NHS GREATER MANCHESTER INTEGRATED CARE BOARD",1573536,7535924.4,0,0
2023-08-01,QHM,"NHS NORTH EAST AND NORTH CUMBRIA INTEGRATED CARE BOARD",2264719,9227796.47,0,0
2023-09-01,QOC,"NHS SHROPSHIRE, TELFORD AND WREKIN INTEGRATED CARE BOARD",247554,1373616.35,0,0
2023-09-01,QSL,"NHS SOMERSET INTEGRATED CARE BOARD",299335,1733934.95,0,0
2023-09-01,QR1,"NHS GLOUCESTERSHIRE INTEGRATED CARE BOARD",363163,1805511.82,0,0
2023-09-01,QUY,"NHS BRISTOL, NORTH SOMERSET AND SOUTH GLOUCESTERSHIRE INTEGRATED CARE BOARD",376936,2260854.57,0,0
2023-09-01,QT6,"NHS CORNWALL AND THE ISLES OF SCILLY INTEGRATED CARE BOARD",382690,1977614.22,0,0
2023-09-01,QGH,"NHS HEREFORDSHIRE AND WORCESTERSHIRE INTEGRATED CARE BOARD",401828,2344514.65,0,0
2023-09-01,QVV,"NHS DORSET INTEGRATED CARE BOARD",412052,2452237.34,0,0
2023-09-01,QPM,"NHS NORTHAMPTONSHIRE INTEGRATED CARE BOARD",470455,1888211.23,0,0
2023-09-01,QOX,"NHS BATH AND NORTH EAST SOMERSET, SWINDON AND WILTSHIRE INTEGRATED CARE BOARD",483461,2498087.72,0,0
2023-09-01,QWU,"NHS COVENTRY AND WARWICKSHIRE INTEGRATED CARE BOARD",509474,2315276.96,0,0
2023-09-01,QJ2,"NHS DERBY AND DERBYSHIRE INTEGRATED CARE BOARD",524514,2940970.36,0,0
2023-09-01,QHL,"NHS BIRMINGHAM AND SOLIHULL INTEGRATED CARE BOARD",554563,2996204.32,0,0
2023-09-01,QUA,"NHS BLACK COUNTRY INTEGRATED CARE BOARD",598358,3254935.99,0,0
2023-09-01,QK1,"NHS LEICESTER, LEICESTERSHIRE AND RUTLAND INTEGRATED CARE BOARD",603687,2840211.46,0,0
2023-09-01,QKK,"NHS SOUTH EAST LONDON INTEGRATED CARE BOARD",618259,3006749.68,0,0
2023-09-01,QWE,"NHS SOUTH WEST LONDON INTEGRATED CARE BOARD",618655,2620654.74,0,0
2023-09-01,QT1,"NHS NOTTINGHAM AND NOTTINGHAMSHIRE INTEGRATED CARE BOARD",624783,2950224.04,0,0
2023-09-01,QJM,"NHS LINCOLNSHIRE INTEGRATED CARE BOARD",631936,2753180.23,0,0
2023-09-01,QNC,"NHS STAFFORDSHIRE AND STOKE-ON-TRENT INTEGRATED CARE BOARD",656584,3410359.47,0,0
2023-09-01,QJK,"NHS DEVON INTEGRATED CARE BOARD",671446,3681820.05,0,0
2023-09-01,QRL,"NHS HAMPSHIRE AND ISLE OF WIGHT INTEGRATED CARE BOARD",867910,5440403.12,0,0
2023-09-01,QMF,"NHS NORTH EAST LONDON INTEGRATED CARE BOARD",874744,3251848.71,0,0
2023-09-01,QKS,"NHS KENT AND MEDWAY INTEGRATED CARE BOARD",902299,4910837.94,0,0
2023-09-01,S0E4D,"NHS THAMES VALLEY INTEGRATED CARE BOARD",911772,4812716.56,0,0
2023-09-01,QF7,"NHS SOUTH YORKSHIRE INTEGRATED CARE BOARD",932086,3879656.1,0,0
2023-09-01,D7T5G,"NHS ESSEX INTEGRATED CARE BOARD",1001961,5043133.36,0,0
2023-09-01,QE1,"NHS LANCASHIRE AND SOUTH CUMBRIA INTEGRATED CARE BOARD",1068039,4778179.73,0,0
2023-09-01,T6Y0W,"NHS NORFOLK AND SUFFOLK INTEGRATED CARE BOARD",1082905,5178227.25,0,0
2023-09-01,QOQ,"NHS HUMBER AND NORTH YORKSHIRE INTEGRATED CARE BOARD",1117784,5062106.78,0,0
2023-09-01,S9B9J,"NHS SURREY AND SUSSEX INTEGRATED CARE BOARD",1262521,7713247.63,0,0
2023-09-01,QWO,"NHS WEST YORKSHIRE INTEGRATED CARE BOARD",1309455,6075343.16,0,0
2023-09-01,QYG,"NHS CHESHIRE AND MERSEYSIDE INTEGRATED CARE BOARD",1470228,7323600.96,0,0
2023-09-01,Z9B2Z,"NHS WEST AND NORTH LONDON INTEGRATED CARE BOARD",1474776,6401701.93,0,0
2023-09-01,S1Y5D,"NHS CENTRAL EAST INTEGRATED CARE BOARD",1507272,7196788.45,0,0
2023-09-01,QOP,"NHS GREATER MANCHESTER INTEGRATED CARE BOARD",1523156,7179187.31,0,0
2023-09-01,QHM,"NHS NORTH EAST AND NORTH CUMBRIA INTEGRATED CARE BOARD",2231193,8939946.07,0,0
2023-10-01,QOC,"NHS SHROPSHIRE, TELFORD AND WREKIN INTEGRATED CARE BOARD",249447,1102133.82,0,0
2023-10-01,QSL,"NHS SOMERSET INTEGRATED CARE BOARD",294594,1430154.04,0,0
2023-10-01,QR1,"NHS GLOUCESTERSHIRE INTEGRATED CARE BOARD",374388,1670680.85,0,0
2023-10-01,QT6,"NHS CORNWALL AND THE ISLES OF SCILLY INTEGRATED CARE BOARD",382220,1752613.92,0,0
2023-10-01,QUY,"NHS BRISTOL, NORTH SOMERSET AND SOUTH GLOUCESTERSHIRE INTEGRATED CARE BOARD",387041,1890654.1,0,0
2023-10-01,QGH,"NHS HEREFORDSHIRE AND WORCESTERSHIRE INTEGRATED CARE BOARD",406184,1980809.32,0,0
2023-10-01,QVV,"NHS DORSET INTEGRATED CARE BOARD",419749,2144137.42,0,0
2023-10-01,QPM,"NHS NORTHAMPTONSHIRE INTEGRATED CARE BOARD",477303,1623244.72,0,0
2023-10-01,QOX,"NHS BATH AND NORTH EAST SOMERSET, SWINDON AND WILTSHIRE INTEGRATED CARE BOARD",497216,2118943.37,0,0
2023-10-01,QWU,"NHS COVENTRY AND WARWICKSHIRE INTEGRATED CARE BOARD",517387,1966485.84,0,0
2023-10-01,QJ2,"NHS DERBY AND DERBYSHIRE INTEGRATED CARE BOARD",528010,2605435.91,0,0
2023-10-01,QHL,"NHS BIRMINGHAM AND SOLIHULL INTEGRATED CARE BOARD",564139,2535113.54,0,0
2023-10-01,QUA,"NHS BLACK COUNTRY INTEGRATED CARE BOARD",612048,2879851.63,0,0
2023-10-01,QK1,"NHS LEICESTER, LEICESTERSHIRE AND RUTLAND INTEGRATED CARE BOARD",616019,2511361.61,0,0
2023-10-01,QT1,"NHS NOTTINGHAM AND NOTTINGHAMSHIRE INTEGRATED CARE BOARD",629050,2548272.26,0,0
2023-10-01,QWE,"NHS SOUTH WEST LONDON INTEGRATED CARE BOARD",630593,2265165.66,0,0
2023-10-01,QKK,"NHS SOUTH EAST LONDON INTEGRATED CARE BOARD",630728,2698214.58,0,0
2023-10-01,QJM,"NHS LINCOLNSHIRE INTEGRATED CARE BOARD",634444,2418053,0,0
2023-10-01,QNC,"NHS STAFFORDSHIRE AND STOKE-ON-TRENT INTEGRATED CARE BOARD",669387,2826646.98,0,0
2023-10-01,QJK,"NHS DEVON INTEGRATED CARE BOARD",688634,3290975.97,0,0
2023-10-01,QRL,"NHS HAMPSHIRE AND ISLE OF WIGHT INTEGRATED CARE BOARD",872266,4725938.67,0,0
2023-10-01,QMF,"NHS NORTH EAST LONDON INTEGRATED CARE BOARD",902504,2888183.52,0,0
2023-10-01,QKS,"NHS KENT AND MEDWAY INTEGRATED CARE BOARD",909164,4219512.79,0,0
2023-10-01,S0E4D,"NHS THAMES VALLEY INTEGRATED CARE BOARD",938865,3866241.44,0,0
2023-10-01,QF7,"NHS SOUTH YORKSHIRE INTEGRATED CARE BOARD",956806,3269764.15,0,0
2023-10-01,D7T5G,"NHS ESSEX INTEGRATED CARE BOARD",1023638,4499095.01,0,0
2023-10-01,QE1,"NHS LANCASHIRE AND SOUTH CUMBRIA INTEGRATED CARE BOARD",1077610,4227027.23,0,0
2023-10-01,T6Y0W,"NHS NORFOLK AND SUFFOLK INTEGRATED CARE BOARD",1096157,4620303.71,0,0
2023-10-01,QOQ,"NHS HUMBER AND NORTH YORKSHIRE INTEGRATED CARE BOARD",1137500,4462968.39,0,0
2023-10-01,S9B9J,"NHS SURREY AND SUSSEX INTEGRATED CARE BOARD",1266996,6539168.68,0,0
2023-10-01,QWO,"NHS WEST YORKSHIRE INTEGRATED CARE BOARD",1352215,5384732.88,0,0
2023-10-01,QYG,"NHS CHESHIRE AND MERSEYSIDE INTEGRATED CARE BOARD",1491976,6338724.92,0,0
2023-10-01,Z9B2Z,"NHS WEST AND NORTH LONDON INTEGRATED CARE BOARD",1501658,5484026.67,0,0
2023-10-01,S1Y5D,"NHS CENTRAL EAST INTEGRATED CARE BOARD",1528364,6352765.92,0,0
2023-10-01,QOP,"NHS GREATER MANCHESTER INTEGRATED CARE BOARD",1547866,6172876.77,0,0
2023-10-01,QHM,"NHS NORTH EAST AND NORTH CUMBRIA INTEGRATED CARE BOARD",2247093,7541952.78,0,0
2023-11-01,QOC,"NHS SHROPSHIRE, TELFORD AND WREKIN INTEGRATED CARE BOARD",256708,1144841.86,0,0
2023-11-01,QSL,"NHS SOMERSET INTEGRATED CARE BOARD",302461,1471215.55,0,0
2023-11-01,QR1,"NHS GLOUCESTERSHIRE INTEGRATED CARE BOARD",380247,1686357.69,0,0
2023-11-01,QT6,"NHS CORNWALL AND THE ISLES OF SCILLY INTEGRATED CARE BOARD",386557,1774255.13,0,0
2023-11-01,QUY,"NHS BRISTOL, NORTH SOMERSET AND SOUTH GLOUCESTERSHIRE INTEGRATED CARE BOARD",389041,1910782.94,0,0
2023-11-01,QGH,"NHS HEREFORDSHIRE AND WORCESTERSHIRE INTEGRATED CARE BOARD",407172,1993900.57,0,0
2023-11-01,QVV,"NHS DORSET INTEGRATED CARE BOARD",427125,2174385.48,0,0
2023-11-01,QPM,"NHS NORTHAMPTONSHIRE INTEGRATED CARE BOARD",477344,1617851.2,0,0
2023-11-01,QOX,"NHS BATH AND NORTH EAST SOMERSET, SWINDON AND WILTSHIRE INTEGRATED CARE BOARD",505164,2167924.31,0,0
2023-11-01,QWU,"NHS COVENTRY AND WARWICKSHIRE INTEGRATED CARE BOARD",526088,2003565.08,0,0
2023-11-01,QJ2,"NHS DERBY AND DERBYSHIRE INTEGRATED CARE BOARD",536704,2624656.58,0,0
2023-11-01,QHL,"NHS BIRMINGHAM AND SOLIHULL INTEGRATED CARE BOARD",561051,2553194.05,0,0
2023-11-01,QUA,"NHS BLACK COUNTRY INTEGRATED CARE BOARD",616090,2912802.07,0,0
2023-11-01,QK1,"NHS LEICESTER, LEICESTERSHIRE AND RUTLAND INTEGRATED CARE BOARD",628287,2595716.25,0,0
2023-11-01,QWE,"NHS SOUTH WEST LONDON INTEGRATED CARE BOARD",632547,2281118.2,0,0
2023-11-01,QJM,"NHS LINCOLNSHIRE INTEGRATED CARE BOARD",641445,2437773.86,0,0
2023-11-01,QT1,"NHS NOTTINGHAM AND NOTTINGHAMSHIRE INTEGRATED CARE BOARD",644789,2614939.86,0,0
2023-11-01,QKK,"NHS SOUTH EAST LONDON INTEGRATED CARE BOARD",645474,2768147.02,0,0
2023-11-01,QNC,"NHS STAFFORDSHIRE AND STOKE-ON-TRENT INTEGRATED CARE BOARD",672285,2866380.09,0,0
2023-11-01,QJK,"NHS DEVON INTEGRATED CARE BOARD",699387,3302486.96,0,0
2023-11-01,QRL,"NHS HAMPSHIRE AND ISLE OF WIGHT INTEGRATED CARE BOARD",884270,4735651.55,0,0
2023-11-01,QKS,"NHS KENT AND MEDWAY INTEGRATED CARE BOARD",908504,4211221.91,0,0
2023-11-01,QMF,"NHS NORTH EAST LONDON INTEGRATED CARE BOARD",910779,2919488.35,0,0
2023-11-01,S0E4D,"NHS THAMES VALLEY INTEGRATED CARE BOARD",939189,3841712.98,0,0
2023-11-01,QF7,"NHS SOUTH YORKSHIRE INTEGRATED CARE BOARD",957446,3266356.11,0,0
2023-11-01,D7T5G,"NHS ESSEX INTEGRATED CARE BOARD",1026596,4513642.63,0,0
2023-11-01,T6Y0W,"NHS NORFOLK AND SUFFOLK INTEGRATED CARE BOARD",1100829,4671130.43,0,0
2023-11-01,QE1,"NHS LANCASHIRE AND SOUTH CUMBRIA INTEGRATED CARE BOARD",1105374,4305763.88,0,0
2023-11-01,QOQ,"NHS HUMBER AND NORTH YORKSHIRE INTEGRATED CARE BOARD",1153356,4513183.08,0,0
2023-11-01,S9B9J,"NHS SURREY AND SUSSEX INTEGRATED CARE BOARD",1289864,6698890.58,0,0
2023-11-01,QWO,"NHS WEST YORKSHIRE INTEGRATED CARE BOARD",1349064,5352172.73,0,0
2023-11-01,QYG,"NHS CHESHIRE AND MERSEYSIDE INTEGRATED CARE BOARD",1500415,6374253.65,0,0
2023-11-01,Z9B2Z,"NHS WEST AND NORTH LONDON INTEGRATED CARE BOARD",1521190,5584819.62,0,0
2023-11-01,S1Y5D,"NHS CENTRAL EAST INTEGRATED CARE BOARD",1538055,6430845.23,0,0
2023-11-01,QOP,"NHS GREATER MANCHESTER INTEGRATED CARE BOARD",1562262,6226919.39,0,0
2023-11-01,QHM,"NHS NORTH EAST AND NORTH CUMBRIA INTEGRATED CARE BOARD",2264906,7509596.84,0,0
2023-12-01,QOC,"NHS SHROPSHIRE, TELFORD AND WREKIN INTEGRATED CARE BOARD",257654,1199400.11,0,0
2023-12-01,QSL,"NHS SOMERSET INTEGRATED CARE BOARD",300151,1481453.59,0,0
2023-12-01,QR1,"NHS GLOUCESTERSHIRE INTEGRATED CARE BOARD",369733,1703014.86,0,0
2023-12-01,QUY,"NHS BRISTOL, NORTH SOMERSET AND SOUTH GLOUCESTERSHIRE INTEGRATED CARE BOARD",387130,1996839.1,0,0
2023-12-01,QT6,"NHS CORNWALL AND THE ISLES OF SCILLY INTEGRATED CARE BOARD",389249,1813121.82,0,0
2023-12-01,QGH,"NHS HEREFORDSHIRE AND WORCESTERSHIRE INTEGRATED CARE BOARD",412000,2076774.98,0,0
2023-12-01,QVV,"NHS DORSET INTEGRATED CARE BOARD",422787,2178329.22,0,0
2023-12-01,QPM,"NHS NORTHAMPTONSHIRE INTEGRATED CARE BOARD",484145,1665293.6,0,0
2023-12-01,QOX,"NHS BATH AND NORTH EAST SOMERSET, SWINDON AND WILTSHIRE INTEGRATED CARE BOARD",502721,2234172.95,0,0
2023-12-01,QWU,"NHS COVENTRY AND WARWICKSHIRE INTEGRATED CARE BOARD",528205,2090421.59,0,0
2023-12-01,QJ2,"NHS DERBY AND DERBYSHIRE INTEGRATED CARE BOARD",535455,2696172.74,0,0
2023-12-01,QHL,"NHS BIRMINGHAM AND SOLIHULL INTEGRATED CARE BOARD",563986,2701005.44,0,0
2023-12-01,QUA,"NHS BLACK COUNTRY INTEGRATED CARE BOARD",606681,2988647.49,0,0
2023-12-01,QK1,"NHS LEICESTER, LEICESTERSHIRE AND RUTLAND INTEGRATED CARE BOARD",624686,2633895.86,0,0
2023-12-01,QWE,"NHS SOUTH WEST LONDON INTEGRATED CARE BOARD",625297,2306237.83,0,0
2023-12-01,QKK,"NHS SOUTH EAST LONDON INTEGRATED CARE BOARD",635750,2799669.24,0,0
2023-12-01,QT1,"NHS NOTTINGHAM AND NOTTINGHAMSHIRE INTEGRATED CARE BOARD",640521,2646596.47,0,0
2023-12-01,QJM,"NHS LINCOLNSHIRE INTEGRATED CARE BOARD",649706,2551960.67,0,0
2023-12-01,QNC,"NHS STAFFORDSHIRE AND STOKE-ON-TRENT INTEGRATED CARE BOARD",673646,2949859.33,0,0
2023-12-01,QJK,"NHS DEVON INTEGRATED CARE BOARD",693353,3363887.65,0,0
2023-12-01,QRL,"NHS HAMPSHIRE AND ISLE OF WIGHT INTEGRATED CARE BOARD",891431,4874816.09,0,0
2023-12-01,QMF,"NHS NORTH EAST LONDON INTEGRATED CARE BOARD",892125,2925835.13,0,0
2023-12-01,QKS,"NHS KENT AND MEDWAY INTEGRATED CARE BOARD",926425,4382321.42,0,0
2023-12-01,QF7,"NHS SOUTH YORKSHIRE INTEGRATED CARE BOARD",946910,3323104.19,0,0
2023-12-01,S0E4D,"NHS THAMES VALLEY INTEGRATED CARE BOARD",951783,4049068,0,0
2023-12-01,D7T5G,"NHS ESSEX INTEGRATED CARE BOARD",1030379,4619351.03,0,0
2023-12-01,QE1,"NHS LANCASHIRE AND SOUTH CUMBRIA INTEGRATED CARE BOARD",1096136,4377025.5,0,0
2023-12-01,T6Y0W,"NHS NORFOLK AND SUFFOLK INTEGRATED CARE BOARD",1118602,4838377.71,0,0
2023-12-01,QOQ,"NHS HUMBER AND NORTH YORKSHIRE INTEGRATED CARE BOARD",1158620,4647357.58,0,0
2023-12-01,S9B9J,"NHS SURREY AND SUSSEX INTEGRATED CARE BOARD",1297397,6911135.28,0,0
2023-12-01,QWO,"NHS WEST YORKSHIRE INTEGRATED CARE BOARD",1344177,5438689.39,0,0
2023-12-01,Z9B2Z,"NHS WEST AND NORTH LONDON INTEGRATED CARE BOARD",1491572,5667309.3,0,0
2023-12-01,QYG,"NHS CHESHIRE AND MERSEYSIDE INTEGRATED CARE BOARD",1520358,6590830.17,0,0
2023-12-01,S1Y5D,"NHS CENTRAL EAST INTEGRATED CARE BOARD",1532935,6527828.17,0,0
2023-12-01,QOP,"NHS GREATER MANCHESTER INTEGRATED CARE BOARD",1560443,6382323.25,0,0
2023-12-01,QHM,"NHS NORTH EAST AND NORTH CUMBRIA INTEGRATED CARE BOARD",2270149,7788418.37,0,0
2024-01-01,QOC,"NHS SHROPSHIRE, TELFORD AND WREKIN INTEGRATED CARE BOARD",257441,1096288.22,0,0
2024-01-01,QSL,"NHS SOMERSET INTEGRATED CARE BOARD",305039,1411546.87,0,0
2024-01-01,QR1,"NHS GLOUCESTERSHIRE INTEGRATED CARE BOARD",385479,1704622.3,0,0
2024-01-01,QUY,"NHS BRISTOL, NORTH SOMERSET AND SOUTH GLOUCESTERSHIRE INTEGRATED CARE BOARD",390669,1842833.48,0,0
2024-01-01,QT6,"NHS CORNWALL AND THE ISLES OF SCILLY INTEGRATED CARE BOARD",394639,1801240.28,0,0
2024-01-01,QGH,"NHS HEREFORDSHIRE AND WORCESTERSHIRE INTEGRATED CARE BOARD",422717,1994901.7,0,0
2024-01-01,QVV,"NHS DORSET INTEGRATED CARE BOARD",440131,2151864.67,0,0
2024-01-01,QPM,"NHS NORTHAMPTONSHIRE INTEGRATED CARE BOARD",493100,1620320.43,0,0
2024-01-01,QOX,"NHS BATH AND NORTH EAST SOMERSET, SWINDON AND WILTSHIRE INTEGRATED CARE BOARD",516246,2120294.09,0,0
2024-01-01,QWU,"NHS COVENTRY AND WARWICKSHIRE INTEGRATED CARE BOARD",528955,1953323.37,0,0
2024-01-01,QJ2,"NHS DERBY AND DERBYSHIRE INTEGRATED CARE BOARD",548370,2658345.99,0,0
2024-01-01,QHL,"NHS BIRMINGHAM AND SOLIHULL INTEGRATED CARE BOARD",578558,2605959.45,0,0
2024-01-01,QUA,"NHS BLACK COUNTRY INTEGRATED CARE BOARD",632750,2978445.49,0,0
2024-01-01,QK1,"NHS LEICESTER, LEICESTERSHIRE AND RUTLAND INTEGRATED CARE BOARD",638143,2584851.54,0,0
2024-01-01,QWE,"NHS SOUTH WEST LONDON INTEGRATED CARE BOARD",641801,2253712.32,0,0
2024-01-01,QKK,"NHS SOUTH EAST LONDON INTEGRATED CARE BOARD",658475,2806610.03,0,0
2024-01-01,QJM,"NHS LINCOLNSHIRE INTEGRATED CARE BOARD",660306,2478724.18,0,0
2024-01-01,QT1,"NHS NOTTINGHAM AND NOTTINGHAMSHIRE INTEGRATED CARE BOARD",660671,2587960.97,0,0
2024-01-01,QNC,"NHS STAFFORDSHIRE AND STOKE-ON-TRENT INTEGRATED CARE BOARD",692482,2809261.31,0,0
2024-01-01,QJK,"NHS DEVON INTEGRATED CARE BOARD",712064,3311089.8,0,0
2024-01-01,QRL,"NHS HAMPSHIRE AND ISLE OF WIGHT INTEGRATED CARE BOARD",909539,4705009.37,0,0
2024-01-01,QKS,"NHS KENT AND MEDWAY INTEGRATED CARE BOARD",939069,4135292.63,0,0
2024-01-01,QMF,"NHS NORTH EAST LONDON INTEGRATED CARE BOARD",942150,2956380.3,0,0
2024-01-01,S0E4D,"NHS THAMES VALLEY INTEGRATED CARE BOARD",958091,3682257.19,0,0
2024-01-01,QF7,"NHS SOUTH YORKSHIRE INTEGRATED CARE BOARD",991601,3185907.22,0,0
2024-01-01,D7T5G,"NHS ESSEX INTEGRATED CARE BOARD",1049605,4504018.7,0,0
2024-01-01,QE1,"NHS LANCASHIRE AND SOUTH CUMBRIA INTEGRATED CARE BOARD",1112990,4235561.37,0,0
2024-01-01,T6Y0W,"NHS NORFOLK AND SUFFOLK INTEGRATED CARE BOARD",1134823,4698609.16,0,0
2024-01-01,QOQ,"NHS HUMBER AND NORTH YORKSHIRE INTEGRATED CARE BOARD",1171357,4451576.82,0,0
2024-01-01,S9B9J,"NHS SURREY AND SUSSEX INTEGRATED CARE BOARD",1317115,6602935.93,0,0
2024-01-01,QWO,"NHS WEST YORKSHIRE INTEGRATED CARE BOARD",1393505,5325375.29,0,0
2024-01-01,QYG,"NHS CHESHIRE AND MERSEYSIDE INTEGRATED CARE BOARD",1525913,6252375.92,0,0
2024-01-01,Z9B2Z,"NHS WEST AND NORTH LONDON INTEGRATED CARE BOARD",1559665,5606774.36,0,0
2024-01-01,S1Y5D,"NHS CENTRAL EAST INTEGRATED CARE BOARD",1584740,6462313.92,0,0
2024-01-01,QOP,"NHS GREATER MANCHESTER INTEGRATED CARE BOARD",1605005,6166196.48,0,0
2024-01-01,QHM,"NHS NORTH EAST AND NORTH CUMBRIA INTEGRATED CARE BOARD",2334083,7389052.36,0,0
2024-02-01,QOC,"NHS SHROPSHIRE, TELFORD AND WREKIN INTEGRATED CARE BOARD",246471,1041395.6,0,0
2024-02-01,QSL,"NHS SOMERSET INTEGRATED CARE BOARD",289638,1325666.44,0,0
2024-02-01,QT6,"NHS CORNWALL AND THE ISLES OF SCILLY INTEGRATED CARE BOARD",362808,1640291.72,0,0
2024-02-01,QR1,"NHS GLOUCESTERSHIRE INTEGRATED CARE BOARD",367062,1605146.61,0,0
2024-02-01,QUY,"NHS BRISTOL, NORTH SOMERSET AND SOUTH GLOUCESTERSHIRE INTEGRATED CARE BOARD",367911,1744434.81,0,0
2024-02-01,QGH,"NHS HEREFORDSHIRE AND WORCESTERSHIRE INTEGRATED CARE BOARD",396809,1861028.01,0,0
2024-02-01,QVV,"NHS DORSET INTEGRATED CARE BOARD",405962,1972526.3,0,0
2024-02-01,QPM,"NHS NORTHAMPTONSHIRE INTEGRATED CARE BOARD",469291,1532242.8,0,0
2024-02-01,QOX,"NHS BATH AND NORTH EAST SOMERSET, SWINDON AND WILTSHIRE INTEGRATED CARE BOARD",487347,1984951.13,0,0
2024-02-01,QWU,"NHS COVENTRY AND WARWICKSHIRE INTEGRATED CARE BOARD",507308,1860531.45,0,0
2024-02-01,QJ2,"NHS DERBY AND DERBYSHIRE INTEGRATED CARE BOARD",514947,2484033.03,0,0
2024-02-01,QHL,"NHS BIRMINGHAM AND SOLIHULL INTEGRATED CARE BOARD",546505,2468346.8,0,0
2024-02-01,QK1,"NHS LEICESTER, LEICESTERSHIRE AND RUTLAND INTEGRATED CARE BOARD",601626,2418857.59,0,0
2024-02-01,QUA,"NHS BLACK COUNTRY INTEGRATED CARE BOARD",603969,2808842.3,0,0
2024-02-01,QWE,"NHS SOUTH WEST LONDON INTEGRATED CARE BOARD",606355,2105645.54,0,0
2024-02-01,QKK,"NHS SOUTH EAST LONDON INTEGRATED CARE BOARD",620444,2627640.05,0,0
2024-02-01,QJM,"NHS LINCOLNSHIRE INTEGRATED CARE BOARD",620698,2315817.46,0,0
2024-02-01,QT1,"NHS NOTTINGHAM AND NOTTINGHAMSHIRE INTEGRATED CARE BOARD",621014,2425517.71,0,0
2024-02-01,QNC,"NHS STAFFORDSHIRE AND STOKE-ON-TRENT INTEGRATED CARE BOARD",642807,2590170.29,0,0
2024-02-01,QJK,"NHS DEVON INTEGRATED CARE BOARD",672191,3076106.31,0,0
2024-02-01,QRL,"NHS HAMPSHIRE AND ISLE OF WIGHT INTEGRATED CARE BOARD",857087,4389416.24,0,0
2024-02-01,QKS,"NHS KENT AND MEDWAY INTEGRATED CARE BOARD",880970,3897403.11,0,0
2024-02-01,QMF,"NHS NORTH EAST LONDON INTEGRATED CARE BOARD",883543,2744197.59,0,0
2024-02-01,S0E4D,"NHS THAMES VALLEY INTEGRATED CARE BOARD",905588,3463792.54,0,0
2024-02-01,QF7,"NHS SOUTH YORKSHIRE INTEGRATED CARE BOARD",925617,2959726.04,0,0
2024-02-01,D7T5G,"NHS ESSEX INTEGRATED CARE BOARD",982607,4213494.07,0,0
2024-02-01,T6Y0W,"NHS NORFOLK AND SUFFOLK INTEGRATED CARE BOARD",1063668,4398715.59,0,0
2024-02-01,QE1,"NHS LANCASHIRE AND SOUTH CUMBRIA INTEGRATED CARE BOARD",1064707,4025837.27,0,0
2024-02-01,QOQ,"NHS HUMBER AND NORTH YORKSHIRE INTEGRATED CARE BOARD",1106089,4200566.19,0,0
2024-02-01,S9B9J,"NHS SURREY AND SUSSEX INTEGRATED CARE BOARD",1249912,6197713.52,0,0
2024-02-01,QWO,"NHS WEST YORKSHIRE INTEGRATED CARE BOARD",1328241,5041561.9,0,0
2024-02-01,QYG,"NHS CHESHIRE AND MERSEYSIDE INTEGRATED CARE BOARD",1454585,5928583.61,0,0
2024-02-01,Z9B2Z,"NHS WEST AND NORTH LONDON INTEGRATED CARE BOARD",1483712,5256394.48,0,0
2024-02-01,S1Y5D,"NHS CENTRAL EAST INTEGRATED CARE BOARD",1488166,6040102.35,0,0
2024-02-01,QOP,"NHS GREATER MANCHESTER INTEGRATED CARE BOARD",1518536,5779303.61,0,0
2024-02-01,QHM,"NHS NORTH EAST AND NORTH CUMBRIA INTEGRATED CARE BOARD",2231392,6979941.67,0,0
2024-03-01,QOC,"NHS SHROPSHIRE, TELFORD AND WREKIN INTEGRATED CARE BOARD",251724,1055028.71,0,0
2024-03-01,QSL,"NHS SOMERSET INTEGRATED CARE BOARD",295698,1357805.75,0,0
2024-03-01,QR1,"NHS GLOUCESTERSHIRE INTEGRATED CARE BOARD",367190,1601731.01,0,0
2024-03-01,QUY,"NHS BRISTOL, NORTH SOMERSET AND SOUTH GLOUCESTERSHIRE INTEGRATED CARE BOARD",381403,1781978.12,0,0
2024-03-01,QT6,"NHS CORNWALL AND THE ISLES OF SCILLY INTEGRATED CARE BOARD",387995,1754294.33,0,0
2024-03-01,QGH,"NHS HEREFORDSHIRE AND WORCESTERSHIRE INTEGRATED CARE BOARD",403936,1885052.46,0,0
2024-03-01,QVV,"NHS DORSET INTEGRATED CARE BOARD",419030,2021011.21,0,0
2024-03-01,QPM,"NHS NORTHAMPTONSHIRE INTEGRATED CARE BOARD",473036,1541724.5,0,0
2024-03-01,QOX,"NHS BATH AND NORTH EAST SOMERSET, SWINDON AND WILTSHIRE INTEGRATED CARE BOARD",496941,2003265.1,0,0
2024-03-01,QWU,"NHS COVENTRY AND WARWICKSHIRE INTEGRATED CARE BOARD",518522,1900541.37,0,0
2024-03-01,QJ2,"NHS DERBY AND DERBYSHIRE INTEGRATED CARE BOARD",521706,2509375.16,0,0
2024-03-01,QHL,"NHS BIRMINGHAM AND SOLIHULL INTEGRATED CARE BOARD",563955,2511188.41,0,0
2024-03-01,QUA,"NHS BLACK COUNTRY INTEGRATED CARE BOARD",604892,2809595.21,0,0
2024-03-01,QK1,"NHS LEICESTER, LEICESTERSHIRE AND RUTLAND INTEGRATED CARE BOARD",615321,2469013.9,0,0
2024-03-01,QWE,"NHS SOUTH WEST LONDON INTEGRATED CARE BOARD",623363,2140715.22,0,0
2024-03-01,QKK,"NHS SOUTH EAST LONDON INTEGRATED CARE BOARD",631683,2649360.86,0,0
2024-03-01,QJM,"NHS LINCOLNSHIRE INTEGRATED CARE BOARD",633699,2364516.61,0,0
2024-03-01,QT1,"NHS NOTTINGHAM AND NOTTINGHAMSHIRE INTEGRATED CARE BOARD",639389,2472080.82,0,0
2024-03-01,QNC,"NHS STAFFORDSHIRE AND STOKE-ON-TRENT INTEGRATED CARE BOARD",662966,2669188.34,0,0
2024-03-01,QJK,"NHS DEVON INTEGRATED CARE BOARD",692707,3172933.47,0,0
2024-03-01,QRL,"NHS HAMPSHIRE AND ISLE OF WIGHT INTEGRATED CARE BOARD",880076,4473256.68,0,0
2024-03-01,QMF,"NHS NORTH EAST LONDON INTEGRATED CARE BOARD",895041,2773701.35,0,0
2024-03-01,QKS,"NHS KENT AND MEDWAY INTEGRATED CARE BOARD",904215,3966510.89,0,0
2024-03-01,S0E4D,"NHS THAMES VALLEY INTEGRATED CARE BOARD",930186,3536349.82,0,0
2024-03-01,QF7,"NHS SOUTH YORKSHIRE INTEGRATED CARE BOARD",951071,3019720.52,0,0
2024-03-01,D7T5G,"NHS ESSEX INTEGRATED CARE BOARD",1017090,4368016.52,0,0
2024-03-01,QE1,"NHS LANCASHIRE AND SOUTH CUMBRIA INTEGRATED CARE BOARD",1086008,4085709.32,0,0
2024-03-01,T6Y0W,"NHS NORFOLK AND SUFFOLK INTEGRATED CARE BOARD",1104406,4550027.3,0,0
2024-03-01,QOQ,"NHS HUMBER AND NORTH YORKSHIRE INTEGRATED CARE BOARD",1140665,4288815.6,0,0
2024-03-01,S9B9J,"NHS SURREY AND SUSSEX INTEGRATED CARE BOARD",1276395,6357456.78,0,0
2024-03-01,QWO,"NHS WEST YORKSHIRE INTEGRATED CARE BOARD",1335666,5009579.7,0,0
2024-03-01,QYG,"NHS CHESHIRE AND MERSEYSIDE INTEGRATED CARE BOARD",1481814,6018675.61,0,0
2024-03-01,Z9B2Z,"NHS WEST AND NORTH LONDON INTEGRATED CARE BOARD",1507239,5357876.99,0,0
2024-03-01,S1Y5D,"NHS CENTRAL EAST INTEGRATED CARE BOARD",1519930,6147794.11,0,0
2024-03-01,QOP,"NHS GREATER MANCHESTER INTEGRATED CARE BOARD",1552372,5856792.6,0,0
2024-03-01,QHM,"NHS NORTH EAST AND NORTH CUMBRIA INTEGRATED CARE BOARD",2263908,7044463.36,0,0
2024-04-01,QOC,"NHS SHROPSHIRE, TELFORD AND WREKIN INTEGRATED CARE BOARD",262102,985903.17,0,0
2024-04-01,QSL,"NHS SOMERSET INTEGRATED CARE BOARD",308978,1294386,0,0
2024-04-01,QUY,"NHS BRISTOL, NORTH SOMERSET AND SOUTH GLOUCESTERSHIRE INTEGRATED CARE BOARD",387751,1656533.77,0,0
2024-04-01,QR1,"NHS GLOUCESTERSHIRE INTEGRATED CARE BOARD",388984,1580315.91,0,0
2024-04-01,QT6,"NHS CORNWALL AND THE ISLES OF SCILLY INTEGRATED CARE BOARD",390233,1663117.19,0,0
2024-04-01,QGH,"NHS HEREFORDSHIRE AND WORCESTERSHIRE INTEGRATED CARE BOARD",420779,1807144.38,0,0
2024-04-01,QVV,"NHS DORSET INTEGRATED CARE BOARD",420872,1882788.1,0,0
2024-04-01,QPM,"NHS NORTHAMPTONSHIRE INTEGRATED CARE BOARD",495890,1485648.95,0,0
2024-04-01,QOX,"NHS BATH AND NORTH EAST SOMERSET, SWINDON AND WILTSHIRE INTEGRATED CARE BOARD",511895,1904963.02,0,0
2024-04-01,QWU,"NHS COVENTRY AND WARWICKSHIRE INTEGRATED CARE BOARD",542387,1850111.82,0,0
2024-04-01,QJ2,"NHS DERBY AND DERBYSHIRE INTEGRATED CARE BOARD",548417,2445790.06,0,0
2024-04-01,QHL,"NHS BIRMINGHAM AND SOLIHULL INTEGRATED CARE BOARD",579383,2369934.16,0,0
2024-04-01,QUA,"NHS BLACK COUNTRY INTEGRATED CARE BOARD",630362,2697314.15,0,0
2024-04-01,QK1,"NHS LEICESTER, LEICESTERSHIRE AND RUTLAND INTEGRATED CARE BOARD",635185,2357751.04,0,0
2024-04-01,QWE,"NHS SOUTH WEST LONDON INTEGRATED CARE BOARD",643618,2035805.86,0,0
2024-04-01,QKK,"NHS SOUTH EAST LONDON INTEGRATED CARE BOARD",654332,2578057.6,0,0
2024-04-01,QT1,"NHS NOTTINGHAM AND NOTTINGHAMSHIRE INTEGRATED CARE BOARD",657767,2339713.79,0,0
2024-04-01,QJM,"NHS LINCOLNSHIRE INTEGRATED CARE BOARD",676738,2332375.09,0,0
2024-04-01,QNC,"NHS STAFFORDSHIRE AND STOKE-ON-TRENT INTEGRATED CARE BOARD",691721,2552374.61,0,0
2024-04-01,QJK,"NHS DEVON INTEGRATED CARE BOARD",702070,2989026.45,0,0
2024-04-01,QRL,"NHS HAMPSHIRE AND ISLE OF WIGHT INTEGRATED CARE BOARD",902491,4290723.88,0,0
2024-04-01,QKS,"NHS KENT AND MEDWAY INTEGRATED CARE BOARD",933585,3778074.48,0,0
2024-04-01,QMF,"NHS NORTH EAST LONDON INTEGRATED CARE BOARD",938981,2672287.13,0,0
2024-04-01,S0E4D,"NHS THAMES VALLEY INTEGRATED CARE BOARD",965063,3328326.79,0,0
2024-04-01,QF7,"NHS SOUTH YORKSHIRE INTEGRATED CARE BOARD",982434,2855294.32,0,0
2024-04-01,D7T5G,"NHS ESSEX INTEGRATED CARE BOARD",1053443,4192492.58,0,0
2024-04-01,QE1,"NHS LANCASHIRE AND SOUTH CUMBRIA INTEGRATED CARE BOARD",1122357,3794280.44,0,0
2024-04-01,T6Y0W,"NHS NORFOLK AND SUFFOLK INTEGRATED CARE BOARD",1134179,4313161.26,0,0
2024-04-01,QOQ,"NHS HUMBER AND NORTH YORKSHIRE INTEGRATED CARE BOARD",1191371,4133696.12,0,0
2024-04-01,S9B9J,"NHS SURREY AND SUSSEX INTEGRATED CARE BOARD",1321472,6063801.39,0,0
2024-04-01,QWO,"NHS WEST YORKSHIRE INTEGRATED CARE BOARD",1402231,4884263.78,0,0
2024-04-01,QYG,"NHS CHESHIRE AND MERSEYSIDE INTEGRATED CARE BOARD",1544316,5698243.84,0,0
2024-04-01,Z9B2Z,"NHS WEST AND NORTH LONDON INTEGRATED CARE BOARD",1562984,4946648.73,0,0
2024-04-01,S1Y5D,"NHS CENTRAL EAST INTEGRATED CARE BOARD",1571109,5834836.3,0,0
2024-04-01,QOP,"NHS GREATER MANCHESTER INTEGRATED CARE BOARD",1596988,5358279.08,0,0
2024-04-01,QHM,"NHS NORTH EAST AND NORTH CUMBRIA INTEGRATED CARE BOARD",2356459,6629562.82,0,0
2024-05-01,QOC,"NHS SHROPSHIRE, TELFORD AND WREKIN INTEGRATED CARE BOARD",264511,999684.75,0,0
2024-05-01,QSL,"NHS SOMERSET INTEGRATED CARE BOARD",312868,1315309.45,0,0
2024-05-01,QR1,"NHS GLOUCESTERSHIRE INTEGRATED CARE BOARD",394563,1612485.13,0,0
2024-05-01,QUY,"NHS BRISTOL, NORTH SOMERSET AND SOUTH GLOUCESTERSHIRE INTEGRATED CARE BOARD",400214,1711477.71,0,0
2024-05-01,QT6,"NHS CORNWALL AND THE ISLES OF SCILLY INTEGRATED CARE BOARD",401893,1727240.21,0,0
2024-05-01,QGH,"NHS HEREFORDSHIRE AND WORCESTERSHIRE INTEGRATED CARE BOARD",433415,1849320.38,0,0
2024-05-01,QVV,"NHS DORSET INTEGRATED CARE BOARD",451112,2005938.85,0,0
2024-05-01,QPM,"NHS NORTHAMPTONSHIRE INTEGRATED CARE BOARD",507880,1510103.89,0,0
2024-05-01,QOX,"NHS BATH AND NORTH EAST SOMERSET, SWINDON AND WILTSHIRE INTEGRATED CARE BOARD",525901,1944714.7,0,0
2024-05-01,QWU,"NHS COVENTRY AND WARWICKSHIRE INTEGRATED CARE BOARD",558246,1871074.76,0,0
2024-05-01,QJ2,"NHS DERBY AND DERBYSHIRE INTEGRATED CARE BOARD",558865,2516692.42,0,0
2024-05-01,QHL,"NHS BIRMINGHAM AND SOLIHULL INTEGRATED CARE BOARD",591439,2368593.96,0,0
2024-05-01,QUA,"NHS BLACK COUNTRY INTEGRATED CARE BOARD",646556,2734601.38,0,0
2024-05-01,QWE,"NHS SOUTH WEST LONDON INTEGRATED CARE BOARD",661354,2083562.09,0,0
2024-05-01,QKK,"NHS SOUTH EAST LONDON INTEGRATED CARE BOARD",662310,2614454.73,0,0
2024-05-01,QK1,"NHS LEICESTER, LEICESTERSHIRE AND RUTLAND INTEGRATED CARE BOARD",663533,2439170.03,0,0
2024-05-01,QJM,"NHS LINCOLNSHIRE INTEGRATED CARE BOARD",672971,2327211.98,0,0
2024-05-01,QT1,"NHS NOTTINGHAM AND NOTTINGHAMSHIRE INTEGRATED CARE BOARD",675540,2374911.8,0,0
2024-05-01,QNC,"NHS STAFFORDSHIRE AND STOKE-ON-TRENT INTEGRATED CARE BOARD",713164,2628518.41,0,0
2024-05-01,QJK,"NHS DEVON INTEGRATED CARE BOARD",724030,3090823.99,0,0
2024-05-01,QRL,"NHS HAMPSHIRE AND ISLE OF WIGHT INTEGRATED CARE BOARD",935844,4440224.11,0,0
2024-05-01,QMF,"NHS NORTH EAST LONDON INTEGRATED CARE BOARD",953285,2709488.54,0,0
2024-05-01,QKS,"NHS KENT AND MEDWAY INTEGRATED CARE BOARD",959308,3898589.19,0,0
2024-05-01,S0E4D,"NHS THAMES VALLEY INTEGRATED CARE BOARD",986724,3353170.26,0,0
2024-05-01,QF7,"NHS SOUTH YORKSHIRE INTEGRATED CARE BOARD",1020393,2941814.57,0,0
2024-05-01,D7T5G,"NHS ESSEX INTEGRATED CARE BOARD",1079892,4300837,0,0
2024-05-01,QE1,"NHS LANCASHIRE AND SOUTH CUMBRIA INTEGRATED CARE BOARD",1157143,3885278.57,0,0
2024-05-01,T6Y0W,"NHS NORFOLK AND SUFFOLK INTEGRATED CARE BOARD",1159071,4370875.18,0,0
2024-05-01,QOQ,"NHS HUMBER AND NORTH YORKSHIRE INTEGRATED CARE BOARD",1202224,4173221.27,0,0
2024-05-01,S9B9J,"NHS SURREY AND SUSSEX INTEGRATED CARE BOARD",1349518,6214019.57,0,0
2024-05-01,QWO,"NHS WEST YORKSHIRE INTEGRATED CARE BOARD",1435101,4991050.68,0,0
2024-05-01,QYG,"NHS CHESHIRE AND MERSEYSIDE INTEGRATED CARE BOARD",1589900,5871299.33,0,0
2024-05-01,Z9B2Z,"NHS WEST AND NORTH LONDON INTEGRATED CARE BOARD",1603109,5031125.21,0,0
2024-05-01,S1Y5D,"NHS CENTRAL EAST INTEGRATED CARE BOARD",1614204,6001158.02,0,0
2024-05-01,QOP,"NHS GREATER MANCHESTER INTEGRATED CARE BOARD",1650569,5472923.2,0,0
2024-05-01,QHM,"NHS NORTH EAST AND NORTH CUMBRIA INTEGRATED CARE BOARD",2386177,6713789.57,0,0
2024-06-01,QOC,"NHS SHROPSHIRE, TELFORD AND WREKIN INTEGRATED CARE BOARD",247785,955648.34,0,0
2024-06-01,QSL,"NHS SOMERSET INTEGRATED CARE BOARD",292642,1234573.19,0,0
2024-06-01,QR1,"NHS GLOUCESTERSHIRE INTEGRATED CARE BOARD",372986,1495826.26,0,0
2024-06-01,QUY,"NHS BRISTOL, NORTH SOMERSET AND SOUTH GLOUCESTERSHIRE INTEGRATED CARE BOARD",373652,1603975.63,0,0
2024-06-01,QT6,"NHS CORNWALL AND THE ISLES OF SCILLY INTEGRATED CARE BOARD",385617,1652628.09,0,0
2024-06-01,QGH,"NHS HEREFORDSHIRE AND WORCESTERSHIRE INTEGRATED CARE BOARD",400874,1712870.43,0,0
2024-06-01,QVV,"NHS DORSET INTEGRATED CARE BOARD",415459,1859270.48,0,0
2024-06-01,QPM,"NHS NORTHAMPTONSHIRE INTEGRATED CARE BOARD",464289,1382689.13,0,0
2024-06-01,QOX,"NHS BATH AND NORTH EAST SOMERSET, SWINDON AND WILTSHIRE INTEGRATED CARE BOARD",496647,1841750.23,0,0
2024-06-01,QWU,"NHS COVENTRY AND WARWICKSHIRE INTEGRATED CARE BOARD",507797,1725831.45,0,0
2024-06-01,QJ2,"NHS DERBY AND DERBYSHIRE INTEGRATED CARE BOARD",518010,2314549.34,0,0
2024-06-01,QHL,"NHS BIRMINGHAM AND SOLIHULL INTEGRATED CARE BOARD",549222,2215270.7,0,0
2024-06-01,QUA,"NHS BLACK COUNTRY INTEGRATED CARE BOARD",594942,2520046.04,0,0
2024-06-01,QK1,"NHS LEICESTER, LEICESTERSHIRE AND RUTLAND INTEGRATED CARE BOARD",609479,2248699.36,0,0
2024-06-01,QWE,"NHS SOUTH WEST LONDON INTEGRATED CARE BOARD",622479,1949768.8,0,0
2024-06-01,QT1,"NHS NOTTINGHAM AND NOTTINGHAMSHIRE INTEGRATED CARE BOARD",628684,2222111.33,0,0
2024-06-01,QKK,"NHS SOUTH EAST LONDON INTEGRATED CARE BOARD",631602,2450888.78,0,0
2024-06-01,QJM,"NHS LINCOLNSHIRE INTEGRATED CARE BOARD",642283,2242301.44,0,0
2024-06-01,QNC,"NHS STAFFORDSHIRE AND STOKE-ON-TRENT INTEGRATED CARE BOARD",655919,2426581.06,0,0
2024-06-01,QJK,"NHS DEVON INTEGRATED CARE BOARD",678363,2885079.16,0,0
2024-06-01,QRL,"NHS HAMPSHIRE AND ISLE OF WIGHT INTEGRATED CARE BOARD",874473,4133343.84,0,0
2024-06-01,QMF,"NHS NORTH EAST LONDON INTEGRATED CARE BOARD",898057,2559002.73,0,0
2024-06-01,QKS,"NHS KENT AND MEDWAY INTEGRATED CARE BOARD",899155,3660641.17,0,0
2024-06-01,S0E4D,"NHS THAMES VALLEY INTEGRATED CARE BOARD",921444,3161401.84,0,0
2024-06-01,QF7,"NHS SOUTH YORKSHIRE INTEGRATED CARE BOARD",944071,2736369,0,0
2024-06-01,D7T5G,"NHS ESSEX INTEGRATED CARE BOARD",1008720,4012726.42,0,0
2024-06-01,QE1,"NHS LANCASHIRE AND SOUTH CUMBRIA INTEGRATED CARE BOARD",1063669,3569525.93,0,0
2024-06-01,T6Y0W,"NHS NORFOLK AND SUFFOLK INTEGRATED CARE BOARD",1089000,4140685.54,0,0
2024-06-01,QOQ,"NHS HUMBER AND NORTH YORKSHIRE INTEGRATED CARE BOARD",1122989,3903979.81,0,0
2024-06-01,S9B9J,"NHS SURREY AND SUSSEX INTEGRATED CARE BOARD",1265431,5792159.32,0,0
2024-06-01,QWO,"NHS WEST YORKSHIRE INTEGRATED CARE BOARD",1323034,4587457.9,0,0
2024-06-01,QYG,"NHS CHESHIRE AND MERSEYSIDE INTEGRATED CARE BOARD",1471327,5420078.88,0,0
2024-06-01,Z9B2Z,"NHS WEST AND NORTH LONDON INTEGRATED CARE BOARD",1505189,4721912.43,0,0
2024-06-01,S1Y5D,"NHS CENTRAL EAST INTEGRATED CARE BOARD",1509838,5634643.54,0,0
2024-06-01,QOP,"NHS GREATER MANCHESTER INTEGRATED CARE BOARD",1525495,5086305.68,0,0
2024-06-01,QHM,"NHS NORTH EAST AND NORTH CUMBRIA INTEGRATED CARE BOARD",2236122,6254259.88,0,0
2024-07-01,QOC,"NHS SHROPSHIRE, TELFORD AND WREKIN INTEGRATED CARE BOARD",271206,1065889.14,0,0
2024-07-01,QSL,"NHS SOMERSET INTEGRATED CARE BOARD",314714,1369863.7,0,0
2024-07-01,QR1,"NHS GLOUCESTERSHIRE INTEGRATED CARE BOARD",398073,1697840.21,0,0
2024-07-01,QT6,"NHS CORNWALL AND THE ISLES OF SCILLY INTEGRATED CARE BOARD",401827,1769744.02,0,0
2024-07-01,QUY,"NHS BRISTOL, NORTH SOMERSET AND SOUTH GLOUCESTERSHIRE INTEGRATED CARE BOARD",405737,1824010.04,0,0
2024-07-01,QGH,"NHS HEREFORDSHIRE AND WORCESTERSHIRE INTEGRATED CARE BOARD",434836,1917501.07,0,0
2024-07-01,QVV,"NHS DORSET INTEGRATED CARE BOARD",447781,2070726.03,0,0
2024-07-01,QPM,"NHS NORTHAMPTONSHIRE INTEGRATED CARE BOARD",519632,1605669.02,0,0
2024-07-01,QOX,"NHS BATH AND NORTH EAST SOMERSET, SWINDON AND WILTSHIRE INTEGRATED CARE BOARD",542269,2063752.91,0,0
2024-07-01,QJ2,"NHS DERBY AND DERBYSHIRE INTEGRATED CARE BOARD",567615,2606482.19,0,0
2024-07-01,QWU,"NHS COVENTRY AND WARWICKSHIRE INTEGRATED CARE BOARD",570505,2015495.32,0,0
2024-07-01,QHL,"NHS BIRMINGHAM AND SOLIHULL INTEGRATED CARE BOARD",610573,2590387.64,0,0
2024-07-01,QUA,"NHS BLACK COUNTRY INTEGRATED CARE BOARD",664489,2906010.56,0,0
2024-07-01,QK1,"NHS LEICESTER, LEICESTERSHIRE AND RUTLAND INTEGRATED CARE BOARD",668342,2554422.49,0,0
2024-07-01,QWE,"NHS SOUTH WEST LONDON INTEGRATED CARE BOARD",676116,2224446.13,0,0
2024-07-01,QKK,"NHS SOUTH EAST LONDON INTEGRATED CARE BOARD",679210,2763266.92,0,0
2024-07-01,QT1,"NHS NOTTINGHAM AND NOTTINGHAMSHIRE INTEGRATED CARE BOARD",687004,2495838.53,0,0
2024-07-01,QJM,"NHS LINCOLNSHIRE INTEGRATED CARE BOARD",688894,2453562.05,0,0
2024-07-01,QNC,"NHS STAFFORDSHIRE AND STOKE-ON-TRENT INTEGRATED CARE BOARD",721188,2778394.4,0,0
2024-07-01,QJK,"NHS DEVON INTEGRATED CARE BOARD",728663,3191323.29,0,0
2024-07-01,QRL,"NHS HAMPSHIRE AND ISLE OF WIGHT INTEGRATED CARE BOARD",948159,4628837.87,0,0
2024-07-01,QMF,"NHS NORTH EAST LONDON INTEGRATED CARE BOARD",975610,2854771.21,0,0
2024-07-01,QKS,"NHS KENT AND MEDWAY INTEGRATED CARE BOARD",976846,4164091.7,0,0
2024-07-01,S0E4D,"NHS THAMES VALLEY INTEGRATED CARE BOARD",1001672,3642099.8,0,0
2024-07-01,QF7,"NHS SOUTH YORKSHIRE INTEGRATED CARE BOARD",1033981,3096704.44,0,0
2024-07-01,D7T5G,"NHS ESSEX INTEGRATED CARE BOARD",1088697,4504686.36,0,0
2024-07-01,QE1,"NHS LANCASHIRE AND SOUTH CUMBRIA INTEGRATED CARE BOARD",1161081,4046827.1,0,0
2024-07-01,T6Y0W,"NHS NORFOLK AND SUFFOLK INTEGRATED CARE BOARD",1182248,4661527.62,0,0
2024-07-01,QOQ,"NHS HUMBER AND NORTH YORKSHIRE INTEGRATED CARE BOARD",1238245,4438551.82,0,0
2024-07-01,S9B9J,"NHS SURREY AND SUSSEX INTEGRATED CARE BOARD",1380480,6549717.31,0,0
2024-07-01,QWO,"NHS WEST YORKSHIRE INTEGRATED CARE BOARD",1470489,5234644.63,0,0
2024-07-01,QYG,"NHS CHESHIRE AND MERSEYSIDE INTEGRATED CARE BOARD",1604703,6170577.11,0,0
2024-07-01,S1Y5D,"NHS CENTRAL EAST INTEGRATED CARE BOARD",1640988,6293314.6,0,0
2024-07-01,Z9B2Z,"NHS WEST AND NORTH LONDON INTEGRATED CARE BOARD",1660645,5430226.15,0,0
2024-07-01,QOP,"NHS GREATER MANCHESTER INTEGRATED CARE BOARD",1677510,5779683.42,0,0
2024-07-01,QHM,"NHS NORTH EAST AND NORTH CUMBRIA INTEGRATED CARE BOARD",2446226,7166155.71,0,0
2024-08-01,QOC,"NHS SHROPSHIRE, TELFORD AND WREKIN INTEGRATED CARE BOARD",264533,1135127.25,0,0
2024-08-01,QSL,"NHS SOMERSET INTEGRATED CARE BOARD",309957,1422261.77,0,0
2024-08-01,QR1,"NHS GLOUCESTERSHIRE INTEGRATED CARE BOARD",391289,1701438.66,0,0
2024-08-01,QUY,"NHS BRISTOL, NORTH SOMERSET AND SOUTH GLOUCESTERSHIRE INTEGRATED CARE BOARD",392105,1866801.26,0,0
2024-08-01,QT6,"NHS CORNWALL AND THE ISLES OF SCILLY INTEGRATED CARE BOARD",399725,1783615.02,0,0
2024-08-01,QGH,"NHS HEREFORDSHIRE AND WORCESTERSHIRE INTEGRATED CARE BOARD",427215,2014788.15,0,0
2024-08-01,QVV,"NHS DORSET INTEGRATED CARE BOARD",438848,2127529.21,0,0
2024-08-01,QPM,"NHS NORTHAMPTONSHIRE INTEGRATED CARE BOARD",505632,1639529.17,0,0
2024-08-01,QOX,"NHS BATH AND NORTH EAST SOMERSET, SWINDON AND WILTSHIRE INTEGRATED CARE BOARD",517472,2112482.13,0,0
2024-08-01,QWU,"NHS COVENTRY AND WARWICKSHIRE INTEGRATED CARE BOARD",545651,2042161.57,0,0
2024-08-01,QJ2,"NHS DERBY AND DERBYSHIRE INTEGRATED CARE BOARD",547759,2584551.57,0,0
2024-08-01,QHL,"NHS BIRMINGHAM AND SOLIHULL INTEGRATED CARE BOARD",580823,2585168.7,0,0
2024-08-01,QUA,"NHS BLACK COUNTRY INTEGRATED CARE BOARD",635057,2920772.71,0,0
2024-08-01,QK1,"NHS LEICESTER, LEICESTERSHIRE AND RUTLAND INTEGRATED CARE BOARD",648007,2555054.25,0,0
2024-08-01,QWE,"NHS SOUTH WEST LONDON INTEGRATED CARE BOARD",650481,2223230,0,0
2024-08-01,QKK,"NHS SOUTH EAST LONDON INTEGRATED CARE BOARD",653909,2681899.9,0,0
2024-08-01,QT1,"NHS NOTTINGHAM AND NOTTINGHAMSHIRE INTEGRATED CARE BOARD",672007,2546289.95,0,0
2024-08-01,QJM,"NHS LINCOLNSHIRE INTEGRATED CARE BOARD",673409,2508624.4,0,0
2024-08-01,QNC,"NHS STAFFORDSHIRE AND STOKE-ON-TRENT INTEGRATED CARE BOARD",694562,2864100.54,0,0
2024-08-01,QJK,"NHS DEVON INTEGRATED CARE BOARD",712344,3234361.86,0,0
2024-08-01,QRL,"NHS HAMPSHIRE AND ISLE OF WIGHT INTEGRATED CARE BOARD",921960,4701282.71,0,0
2024-08-01,QKS,"NHS KENT AND MEDWAY INTEGRATED CARE BOARD",947281,4269348.21,0,0
2024-08-01,QMF,"NHS NORTH EAST LONDON INTEGRATED CARE BOARD",952395,2811238.38,0,0
2024-08-01,S0E4D,"NHS THAMES VALLEY INTEGRATED CARE BOARD",969954,3859427.38,0,0
2024-08-01,QF7,"NHS SOUTH YORKSHIRE INTEGRATED CARE BOARD",995702,3177342.96,0,0
2024-08-01,D7T5G,"NHS ESSEX INTEGRATED CARE BOARD",1061111,4583936.09,0,0
2024-08-01,QE1,"NHS LANCASHIRE AND SOUTH CUMBRIA INTEGRATED CARE BOARD",1136124,4106044.84,0,0
2024-08-01,T6Y0W,"NHS NORFOLK AND SUFFOLK INTEGRATED CARE BOARD",1154085,4710160.7,0,0
2024-08-01,QOQ,"NHS HUMBER AND NORTH YORKSHIRE INTEGRATED CARE BOARD",1195170,4470556.09,0,0
2024-08-01,S9B9J,"NHS SURREY AND SUSSEX INTEGRATED CARE BOARD",1330681,6737970.04,0,0
2024-08-01,QWO,"NHS WEST YORKSHIRE INTEGRATED CARE BOARD",1412160,5222294.82,0,0
2024-08-01,QYG,"NHS CHESHIRE AND MERSEYSIDE INTEGRATED CARE BOARD",1555754,6291102.69,0,0
2024-08-01,Z9B2Z,"NHS WEST AND NORTH LONDON INTEGRATED CARE BOARD",1578930,5383264.28,0,0
2024-08-01,S1Y5D,"NHS CENTRAL EAST INTEGRATED CARE BOARD",1590965,6365634.91,0,0
2024-08-01,QOP,"NHS GREATER MANCHESTER INTEGRATED CARE BOARD",1621059,5903474.54,0,0
2024-08-01,QHM,"NHS NORTH EAST AND NORTH CUMBRIA INTEGRATED CARE BOARD",2373610,7419790.57,0,0
2024-09-01,QOC,"NHS SHROPSHIRE, TELFORD AND WREKIN INTEGRATED CARE BOARD",253481,937657.63,0,0
2024-09-01,QSL,"NHS SOMERSET INTEGRATED CARE BOARD",297309,1135983.72,0,0
2024-09-01,QR1,"NHS GLOUCESTERSHIRE INTEGRATED CARE BOARD",374470,1231650.79,0,0
2024-09-01,QUY,"NHS BRISTOL, NORTH SOMERSET AND SOUTH GLOUCESTERSHIRE INTEGRATED CARE BOARD",377628,1568464.97,0,0
2024-09-01,QT6,"NHS CORNWALL AND THE ISLES OF SCILLY INTEGRATED CARE BOARD",383391,1435600.55,0,0
2024-09-01,QGH,"NHS HEREFORDSHIRE AND WORCESTERSHIRE INTEGRATED CARE BOARD",409188,1708494.7,0,0
2024-09-01,QVV,"NHS DORSET INTEGRATED CARE BOARD",422769,1749736.26,0,0
2024-09-01,QPM,"NHS NORTHAMPTONSHIRE INTEGRATED CARE BOARD",482577,1372558.17,0,0
2024-09-01,QOX,"NHS BATH AND NORTH EAST SOMERSET, SWINDON AND WILTSHIRE INTEGRATED CARE BOARD",509060,1857072.86,0,0
2024-09-01,QWU,"NHS COVENTRY AND WARWICKSHIRE INTEGRATED CARE BOARD",526293,1715788.09,0,0
2024-09-01,QJ2,"NHS DERBY AND DERBYSHIRE INTEGRATED CARE BOARD",536600,2242495.74,0,0
2024-09-01,QHL,"NHS BIRMINGHAM AND SOLIHULL INTEGRATED CARE BOARD",565306,2283298.54,0,0
2024-09-01,QUA,"NHS BLACK COUNTRY INTEGRATED CARE BOARD",619662,2305316.66,0,0
2024-09-01,QK1,"NHS LEICESTER, LEICESTERSHIRE AND RUTLAND INTEGRATED CARE BOARD",633598,2259754.43,0,0
2024-09-01,QWE,"NHS SOUTH WEST LONDON INTEGRATED CARE BOARD",633938,1850753.06,0,0
2024-09-01,QKK,"NHS SOUTH EAST LONDON INTEGRATED CARE BOARD",640333,2218080.31,0,0
2024-09-01,QT1,"NHS NOTTINGHAM AND NOTTINGHAMSHIRE INTEGRATED CARE BOARD",645315,2033413.31,0,0
2024-09-01,QJM,"NHS LINCOLNSHIRE INTEGRATED CARE BOARD",664634,2205992.23,0,0
2024-09-01,QNC,"NHS STAFFORDSHIRE AND STOKE-ON-TRENT INTEGRATED CARE BOARD",678949,2562727.36,0,0
2024-09-01,QJK,"NHS DEVON INTEGRATED CARE BOARD",692167,2618449.06,0,0
2024-09-01,QRL,"NHS HAMPSHIRE AND ISLE OF WIGHT INTEGRATED CARE BOARD",895445,3958481.98,0,0
2024-09-01,QKS,"NHS KENT AND MEDWAY INTEGRATED CARE BOARD",915767,3360746.82,0,0
2024-09-01,QMF,"NHS NORTH EAST LONDON INTEGRATED CARE BOARD",919399,2400811.69,0,0
2024-09-01,S0E4D,"NHS THAMES VALLEY INTEGRATED CARE BOARD",942424,3359551.05,0,0
2024-09-01,QF7,"NHS SOUTH YORKSHIRE INTEGRATED CARE BOARD",972338,2683245.76,0,0
2024-09-01,D7T5G,"NHS ESSEX INTEGRATED CARE BOARD",1039065,3843190.89,0,0
2024-09-01,QE1,"NHS LANCASHIRE AND SOUTH CUMBRIA INTEGRATED CARE BOARD",1096492,3435153.71,0,0
2024-09-01,T6Y0W,"NHS NORFOLK AND SUFFOLK INTEGRATED CARE BOARD",1112328,3920047.12,0,0
2024-09-01,QOQ,"NHS HUMBER AND NORTH YORKSHIRE INTEGRATED CARE BOARD",1161528,3802475.45,0,0
2024-09-01,S9B9J,"NHS SURREY AND SUSSEX INTEGRATED CARE BOARD",1299226,5298165.9,0,0
2024-09-01,QWO,"NHS WEST YORKSHIRE INTEGRATED CARE BOARD",1383272,4427418.25,0,0
2024-09-01,QYG,"NHS CHESHIRE AND MERSEYSIDE INTEGRATED CARE BOARD",1511031,5757317.72,0,0
2024-09-01,S1Y5D,"NHS CENTRAL EAST INTEGRATED CARE BOARD",1539681,5421115.45,0,0
2024-09-01,Z9B2Z,"NHS WEST AND NORTH LONDON INTEGRATED CARE BOARD",1564671,4589649.93,0,0
2024-09-01,QOP,"NHS GREATER MANCHESTER INTEGRATED CARE BOARD",1575348,5100496.49,0,0
2024-09-01,QHM,"NHS NORTH EAST AND NORTH CUMBRIA INTEGRATED CARE BOARD",2320231,6254327.5,0,0
2024-10-01,QOC,"NHS SHROPSHIRE, TELFORD AND WREKIN INTEGRATED CARE BOARD",270561,867269.06,0,0
2024-10-01,QSL,"NHS SOMERSET INTEGRATED CARE BOARD",314799,1071173.38,0,0
2024-10-01,QUY,"NHS BRISTOL, NORTH SOMERSET AND SOUTH GLOUCESTERSHIRE INTEGRATED CARE BOARD",401347,1461875.83,0,0
2024-10-01,QR1,"NHS GLOUCESTERSHIRE INTEGRATED CARE BOARD",401926,1212895.03,0,0
2024-10-01,QT6,"NHS CORNWALL AND THE ISLES OF SCILLY INTEGRATED CARE BOARD",412779,1425123.08,0,0
2024-10-01,QGH,"NHS HEREFORDSHIRE AND WORCESTERSHIRE INTEGRATED CARE BOARD",436655,1623210.22,0,0
2024-10-01,QVV,"NHS DORSET INTEGRATED CARE BOARD",449376,1669826.3,0,0
2024-10-01,QPM,"NHS NORTHAMPTONSHIRE INTEGRATED CARE BOARD",516040,1316551.53,0,0
2024-10-01,QOX,"NHS BATH AND NORTH EAST SOMERSET, SWINDON AND WILTSHIRE INTEGRATED CARE BOARD",535974,1721654.72,0,0
2024-10-01,QWU,"NHS COVENTRY AND WARWICKSHIRE INTEGRATED CARE BOARD",566023,1679603.72,0,0
2024-10-01,QJ2,"NHS DERBY AND DERBYSHIRE INTEGRATED CARE BOARD",567282,2168597.19,0,0
2024-10-01,QHL,"NHS BIRMINGHAM AND SOLIHULL INTEGRATED CARE BOARD",609507,2240956.76,0,0
2024-10-01,QUA,"NHS BLACK COUNTRY INTEGRATED CARE BOARD",659205,2199237.97,0,0
2024-10-01,QWE,"NHS SOUTH WEST LONDON INTEGRATED CARE BOARD",672461,1763805.85,0,0
2024-10-01,QK1,"NHS LEICESTER, LEICESTERSHIRE AND RUTLAND INTEGRATED CARE BOARD",675298,2205489.84,0,0
2024-10-01,QKK,"NHS SOUTH EAST LONDON INTEGRATED CARE BOARD",680759,2152158.2,0,0
2024-10-01,QT1,"NHS NOTTINGHAM AND NOTTINGHAMSHIRE INTEGRATED CARE BOARD",685944,1922611.97,0,0
2024-10-01,QJM,"NHS LINCOLNSHIRE INTEGRATED CARE BOARD",691066,2118830.02,0,0
2024-10-01,QNC,"NHS STAFFORDSHIRE AND STOKE-ON-TRENT INTEGRATED CARE BOARD",715362,2389587.37,0,0
2024-10-01,QJK,"NHS DEVON INTEGRATED CARE BOARD",732977,2526100.88,0,0
2024-10-01,QRL,"NHS HAMPSHIRE AND ISLE OF WIGHT INTEGRATED CARE BOARD",946621,3799168.93,0,0
2024-10-01,QKS,"NHS KENT AND MEDWAY INTEGRATED CARE BOARD",963644,3206693.6,0,0
2024-10-01,QMF,"NHS NORTH EAST LONDON INTEGRATED CARE BOARD",982218,2303382.6,0,0
2024-10-01,S0E4D,"NHS THAMES VALLEY INTEGRATED CARE BOARD",995092,3093317.39,0,0
2024-10-01,QF7,"NHS SOUTH YORKSHIRE INTEGRATED CARE BOARD",1027852,2516808.57,0,0
2024-10-01,D7T5G,"NHS ESSEX INTEGRATED CARE BOARD",1098858,3709269.64,0,0
2024-10-01,QE1,"NHS LANCASHIRE AND SOUTH CUMBRIA INTEGRATED CARE BOARD",1178752,3348765.3,0,0
2024-10-01,T6Y0W,"NHS NORFOLK AND SUFFOLK INTEGRATED CARE BOARD",1180509,3841556.14,0,0
2024-10-01,QOQ,"NHS HUMBER AND NORTH YORKSHIRE INTEGRATED CARE BOARD",1223456,3632630.16,0,0
2024-10-01,S9B9J,"NHS SURREY AND SUSSEX INTEGRATED CARE BOARD",1368010,5008081.35,0,0
2024-10-01,QWO,"NHS WEST YORKSHIRE INTEGRATED CARE BOARD",1468074,4265773.85,0,0
2024-10-01,QYG,"NHS CHESHIRE AND MERSEYSIDE INTEGRATED CARE BOARD",1613100,5552449.67,0,0
2024-10-01,S1Y5D,"NHS CENTRAL EAST INTEGRATED CARE BOARD",1633874,5263045.53,0,0
2024-10-01,Z9B2Z,"NHS WEST AND NORTH LONDON INTEGRATED CARE BOARD",1661345,4394464.44,0,0
2024-10-01,QOP,"NHS GREATER MANCHESTER INTEGRATED CARE BOARD",1689550,4918914.6,0,0
2024-10-01,QHM,"NHS NORTH EAST AND NORTH CUMBRIA INTEGRATED CARE BOARD",2456055,5889043.94,0,0
2024-11-01,QOC,"NHS SHROPSHIRE, TELFORD AND WREKIN INTEGRATED CARE BOARD",259282,816575.77,0,0
2024-11-01,QSL,"NHS SOMERSET INTEGRATED CARE BOARD",303464,1019078.39,0,0
2024-11-01,QUY,"NHS BRISTOL, NORTH SOMERSET AND SOUTH GLOUCESTERSHIRE INTEGRATED CARE BOARD",391271,1383619.6,0,0
2024-11-01,QT6,"NHS CORNWALL AND THE ISLES OF SCILLY INTEGRATED CARE BOARD",393605,1341521.8,0,0
2024-11-01,QR1,"NHS GLOUCESTERSHIRE INTEGRATED CARE BOARD",393821,1160487.1,0,0
2024-11-01,QGH,"NHS HEREFORDSHIRE AND WORCESTERSHIRE INTEGRATED CARE BOARD",416691,1525875.98,0,0
2024-11-01,QVV,"NHS DORSET INTEGRATED CARE BOARD",426967,1574383.79,0,0
2024-11-01,QPM,"NHS NORTHAMPTONSHIRE INTEGRATED CARE BOARD",496673,1233081.1,0,0
2024-11-01,QOX,"NHS BATH AND NORTH EAST SOMERSET, SWINDON AND WILTSHIRE INTEGRATED CARE BOARD",521279,1635849.86,0,0
2024-11-01,QWU,"NHS COVENTRY AND WARWICKSHIRE INTEGRATED CARE BOARD",536949,1561284.03,0,0
2024-11-01,QJ2,"NHS DERBY AND DERBYSHIRE INTEGRATED CARE BOARD",544064,2065021.54,0,0
2024-11-01,QHL,"NHS BIRMINGHAM AND SOLIHULL INTEGRATED CARE BOARD",573239,2040280.78,0,0
2024-11-01,QUA,"NHS BLACK COUNTRY INTEGRATED CARE BOARD",620999,2052379.17,0,0
2024-11-01,QK1,"NHS LEICESTER, LEICESTERSHIRE AND RUTLAND INTEGRATED CARE BOARD",645199,2082535.48,0,0
2024-11-01,QWE,"NHS SOUTH WEST LONDON INTEGRATED CARE BOARD",649435,1676431.76,0,0
2024-11-01,QKK,"NHS SOUTH EAST LONDON INTEGRATED CARE BOARD",660576,2088686.09,0,0
2024-11-01,QT1,"NHS NOTTINGHAM AND NOTTINGHAMSHIRE INTEGRATED CARE BOARD",661392,1840245.34,0,0
2024-11-01,QJM,"NHS LINCOLNSHIRE INTEGRATED CARE BOARD",670616,2005275.48,0,0
2024-11-01,QNC,"NHS STAFFORDSHIRE AND STOKE-ON-TRENT INTEGRATED CARE BOARD",679120,2249022.31,0,0
2024-11-01,QJK,"NHS DEVON INTEGRATED CARE BOARD",703816,2372547.35,0,0
2024-11-01,QRL,"NHS HAMPSHIRE AND ISLE OF WIGHT INTEGRATED CARE BOARD",917611,3623566.52,0,0
2024-11-01,QKS,"NHS KENT AND MEDWAY INTEGRATED CARE BOARD",934305,3033654.28,0,0
2024-11-01,S0E4D,"NHS THAMES VALLEY INTEGRATED CARE BOARD",954927,2899769.86,0,0
2024-11-01,QMF,"NHS NORTH EAST LONDON INTEGRATED CARE BOARD",966838,2271290.24,0,0
2024-11-01,QF7,"NHS SOUTH YORKSHIRE INTEGRATED CARE BOARD",988333,2370025.49,0,0
2024-11-01,D7T5G,"NHS ESSEX INTEGRATED CARE BOARD",1045225,3481147.08,0,0
2024-11-01,QE1,"NHS LANCASHIRE AND SOUTH CUMBRIA INTEGRATED CARE BOARD",1106453,3122173.28,0,0
2024-11-01,T6Y0W,"NHS NORFOLK AND SUFFOLK INTEGRATED CARE BOARD",1140202,3679767.73,0,0
2024-11-01,QOQ,"NHS HUMBER AND NORTH YORKSHIRE INTEGRATED CARE BOARD",1188020,3487239.97,0,0
2024-11-01,S9B9J,"NHS SURREY AND SUSSEX INTEGRATED CARE BOARD",1321672,4709608.31,0,0
2024-11-01,QWO,"NHS WEST YORKSHIRE INTEGRATED CARE BOARD",1395083,3980445.89,0,0
2024-11-01,QYG,"NHS CHESHIRE AND MERSEYSIDE INTEGRATED CARE BOARD",1533240,5190284.7,0,0
2024-11-01,S1Y5D,"NHS CENTRAL EAST INTEGRATED CARE BOARD",1575043,5001194.84,0,0
2024-11-01,QOP,"NHS GREATER MANCHESTER INTEGRATED CARE BOARD",1597956,4572919.76,0,0
2024-11-01,Z9B2Z,"NHS WEST AND NORTH LONDON INTEGRATED CARE BOARD",1617666,4133555.42,0,0
2024-11-01,QHM,"NHS NORTH EAST AND NORTH CUMBRIA INTEGRATED CARE BOARD",2354449,5514540.63,0,0
2024-12-01,QOC,"NHS SHROPSHIRE, TELFORD AND WREKIN INTEGRATED CARE BOARD",270315,850015.26,0,0
2024-12-01,QSL,"NHS SOMERSET INTEGRATED CARE BOARD",313762,1047616.69,0,0
2024-12-01,QR1,"NHS GLOUCESTERSHIRE INTEGRATED CARE BOARD",395519,1190029.18,0,0
2024-12-01,QUY,"NHS BRISTOL, NORTH SOMERSET AND SOUTH GLOUCESTERSHIRE INTEGRATED CARE BOARD",400144,1426203.68,0,0
2024-12-01,QT6,"NHS CORNWALL AND THE ISLES OF SCILLY INTEGRATED CARE BOARD",407719,1358449.55,0,0
2024-12-01,QGH,"NHS HEREFORDSHIRE AND WORCESTERSHIRE INTEGRATED CARE BOARD",433079,1582812.38,0,0
2024-12-01,QVV,"NHS DORSET INTEGRATED CARE BOARD",446308,1642500.04,0,0
2024-12-01,QPM,"NHS NORTHAMPTONSHIRE INTEGRATED CARE BOARD",505582,1242331.77,0,0
2024-12-01,QOX,"NHS BATH AND NORTH EAST SOMERSET, SWINDON AND WILTSHIRE INTEGRATED CARE BOARD",538394,1705974.75,0,0
2024-12-01,QWU,"NHS COVENTRY AND WARWICKSHIRE INTEGRATED CARE BOARD",558278,1627146.78,0,0
2024-12-01,QJ2,"NHS DERBY AND DERBYSHIRE INTEGRATED CARE BOARD",568926,2149585.69,0,0
2024-12-01,QHL,"NHS BIRMINGHAM AND SOLIHULL INTEGRATED CARE BOARD",594817,2156175.92,0,0
2024-12-01,QUA,"NHS BLACK COUNTRY INTEGRATED CARE BOARD",650107,2181099.09,0,0
2024-12-01,QWE,"NHS SOUTH WEST LONDON INTEGRATED CARE BOARD",668087,1732875,0,0
2024-12-01,QK1,"NHS LEICESTER, LEICESTERSHIRE AND RUTLAND INTEGRATED CARE BOARD",671487,2195089.82,0,0
2024-12-01,QKK,"NHS SOUTH EAST LONDON INTEGRATED CARE BOARD",672098,2152387.44,0,0
2024-12-01,QT1,"NHS NOTTINGHAM AND NOTTINGHAMSHIRE INTEGRATED CARE BOARD",683704,1851737.9,0,0
2024-12-01,QJM,"NHS LINCOLNSHIRE INTEGRATED CARE BOARD",685064,2059740.94,0,0
2024-12-01,QNC,"NHS STAFFORDSHIRE AND STOKE-ON-TRENT INTEGRATED CARE BOARD",714555,2369974.95,0,0
2024-12-01,QJK,"NHS DEVON INTEGRATED CARE BOARD",731044,2468221.34,0,0
2024-12-01,QRL,"NHS HAMPSHIRE AND ISLE OF WIGHT INTEGRATED CARE BOARD",947741,3744124.34,0,0
2024-12-01,QKS,"NHS KENT AND MEDWAY INTEGRATED CARE BOARD",968601,3101931.32,0,0
2024-12-01,QMF,"NHS NORTH EAST LONDON INTEGRATED CARE BOARD",975457,2274719.14,0,0
2024-12-01,S0E4D,"NHS THAMES VALLEY INTEGRATED CARE BOARD",990782,2964693.94,0,0
2024-12-01,QF7,"NHS SOUTH YORKSHIRE INTEGRATED CARE BOARD",1034855,2456700.2,0,0
2024-12-01,D7T5G,"NHS ESSEX INTEGRATED CARE BOARD",1098470,3664666.59,0,0
2024-12-01,T6Y0W,"NHS NORFOLK AND SUFFOLK INTEGRATED CARE BOARD",1172166,3734696.02,0,0
2024-12-01,QE1,"NHS LANCASHIRE AND SOUTH CUMBRIA INTEGRATED CARE BOARD",1174289,3305161.84,0,0
2024-12-01,QOQ,"NHS HUMBER AND NORTH YORKSHIRE INTEGRATED CARE BOARD",1224632,3578611.96,0,0
2024-12-01,S9B9J,"NHS SURREY AND SUSSEX INTEGRATED CARE BOARD",1368745,4870749.2,0,0
2024-12-01,QWO,"NHS WEST YORKSHIRE INTEGRATED CARE BOARD",1442114,4135175.86,0,0
2024-12-01,S1Y5D,"NHS CENTRAL EAST INTEGRATED CARE BOARD",1610760,5141900.55,0,0
2024-12-01,QYG,"NHS CHESHIRE AND MERSEYSIDE INTEGRATED CARE BOARD",1610945,5458649.73,0,0
2024-12-01,Z9B2Z,"NHS WEST AND NORTH LONDON INTEGRATED CARE BOARD",1617815,4225059.71,0,0
2024-12-01,QOP,"NHS GREATER MANCHESTER INTEGRATED CARE BOARD",1656672,4777242.54,0,0
2024-12-01,QHM,"NHS NORTH EAST AND NORTH CUMBRIA INTEGRATED CARE BOARD",2427158,5712889.8,0,0
2025-01-01,QOC,"NHS SHROPSHIRE, TELFORD AND WREKIN INTEGRATED CARE BOARD",269196,807504.3,0,0
2025-01-01,QSL,"NHS SOMERSET INTEGRATED CARE BOARD",314982,1000478.78,0,0
2025-01-01,QR1,"NHS GLOUCESTERSHIRE INTEGRATED CARE BOARD",405291,1126355.03,0,0
2025-01-01,QT6,"NHS CORNWALL AND THE ISLES OF SCILLY INTEGRATED CARE BOARD",406015,1280868.35,0,0
2025-01-01,QUY,"NHS BRISTOL, NORTH SOMERSET AND SOUTH GLOUCESTERSHIRE INTEGRATED CARE BOARD",407026,1345566.11,0,0
2025-01-01,QGH,"NHS HEREFORDSHIRE AND WORCESTERSHIRE INTEGRATED CARE BOARD",440204,1527608.59,0,0
2025-01-01,QVV,"NHS DORSET INTEGRATED CARE BOARD",457038,1604799.93,0,0
2025-01-01,QPM,"NHS NORTHAMPTONSHIRE INTEGRATED CARE BOARD",527410,1216726.08,0,0
2025-01-01,QOX,"NHS BATH AND NORTH EAST SOMERSET, SWINDON AND WILTSHIRE INTEGRATED CARE BOARD",543446,1631029.18,0,0
2025-01-01,QWU,"NHS COVENTRY AND WARWICKSHIRE INTEGRATED CARE BOARD",566264,1566826.27,0,0
2025-01-01,QJ2,"NHS DERBY AND DERBYSHIRE INTEGRATED CARE BOARD",575187,2082800.07,0,0
2025-01-01,QHL,"NHS BIRMINGHAM AND SOLIHULL INTEGRATED CARE BOARD",617412,2081029.04,0,0
2025-01-01,QWE,"NHS SOUTH WEST LONDON INTEGRATED CARE BOARD",671006,1626252.56,0,0
2025-01-01,QUA,"NHS BLACK COUNTRY INTEGRATED CARE BOARD",672387,2100815.03,0,0
2025-01-01,QK1,"NHS LEICESTER, LEICESTERSHIRE AND RUTLAND INTEGRATED CARE BOARD",679793,2113989.07,0,0
2025-01-01,QKK,"NHS SOUTH EAST LONDON INTEGRATED CARE BOARD",686631,2027094.82,0,0
2025-01-01,QJM,"NHS LINCOLNSHIRE INTEGRATED CARE BOARD",706465,2025376.84,0,0
2025-01-01,QT1,"NHS NOTTINGHAM AND NOTTINGHAMSHIRE INTEGRATED CARE BOARD",708594,1833685.87,0,0
2025-01-01,QNC,"NHS STAFFORDSHIRE AND STOKE-ON-TRENT INTEGRATED CARE BOARD",718254,2243079.38,0,0
2025-01-01,QJK,"NHS DEVON INTEGRATED CARE BOARD",735031,2366383.42,0,0
2025-01-01,QRL,"NHS HAMPSHIRE AND ISLE OF WIGHT INTEGRATED CARE BOARD",954398,3532145.83,0,0
2025-01-01,QKS,"NHS KENT AND MEDWAY INTEGRATED CARE BOARD",979921,2960614.94,0,0
2025-01-01,QMF,"NHS NORTH EAST LONDON INTEGRATED CARE BOARD",1000993,2206975.8,0,0
2025-01-01,S0E4D,"NHS THAMES VALLEY INTEGRATED CARE BOARD",1007495,2847162.16,0,0
2025-01-01,QF7,"NHS SOUTH YORKSHIRE INTEGRATED CARE BOARD",1032358,2324339.4,0,0
2025-01-01,D7T5G,"NHS ESSEX INTEGRATED CARE BOARD",1102761,3505190.42,0,0
2025-01-01,QE1,"NHS LANCASHIRE AND SOUTH CUMBRIA INTEGRATED CARE BOARD",1173205,3123863.97,0,0
2025-01-01,T6Y0W,"NHS NORFOLK AND SUFFOLK INTEGRATED CARE BOARD",1194786,3623380.25,0,0
2025-01-01,QOQ,"NHS HUMBER AND NORTH YORKSHIRE INTEGRATED CARE BOARD",1231881,3436132.49,0,0
2025-01-01,S9B9J,"NHS SURREY AND SUSSEX INTEGRATED CARE BOARD",1379110,4590639.13,0,0
2025-01-01,QWO,"NHS WEST YORKSHIRE INTEGRATED CARE BOARD",1471778,3948501.34,0,0
2025-01-01,QYG,"NHS CHESHIRE AND MERSEYSIDE INTEGRATED CARE BOARD",1592077,5137591.99,0,0
2025-01-01,S1Y5D,"NHS CENTRAL EAST INTEGRATED CARE BOARD",1660840,4936035.1,0,0
2025-01-01,QOP,"NHS GREATER MANCHESTER INTEGRATED CARE BOARD",1689331,4526468.09,0,0
2025-01-01,Z9B2Z,"NHS WEST AND NORTH LONDON INTEGRATED CARE BOARD",1691566,4065541.93,0,0
2025-01-01,QHM,"NHS NORTH EAST AND NORTH CUMBRIA INTEGRATED CARE BOARD",2490804,5501620.02,0,0
2025-02-01,QOC,"NHS SHROPSHIRE, TELFORD AND WREKIN INTEGRATED CARE BOARD",246703,722992.09,0,0
2025-02-01,QSL,"NHS SOMERSET INTEGRATED CARE BOARD",282277,892412.66,0,0
2025-02-01,QUY,"NHS BRISTOL, NORTH SOMERSET AND SOUTH GLOUCESTERSHIRE INTEGRATED CARE BOARD",359038,1192956.62,0,0
2025-02-01,QR1,"NHS GLOUCESTERSHIRE INTEGRATED CARE BOARD",364187,1015694.89,0,0
2025-02-01,QT6,"NHS CORNWALL AND THE ISLES OF SCILLY INTEGRATED CARE BOARD",364834,1154469.23,0,0
2025-02-01,QGH,"NHS HEREFORDSHIRE AND WORCESTERSHIRE INTEGRATED CARE BOARD",393923,1364991.58,0,0
2025-02-01,QVV,"NHS DORSET INTEGRATED CARE BOARD",407752,1411269.54,0,0
2025-02-01,QPM,"NHS NORTHAMPTONSHIRE INTEGRATED CARE BOARD",465300,1075692.61,0,0
2025-02-01,QOX,"NHS BATH AND NORTH EAST SOMERSET, SWINDON AND WILTSHIRE INTEGRATED CARE BOARD",487411,1448245.83,0,0
2025-02-01,QWU,"NHS COVENTRY AND WARWICKSHIRE INTEGRATED CARE BOARD",508527,1395289.85,0,0
2025-02-01,QJ2,"NHS DERBY AND DERBYSHIRE INTEGRATED CARE BOARD",513797,1857733.44,0,0
2025-02-01,QHL,"NHS BIRMINGHAM AND SOLIHULL INTEGRATED CARE BOARD",543681,1853487.7,0,0
2025-02-01,QUA,"NHS BLACK COUNTRY INTEGRATED CARE BOARD",601425,1875183.16,0,0
2025-02-01,QK1,"NHS LEICESTER, LEICESTERSHIRE AND RUTLAND INTEGRATED CARE BOARD",608881,1891883.65,0,0
2025-02-01,QWE,"NHS SOUTH WEST LONDON INTEGRATED CARE BOARD",619697,1498195.83,0,0
2025-02-01,QT1,"NHS NOTTINGHAM AND NOTTINGHAMSHIRE INTEGRATED CARE BOARD",623354,1606592.48,0,0
2025-02-01,QKK,"NHS SOUTH EAST LONDON INTEGRATED CARE BOARD",629111,1854714.5,0,0
2025-02-01,QJM,"NHS LINCOLNSHIRE INTEGRATED CARE BOARD",633096,1811284.71,0,0
2025-02-01,QNC,"NHS STAFFORDSHIRE AND STOKE-ON-TRENT INTEGRATED CARE BOARD",647640,2034404.53,0,0
2025-02-01,QJK,"NHS DEVON INTEGRATED CARE BOARD",656539,2109479.74,0,0
2025-02-01,QRL,"NHS HAMPSHIRE AND ISLE OF WIGHT INTEGRATED CARE BOARD",867277,3241295.7,0,0
2025-02-01,QKS,"NHS KENT AND MEDWAY INTEGRATED CARE BOARD",883408,2652977.96,0,0
2025-02-01,QMF,"NHS NORTH EAST LONDON INTEGRATED CARE BOARD",908937,1979161.49,0,0
2025-02-01,S0E4D,"NHS THAMES VALLEY INTEGRATED CARE BOARD",911405,2583689.62,0,0
2025-02-01,QF7,"NHS SOUTH YORKSHIRE INTEGRATED CARE BOARD",941655,2094349.14,0,0
2025-02-01,D7T5G,"NHS ESSEX INTEGRATED CARE BOARD",1000941,3164876.34,0,0
2025-02-01,QE1,"NHS LANCASHIRE AND SOUTH CUMBRIA INTEGRATED CARE BOARD",1054056,2801074.87,0,0
2025-02-01,T6Y0W,"NHS NORFOLK AND SUFFOLK INTEGRATED CARE BOARD",1071188,3252688.86,0,0
2025-02-01,QOQ,"NHS HUMBER AND NORTH YORKSHIRE INTEGRATED CARE BOARD",1117289,3120298.28,0,0
2025-02-01,S9B9J,"NHS SURREY AND SUSSEX INTEGRATED CARE BOARD",1246138,4126953.57,0,0
2025-02-01,QWO,"NHS WEST YORKSHIRE INTEGRATED CARE BOARD",1319706,3525230.98,0,0
2025-02-01,QYG,"NHS CHESHIRE AND MERSEYSIDE INTEGRATED CARE BOARD",1456163,4719593.1,0,0
2025-02-01,S1Y5D,"NHS CENTRAL EAST INTEGRATED CARE BOARD",1489448,4437827.08,0,0
2025-02-01,QOP,"NHS GREATER MANCHESTER INTEGRATED CARE BOARD",1514435,4100210.13,0,0
2025-02-01,Z9B2Z,"NHS WEST AND NORTH LONDON INTEGRATED CARE BOARD",1523456,3626800.69,0,0
2025-02-01,QHM,"NHS NORTH EAST AND NORTH CUMBRIA INTEGRATED CARE BOARD",2230369,4932837.29,0,0
2025-03-01,QOC,"NHS SHROPSHIRE, TELFORD AND WREKIN INTEGRATED CARE BOARD",261747,787901.98,0,0
2025-03-01,QSL,"NHS SOMERSET INTEGRATED CARE BOARD",304360,966818.65,0,0
2025-03-01,QR1,"NHS GLOUCESTERSHIRE INTEGRATED CARE BOARD",383253,1083657.27,0,0
2025-03-01,QUY,"NHS BRISTOL, NORTH SOMERSET AND SOUTH GLOUCESTERSHIRE INTEGRATED CARE BOARD",388206,1293601.86,0,0
2025-03-01,QT6,"NHS CORNWALL AND THE ISLES OF SCILLY INTEGRATED CARE BOARD",392387,1240043.35,0,0
2025-03-01,QGH,"NHS HEREFORDSHIRE AND WORCESTERSHIRE INTEGRATED CARE BOARD",418452,1464665.83,0,0
2025-03-01,QVV,"NHS DORSET INTEGRATED CARE BOARD",434155,1528252.09,0,0
2025-03-01,QPM,"NHS NORTHAMPTONSHIRE INTEGRATED CARE BOARD",498885,1147197.44,0,0
2025-03-01,QOX,"NHS BATH AND NORTH EAST SOMERSET, SWINDON AND WILTSHIRE INTEGRATED CARE BOARD",523004,1553099.95,0,0
2025-03-01,QWU,"NHS COVENTRY AND WARWICKSHIRE INTEGRATED CARE BOARD",526273,1455565.28,0,0
2025-03-01,QJ2,"NHS DERBY AND DERBYSHIRE INTEGRATED CARE BOARD",546064,1967787.12,0,0
2025-03-01,QHL,"NHS BIRMINGHAM AND SOLIHULL INTEGRATED CARE BOARD",587137,2011884.48,0,0
2025-03-01,QUA,"NHS BLACK COUNTRY INTEGRATED CARE BOARD",631432,1979451.86,0,0
2025-03-01,QWE,"NHS SOUTH WEST LONDON INTEGRATED CARE BOARD",649267,1592038.57,0,0
2025-03-01,QK1,"NHS LEICESTER, LEICESTERSHIRE AND RUTLAND INTEGRATED CARE BOARD",656673,2031305.99,0,0
2025-03-01,QKK,"NHS SOUTH EAST LONDON INTEGRATED CARE BOARD",666605,1991267.92,0,0
2025-03-01,QT1,"NHS NOTTINGHAM AND NOTTINGHAMSHIRE INTEGRATED CARE BOARD",671735,1729462.14,0,0
2025-03-01,QJM,"NHS LINCOLNSHIRE INTEGRATED CARE BOARD",676742,1946969.47,0,0
2025-03-01,QNC,"NHS STAFFORDSHIRE AND STOKE-ON-TRENT INTEGRATED CARE BOARD",689679,2184566.03,0,0
2025-03-01,QJK,"NHS DEVON INTEGRATED CARE BOARD",712449,2266633.66,0,0
2025-03-01,QRL,"NHS HAMPSHIRE AND ISLE OF WIGHT INTEGRATED CARE BOARD",926853,3508286.29,0,0
2025-03-01,QKS,"NHS KENT AND MEDWAY INTEGRATED CARE BOARD",946635,2855907.66,0,0
2025-03-01,S0E4D,"NHS THAMES VALLEY INTEGRATED CARE BOARD",968338,2765159.18,0,0
2025-03-01,QMF,"NHS NORTH EAST LONDON INTEGRATED CARE BOARD",968615,2128876.91,0,0
2025-03-01,QF7,"NHS SOUTH YORKSHIRE INTEGRATED CARE BOARD",994900,2246739.98,0,0
2025-03-01,D7T5G,"NHS ESSEX INTEGRATED CARE BOARD",1068396,3375740.31,0,0
2025-03-01,QE1,"NHS LANCASHIRE AND SOUTH CUMBRIA INTEGRATED CARE BOARD",1118938,2999935.13,0,0
2025-03-01,T6Y0W,"NHS NORFOLK AND SUFFOLK INTEGRATED CARE BOARD",1159398,3538573.78,0,0
2025-03-01,QOQ,"NHS HUMBER AND NORTH YORKSHIRE INTEGRATED CARE BOARD",1196275,3353888.48,0,0
2025-03-01,S9B9J,"NHS SURREY AND SUSSEX INTEGRATED CARE BOARD",1329742,4413887.66,0,0
2025-03-01,QWO,"NHS WEST YORKSHIRE INTEGRATED CARE BOARD",1415339,3812162.04,0,0
2025-03-01,QYG,"NHS CHESHIRE AND MERSEYSIDE INTEGRATED CARE BOARD",1546850,4994779.03,0,0
2025-03-01,S1Y5D,"NHS CENTRAL EAST INTEGRATED CARE BOARD",1568302,4657290,0,0
2025-03-01,Z9B2Z,"NHS WEST AND NORTH LONDON INTEGRATED CARE BOARD",1609725,3931653.16,0,0
2025-03-01,QOP,"NHS GREATER MANCHESTER INTEGRATED CARE BOARD",1619941,4412980.9,0,0
2025-03-01,QHM,"NHS NORTH EAST AND NORTH CUMBRIA INTEGRATED CARE BOARD",2363775,5297142.18,0,0
2025-04-01,QOC,"NHS SHROPSHIRE, TELFORD AND WREKIN INTEGRATED CARE BOARD",265618,777569.77,0,0
2025-04-01,QSL,"NHS SOMERSET INTEGRATED CARE BOARD",301151,921420.08,0,0
2025-04-01,QT6,"NHS CORNWALL AND THE ISLES OF SCILLY INTEGRATED CARE BOARD",388332,1200819.99,0,0
2025-04-01,QUY,"NHS BRISTOL, NORTH SOMERSET AND SOUTH GLOUCESTERSHIRE INTEGRATED CARE BOARD",390257,1268316.91,0,0
2025-04-01,QR1,"NHS GLOUCESTERSHIRE INTEGRATED CARE BOARD",391583,1067895.9,0,0
2025-04-01,QGH,"NHS HEREFORDSHIRE AND WORCESTERSHIRE INTEGRATED CARE BOARD",423671,1444253.03,0,0
2025-04-01,QVV,"NHS DORSET INTEGRATED CARE BOARD",435639,1465256.95,0,0
2025-04-01,QPM,"NHS NORTHAMPTONSHIRE INTEGRATED CARE BOARD",502512,1114518.63,0,0
2025-04-01,QOX,"NHS BATH AND NORTH EAST SOMERSET, SWINDON AND WILTSHIRE INTEGRATED CARE BOARD",525964,1540427.55,0,0
2025-04-01,QJ2,"NHS DERBY AND DERBYSHIRE INTEGRATED CARE BOARD",552998,1948266.66,0,0
2025-04-01,QWU,"NHS COVENTRY AND WARWICKSHIRE INTEGRATED CARE BOARD",570553,1549617.31,0,0
2025-04-01,QHL,"NHS BIRMINGHAM AND SOLIHULL INTEGRATED CARE BOARD",588745,1961637.05,0,0
2025-04-01,QUA,"NHS BLACK COUNTRY INTEGRATED CARE BOARD",644088,1998286.22,0,0
2025-04-01,QWE,"NHS SOUTH WEST LONDON INTEGRATED CARE BOARD",654942,1580111.88,0,0
2025-04-01,QK1,"NHS LEICESTER, LEICESTERSHIRE AND RUTLAND INTEGRATED CARE BOARD",657731,2010292,0,0
2025-04-01,QKK,"NHS SOUTH EAST LONDON INTEGRATED CARE BOARD",665349,1970667.27,0,0
2025-04-01,QJM,"NHS LINCOLNSHIRE INTEGRATED CARE BOARD",681245,1908506.27,0,0
2025-04-01,QT1,"NHS NOTTINGHAM AND NOTTINGHAMSHIRE INTEGRATED CARE BOARD",681972,1713592.99,0,0
2025-04-01,QNC,"NHS STAFFORDSHIRE AND STOKE-ON-TRENT INTEGRATED CARE BOARD",696745,2160001.68,0,0
2025-04-01,QJK,"NHS DEVON INTEGRATED CARE BOARD",715601,2070658.15,0,0
2025-04-01,QRL,"NHS HAMPSHIRE AND ISLE OF WIGHT INTEGRATED CARE BOARD",919942,3393528.06,0,0
2025-04-01,QKS,"NHS KENT AND MEDWAY INTEGRATED CARE BOARD",944747,2784723.46,0,0
2025-04-01,S0E4D,"NHS THAMES VALLEY INTEGRATED CARE BOARD",963327,2664279.68,0,0
2025-04-01,QMF,"NHS NORTH EAST LONDON INTEGRATED CARE BOARD",977678,2078803.47,0,0
2025-04-01,QF7,"NHS SOUTH YORKSHIRE INTEGRATED CARE BOARD",1010602,2251586.01,0,0
2025-04-01,D7T5G,"NHS ESSEX INTEGRATED CARE BOARD",1067273,3306557.69,0,0
2025-04-01,QE1,"NHS LANCASHIRE AND SOUTH CUMBRIA INTEGRATED CARE BOARD",1152144,3015354.82,0,0
2025-04-01,T6Y0W,"NHS NORFOLK AND SUFFOLK INTEGRATED CARE BOARD",1153241,3422565.28,0,0
2025-04-01,QOQ,"NHS HUMBER AND NORTH YORKSHIRE INTEGRATED CARE BOARD",1202697,3282052.06,0,0
2025-04-01,S9B9J,"NHS SURREY AND SUSSEX INTEGRATED CARE BOARD",1343856,4362954.55,0,0
2025-04-01,QWO,"NHS WEST YORKSHIRE INTEGRATED CARE BOARD",1429911,3783850.3,0,0
2025-04-01,QYG,"NHS CHESHIRE AND MERSEYSIDE INTEGRATED CARE BOARD",1565207,4989772.92,0,0
2025-04-01,S1Y5D,"NHS CENTRAL EAST INTEGRATED CARE BOARD",1609233,4623413.2,0,0
2025-04-01,QOP,"NHS GREATER MANCHESTER INTEGRATED CARE BOARD",1637238,4383304.91,0,0
2025-04-01,Z9B2Z,"NHS WEST AND NORTH LONDON INTEGRATED CARE BOARD",1642970,3913370.85,0,0
2025-04-01,QHM,"NHS NORTH EAST AND NORTH CUMBRIA INTEGRATED CARE BOARD",2421522,5328442.32,0,0
2025-05-01,QOC,"NHS SHROPSHIRE, TELFORD AND WREKIN INTEGRATED CARE BOARD",273918,815807.31,0,0
2025-05-01,QSL,"NHS SOMERSET INTEGRATED CARE BOARD",315667,971973.08,0,0
2025-05-01,QR1,"NHS GLOUCESTERSHIRE INTEGRATED CARE BOARD",401691,1111613.49,0,0
2025-05-01,QUY,"NHS BRISTOL, NORTH SOMERSET AND SOUTH GLOUCESTERSHIRE INTEGRATED CARE BOARD",403693,1344709.17,0,0
2025-05-01,QT6,"NHS CORNWALL AND THE ISLES OF SCILLY INTEGRATED CARE BOARD",410475,1291179.19,0,0
2025-05-01,QGH,"NHS HEREFORDSHIRE AND WORCESTERSHIRE INTEGRATED CARE BOARD",438002,1499999.93,0,0
2025-05-01,QVV,"NHS DORSET INTEGRATED CARE BOARD",458763,1523284.52,0,0
2025-05-01,QPM,"NHS NORTHAMPTONSHIRE INTEGRATED CARE BOARD",524891,1165825.51,0,0
2025-05-01,QOX,"NHS BATH AND NORTH EAST SOMERSET, SWINDON AND WILTSHIRE INTEGRATED CARE BOARD",545921,1593199.62,0,0
2025-05-01,QWU,"NHS COVENTRY AND WARWICKSHIRE INTEGRATED CARE BOARD",573022,1571634.48,0,0
2025-05-01,QJ2,"NHS DERBY AND DERBYSHIRE INTEGRATED CARE BOARD",578533,2072674.16,0,0
2025-05-01,QHL,"NHS BIRMINGHAM AND SOLIHULL INTEGRATED CARE BOARD",609718,2066306.66,0,0
2025-05-01,QUA,"NHS BLACK COUNTRY INTEGRATED CARE BOARD",669744,2071845.63,0,0
2025-05-01,QWE,"NHS SOUTH WEST LONDON INTEGRATED CARE BOARD",673683,1643466.5,0,0
2025-05-01,QK1,"NHS LEICESTER, LEICESTERSHIRE AND RUTLAND INTEGRATED CARE BOARD",689246,2142754.57,0,0
2025-05-01,QKK,"NHS SOUTH EAST LONDON INTEGRATED CARE BOARD",698183,2080935.42,0,0
2025-05-01,QT1,"NHS NOTTINGHAM AND NOTTINGHAMSHIRE INTEGRATED CARE BOARD",701354,1758755.82,0,0
2025-05-01,QJM,"NHS LINCOLNSHIRE INTEGRATED CARE BOARD",706621,1987000.02,0,0
2025-05-01,QNC,"NHS STAFFORDSHIRE AND STOKE-ON-TRENT INTEGRATED CARE BOARD",727931,2278287.05,0,0
2025-05-01,QJK,"NHS DEVON INTEGRATED CARE BOARD",747343,2154833.21,0,0
2025-05-01,QRL,"NHS HAMPSHIRE AND ISLE OF WIGHT INTEGRATED CARE BOARD",966205,3480928.13,0,0
2025-05-01,QKS,"NHS KENT AND MEDWAY INTEGRATED CARE BOARD",986743,2942091.26,0,0
2025-05-01,QMF,"NHS NORTH EAST LONDON INTEGRATED CARE BOARD",996009,2189983.51,0,0
2025-05-01,S0E4D,"NHS THAMES VALLEY INTEGRATED CARE BOARD",1018529,2840088.36,0,0
2025-05-01,QF7,"NHS SOUTH YORKSHIRE INTEGRATED CARE BOARD",1044542,2336526.51,0,0
2025-05-01,D7T5G,"NHS ESSEX INTEGRATED CARE BOARD",1115172,3466096.1,0,0
2025-05-01,QE1,"NHS LANCASHIRE AND SOUTH CUMBRIA INTEGRATED CARE BOARD",1180635,3109338.85,0,0
2025-05-01,T6Y0W,"NHS NORFOLK AND SUFFOLK INTEGRATED CARE BOARD",1206860,3583350.72,0,0
2025-05-01,QOQ,"NHS HUMBER AND NORTH YORKSHIRE INTEGRATED CARE BOARD",1242286,3388611.87,0,0
2025-05-01,S9B9J,"NHS SURREY AND SUSSEX INTEGRATED CARE BOARD",1403556,4572699.77,0,0
2025-05-01,QWO,"NHS WEST YORKSHIRE INTEGRATED CARE BOARD",1468223,3910194.18,0,0
2025-05-01,QYG,"NHS CHESHIRE AND MERSEYSIDE INTEGRATED CARE BOARD",1614599,5160456,0,0
2025-05-01,S1Y5D,"NHS CENTRAL EAST INTEGRATED CARE BOARD",1657968,4719773.31,0,0
2025-05-01,QOP,"NHS GREATER MANCHESTER INTEGRATED CARE BOARD",1685123,4547510.38,0,0
2025-05-01,Z9B2Z,"NHS WEST AND NORTH LONDON INTEGRATED CARE BOARD",1691843,4087889.81,0,0
2025-05-01,QHM,"NHS NORTH EAST AND NORTH CUMBRIA INTEGRATED CARE BOARD",2469533,5474042.6,0,0
2025-06-01,QOC,"NHS SHROPSHIRE, TELFORD AND WREKIN INTEGRATED CARE BOARD",265160,776081.51,0,0
2025-06-01,QSL,"NHS SOMERSET INTEGRATED CARE BOARD",302028,928857.25,0,0
2025-06-01,QUY,"NHS BRISTOL, NORTH SOMERSET AND SOUTH GLOUCESTERSHIRE INTEGRATED CARE BOARD",387303,1253219.35,0,0
2025-06-01,QR1,"NHS GLOUCESTERSHIRE INTEGRATED CARE BOARD",396514,1072212.17,0,0
2025-06-01,QT6,"NHS CORNWALL AND THE ISLES OF SCILLY INTEGRATED CARE BOARD",398503,1252801,0,0
2025-06-01,QGH,"NHS HEREFORDSHIRE AND WORCESTERSHIRE INTEGRATED CARE BOARD",429140,1475383.49,0,0
2025-06-01,QVV,"NHS DORSET INTEGRATED CARE BOARD",433615,1384274.07,0,0
2025-06-01,QPM,"NHS NORTHAMPTONSHIRE INTEGRATED CARE BOARD",509049,1125980.46,0,0
2025-06-01,QOX,"NHS BATH AND NORTH EAST SOMERSET, SWINDON AND WILTSHIRE INTEGRATED CARE BOARD",524058,1540526.78,0,0
2025-06-01,QJ2,"NHS DERBY AND DERBYSHIRE INTEGRATED CARE BOARD",550046,1940972.8,0,0
2025-06-01,QWU,"NHS COVENTRY AND WARWICKSHIRE INTEGRATED CARE BOARD",551788,1519977.62,0,0
2025-06-01,QHL,"NHS BIRMINGHAM AND SOLIHULL INTEGRATED CARE BOARD",584812,1961065.61,0,0
2025-06-01,QUA,"NHS BLACK COUNTRY INTEGRATED CARE BOARD",627833,1971201.49,0,0
2025-06-01,QK1,"NHS LEICESTER, LEICESTERSHIRE AND RUTLAND INTEGRATED CARE BOARD",654476,2023931.37,0,0
2025-06-01,QWE,"NHS SOUTH WEST LONDON INTEGRATED CARE BOARD",658997,1585390.91,0,0
2025-06-01,QKK,"NHS SOUTH EAST LONDON INTEGRATED CARE BOARD",672793,1961998.2,0,0
2025-06-01,QT1,"NHS NOTTINGHAM AND NOTTINGHAMSHIRE INTEGRATED CARE BOARD",674305,1662305.07,0,0
2025-06-01,QNC,"NHS STAFFORDSHIRE AND STOKE-ON-TRENT INTEGRATED CARE BOARD",691936,2161561.16,0,0
2025-06-01,QJM,"NHS LINCOLNSHIRE INTEGRATED CARE BOARD",697182,2000538.62,0,0
2025-06-01,QJK,"NHS DEVON INTEGRATED CARE BOARD",710560,1963925.86,0,0
2025-06-01,QRL,"NHS HAMPSHIRE AND ISLE OF WIGHT INTEGRATED CARE BOARD",930096,3182252.37,0,0
2025-06-01,QKS,"NHS KENT AND MEDWAY INTEGRATED CARE BOARD",949286,2770735.73,0,0
2025-06-01,S0E4D,"NHS THAMES VALLEY INTEGRATED CARE BOARD",971703,2688784.43,0,0
2025-06-01,QMF,"NHS NORTH EAST LONDON INTEGRATED CARE BOARD",978958,2129102.35,0,0
2025-06-01,QF7,"NHS SOUTH YORKSHIRE INTEGRATED CARE BOARD",1010769,2235805.51,0,0
2025-06-01,D7T5G,"NHS ESSEX INTEGRATED CARE BOARD",1070557,3316217.76,0,0
2025-06-01,QE1,"NHS LANCASHIRE AND SOUTH CUMBRIA INTEGRATED CARE BOARD",1132113,2973708.67,0,0
2025-06-01,T6Y0W,"NHS NORFOLK AND SUFFOLK INTEGRATED CARE BOARD",1155411,3405245.1,0,0
2025-06-01,QOQ,"NHS HUMBER AND NORTH YORKSHIRE INTEGRATED CARE BOARD",1207397,3293633.46,0,0
2025-06-01,S9B9J,"NHS SURREY AND SUSSEX INTEGRATED CARE BOARD",1344328,4359158.89,0,0
2025-06-01,QWO,"NHS WEST YORKSHIRE INTEGRATED CARE BOARD",1424285,3731583.4,0,0
2025-06-01,QYG,"NHS CHESHIRE AND MERSEYSIDE INTEGRATED CARE BOARD",1558628,5022078.28,0,0
2025-06-01,S1Y5D,"NHS CENTRAL EAST INTEGRATED CARE BOARD",1594634,4482535.02,0,0
2025-06-01,QOP,"NHS GREATER MANCHESTER INTEGRATED CARE BOARD",1617199,4337617.01,0,0
2025-06-01,Z9B2Z,"NHS WEST AND NORTH LONDON INTEGRATED CARE BOARD",1637262,3920121.49,0,0
2025-06-01,QHM,"NHS NORTH EAST AND NORTH CUMBRIA INTEGRATED CARE BOARD",2410171,5287338.14,0,0
2025-07-01,QOC,"NHS SHROPSHIRE, TELFORD AND WREKIN INTEGRATED CARE BOARD",283311,798277.57,0,0
2025-07-01,QSL,"NHS SOMERSET INTEGRATED CARE BOARD",325861,978238.25,0,0
2025-07-01,QR1,"NHS GLOUCESTERSHIRE INTEGRATED CARE BOARD",410079,1093894.59,0,0
2025-07-01,QUY,"NHS BRISTOL, NORTH SOMERSET AND SOUTH GLOUCESTERSHIRE INTEGRATED CARE BOARD",413779,1185298.76,0,0
2025-07-01,QT6,"NHS CORNWALL AND THE ISLES OF SCILLY INTEGRATED CARE BOARD",422204,1295347.61,0,0
2025-07-01,QGH,"NHS HEREFORDSHIRE AND WORCESTERSHIRE INTEGRATED CARE BOARD",453595,1534475.51,0,0
2025-07-01,QVV,"NHS DORSET INTEGRATED CARE BOARD",467549,1394309.39,0,0
2025-07-01,QPM,"NHS NORTHAMPTONSHIRE INTEGRATED CARE BOARD",536049,1149973.92,0,0
2025-07-01,QOX,"NHS BATH AND NORTH EAST SOMERSET, SWINDON AND WILTSHIRE INTEGRATED CARE BOARD",559945,1594639.29,0,0
2025-07-01,QWU,"NHS COVENTRY AND WARWICKSHIRE INTEGRATED CARE BOARD",591426,1582637.34,0,0
2025-07-01,QJ2,"NHS DERBY AND DERBYSHIRE INTEGRATED CARE BOARD",593013,2068298.32,0,0
2025-07-01,QHL,"NHS BIRMINGHAM AND SOLIHULL INTEGRATED CARE BOARD",635080,2046211.39,0,0
2025-07-01,QWE,"NHS SOUTH WEST LONDON INTEGRATED CARE BOARD",693239,1648123.27,0,0
2025-07-01,QUA,"NHS BLACK COUNTRY INTEGRATED CARE BOARD",700769,2145508.49,0,0
2025-07-01,QK1,"NHS LEICESTER, LEICESTERSHIRE AND RUTLAND INTEGRATED CARE BOARD",716734,2196297.95,0,0
2025-07-01,QKK,"NHS SOUTH EAST LONDON INTEGRATED CARE BOARD",717879,2098225.09,0,0
2025-07-01,QJM,"NHS LINCOLNSHIRE INTEGRATED CARE BOARD",728843,2018489.62,0,0
2025-07-01,QT1,"NHS NOTTINGHAM AND NOTTINGHAMSHIRE INTEGRATED CARE BOARD",730820,1764362.46,0,0
2025-07-01,QNC,"NHS STAFFORDSHIRE AND STOKE-ON-TRENT INTEGRATED CARE BOARD",746728,2267852.39,0,0
2025-07-01,QJK,"NHS DEVON INTEGRATED CARE BOARD",761770,2081916.45,0,0
2025-07-01,QRL,"NHS HAMPSHIRE AND ISLE OF WIGHT INTEGRATED CARE BOARD",997434,3222824.74,0,0
2025-07-01,QKS,"NHS KENT AND MEDWAY INTEGRATED CARE BOARD",1010796,2919854.64,0,0
2025-07-01,S0E4D,"NHS THAMES VALLEY INTEGRATED CARE BOARD",1040211,2795568.2,0,0
2025-07-01,QMF,"NHS NORTH EAST LONDON INTEGRATED CARE BOARD",1040310,2214870.97,0,0
2025-07-01,QF7,"NHS SOUTH YORKSHIRE INTEGRATED CARE BOARD",1075492,2334037.33,0,0
2025-07-01,D7T5G,"NHS ESSEX INTEGRATED CARE BOARD",1145627,3490429.86,0,0
2025-07-01,QE1,"NHS LANCASHIRE AND SOUTH CUMBRIA INTEGRATED CARE BOARD",1219132,3104303.57,0,0
2025-07-01,T6Y0W,"NHS NORFOLK AND SUFFOLK INTEGRATED CARE BOARD",1231596,3586578.7,0,0
2025-07-01,QOQ,"NHS HUMBER AND NORTH YORKSHIRE INTEGRATED CARE BOARD",1281691,3418402.58,0,0
2025-07-01,S9B9J,"NHS SURREY AND SUSSEX INTEGRATED CARE BOARD",1437468,4542443.2,0,0
2025-07-01,QWO,"NHS WEST YORKSHIRE INTEGRATED CARE BOARD",1525335,3924591.3,0,0
2025-07-01,QYG,"NHS CHESHIRE AND MERSEYSIDE INTEGRATED CARE BOARD",1662656,5194974.43,0,0
2025-07-01,S1Y5D,"NHS CENTRAL EAST INTEGRATED CARE BOARD",1719753,4696068.1,0,0
2025-07-01,QOP,"NHS GREATER MANCHESTER INTEGRATED CARE BOARD",1748831,4608118.31,0,0
2025-07-01,Z9B2Z,"NHS WEST AND NORTH LONDON INTEGRATED CARE BOARD",1761036,4135390.18,0,0
2025-07-01,QHM,"NHS NORTH EAST AND NORTH CUMBRIA INTEGRATED CARE BOARD",2565659,5457281.56,0,0
2025-08-01,QOC,"NHS SHROPSHIRE, TELFORD AND WREKIN INTEGRATED CARE BOARD",260960,778394.05,0,0
2025-08-01,QSL,"NHS SOMERSET INTEGRATED CARE BOARD",299550,914466.1,0,0
2025-08-01,QUY,"NHS BRISTOL, NORTH SOMERSET AND SOUTH GLOUCESTERSHIRE INTEGRATED CARE BOARD",378259,1130715.38,0,0
2025-08-01,QT6,"NHS CORNWALL AND THE ISLES OF SCILLY INTEGRATED CARE BOARD",389441,1219853.03,0,0
2025-08-01,QR1,"NHS GLOUCESTERSHIRE INTEGRATED CARE BOARD",393835,1067037.96,0,0
2025-08-01,QGH,"NHS HEREFORDSHIRE AND WORCESTERSHIRE INTEGRATED CARE BOARD",419078,1454056.18,0,0
2025-08-01,QVV,"NHS DORSET INTEGRATED CARE BOARD",434011,1293097.6,0,0
2025-08-01,QPM,"NHS NORTHAMPTONSHIRE INTEGRATED CARE BOARD",498694,1091943.33,0,0
2025-08-01,QOX,"NHS BATH AND NORTH EAST SOMERSET, SWINDON AND WILTSHIRE INTEGRATED CARE BOARD",517607,1531131.08,0,0
2025-08-01,QJ2,"NHS DERBY AND DERBYSHIRE INTEGRATED CARE BOARD",546003,1919774.1,0,0
2025-08-01,QWU,"NHS COVENTRY AND WARWICKSHIRE INTEGRATED CARE BOARD",549858,1540520.42,0,0
2025-08-01,QHL,"NHS BIRMINGHAM AND SOLIHULL INTEGRATED CARE BOARD",569719,1856451.49,0,0
2025-08-01,QUA,"NHS BLACK COUNTRY INTEGRATED CARE BOARD",631961,1985551.99,0,0
2025-08-01,QWE,"NHS SOUTH WEST LONDON INTEGRATED CARE BOARD",649921,1608618.87,0,0
2025-08-01,QK1,"NHS LEICESTER, LEICESTERSHIRE AND RUTLAND INTEGRATED CARE BOARD",654586,2063766.87,0,0
2025-08-01,QT1,"NHS NOTTINGHAM AND NOTTINGHAMSHIRE INTEGRATED CARE BOARD",665283,1668996.87,0,0
2025-08-01,QKK,"NHS SOUTH EAST LONDON INTEGRATED CARE BOARD",667733,1992173.53,0,0
2025-08-01,QJM,"NHS LINCOLNSHIRE INTEGRATED CARE BOARD",675524,1945394.35,0,0
2025-08-01,QNC,"NHS STAFFORDSHIRE AND STOKE-ON-TRENT INTEGRATED CARE BOARD",688640,2144231.36,0,0
2025-08-01,QJK,"NHS DEVON INTEGRATED CARE BOARD",709283,2004635.56,0,0
2025-08-01,QRL,"NHS HAMPSHIRE AND ISLE OF WIGHT INTEGRATED CARE BOARD",916800,3025034.99,0,0
2025-08-01,QKS,"NHS KENT AND MEDWAY INTEGRATED CARE BOARD",935066,2760971.99,0,0
2025-08-01,S0E4D,"NHS THAMES VALLEY INTEGRATED CARE BOARD",958193,2665745.96,0,0
2025-08-01,QMF,"NHS NORTH EAST LONDON INTEGRATED CARE BOARD",971208,2150861.04,0,0
2025-08-01,QF7,"NHS SOUTH YORKSHIRE INTEGRATED CARE BOARD",994259,2193892.84,0,0
2025-08-01,D7T5G,"NHS ESSEX INTEGRATED CARE BOARD",1065455,3338000.69,0,0
2025-08-01,QE1,"NHS LANCASHIRE AND SOUTH CUMBRIA INTEGRATED CARE BOARD",1119597,2954179.31,0,0
2025-08-01,T6Y0W,"NHS NORFOLK AND SUFFOLK INTEGRATED CARE BOARD",1162894,3467936.07,0,0
2025-08-01,QOQ,"NHS HUMBER AND NORTH YORKSHIRE INTEGRATED CARE BOARD",1187860,3264102.64,0,0
2025-08-01,S9B9J,"NHS SURREY AND SUSSEX INTEGRATED CARE BOARD",1323961,4335790.34,0,0
2025-08-01,QWO,"NHS WEST YORKSHIRE INTEGRATED CARE BOARD",1397465,3760545.65,0,0
2025-08-01,QYG,"NHS CHESHIRE AND MERSEYSIDE INTEGRATED CARE BOARD",1534686,4950266.94,0,0
2025-08-01,S1Y5D,"NHS CENTRAL EAST INTEGRATED CARE BOARD",1579832,4453875.86,0,0
2025-08-01,QOP,"NHS GREATER MANCHESTER INTEGRATED CARE BOARD",1602902,4322469.07,0,0
2025-08-01,Z9B2Z,"NHS WEST AND NORTH LONDON INTEGRATED CARE BOARD",1618820,3857529.13,0,0
2025-08-01,QHM,"NHS NORTH EAST AND NORTH CUMBRIA INTEGRATED CARE BOARD",2363444,5225078.65,0,0
2025-09-01,QOC,"NHS SHROPSHIRE, TELFORD AND WREKIN INTEGRATED CARE BOARD",271282,810933.37,0,0
2025-09-01,QSL,"NHS SOMERSET INTEGRATED CARE BOARD",313054,971882.93,0,0
2025-09-01,QUY,"NHS BRISTOL, NORTH SOMERSET AND SOUTH GLOUCESTERSHIRE INTEGRATED CARE BOARD",398620,1161915.1,0,0
2025-09-01,QR1,"NHS GLOUCESTERSHIRE INTEGRATED CARE BOARD",407438,1075480.25,0,0
2025-09-01,QT6,"NHS CORNWALL AND THE ISLES OF SCILLY INTEGRATED CARE BOARD",408614,1282193.46,0,0
2025-09-01,QGH,"NHS HEREFORDSHIRE AND WORCESTERSHIRE INTEGRATED CARE BOARD",441698,1527735.74,0,0
2025-09-01,QVV,"NHS DORSET INTEGRATED CARE BOARD",450538,1331773.04,0,0
2025-09-01,QPM,"NHS NORTHAMPTONSHIRE INTEGRATED CARE BOARD",519942,1157914.31,0,0
2025-09-01,QOX,"NHS BATH AND NORTH EAST SOMERSET, SWINDON AND WILTSHIRE INTEGRATED CARE BOARD",537350,1606571.79,0,0
2025-09-01,QWU,"NHS COVENTRY AND WARWICKSHIRE INTEGRATED CARE BOARD",569811,1619908.99,0,0
2025-09-01,QJ2,"NHS DERBY AND DERBYSHIRE INTEGRATED CARE BOARD",571383,2007816.33,0,0
2025-09-01,QHL,"NHS BIRMINGHAM AND SOLIHULL INTEGRATED CARE BOARD",617516,2020498.52,0,0
2025-09-01,QUA,"NHS BLACK COUNTRY INTEGRATED CARE BOARD",669359,2141208.36,0,0
2025-09-01,QWE,"NHS SOUTH WEST LONDON INTEGRATED CARE BOARD",678003,1672855.29,0,0
2025-09-01,QK1,"NHS LEICESTER, LEICESTERSHIRE AND RUTLAND INTEGRATED CARE BOARD",687526,2163668.84,0,0
2025-09-01,QT1,"NHS NOTTINGHAM AND NOTTINGHAMSHIRE INTEGRATED CARE BOARD",694349,1733136.18,0,0
2025-09-01,QKK,"NHS SOUTH EAST LONDON INTEGRATED CARE BOARD",701679,2113902.3,0,0
2025-09-01,QJM,"NHS LINCOLNSHIRE INTEGRATED CARE BOARD",711118,2059508.51,0,0
2025-09-01,QNC,"NHS STAFFORDSHIRE AND STOKE-ON-TRENT INTEGRATED CARE BOARD",713072,2227916.09,0,0
2025-09-01,QJK,"NHS DEVON INTEGRATED CARE BOARD",731463,2077736.55,0,0
2025-09-01,QRL,"NHS HAMPSHIRE AND ISLE OF WIGHT INTEGRATED CARE BOARD",955702,3130022.17,0,0
2025-09-01,QKS,"NHS KENT AND MEDWAY INTEGRATED CARE BOARD",972037,2899148.77,0,0
2025-09-01,S0E4D,"NHS THAMES VALLEY INTEGRATED CARE BOARD",1005623,2796486.49,0,0
2025-09-01,QMF,"NHS NORTH EAST LONDON INTEGRATED CARE BOARD",1013859,2237335.98,0,0
2025-09-01,QF7,"NHS SOUTH YORKSHIRE INTEGRATED CARE BOARD",1039697,2290009.02,0,0
2025-09-01,D7T5G,"NHS ESSEX INTEGRATED CARE BOARD",1105466,3459871.13,0,0
2025-09-01,QE1,"NHS LANCASHIRE AND SOUTH CUMBRIA INTEGRATED CARE BOARD",1176901,3127285.16,0,0
2025-09-01,T6Y0W,"NHS NORFOLK AND SUFFOLK INTEGRATED CARE BOARD",1195009,3591254.46,0,0
2025-09-01,QOQ,"NHS HUMBER AND NORTH YORKSHIRE INTEGRATED CARE BOARD",1241521,3423495.72,0,0
2025-09-01,S9B9J,"NHS SURREY AND SUSSEX INTEGRATED CARE BOARD",1398690,4626062.79,0,0
2025-09-01,QWO,"NHS WEST YORKSHIRE INTEGRATED CARE BOARD",1490010,4060412.48,0,0
2025-09-01,QYG,"NHS CHESHIRE AND MERSEYSIDE INTEGRATED CARE BOARD",1609861,5209527.1,0,0
2025-09-01,S1Y5D,"NHS CENTRAL EAST INTEGRATED CARE BOARD",1652355,4634808.22,0,0
2025-09-01,QOP,"NHS GREATER MANCHESTER INTEGRATED CARE BOARD",1692030,4608046.09,0,0
2025-09-01,Z9B2Z,"NHS WEST AND NORTH LONDON INTEGRATED CARE BOARD",1711247,4098465.93,0,0
2025-09-01,QHM,"NHS NORTH EAST AND NORTH CUMBRIA INTEGRATED CARE BOARD",2491291,5472635.24,0,0
2025-10-01,QOC,"NHS SHROPSHIRE, TELFORD AND WREKIN INTEGRATED CARE BOARD",281177,814209.73,0,0
2025-10-01,QSL,"NHS SOMERSET INTEGRATED CARE BOARD",321058,964793.47,0,0
2025-10-01,QUY,"NHS BRISTOL, NORTH SOMERSET AND SOUTH GLOUCESTERSHIRE INTEGRATED CARE BOARD",411649,1166215.81,0,0
2025-10-01,QR1,"NHS GLOUCESTERSHIRE INTEGRATED CARE BOARD",419036,1034245.25,0,0
2025-10-01,QT6,"NHS CORNWALL AND THE ISLES OF SCILLY INTEGRATED CARE BOARD",420091,1287846.02,0,0
2025-10-01,QGH,"NHS HEREFORDSHIRE AND WORCESTERSHIRE INTEGRATED CARE BOARD",455709,1524872.09,0,0
2025-10-01,QVV,"NHS DORSET INTEGRATED CARE BOARD",469562,1314926.86,0,0
2025-10-01,QPM,"NHS NORTHAMPTONSHIRE INTEGRATED CARE BOARD",537520,1143932.44,0,0
2025-10-01,QOX,"NHS BATH AND NORTH EAST SOMERSET, SWINDON AND WILTSHIRE INTEGRATED CARE BOARD",556381,1602055.53,0,0
2025-10-01,QJ2,"NHS DERBY AND DERBYSHIRE INTEGRATED CARE BOARD",589316,2022011.67,0,0
2025-10-01,QWU,"NHS COVENTRY AND WARWICKSHIRE INTEGRATED CARE BOARD",592407,1599740.15,0,0
2025-10-01,QHL,"NHS BIRMINGHAM AND SOLIHULL INTEGRATED CARE BOARD",625160,1979725.35,0,0
2025-10-01,QUA,"NHS BLACK COUNTRY INTEGRATED CARE BOARD",683652,2128159.21,0,0
2025-10-01,QWE,"NHS SOUTH WEST LONDON INTEGRATED CARE BOARD",696134,1687328.23,0,0
2025-10-01,QK1,"NHS LEICESTER, LEICESTERSHIRE AND RUTLAND INTEGRATED CARE BOARD",708219,2179749.24,0,0
2025-10-01,QKK,"NHS SOUTH EAST LONDON INTEGRATED CARE BOARD",715515,2115169.89,0,0
2025-10-01,QT1,"NHS NOTTINGHAM AND NOTTINGHAMSHIRE INTEGRATED CARE BOARD",718081,1746926.95,0,0
2025-10-01,QJM,"NHS LINCOLNSHIRE INTEGRATED CARE BOARD",734249,2058183.6,0,0
2025-10-01,QNC,"NHS STAFFORDSHIRE AND STOKE-ON-TRENT INTEGRATED CARE BOARD",736488,2218993.89,0,0
2025-10-01,QJK,"NHS DEVON INTEGRATED CARE BOARD",759266,2076040.21,0,0
2025-10-01,QRL,"NHS HAMPSHIRE AND ISLE OF WIGHT INTEGRATED CARE BOARD",988842,3125044.61,0,0
2025-10-01,QKS,"NHS KENT AND MEDWAY INTEGRATED CARE BOARD",1007106,2918074.18,0,0
2025-10-01,S0E4D,"NHS THAMES VALLEY INTEGRATED CARE BOARD",1031333,2805517.95,0,0
2025-10-01,QMF,"NHS NORTH EAST LONDON INTEGRATED CARE BOARD",1044415,2252954.92,0,0
2025-10-01,QF7,"NHS SOUTH YORKSHIRE INTEGRATED CARE BOARD",1075668,2293097.79,0,0
2025-10-01,D7T5G,"NHS ESSEX INTEGRATED CARE BOARD",1134505,3489439.25,0,0
2025-10-01,QE1,"NHS LANCASHIRE AND SOUTH CUMBRIA INTEGRATED CARE BOARD",1200189,3085097.84,0,0
2025-10-01,T6Y0W,"NHS NORFOLK AND SUFFOLK INTEGRATED CARE BOARD",1227987,3557582.18,0,0
2025-10-01,QOQ,"NHS HUMBER AND NORTH YORKSHIRE INTEGRATED CARE BOARD",1283626,3469142.3,0,0
2025-10-01,S9B9J,"NHS SURREY AND SUSSEX INTEGRATED CARE BOARD",1425013,4537574.33,0,0
2025-10-01,QWO,"NHS WEST YORKSHIRE INTEGRATED CARE BOARD",1523160,3990494.24,0,0
2025-10-01,QYG,"NHS CHESHIRE AND MERSEYSIDE INTEGRATED CARE BOARD",1657690,5239901.24,0,0
2025-10-01,S1Y5D,"NHS CENTRAL EAST INTEGRATED CARE BOARD",1708748,4662215.87,0,0
2025-10-01,QOP,"NHS GREATER MANCHESTER INTEGRATED CARE BOARD",1731585,4595395.24,0,0
2025-10-01,Z9B2Z,"NHS WEST AND NORTH LONDON INTEGRATED CARE BOARD",1768635,4120514.34,0,0
2025-10-01,QHM,"NHS NORTH EAST AND NORTH CUMBRIA INTEGRATED CARE BOARD",2562657,5477333.4,0,0
2025-11-01,QOC,"NHS SHROPSHIRE, TELFORD AND WREKIN INTEGRATED CARE BOARD",258422,769215.64,0,0
2025-11-01,QSL,"NHS SOMERSET INTEGRATED CARE BOARD",294382,893820.39,0,0
2025-11-01,QUY,"NHS BRISTOL, NORTH SOMERSET AND SOUTH GLOUCESTERSHIRE INTEGRATED CARE BOARD",376659,1097329.41,0,0
2025-11-01,QR1,"NHS GLOUCESTERSHIRE INTEGRATED CARE BOARD",383039,926172.01,0,0
2025-11-01,QT6,"NHS CORNWALL AND THE ISLES OF SCILLY INTEGRATED CARE BOARD",389729,1199142.47,0,0
2025-11-01,QGH,"NHS HEREFORDSHIRE AND WORCESTERSHIRE INTEGRATED CARE BOARD",421973,1402803.95,0,0
2025-11-01,QVV,"NHS DORSET INTEGRATED CARE BOARD",433511,1229036.55,0,0
2025-11-01,QPM,"NHS NORTHAMPTONSHIRE INTEGRATED CARE BOARD",489659,1043737.81,0,0
2025-11-01,QOX,"NHS BATH AND NORTH EAST SOMERSET, SWINDON AND WILTSHIRE INTEGRATED CARE BOARD",512901,1502495.86,0,0
2025-11-01,QJ2,"NHS DERBY AND DERBYSHIRE INTEGRATED CARE BOARD",538647,1887799.75,0,0
2025-11-01,QWU,"NHS COVENTRY AND WARWICKSHIRE INTEGRATED CARE BOARD",540118,1467280.21,0,0
2025-11-01,QHL,"NHS BIRMINGHAM AND SOLIHULL INTEGRATED CARE BOARD",574008,1839530.62,0,0
2025-11-01,QUA,"NHS BLACK COUNTRY INTEGRATED CARE BOARD",621962,1972561.13,0,0
2025-11-01,QWE,"NHS SOUTH WEST LONDON INTEGRATED CARE BOARD",653109,1580568.25,0,0
2025-11-01,QK1,"NHS LEICESTER, LEICESTERSHIRE AND RUTLAND INTEGRATED CARE BOARD",655173,2057611.38,0,0
2025-11-01,QT1,"NHS NOTTINGHAM AND NOTTINGHAMSHIRE INTEGRATED CARE BOARD",662151,1619906.31,0,0
2025-11-01,QKK,"NHS SOUTH EAST LONDON INTEGRATED CARE BOARD",677247,1994201.74,0,0
2025-11-01,QJM,"NHS LINCOLNSHIRE INTEGRATED CARE BOARD",678277,1934085.46,0,0
2025-11-01,QNC,"NHS STAFFORDSHIRE AND STOKE-ON-TRENT INTEGRATED CARE BOARD",678647,2063145.18,0,0
2025-11-01,QJK,"NHS DEVON INTEGRATED CARE BOARD",705293,1943140.11,0,0
2025-11-01,QRL,"NHS HAMPSHIRE AND ISLE OF WIGHT INTEGRATED CARE BOARD",917411,2950624.33,0,0
2025-11-01,QKS,"NHS KENT AND MEDWAY INTEGRATED CARE BOARD",927644,2726750.46,0,0
2025-11-01,S0E4D,"NHS THAMES VALLEY INTEGRATED CARE BOARD",960789,2612647.11,0,0
2025-11-01,QMF,"NHS NORTH EAST LONDON INTEGRATED CARE BOARD",981240,2119202.75,0,0
2025-11-01,QF7,"NHS SOUTH YORKSHIRE INTEGRATED CARE BOARD",981532,2115487.22,0,0
2025-11-01,D7T5G,"NHS ESSEX INTEGRATED CARE BOARD",1052503,3230652.33,0,0
2025-11-01,QE1,"NHS LANCASHIRE AND SOUTH CUMBRIA INTEGRATED CARE BOARD",1113399,2934214.38,0,0
2025-11-01,T6Y0W,"NHS NORFOLK AND SUFFOLK INTEGRATED CARE BOARD",1139638,3331908.2,0,0
2025-11-01,QOQ,"NHS HUMBER AND NORTH YORKSHIRE INTEGRATED CARE BOARD",1167267,3181054.69,0,0
2025-11-01,S9B9J,"NHS SURREY AND SUSSEX INTEGRATED CARE BOARD",1327312,4308137.21,0,0
2025-11-01,QWO,"NHS WEST YORKSHIRE INTEGRATED CARE BOARD",1398956,3712883.01,0,0
2025-11-01,QYG,"NHS CHESHIRE AND MERSEYSIDE INTEGRATED CARE BOARD",1512517,4858425.24,0,0
2025-11-01,QOP,"NHS GREATER MANCHESTER INTEGRATED CARE BOARD",1583156,4308398.58,0,0
2025-11-01,S1Y5D,"NHS CENTRAL EAST INTEGRATED CARE BOARD",1585350,4266731.13,0,0
2025-11-01,Z9B2Z,"NHS WEST AND NORTH LONDON INTEGRATED CARE BOARD",1652967,3883764.83,0,0
2025-11-01,QHM,"NHS NORTH EAST AND NORTH CUMBRIA INTEGRATED CARE BOARD",2374419,5116577.77,0,0
2025-12-01,QOC,"NHS SHROPSHIRE, TELFORD AND WREKIN INTEGRATED CARE BOARD",288853,852563.72,0,0
2025-12-01,QSL,"NHS SOMERSET INTEGRATED CARE BOARD",330988,991910.13,0,0
2025-12-01,QUY,"NHS BRISTOL, NORTH SOMERSET AND SOUTH GLOUCESTERSHIRE INTEGRATED CARE BOARD",417849,1200597.33,0,0
2025-12-01,QR1,"NHS GLOUCESTERSHIRE INTEGRATED CARE BOARD",430084,994073.96,0,0
2025-12-01,QT6,"NHS CORNWALL AND THE ISLES OF SCILLY INTEGRATED CARE BOARD",431658,1316265.08,0,0
2025-12-01,QGH,"NHS HEREFORDSHIRE AND WORCESTERSHIRE INTEGRATED CARE BOARD",461288,1537943.09,0,0
2025-12-01,QVV,"NHS DORSET INTEGRATED CARE BOARD",482567,1355733.55,0,0
2025-12-01,QPM,"NHS NORTHAMPTONSHIRE INTEGRATED CARE BOARD",540602,1130478.52,0,0
2025-12-01,QOX,"NHS BATH AND NORTH EAST SOMERSET, SWINDON AND WILTSHIRE INTEGRATED CARE BOARD",575401,1650606.71,0,0
2025-12-01,QWU,"NHS COVENTRY AND WARWICKSHIRE INTEGRATED CARE BOARD",606587,1627829.63,0,0
2025-12-01,QJ2,"NHS DERBY AND DERBYSHIRE INTEGRATED CARE BOARD",608205,2115652.83,0,0
2025-12-01,QHL,"NHS BIRMINGHAM AND SOLIHULL INTEGRATED CARE BOARD",640811,2036662.98,0,0
2025-12-01,QUA,"NHS BLACK COUNTRY INTEGRATED CARE BOARD",701450,2211805.62,0,0
2025-12-01,QWE,"NHS SOUTH WEST LONDON INTEGRATED CARE BOARD",705915,1741899.94,0,0
2025-12-01,QK1,"NHS LEICESTER, LEICESTERSHIRE AND RUTLAND INTEGRATED CARE BOARD",725319,2278515.35,0,0
2025-12-01,QKK,"NHS SOUTH EAST LONDON INTEGRATED CARE BOARD",733019,2151455.34,0,0
2025-12-01,QT1,"NHS NOTTINGHAM AND NOTTINGHAMSHIRE INTEGRATED CARE BOARD",735219,1771331.59,0,0
2025-12-01,QJM,"NHS LINCOLNSHIRE INTEGRATED CARE BOARD",745656,2078306.55,0,0
2025-12-01,QNC,"NHS STAFFORDSHIRE AND STOKE-ON-TRENT INTEGRATED CARE BOARD",753548,2232407.49,0,0
2025-12-01,QJK,"NHS DEVON INTEGRATED CARE BOARD",776984,2133861.45,0,0
2025-12-01,QRL,"NHS HAMPSHIRE AND ISLE OF WIGHT INTEGRATED CARE BOARD",1022857,3302361.58,0,0
2025-12-01,QKS,"NHS KENT AND MEDWAY INTEGRATED CARE BOARD",1039099,3042146.51,0,0
2025-12-01,QMF,"NHS NORTH EAST LONDON INTEGRATED CARE BOARD",1051982,2300730.61,0,0
2025-12-01,S0E4D,"NHS THAMES VALLEY INTEGRATED CARE BOARD",1058482,2845411.79,0,0
2025-12-01,QF7,"NHS SOUTH YORKSHIRE INTEGRATED CARE BOARD",1096746,2316443.73,0,0
2025-12-01,D7T5G,"NHS ESSEX INTEGRATED CARE BOARD",1164828,3596999.28,0,0
2025-12-01,QE1,"NHS LANCASHIRE AND SOUTH CUMBRIA INTEGRATED CARE BOARD",1237511,3195469.25,0,0
2025-12-01,T6Y0W,"NHS NORFOLK AND SUFFOLK INTEGRATED CARE BOARD",1262113,3678884.24,0,0
2025-12-01,QOQ,"NHS HUMBER AND NORTH YORKSHIRE INTEGRATED CARE BOARD",1315343,3553276.18,0,0
2025-12-01,S9B9J,"NHS SURREY AND SUSSEX INTEGRATED CARE BOARD",1480551,4750707.62,0,0
2025-12-01,QWO,"NHS WEST YORKSHIRE INTEGRATED CARE BOARD",1557981,4053159.18,0,0
2025-12-01,QYG,"NHS CHESHIRE AND MERSEYSIDE INTEGRATED CARE BOARD",1710259,5426378.22,0,0
2025-12-01,S1Y5D,"NHS CENTRAL EAST INTEGRATED CARE BOARD",1735036,4647510.02,0,0
2025-12-01,QOP,"NHS GREATER MANCHESTER INTEGRATED CARE BOARD",1782688,4752548.78,0,0
2025-12-01,Z9B2Z,"NHS WEST AND NORTH LONDON INTEGRATED CARE BOARD",1800060,4213308.44,0,0
2025-12-01,QHM,"NHS NORTH EAST AND NORTH CUMBRIA INTEGRATED CARE BOARD",2597236,5585599.98,0,0
2026-01-01,QOC,"NHS SHROPSHIRE, TELFORD AND WREKIN INTEGRATED CARE BOARD",272754,853288.51,0,0
2026-01-01,QSL,"NHS SOMERSET INTEGRATED CARE BOARD",312411,995142.25,0,0
2026-01-01,QUY,"NHS BRISTOL, NORTH SOMERSET AND SOUTH GLOUCESTERSHIRE INTEGRATED CARE BOARD",399361,1220981.44,0,0
2026-01-01,QT6,"NHS CORNWALL AND THE ISLES OF SCILLY INTEGRATED CARE BOARD",405442,1295563.33,0,0
2026-01-01,QR1,"NHS GLOUCESTERSHIRE INTEGRATED CARE BOARD",413275,1018723.99,0,0
2026-01-01,QGH,"NHS HEREFORDSHIRE AND WORCESTERSHIRE INTEGRATED CARE BOARD",445797,1507340.76,0,0
2026-01-01,QVV,"NHS DORSET INTEGRATED CARE BOARD",457805,1376047.86,0,0
2026-01-01,QPM,"NHS NORTHAMPTONSHIRE INTEGRATED CARE BOARD",529145,1186713.79,0,0
2026-01-01,QOX,"NHS BATH AND NORTH EAST SOMERSET, SWINDON AND WILTSHIRE INTEGRATED CARE BOARD",541994,1639996.21,0,0
2026-01-01,QWU,"NHS COVENTRY AND WARWICKSHIRE INTEGRATED CARE BOARD",573282,1579057.3,0,0
2026-01-01,QJ2,"NHS DERBY AND DERBYSHIRE INTEGRATED CARE BOARD",575710,2089940.46,0,0
2026-01-01,QHL,"NHS BIRMINGHAM AND SOLIHULL INTEGRATED CARE BOARD",610583,2068676.98,0,0
2026-01-01,QUA,"NHS BLACK COUNTRY INTEGRATED CARE BOARD",668934,2238027.32,0,0
2026-01-01,QWE,"NHS SOUTH WEST LONDON INTEGRATED CARE BOARD",681934,1731707.74,0,0
2026-01-01,QK1,"NHS LEICESTER, LEICESTERSHIRE AND RUTLAND INTEGRATED CARE BOARD",697923,2270339.18,0,0
2026-01-01,QT1,"NHS NOTTINGHAM AND NOTTINGHAMSHIRE INTEGRATED CARE BOARD",712857,1837637.67,0,0
2026-01-01,QKK,"NHS SOUTH EAST LONDON INTEGRATED CARE BOARD",718018,2179253.11,0,0
2026-01-01,QNC,"NHS STAFFORDSHIRE AND STOKE-ON-TRENT INTEGRATED CARE BOARD",720708,2274946.23,0,0
2026-01-01,QJM,"NHS LINCOLNSHIRE INTEGRATED CARE BOARD",729421,2155296.94,0,0
2026-01-01,QJK,"NHS DEVON INTEGRATED CARE BOARD",750346,2189160.56,0,0
2026-01-01,QRL,"NHS HAMPSHIRE AND ISLE OF WIGHT INTEGRATED CARE BOARD",966502,3308289.69,0,0
2026-01-01,QKS,"NHS KENT AND MEDWAY INTEGRATED CARE BOARD",982268,2975479.68,0,0
2026-01-01,S0E4D,"NHS THAMES VALLEY INTEGRATED CARE BOARD",1011725,2861818.77,0,0
2026-01-01,QMF,"NHS NORTH EAST LONDON INTEGRATED CARE BOARD",1034592,2388707.91,0,0
2026-01-01,QF7,"NHS SOUTH YORKSHIRE INTEGRATED CARE BOARD",1043103,2270771.43,0,0
2026-01-01,D7T5G,"NHS ESSEX INTEGRATED CARE BOARD",1116299,3531696.85,0,0
2026-01-01,QE1,"NHS LANCASHIRE AND SOUTH CUMBRIA INTEGRATED CARE BOARD",1161705,3098138.23,0,0
2026-01-01,T6Y0W,"NHS NORFOLK AND SUFFOLK INTEGRATED CARE BOARD",1208937,3577839.96,0,0
2026-01-01,QOQ,"NHS HUMBER AND NORTH YORKSHIRE INTEGRATED CARE BOARD",1256530,3505721.68,0,0
2026-01-01,S9B9J,"NHS SURREY AND SUSSEX INTEGRATED CARE BOARD",1414030,4765935.58,0,0
2026-01-01,QWO,"NHS WEST YORKSHIRE INTEGRATED CARE BOARD",1492790,4022722.54,0,0
2026-01-01,QYG,"NHS CHESHIRE AND MERSEYSIDE INTEGRATED CARE BOARD",1612805,5378180.99,0,0
2026-01-01,S1Y5D,"NHS CENTRAL EAST INTEGRATED CARE BOARD",1672451,4588620.12,0,0
2026-01-01,QOP,"NHS GREATER MANCHESTER INTEGRATED CARE BOARD",1687253,4647461.43,0,0
2026-01-01,Z9B2Z,"NHS WEST AND NORTH LONDON INTEGRATED CARE BOARD",1752518,4339768.58,0,0
2026-01-01,QHM,"NHS NORTH EAST AND NORTH CUMBRIA INTEGRATED CARE BOARD",2507304,5600131.33,0,0
2026-02-01,QOC,"NHS SHROPSHIRE, TELFORD AND WREKIN INTEGRATED CARE BOARD",253839,800828.12,0,0
2026-02-01,QSL,"NHS SOMERSET INTEGRATED CARE BOARD",290555,925027.55,0,0
2026-02-01,QUY,"NHS BRISTOL, NORTH SOMERSET AND SOUTH GLOUCESTERSHIRE INTEGRATED CARE BOARD",367424,1128981.14,0,0
2026-02-01,QR1,"NHS GLOUCESTERSHIRE INTEGRATED CARE BOARD",380312,962560.93,0,0
2026-02-01,QT6,"NHS CORNWALL AND THE ISLES OF SCILLY INTEGRATED CARE BOARD",380587,1204374.27,0,0
2026-02-01,QGH,"NHS HEREFORDSHIRE AND WORCESTERSHIRE INTEGRATED CARE BOARD",411935,1428494.55,0,0
2026-02-01,QVV,"NHS DORSET INTEGRATED CARE BOARD",425697,1288746.35,0,0
2026-02-01,QPM,"NHS NORTHAMPTONSHIRE INTEGRATED CARE BOARD",486058,1091669.18,0,0
2026-02-01,QOX,"NHS BATH AND NORTH EAST SOMERSET, SWINDON AND WILTSHIRE INTEGRATED CARE BOARD",504266,1535235.84,0,0
2026-02-01,QJ2,"NHS DERBY AND DERBYSHIRE INTEGRATED CARE BOARD",528827,1913570.47,0,0
2026-02-01,QWU,"NHS COVENTRY AND WARWICKSHIRE INTEGRATED CARE BOARD",538809,1506490.07,0,0
2026-02-01,QHL,"NHS BIRMINGHAM AND SOLIHULL INTEGRATED CARE BOARD",570486,1953401.91,0,0
2026-02-01,QUA,"NHS BLACK COUNTRY INTEGRATED CARE BOARD",622669,2119706.25,0,0
2026-02-01,QWE,"NHS SOUTH WEST LONDON INTEGRATED CARE BOARD",637353,1619088.71,0,0
2026-02-01,QK1,"NHS LEICESTER, LEICESTERSHIRE AND RUTLAND INTEGRATED CARE BOARD",638213,2098166.56,0,0
2026-02-01,QT1,"NHS NOTTINGHAM AND NOTTINGHAMSHIRE INTEGRATED CARE BOARD",647232,1688689.42,0,0
2026-02-01,QNC,"NHS STAFFORDSHIRE AND STOKE-ON-TRENT INTEGRATED CARE BOARD",661622,2096942.69,0,0
2026-02-01,QKK,"NHS SOUTH EAST LONDON INTEGRATED CARE BOARD",667500,2039396.84,0,0
2026-02-01,QJM,"NHS LINCOLNSHIRE INTEGRATED CARE BOARD",670339,1990731.15,0,0
2026-02-01,QJK,"NHS DEVON INTEGRATED CARE BOARD",683900,2018593.36,0,0
2026-02-01,QRL,"NHS HAMPSHIRE AND ISLE OF WIGHT INTEGRATED CARE BOARD",901418,3134064.12,0,0
2026-02-01,QKS,"NHS KENT AND MEDWAY INTEGRATED CARE BOARD",910942,2816873.01,0,0
2026-02-01,S0E4D,"NHS THAMES VALLEY INTEGRATED CARE BOARD",940484,2701659.38,0,0
2026-02-01,QF7,"NHS SOUTH YORKSHIRE INTEGRATED CARE BOARD",957695,2091192.01,0,0
2026-02-01,QMF,"NHS NORTH EAST LONDON INTEGRATED CARE BOARD",973375,2223868.35,0,0
2026-02-01,D7T5G,"NHS ESSEX INTEGRATED CARE BOARD",1027328,3331572.09,0,0
2026-02-01,QE1,"NHS LANCASHIRE AND SOUTH CUMBRIA INTEGRATED CARE BOARD",1075958,2919511.11,0,0
2026-02-01,T6Y0W,"NHS NORFOLK AND SUFFOLK INTEGRATED CARE BOARD",1117872,3428333.36,0,0
2026-02-01,QOQ,"NHS HUMBER AND NORTH YORKSHIRE INTEGRATED CARE BOARD",1154241,3288882.52,0,0
2026-02-01,S9B9J,"NHS SURREY AND SUSSEX INTEGRATED CARE BOARD",1308251,4466471.02,0,0
2026-02-01,QWO,"NHS WEST YORKSHIRE INTEGRATED CARE BOARD",1387036,3757440.8,0,0
2026-02-01,QYG,"NHS CHESHIRE AND MERSEYSIDE INTEGRATED CARE BOARD",1496851,5056286.8,0,0
2026-02-01,S1Y5D,"NHS CENTRAL EAST INTEGRATED CARE BOARD",1549378,4244027.78,0,0
2026-02-01,QOP,"NHS GREATER MANCHESTER INTEGRATED CARE BOARD",1565443,4376983.95,0,0
2026-02-01,Z9B2Z,"NHS WEST AND NORTH LONDON INTEGRATED CARE BOARD",1623110,4079760.77,0,0
2026-02-01,QHM,"NHS NORTH EAST AND NORTH CUMBRIA INTEGRATED CARE BOARD",2310874,5282985.17,0,0
2026-03-01,QOC,"NHS SHROPSHIRE, TELFORD AND WREKIN INTEGRATED CARE BOARD",276354,879913.89,0,0
2026-03-01,QSL,"NHS SOMERSET INTEGRATED CARE BOARD",319872,1013321.03,0,0
2026-03-01,QUY,"NHS BRISTOL, NORTH SOMERSET AND SOUTH GLOUCESTERSHIRE INTEGRATED CARE BOARD",405292,1269361.22,0,0
2026-03-01,QT6,"NHS CORNWALL AND THE ISLES OF SCILLY INTEGRATED CARE BOARD",411012,1309925.15,0,0
2026-03-01,QR1,"NHS GLOUCESTERSHIRE INTEGRATED CARE BOARD",415027,1044362.53,0,0
2026-03-01,QGH,"NHS HEREFORDSHIRE AND WORCESTERSHIRE INTEGRATED CARE BOARD",449725,1535975.05,0,0
2026-03-01,QVV,"NHS DORSET INTEGRATED CARE BOARD",468620,1442858.46,0,0
2026-03-01,QPM,"NHS NORTHAMPTONSHIRE INTEGRATED CARE BOARD",534338,1206052.23,0,0
2026-03-01,QOX,"NHS BATH AND NORTH EAST SOMERSET, SWINDON AND WILTSHIRE INTEGRATED CARE BOARD",553347,1717327.35,0,0
2026-03-01,QJ2,"NHS DERBY AND DERBYSHIRE INTEGRATED CARE BOARD",587150,2134869.2,0,0
2026-03-01,QWU,"NHS COVENTRY AND WARWICKSHIRE INTEGRATED CARE BOARD",588322,1649135,0,0
2026-03-01,QHL,"NHS BIRMINGHAM AND SOLIHULL INTEGRATED CARE BOARD",624059,2155348.16,0,0
2026-03-01,QUA,"NHS BLACK COUNTRY INTEGRATED CARE BOARD",679659,2347060.93,0,0
2026-03-01,QWE,"NHS SOUTH WEST LONDON INTEGRATED CARE BOARD",690519,1792290.95,0,0
2026-03-01,QK1,"NHS LEICESTER, LEICESTERSHIRE AND RUTLAND INTEGRATED CARE BOARD",708527,2332460.16,0,0
2026-03-01,QKK,"NHS SOUTH EAST LONDON INTEGRATED CARE BOARD",711816,2211923.25,0,0
2026-03-01,QT1,"NHS NOTTINGHAM AND NOTTINGHAMSHIRE INTEGRATED CARE BOARD",715172,1881592.17,0,0
2026-03-01,QJM,"NHS LINCOLNSHIRE INTEGRATED CARE BOARD",726562,2172240.53,0,0
2026-03-01,QNC,"NHS STAFFORDSHIRE AND STOKE-ON-TRENT INTEGRATED CARE BOARD",732225,2329732.27,0,0
2026-03-01,QJK,"NHS DEVON INTEGRATED CARE BOARD",757692,2276160.33,0,0
2026-03-01,QRL,"NHS HAMPSHIRE AND ISLE OF WIGHT INTEGRATED CARE BOARD",985150,3428485.44,0,0
2026-03-01,QKS,"NHS KENT AND MEDWAY INTEGRATED CARE BOARD",1005979,3146597.49,0,0
2026-03-01,S0E4D,"NHS THAMES VALLEY INTEGRATED CARE BOARD",1026343,3018407.35,0,0
2026-03-01,QMF,"NHS NORTH EAST LONDON INTEGRATED CARE BOARD",1038060,2422597.93,0,0
2026-03-01,QF7,"NHS SOUTH YORKSHIRE INTEGRATED CARE BOARD",1064303,2342027.9,0,0
2026-03-01,D7T5G,"NHS ESSEX INTEGRATED CARE BOARD",1131763,3680885.66,0,0
2026-03-01,QE1,"NHS LANCASHIRE AND SOUTH CUMBRIA INTEGRATED CARE BOARD",1197766,3228965.68,0,0
2026-03-01,T6Y0W,"NHS NORFOLK AND SUFFOLK INTEGRATED CARE BOARD",1230845,3791975.66,0,0
2026-03-01,QOQ,"NHS HUMBER AND NORTH YORKSHIRE INTEGRATED CARE BOARD",1271460,3605779.1,0,0
2026-03-01,S9B9J,"NHS SURREY AND SUSSEX INTEGRATED CARE BOARD",1433779,4966011,0,0
2026-03-01,QWO,"NHS WEST YORKSHIRE INTEGRATED CARE BOARD",1536229,4123255.03,0,0
2026-03-01,QYG,"NHS CHESHIRE AND MERSEYSIDE INTEGRATED CARE BOARD",1651467,5618571.33,0,0
2026-03-01,S1Y5D,"NHS CENTRAL EAST INTEGRATED CARE BOARD",1694313,4712512.09,0,0
2026-03-01,QOP,"NHS GREATER MANCHESTER INTEGRATED CARE BOARD",1734588,4840873.94,0,0
2026-03-01,Z9B2Z,"NHS WEST AND NORTH LONDON INTEGRATED CARE BOARD",1779187,4529875.22,0,0
2026-03-01,QHM,"NHS NORTH EAST AND NORTH CUMBRIA INTEGRATED CARE BOARD",2555260,5837673.4,0,0
2026-04-01,QOC,"NHS SHROPSHIRE, TELFORD AND WREKIN INTEGRATED CARE BOARD",274816,958220.42,0,0
2026-04-01,QSL,"NHS SOMERSET INTEGRATED CARE BOARD",313044,1082345.17,0,0
2026-04-01,QUY,"NHS BRISTOL, NORTH SOMERSET AND SOUTH GLOUCESTERSHIRE INTEGRATED CARE BOARD",390548,1367225.06,0,0
2026-04-01,QT6,"NHS CORNWALL AND THE ISLES OF SCILLY INTEGRATED CARE BOARD",405646,1398901.17,0,0
2026-04-01,QR1,"NHS GLOUCESTERSHIRE INTEGRATED CARE BOARD",405854,1113193.23,0,0
2026-04-01,QGH,"NHS HEREFORDSHIRE AND WORCESTERSHIRE INTEGRATED CARE BOARD",443087,1643996.16,0,0
2026-04-01,QVV,"NHS DORSET INTEGRATED CARE BOARD",457585,1544051.11,0,0
2026-04-01,QPM,"NHS NORTHAMPTONSHIRE INTEGRATED CARE BOARD",528466,1319724.43,0,0
2026-04-01,QOX,"NHS BATH AND NORTH EAST SOMERSET, SWINDON AND WILTSHIRE INTEGRATED CARE BOARD",537587,1799672.5,0,0
2026-04-01,QJ2,"NHS DERBY AND DERBYSHIRE INTEGRATED CARE BOARD",573816,2223997.64,0,0
2026-04-01,QWU,"NHS COVENTRY AND WARWICKSHIRE INTEGRATED CARE BOARD",574626,1743592.86,0,0
2026-04-01,QHL,"NHS BIRMINGHAM AND SOLIHULL INTEGRATED CARE BOARD",617581,2321512.98,0,0
2026-04-01,QUA,"NHS BLACK COUNTRY INTEGRATED CARE BOARD",663825,2458155.97,0,0
2026-04-01,QWE,"NHS SOUTH WEST LONDON INTEGRATED CARE BOARD",692557,1958279.14,0,0
2026-04-01,QK1,"NHS LEICESTER, LEICESTERSHIRE AND RUTLAND INTEGRATED CARE BOARD",696965,2452544.72,0,0
2026-04-01,QT1,"NHS NOTTINGHAM AND NOTTINGHAMSHIRE INTEGRATED CARE BOARD",709862,2029958.56,0,0
2026-04-01,QNC,"NHS STAFFORDSHIRE AND STOKE-ON-TRENT INTEGRATED CARE BOARD",718453,2480449.34,0,0
2026-04-01,QKK,"NHS SOUTH EAST LONDON INTEGRATED CARE BOARD",719419,2377997.95,0,0
2026-04-01,QJM,"NHS LINCOLNSHIRE INTEGRATED CARE BOARD",727420,2314011.97,0,0
2026-04-01,QJK,"NHS DEVON INTEGRATED CARE BOARD",732049,2400255.33,0,0
2026-04-01,QRL,"NHS HAMPSHIRE AND ISLE OF WIGHT INTEGRATED CARE BOARD",968435,3672573.3,0,0
2026-04-01,QKS,"NHS KENT AND MEDWAY INTEGRATED CARE BOARD",984894,3370705.79,0,0
2026-04-01,S0E4D,"NHS THAMES VALLEY INTEGRATED CARE BOARD",1006728,3250274.54,0,0
2026-04-01,QMF,"NHS NORTH EAST LONDON INTEGRATED CARE BOARD",1027063,2567552.67,0,0
2026-04-01,QF7,"NHS SOUTH YORKSHIRE INTEGRATED CARE BOARD",1046405,2541117.34,0,0
2026-04-01,D7T5G,"NHS ESSEX INTEGRATED CARE BOARD",1119122,3906631.44,0,0
2026-04-01,QE1,"NHS LANCASHIRE AND SOUTH CUMBRIA INTEGRATED CARE BOARD",1178241,3468970.19,0,0
2026-04-01,T6Y0W,"NHS NORFOLK AND SUFFOLK INTEGRATED CARE BOARD",1207226,3949610.57,0,0
2026-04-01,QOQ,"NHS HUMBER AND NORTH YORKSHIRE INTEGRATED CARE BOARD",1257316,3874481.58,0,0
2026-04-01,S9B9J,"NHS SURREY AND SUSSEX INTEGRATED CARE BOARD",1405290,5323799.24,0,0
2026-04-01,QWO,"NHS WEST YORKSHIRE INTEGRATED CARE BOARD",1499160,4337611.72,0,0
2026-04-01,QYG,"NHS CHESHIRE AND MERSEYSIDE INTEGRATED CARE BOARD",1619706,5890455.53,0,0
2026-04-01,S1Y5D,"NHS CENTRAL EAST INTEGRATED CARE BOARD",1668820,5023142.39,0,0
2026-04-01,QOP,"NHS GREATER MANCHESTER INTEGRATED CARE BOARD",1691601,5172387.54,0,0
2026-04-01,Z9B2Z,"NHS WEST AND NORTH LONDON INTEGRATED CARE BOARD",1726439,4717434.5,0,0
2026-04-01,QHM,"NHS NORTH EAST AND NORTH CUMBRIA INTEGRATED CARE BOARD",2511201,6238228.19,0,0
2026-05-01,QOC,"NHS SHROPSHIRE, TELFORD AND WREKIN INTEGRATED CARE BOARD",267805,971609.93,0,0
2026-05-01,QSL,"NHS SOMERSET INTEGRATED CARE BOARD",312132,1103032.59,0,0
2026-05-01,QUY,"NHS BRISTOL, NORTH SOMERSET AND SOUTH GLOUCESTERSHIRE INTEGRATED CARE BOARD",392810,1458779.64,0,0
2026-05-01,QT6,"NHS CORNWALL AND THE ISLES OF SCILLY INTEGRATED CARE BOARD",401474,1425210.78,0,0
2026-05-01,QR1,"NHS GLOUCESTERSHIRE INTEGRATED CARE BOARD",406384,1166097.21,0,0
2026-05-01,QGH,"NHS HEREFORDSHIRE AND WORCESTERSHIRE INTEGRATED CARE BOARD",431979,1670552.48,0,0
2026-05-01,QVV,"NHS DORSET INTEGRATED CARE BOARD",452343,1592282.69,0,0
2026-05-01,QPM,"NHS NORTHAMPTONSHIRE INTEGRATED CARE BOARD",511574,1333661.26,0,0
2026-05-01,QOX,"NHS BATH AND NORTH EAST SOMERSET, SWINDON AND WILTSHIRE INTEGRATED CARE BOARD",534754,1854083.72,0,0
2026-05-01,QJ2,"NHS DERBY AND DERBYSHIRE INTEGRATED CARE BOARD",561797,2243516.4,0,0
2026-05-01,QWU,"NHS COVENTRY AND WARWICKSHIRE INTEGRATED CARE BOARD",566512,1764148.48,0,0
2026-05-01,QHL,"NHS BIRMINGHAM AND SOLIHULL INTEGRATED CARE BOARD",589131,2297459.01,0,0
2026-05-01,QUA,"NHS BLACK COUNTRY INTEGRATED CARE BOARD",649344,2460717.64,0,0
2026-05-01,QWE,"NHS SOUTH WEST LONDON INTEGRATED CARE BOARD",669056,1982856.01,0,0
2026-05-01,QK1,"NHS LEICESTER, LEICESTERSHIRE AND RUTLAND INTEGRATED CARE BOARD",681643,2485957.21,0,0
2026-05-01,QT1,"NHS NOTTINGHAM AND NOTTINGHAMSHIRE INTEGRATED CARE BOARD",686475,2028073.03,0,0
2026-05-01,QKK,"NHS SOUTH EAST LONDON INTEGRATED CARE BOARD",698514,2405429.98,0,0
2026-05-01,QNC,"NHS STAFFORDSHIRE AND STOKE-ON-TRENT INTEGRATED CARE BOARD",706140,2525931.31,0,0
2026-05-01,QJM,"NHS LINCOLNSHIRE INTEGRATED CARE BOARD",710442,2313338.44,0,0
2026-05-01,QJK,"NHS DEVON INTEGRATED CARE BOARD",725188,2511779.19,0,0
2026-05-01,QRL,"NHS HAMPSHIRE AND ISLE OF WIGHT INTEGRATED CARE BOARD",950913,3764869.85,0,0
2026-05-01,QKS,"NHS KENT AND MEDWAY INTEGRATED CARE BOARD",967365,3402381.81,0,0
2026-05-01,S0E4D,"NHS THAMES VALLEY INTEGRATED CARE BOARD",992723,3348193.38,0,0
2026-05-01,QMF,"NHS NORTH EAST LONDON INTEGRATED CARE BOARD",994749,2551588.04,0,0
2026-05-01,QF7,"NHS SOUTH YORKSHIRE INTEGRATED CARE BOARD",1009447,2576492,0,0
2026-05-01,D7T5G,"NHS ESSEX INTEGRATED CARE BOARD",1089777,3931259.55,0,0
2026-05-01,QE1,"NHS LANCASHIRE AND SOUTH CUMBRIA INTEGRATED CARE BOARD",1143305,3517069.56,0,0
2026-05-01,T6Y0W,"NHS NORFOLK AND SUFFOLK INTEGRATED CARE BOARD",1191428,4031935.16,0,0
2026-05-01,QOQ,"NHS HUMBER AND NORTH YORKSHIRE INTEGRATED CARE BOARD",1233353,3929861.27,0,0
2026-05-01,S9B9J,"NHS SURREY AND SUSSEX INTEGRATED CARE BOARD",1394725,5482236.83,0,0
2026-05-01,QWO,"NHS WEST YORKSHIRE INTEGRATED CARE BOARD",1457083,4402797.36,0,0
2026-05-01,QYG,"NHS CHESHIRE AND MERSEYSIDE INTEGRATED CARE BOARD",1579470,5811990.31,0,0
2026-05-01,S1Y5D,"NHS CENTRAL EAST INTEGRATED CARE BOARD",1642524,5160048.63,0,0
2026-05-01,QOP,"NHS GREATER MANCHESTER INTEGRATED CARE BOARD",1648934,5220525.8,0,0
2026-05-01,Z9B2Z,"NHS WEST AND NORTH LONDON INTEGRATED CARE BOARD",1705367,4842010.98,0,0
2026-05-01,QHM,"NHS NORTH EAST AND NORTH CUMBRIA INTEGRATED CARE BOARD",2444233,6297142.92,0,0
2026-06-01,QOC,"NHS SHROPSHIRE, TELFORD AND WREKIN INTEGRATED CARE BOARD",280622,1108740.88,0,0
2026-06-01,QSL,"NHS SOMERSET INTEGRATED CARE BOARD",319898,1167329.55,0,0
2026-06-01,QUY,"NHS BRISTOL, NORTH SOMERSET AND SOUTH GLOUCESTERSHIRE INTEGRATED CARE BOARD",401776,1615725.63,0,0
2026-06-01,QT6,"NHS CORNWALL AND THE ISLES OF SCILLY INTEGRATED CARE BOARD",416691,1541609.49,0,0
2026-06-01,QR1,"NHS GLOUCESTERSHIRE INTEGRATED CARE BOARD",419673,1290424.83,0,0
2026-06-01,QGH,"NHS HEREFORDSHIRE AND WORCESTERSHIRE INTEGRATED CARE BOARD",454492,1877924.21,0,0
2026-06-01,QVV,"NHS DORSET INTEGRATED CARE BOARD",467683,1745495.35,0,0
2026-06-01,QPM,"NHS NORTHAMPTONSHIRE INTEGRATED CARE BOARD",531220,1509298.46,0,0
2026-06-01,QOX,"NHS BATH AND NORTH EAST SOMERSET, SWINDON AND WILTSHIRE INTEGRATED CARE BOARD",552141,2060822.8,0,0
2026-06-01,QWU,"NHS COVENTRY AND WARWICKSHIRE INTEGRATED CARE BOARD",586550,1971450.77,0,0
2026-06-01,QJ2,"NHS DERBY AND DERBYSHIRE INTEGRATED CARE BOARD",588724,2431611.48,0,0
2026-06-01,QHL,"NHS BIRMINGHAM AND SOLIHULL INTEGRATED CARE BOARD",622256,2612907.25,0,0
2026-06-01,QUA,"NHS BLACK COUNTRY INTEGRATED CARE BOARD",680888,2875373.55,0,0
2026-06-01,QWE,"NHS SOUTH WEST LONDON INTEGRATED CARE BOARD",694059,2156325.6,0,0
2026-06-01,QT1,"NHS NOTTINGHAM AND NOTTINGHAMSHIRE INTEGRATED CARE BOARD",712713,2279641.79,0,0
2026-06-01,QK1,"NHS LEICESTER, LEICESTERSHIRE AND RUTLAND INTEGRATED CARE BOARD",715981,2797387.71,0,0
2026-06-01,QNC,"NHS STAFFORDSHIRE AND STOKE-ON-TRENT INTEGRATED CARE BOARD",727948,2778963.96,0,0
2026-06-01,QJM,"NHS LINCOLNSHIRE INTEGRATED CARE BOARD",731849,2514969.25,0,0
2026-06-01,QKK,"NHS SOUTH EAST LONDON INTEGRATED CARE BOARD",734926,2718225.15,0,0
2026-06-01,QJK,"NHS DEVON INTEGRATED CARE BOARD",753199,2751952.12,0,0
2026-06-01,QRL,"NHS HAMPSHIRE AND ISLE OF WIGHT INTEGRATED CARE BOARD",987679,4171432.01,0,0
2026-06-01,QKS,"NHS KENT AND MEDWAY INTEGRATED CARE BOARD",1007383,3742771.03,0,0
2026-06-01,S0E4D,"NHS THAMES VALLEY INTEGRATED CARE BOARD",1022353,3662980.84,0,0
2026-06-01,QMF,"NHS NORTH EAST LONDON INTEGRATED CARE BOARD",1063777,2975390.02,0,0
2026-06-01,QF7,"NHS SOUTH YORKSHIRE INTEGRATED CARE BOARD",1065132,2913969.41,0,0
2026-06-01,D7T5G,"NHS ESSEX INTEGRATED CARE BOARD",1132591,4278620.02,0,0
2026-06-01,QE1,"NHS LANCASHIRE AND SOUTH CUMBRIA INTEGRATED CARE BOARD",1189614,3862869.38,0,0
2026-06-01,T6Y0W,"NHS NORFOLK AND SUFFOLK INTEGRATED CARE BOARD",1230810,4367639.85,0,0
2026-06-01,QOQ,"NHS HUMBER AND NORTH YORKSHIRE INTEGRATED CARE BOARD",1276089,4302702.3,0,0
2026-06-01,S9B9J,"NHS SURREY AND SUSSEX INTEGRATED CARE BOARD",1445220,6071123.05,0,0
2026-06-01,QWO,"NHS WEST YORKSHIRE INTEGRATED CARE BOARD",1537909,4988185.34,0,0
2026-06-01,QYG,"NHS CHESHIRE AND MERSEYSIDE INTEGRATED CARE BOARD",1638752,6149662.23,0,0
2026-06-01,S1Y5D,"NHS CENTRAL EAST INTEGRATED CARE BOARD",1706048,5666740.87,0,0
2026-06-01,QOP,"NHS GREATER MANCHESTER INTEGRATED CARE BOARD",1733345,5852396.27,0,0
2026-06-01,Z9B2Z,"NHS WEST AND NORTH LONDON INTEGRATED CARE BOARD",1783295,5442786.93,0,0
2026-06-01,QHM,"NHS NORTH EAST AND NORTH CUMBRIA INTEGRATED CARE BOARD",2559085,7135013.48,0,0