Indicator ID,Indicator Name,Parent Code,Parent Name,Area Code,Area Name,Area Type,Sex,Age,Category Type,Category,Time period,Value,Lower CI 95.0 limit,Upper CI 95.0 limit,Lower CI 99.8 limit,Upper CI 99.8 limit,Count,Denominator,Value note,Recent Trend,Compared to England value or percentiles,Compared to percentiles,Time period Sortable,New data,Compared to goal,Time period range
93015,Percentage of physically inactive adults,,,E92000001,England,England,Male,19+ yrs,,,2015/16,20.61145,20.34712,20.88604,20.17061,21.02725,,84985,,,Not compared,Not compared,20150000,,,1y
93015,Percentage of physically inactive adults,,,E92000001,England,England,Female,19+ yrs,,,2015/16,23.93854,23.67863,24.19139,23.53572,24.32776,,107067,,,Not compared,Not compared,20150000,,,1y
93015,Percentage of physically inactive adults,,,E92000001,England,England,Persons,85+ yrs,,,2015/16,63.52882,62.01018,65.01272,61.14501,65.77613,,3930,,,Not compared,Not compared,20150000,,,1y
93015,Percentage of physically inactive adults,,,E92000001,England,England,Persons,25-34 yrs,,,2015/16,17.62553,17.16014,18.10792,16.84979,18.42245,,24481,,,Not compared,Not compared,20150000,,,1y
93015,Percentage of physically inactive adults,,,E92000001,England,England,Persons,35-44 yrs,,,2015/16,18.00251,17.58853,18.43988,17.35231,18.65351,,30895,,,Not compared,Not compared,20150000,,,1y
93015,Percentage of physically inactive adults,,,E92000001,England,England,Persons,45-54 yrs,,,2015/16,18.8809,18.4606,19.29215,18.20383,19.52849,,34273,,,Not compared,Not compared,20150000,,,1y
93015,Percentage of physically inactive adults,,,E92000001,England,England,Persons,55-64 yrs,,,2015/16,23.38793,22.96606,23.81761,22.69555,24.0643,,37699,,,Not compared,Not compared,20150000,,,1y
93015,Percentage of physically inactive adults,,,E92000001,England,England,Persons,65-74 yrs,,,2015/16,24.77077,24.33505,25.20375,24.08579,25.51743,,37300,,,Not compared,Not compared,20150000,,,1y
93015,Percentage of physically inactive adults,,,E92000001,England,England,Persons,75-84 yrs,,,2015/16,40.9081,40.13807,41.68656,39.70575,42.05433,,15499,,,Not compared,Not compared,20150000,,,1y
93015,Percentage of physically inactive adults,,,E92000001,England,England,Persons,19-24 yrs,,,2015/16,14.20456,13.43893,14.97339,12.96869,15.35701,,8081,,,Not compared,Not compared,20150000,,,1y
93015,Percentage of physically inactive adults,,,E92000001,England,England,Persons,19+ yrs,,,2015/16,22.33011,22.14532,22.52105,22.06257,22.6319,,192158,,,Not compared,Not compared,20150000,,,1y
93015,Percentage of physically inactive adults,,,E92000001,England,England,Persons,19+ yrs,Working status,Inactive,2015/16,32.11715,31.77097,32.45397,31.56463,32.63753,,70278,,,Worse,Not compared,20150000,,,1y
93015,Percentage of physically inactive adults,,,E92000001,England,England,Persons,19+ yrs,Working status,Unemployed,2015/16,28.61442,27.37741,29.83919,26.60312,30.53409,,5037,,,Worse,Not compared,20150000,,,1y
93015,Percentage of physically inactive adults,,,E92000001,England,England,Persons,19+ yrs,Working status,Working,2015/16,17.27917,17.04993,17.511,16.92383,17.67848,,103889,,,Better,Not compared,20150000,,,1y
93015,Percentage of physically inactive adults,,,E92000001,England,England,Persons,19+ yrs,Disability,Disabled,2015/16,37.76394,37.23827,38.28988,36.92842,38.5434,,31951,,,Worse,Not compared,20150000,,,1y
93015,Percentage of physically inactive adults,,,E92000001,England,England,Persons,19+ yrs,Disability,Not disabled,2015/16,18.1564,17.96236,18.35307,17.84711,18.45895,,149223,,,Better,Not compared,20150000,,,1y
93015,Percentage of physically inactive adults,,,E92000001,England,England,Persons,19+ yrs,Ethnic groups,White British,2015/16,21.34119,21.1382,21.54305,21.02501,21.65442,,162535,,,Better,Not compared,20150000,,,1y
93015,Percentage of physically inactive adults,,,E92000001,England,England,Persons,19+ yrs,Ethnic groups,White Other,2015/16,21.19372,20.39086,22.02461,19.90486,22.46925,,9671,,,Better,Not compared,20150000,,,1y
93015,Percentage of physically inactive adults,,,E92000001,England,England,Persons,19+ yrs,Ethnic groups,Asian,2015/16,29.24832,28.23656,30.26549,27.70587,30.89179,,7345,,,Worse,Not compared,20150000,,,1y
93015,Percentage of physically inactive adults,,,E92000001,England,England,Persons,19+ yrs,Ethnic groups,Black,2015/16,28.86674,27.12766,30.6231,26.13974,31.61098,,2632,,,Worse,Not compared,20150000,,,1y
93015,Percentage of physically inactive adults,,,E92000001,England,England,Persons,19+ yrs,Ethnic groups,Chinese,2015/16,28.7541,26.03143,31.53242,24.55786,33.39882,,1018,,,Worse,Not compared,20150000,,,1y
93015,Percentage of physically inactive adults,,,E92000001,England,England,Persons,19+ yrs,Ethnic groups,Mixed,2015/16,17.47009,15.71509,19.27643,14.52798,20.40707,,1769,,,Better,Not compared,20150000,,,1y
93015,Percentage of physically inactive adults,,,E92000001,England,England,Persons,19+ yrs,Ethnic groups,Other,2015/16,28.53106,26.22036,30.96234,24.82552,32.28731,,1434,,,Worse,Not compared,20150000,,,1y
93015,Percentage of physically inactive adults,,,E92000001,England,England,Persons,19+ yrs,LSOA11 deprivation deciles within area (IMD  trend),Most deprived decile,2015/16,31.24533,30.59115,31.90937,30.23128,32.29051,89.0,18891,,,Worse,Not compared,20150000,,,1y
93015,Percentage of physically inactive adults,,,E92000001,England,England,Persons,19+ yrs,LSOA11 deprivation deciles within area (IMD  trend),Second most deprived decile,2015/16,25.83956,25.20938,26.45519,24.84295,26.77975,97.0,19104,,,Worse,Not compared,20150000,,,1y
93015,Percentage of physically inactive adults,,,E92000001,England,England,Persons,19+ yrs,LSOA11 deprivation deciles within area (IMD  trend),Third more deprived decile,2015/16,24.41745,23.81497,25.02079,23.51351,25.40542,105.0,19240,,,Worse,Not compared,20150000,,,1y
93015,Percentage of physically inactive adults,,,E92000001,England,England,Persons,19+ yrs,LSOA11 deprivation deciles within area (IMD  trend),Fourth more deprived decile,2015/16,22.07538,21.47909,22.64926,21.12024,23.00292,81.0,19228,,,Similar,Not compared,20150000,,,1y
93015,Percentage of physically inactive adults,,,E92000001,England,England,Persons,19+ yrs,LSOA11 deprivation deciles within area (IMD  trend),Fifth more deprived decile,2015/16,21.74449,21.17848,22.33518,20.89319,22.62047,73.0,19279,,,Similar,Not compared,20150000,,,1y
93015,Percentage of physically inactive adults,,,E92000001,England,England,Persons,19+ yrs,LSOA11 deprivation deciles within area (IMD  trend),Fifth less deprived decile,2015/16,20.10474,19.52709,20.67056,19.22181,21.00689,69.0,19327,,,Better,Not compared,20150000,,,1y
93015,Percentage of physically inactive adults,,,E92000001,England,England,Persons,19+ yrs,LSOA11 deprivation deciles within area (IMD  trend),Fourth less deprived decile,2015/16,19.5854,19.02863,20.14705,18.70242,20.50433,77.0,19313,,,Better,Not compared,20150000,,,1y
93015,Percentage of physically inactive adults,,,E92000001,England,England,Persons,19+ yrs,LSOA11 deprivation deciles within area (IMD  trend),Third less deprived decile,2015/16,19.46066,18.89437,20.02076,18.57773,20.32703,101.0,19265,,,Better,Not compared,20150000,,,1y
93015,Percentage of physically inactive adults,,,E92000001,England,England,Persons,19+ yrs,LSOA11 deprivation deciles within area (IMD  trend),Second least deprived decile,2015/16,18.15752,17.60742,18.70108,17.31195,19.00692,93.0,19293,,,Better,Not compared,20150000,,,1y
93015,Percentage of physically inactive adults,,,E92000001,England,England,Persons,19+ yrs,LSOA11 deprivation deciles within area (IMD  trend),Least deprived decile,2015/16,16.59868,16.08119,17.12724,15.75332,17.41869,85.0,19215,,,Better,Not compared,20150000,,,1y
93015,Percentage of physically inactive adults,,,E92000001,England,England,Persons,19+ yrs,Level of education,No qualification,2015/16,45.49129,44.78178,46.19681,44.35637,46.57979,,18800,,,Worse,Not compared,20150000,,,1y
93015,Percentage of physically inactive adults,,,E92000001,England,England,Persons,19+ yrs,Level of education,Another type of qualification,2015/16,29.0484,28.16604,29.9396,27.6867,30.47646,,10431,,,Worse,Not compared,20150000,,,1y
93015,Percentage of physically inactive adults,,,E92000001,England,England,Persons,19+ yrs,Level of education,Level 1 and below,2015/16,30.36709,29.06977,31.69681,28.31609,32.47203,,4644,,,Worse,Not compared,20150000,,,1y
93015,Percentage of physically inactive adults,,,E92000001,England,England,Persons,19+ yrs,Level of education,Level 2 and equivalent,2015/16,23.57724,23.10191,24.05414,22.84076,24.34076,,31400,,,Worse,Not compared,20150000,,,1y
93015,Percentage of physically inactive adults,,,E92000001,England,England,Persons,19+ yrs,Level of education,Level 3 and equivalent,2015/16,17.54489,17.08493,18.0225,16.81335,18.27505,,26134,,,Better,Not compared,20150000,,,1y
93015,Percentage of physically inactive adults,,,E92000001,England,England,Persons,19+ yrs,Level of education,Level 4 and above,2015/16,14.8226,14.58844,15.05087,14.46858,15.1964,,93430,,,Better,Not compared,20150000,,,1y
93015,Percentage of physically inactive adults,,,E92000001,England,England,Persons,19+ yrs,Socioeconomic class,"Managerial, administrative and professional occupations",2015/16,13.7318,13.51434,13.95035,13.39532,14.06095,,94951,People aged 75 and over are excluded from NS-SeC (National Statistics Socio-economic Classification) economic activity questions in the Active Lives Adult Survey,,Better,Not compared,20150000,,,1y
93015,Percentage of physically inactive adults,,,E92000001,England,England,Persons,19+ yrs,Socioeconomic class,Intermediate occupations,2015/16,20.20191,19.6369,20.77475,19.29301,21.07313,,19774,People aged 75 and over are excluded from NS-SeC (National Statistics Socio-economic Classification) economic activity questions in the Active Lives Adult Survey,,Better,Not compared,20150000,,,1y
93015,Percentage of physically inactive adults,,,E92000001,England,England,Persons,19+ yrs,Socioeconomic class,Self-employed and small employers,2015/16,19.91179,19.19337,20.63076,18.74524,21.05353,,11827,People aged 75 and over are excluded from NS-SeC (National Statistics Socio-economic Classification) economic activity questions in the Active Lives Adult Survey,,Better,Not compared,20150000,,,1y
93015,Percentage of physically inactive adults,,,E92000001,England,England,Persons,19+ yrs,Socioeconomic class,Lower supervisory and technical occupations,2015/16,22.84779,22.14204,23.57007,21.73186,23.94228,,13165,People aged 75 and over are excluded from NS-SeC (National Statistics Socio-economic Classification) economic activity questions in the Active Lives Adult Survey,,Similar,Not compared,20150000,,,1y
93015,Percentage of physically inactive adults,,,E92000001,England,England,Persons,19+ yrs,Socioeconomic class,Semi-routine and routine occupations,2015/16,27.79765,27.15699,28.44667,26.79635,28.82903,,18301,People aged 75 and over are excluded from NS-SeC (National Statistics Socio-economic Classification) economic activity questions in the Active Lives Adult Survey,,Worse,Not compared,20150000,,,1y
93015,Percentage of physically inactive adults,,,E92000001,England,England,Persons,19+ yrs,Socioeconomic class,Long term unemployed or never worked,2015/16,34.74805,33.27167,36.25793,32.45243,37.13007,,3784,People aged 75 and over are excluded from NS-SeC (National Statistics Socio-economic Classification) economic activity questions in the Active Lives Adult Survey,,Worse,Not compared,20150000,,,1y
93015,Percentage of physically inactive adults,,,E92000001,England,England,Persons,19+ yrs,Socioeconomic class,Students,2015/16,10.82277,9.7896,11.89363,9.11745,12.50731,,3422,People aged 75 and over are excluded from NS-SeC (National Statistics Socio-economic Classification) economic activity questions in the Active Lives Adult Survey,,Better,Not compared,20150000,,,1y
93015,Percentage of physically inactive adults,,,E92000001,England,England,Persons,19+ yrs,Socioeconomic class,Other/unclassified,2015/16,33.38762,32.31179,34.48368,31.65887,35.10995,,7505,People aged 75 and over are excluded from NS-SeC (National Statistics Socio-economic Classification) economic activity questions in the Active Lives Adult Survey,,Worse,Not compared,20150000,,,1y
93015,Percentage of physically inactive adults,E92000001,England,E92000001,England,England,Male,19+ yrs,,,2015/16,20.61145,20.34712,20.88604,20.17061,21.02725,,84985,,,Similar,Not compared,20150000,,,1y
93015,Percentage of physically inactive adults,E92000001,England,E92000001,England,England,Female,19+ yrs,,,2015/16,23.93854,23.67863,24.19139,23.53572,24.32776,,107067,,,Similar,Not compared,20150000,,,1y
93015,Percentage of physically inactive adults,E92000001,England,E92000001,England,England,Persons,85+ yrs,,,2015/16,63.52882,62.01018,65.01272,61.14501,65.77613,,3930,,,Similar,Not compared,20150000,,,1y
93015,Percentage of physically inactive adults,E92000001,England,E92000001,England,England,Persons,25-34 yrs,,,2015/16,17.62553,17.16014,18.10792,16.84979,18.42245,,24481,,,Similar,Not compared,20150000,,,1y
93015,Percentage of physically inactive adults,E92000001,England,E92000001,England,England,Persons,35-44 yrs,,,2015/16,18.00251,17.58853,18.43988,17.35231,18.65351,,30895,,,Similar,Not compared,20150000,,,1y
93015,Percentage of physically inactive adults,E92000001,England,E92000001,England,England,Persons,45-54 yrs,,,2015/16,18.8809,18.4606,19.29215,18.20383,19.52849,,34273,,,Similar,Not compared,20150000,,,1y
93015,Percentage of physically inactive adults,E92000001,England,E92000001,England,England,Persons,55-64 yrs,,,2015/16,23.38793,22.96606,23.81761,22.69555,24.0643,,37699,,,Similar,Not compared,20150000,,,1y
93015,Percentage of physically inactive adults,E92000001,England,E92000001,England,England,Persons,65-74 yrs,,,2015/16,24.77077,24.33505,25.20375,24.08579,25.51743,,37300,,,Similar,Not compared,20150000,,,1y
93015,Percentage of physically inactive adults,E92000001,England,E92000001,England,England,Persons,75-84 yrs,,,2015/16,40.9081,40.13807,41.68656,39.70575,42.05433,,15499,,,Similar,Not compared,20150000,,,1y
93015,Percentage of physically inactive adults,E92000001,England,E92000001,England,England,Persons,19-24 yrs,,,2015/16,14.20456,13.43893,14.97339,12.96869,15.35701,,8081,,,Similar,Not compared,20150000,,,1y
93015,Percentage of physically inactive adults,E92000001,England,E92000001,England,England,Persons,19+ yrs,,,2015/16,22.33011,22.14532,22.52105,22.06257,22.6319,,192158,,,Similar,Not compared,20150000,,,1y
93015,Percentage of physically inactive adults,E92000001,England,E92000001,England,England,Persons,19+ yrs,Working status,Inactive,2015/16,32.11715,31.77097,32.45397,31.56463,32.63753,,70278,,,Worse,Not compared,20150000,,,1y
93015,Percentage of physically inactive adults,E92000001,England,E92000001,England,England,Persons,19+ yrs,Working status,Unemployed,2015/16,28.61442,27.37741,29.83919,26.60312,30.53409,,5037,,,Worse,Not compared,20150000,,,1y
93015,Percentage of physically inactive adults,E92000001,England,E92000001,England,England,Persons,19+ yrs,Working status,Working,2015/16,17.27917,17.04993,17.511,16.92383,17.67848,,103889,,,Better,Not compared,20150000,,,1y
93015,Percentage of physically inactive adults,E92000001,England,E92000001,England,England,Persons,19+ yrs,Disability,Disabled,2015/16,37.76394,37.23827,38.28988,36.92842,38.5434,,31951,,,Worse,Not compared,20150000,,,1y
93015,Percentage of physically inactive adults,E92000001,England,E92000001,England,England,Persons,19+ yrs,Disability,Not disabled,2015/16,18.1564,17.96236,18.35307,17.84711,18.45895,,149223,,,Better,Not compared,20150000,,,1y
93015,Percentage of physically inactive adults,E92000001,England,E92000001,England,England,Persons,19+ yrs,Ethnic groups,White British,2015/16,21.34119,21.1382,21.54305,21.02501,21.65442,,162535,,,Better,Not compared,20150000,,,1y
93015,Percentage of physically inactive adults,E92000001,England,E92000001,England,England,Persons,19+ yrs,Ethnic groups,White Other,2015/16,21.19372,20.39086,22.02461,19.90486,22.46925,,9671,,,Better,Not compared,20150000,,,1y
93015,Percentage of physically inactive adults,E92000001,England,E92000001,England,England,Persons,19+ yrs,Ethnic groups,Asian,2015/16,29.24832,28.23656,30.26549,27.70587,30.89179,,7345,,,Worse,Not compared,20150000,,,1y
93015,Percentage of physically inactive adults,E92000001,England,E92000001,England,England,Persons,19+ yrs,Ethnic groups,Black,2015/16,28.86674,27.12766,30.6231,26.13974,31.61098,,2632,,,Worse,Not compared,20150000,,,1y
93015,Percentage of physically inactive adults,E92000001,England,E92000001,England,England,Persons,19+ yrs,Ethnic groups,Chinese,2015/16,28.7541,26.03143,31.53242,24.55786,33.39882,,1018,,,Worse,Not compared,20150000,,,1y
93015,Percentage of physically inactive adults,E92000001,England,E92000001,England,England,Persons,19+ yrs,Ethnic groups,Mixed,2015/16,17.47009,15.71509,19.27643,14.52798,20.40707,,1769,,,Better,Not compared,20150000,,,1y
93015,Percentage of physically inactive adults,E92000001,England,E92000001,England,England,Persons,19+ yrs,Ethnic groups,Other,2015/16,28.53106,26.22036,30.96234,24.82552,32.28731,,1434,,,Worse,Not compared,20150000,,,1y
93015,Percentage of physically inactive adults,E92000001,England,E92000001,England,England,Persons,19+ yrs,LSOA11 deprivation deciles within area (IMD  trend),Most deprived decile,2015/16,31.24533,30.59115,31.90937,30.23128,32.29051,89.0,18891,,,Worse,Not compared,20150000,,,1y
93015,Percentage of physically inactive adults,E92000001,England,E92000001,England,England,Persons,19+ yrs,LSOA11 deprivation deciles within area (IMD  trend),Second most deprived decile,2015/16,25.83956,25.20938,26.45519,24.84295,26.77975,97.0,19104,,,Worse,Not compared,20150000,,,1y
93015,Percentage of physically inactive adults,E92000001,England,E92000001,England,England,Persons,19+ yrs,LSOA11 deprivation deciles within area (IMD  trend),Third more deprived decile,2015/16,24.41745,23.81497,25.02079,23.51351,25.40542,105.0,19240,,,Worse,Not compared,20150000,,,1y
93015,Percentage of physically inactive adults,E92000001,England,E92000001,England,England,Persons,19+ yrs,LSOA11 deprivation deciles within area (IMD  trend),Fourth more deprived decile,2015/16,22.07538,21.47909,22.64926,21.12024,23.00292,81.0,19228,,,Similar,Not compared,20150000,,,1y
93015,Percentage of physically inactive adults,E92000001,England,E92000001,England,England,Persons,19+ yrs,LSOA11 deprivation deciles within area (IMD  trend),Fifth more deprived decile,2015/16,21.74449,21.17848,22.33518,20.89319,22.62047,73.0,19279,,,Similar,Not compared,20150000,,,1y
93015,Percentage of physically inactive adults,E92000001,England,E92000001,England,England,Persons,19+ yrs,LSOA11 deprivation deciles within area (IMD  trend),Fifth less deprived decile,2015/16,20.10474,19.52709,20.67056,19.22181,21.00689,69.0,19327,,,Better,Not compared,20150000,,,1y
93015,Percentage of physically inactive adults,E92000001,England,E92000001,England,England,Persons,19+ yrs,LSOA11 deprivation deciles within area (IMD  trend),Fourth less deprived decile,2015/16,19.5854,19.02863,20.14705,18.70242,20.50433,77.0,19313,,,Better,Not compared,20150000,,,1y
93015,Percentage of physically inactive adults,E92000001,England,E92000001,England,England,Persons,19+ yrs,LSOA11 deprivation deciles within area (IMD  trend),Third less deprived decile,2015/16,19.46066,18.89437,20.02076,18.57773,20.32703,101.0,19265,,,Better,Not compared,20150000,,,1y
93015,Percentage of physically inactive adults,E92000001,England,E92000001,England,England,Persons,19+ yrs,LSOA11 deprivation deciles within area (IMD  trend),Second least deprived decile,2015/16,18.15752,17.60742,18.70108,17.31195,19.00692,93.0,19293,,,Better,Not compared,20150000,,,1y
93015,Percentage of physically inactive adults,E92000001,England,E92000001,England,England,Persons,19+ yrs,LSOA11 deprivation deciles within area (IMD  trend),Least deprived decile,2015/16,16.59868,16.08119,17.12724,15.75332,17.41869,85.0,19215,,,Better,Not compared,20150000,,,1y
93015,Percentage of physically inactive adults,E92000001,England,E92000001,England,England,Persons,19+ yrs,Level of education,No qualification,2015/16,45.49129,44.78178,46.19681,44.35637,46.57979,,18800,,,Worse,Not compared,20150000,,,1y
93015,Percentage of physically inactive adults,E92000001,England,E92000001,England,England,Persons,19+ yrs,Level of education,Another type of qualification,2015/16,29.0484,28.16604,29.9396,27.6867,30.47646,,10431,,,Worse,Not compared,20150000,,,1y
93015,Percentage of physically inactive adults,E92000001,England,E92000001,England,England,Persons,19+ yrs,Level of education,Level 1 and below,2015/16,30.36709,29.06977,31.69681,28.31609,32.47203,,4644,,,Worse,Not compared,20150000,,,1y
93015,Percentage of physically inactive adults,E92000001,England,E92000001,England,England,Persons,19+ yrs,Level of education,Level 2 and equivalent,2015/16,23.57724,23.10191,24.05414,22.84076,24.34076,,31400,,,Worse,Not compared,20150000,,,1y
93015,Percentage of physically inactive adults,E92000001,England,E92000001,England,England,Persons,19+ yrs,Level of education,Level 3 and equivalent,2015/16,17.54489,17.08493,18.0225,16.81335,18.27505,,26134,,,Better,Not compared,20150000,,,1y
93015,Percentage of physically inactive adults,E92000001,England,E92000001,England,England,Persons,19+ yrs,Level of education,Level 4 and above,2015/16,14.8226,14.58844,15.05087,14.46858,15.1964,,93430,,,Better,Not compared,20150000,,,1y
93015,Percentage of physically inactive adults,E92000001,England,E92000001,England,England,Persons,19+ yrs,Socioeconomic class,"Managerial, administrative and professional occupations",2015/16,13.7318,13.51434,13.95035,13.39532,14.06095,,94951,People aged 75 and over are excluded from NS-SeC (National Statistics Socio-economic Classification) economic activity questions in the Active Lives Adult Survey,,Better,Not compared,20150000,,,1y
93015,Percentage of physically inactive adults,E92000001,England,E92000001,England,England,Persons,19+ yrs,Socioeconomic class,Intermediate occupations,2015/16,20.20191,19.6369,20.77475,19.29301,21.07313,,19774,People aged 75 and over are excluded from NS-SeC (National Statistics Socio-economic Classification) economic activity questions in the Active Lives Adult Survey,,Better,Not compared,20150000,,,1y
93015,Percentage of physically inactive adults,E92000001,England,E92000001,England,England,Persons,19+ yrs,Socioeconomic class,Self-employed and small employers,2015/16,19.91179,19.19337,20.63076,18.74524,21.05353,,11827,People aged 75 and over are excluded from NS-SeC (National Statistics Socio-economic Classification) economic activity questions in the Active Lives Adult Survey,,Better,Not compared,20150000,,,1y
93015,Percentage of physically inactive adults,E92000001,England,E92000001,England,England,Persons,19+ yrs,Socioeconomic class,Lower supervisory and technical occupations,2015/16,22.84779,22.14204,23.57007,21.73186,23.94228,,13165,People aged 75 and over are excluded from NS-SeC (National Statistics Socio-economic Classification) economic activity questions in the Active Lives Adult Survey,,Similar,Not compared,20150000,,,1y
93015,Percentage of physically inactive adults,E92000001,England,E92000001,England,England,Persons,19+ yrs,Socioeconomic class,Semi-routine and routine occupations,2015/16,27.79765,27.15699,28.44667,26.79635,28.82903,,18301,People aged 75 and over are excluded from NS-SeC (National Statistics Socio-economic Classification) economic activity questions in the Active Lives Adult Survey,,Worse,Not compared,20150000,,,1y
93015,Percentage of physically inactive adults,E92000001,England,E92000001,England,England,Persons,19+ yrs,Socioeconomic class,Long term unemployed or never worked,2015/16,34.74805,33.27167,36.25793,32.45243,37.13007,,3784,People aged 75 and over are excluded from NS-SeC (National Statistics Socio-economic Classification) economic activity questions in the Active Lives Adult Survey,,Worse,Not compared,20150000,,,1y
93015,Percentage of physically inactive adults,E92000001,England,E92000001,England,England,Persons,19+ yrs,Socioeconomic class,Students,2015/16,10.82277,9.7896,11.89363,9.11745,12.50731,,3422,People aged 75 and over are excluded from NS-SeC (National Statistics Socio-economic Classification) economic activity questions in the Active Lives Adult Survey,,Better,Not compared,20150000,,,1y
93015,Percentage of physically inactive adults,E92000001,England,E92000001,England,England,Persons,19+ yrs,Socioeconomic class,Other/unclassified,2015/16,33.38762,32.31179,34.48368,31.65887,35.10995,,7505,People aged 75 and over are excluded from NS-SeC (National Statistics Socio-economic Classification) economic activity questions in the Active Lives Adult Survey,,Worse,Not compared,20150000,,,1y
93015,Percentage of physically inactive adults,,,E92000001,England,England,Male,19+ yrs,,,2016/17,20.75379,20.48316,21.02523,20.32713,21.17296,,83942,,,Not compared,Not compared,20160000,,,1y
93015,Percentage of physically inactive adults,,,E92000001,England,England,Female,19+ yrs,,,2016/17,23.63516,23.37869,23.88547,23.23525,24.02609,,105964,,,Not compared,Not compared,20160000,,,1y
93015,Percentage of physically inactive adults,,,E92000001,England,England,Persons,85+ yrs,,,2016/17,62.76094,61.24414,64.28943,60.38522,65.25247,,3842,,,Not compared,Not compared,20160000,,,1y
93015,Percentage of physically inactive adults,,,E92000001,England,England,Persons,25-34 yrs,,,2016/17,19.12698,18.64094,19.61989,18.30507,19.90662,,24414,,,Not compared,Not compared,20160000,,,1y
93015,Percentage of physically inactive adults,,,E92000001,England,England,Persons,35-44 yrs,,,2016/17,18.71748,18.28631,19.15647,17.98756,19.37076,,30799,,,Not compared,Not compared,20160000,,,1y
93015,Percentage of physically inactive adults,,,E92000001,England,England,Persons,45-54 yrs,,,2016/17,18.70382,18.29633,19.12275,18.03293,19.38623,,33400,,,Not compared,Not compared,20160000,,,1y
93015,Percentage of physically inactive adults,,,E92000001,England,England,Persons,55-64 yrs,,,2016/17,22.57252,22.14921,22.99219,21.9122,23.2319,,37130,,,Not compared,Not compared,20160000,,,1y
93015,Percentage of physically inactive adults,,,E92000001,England,England,Persons,65-74 yrs,,,2016/17,23.41731,22.98978,23.85024,22.77398,24.06605,,37073,,,Not compared,Not compared,20160000,,,1y
93015,Percentage of physically inactive adults,,,E92000001,England,England,Persons,75-84 yrs,,,2016/17,38.68233,37.9137,39.45939,37.42239,39.87329,,15464,,,Not compared,Not compared,20160000,,,1y
93015,Percentage of physically inactive adults,,,E92000001,England,England,Persons,19-24 yrs,,,2016/17,14.89981,14.1253,15.68202,13.66593,16.14138,,7837,,,Not compared,Not compared,20160000,,,1y
93015,Percentage of physically inactive adults,,,E92000001,England,England,Persons,19+ yrs,,,2016/17,22.24111,22.0579,22.42643,21.95158,22.53381,,189959,,,Not compared,Not compared,20160000,,,1y
93015,Percentage of physically inactive adults,,,E92000001,England,England,Persons,19+ yrs,Working status,Inactive,2016/17,30.84257,30.49707,31.20085,30.30378,31.39709,,67777,,,Worse,Not compared,20160000,,,1y
93015,Percentage of physically inactive adults,,,E92000001,England,England,Persons,19+ yrs,Working status,Unemployed,2016/17,29.35254,28.08288,30.61758,27.4995,31.34188,,4971,,,Worse,Not compared,20160000,,,1y
93015,Percentage of physically inactive adults,,,E92000001,England,England,Persons,19+ yrs,Working status,Working,2016/17,17.664,17.42802,17.89335,17.2896,18.03369,,104022,,,Better,Not compared,20160000,,,1y
93015,Percentage of physically inactive adults,,,E92000001,England,England,Persons,19+ yrs,Disability,Disabled,2016/17,37.24249,36.71738,37.77278,36.4088,38.05351,,32407,,,Worse,Not compared,20160000,,,1y
93015,Percentage of physically inactive adults,,,E92000001,England,England,Persons,19+ yrs,Disability,Not disabled,2016/17,18.2909,18.09416,18.49156,17.97977,18.61071,,147716,,,Better,Not compared,20160000,,,1y
93015,Percentage of physically inactive adults,,,E92000001,England,England,Persons,19+ yrs,Ethnic groups,White British,2016/17,20.973,20.77491,21.17195,20.67739,21.27828,,158932,,,Better,Not compared,20160000,,,1y
93015,Percentage of physically inactive adults,,,E92000001,England,England,Persons,19+ yrs,Ethnic groups,White Other,2016/17,21.96452,21.13173,22.77587,20.57695,23.20961,,9914,,,Similar,Not compared,20160000,,,1y
93015,Percentage of physically inactive adults,,,E92000001,England,England,Persons,19+ yrs,Ethnic groups,Asian,2016/17,30.46877,29.45716,31.51079,28.80313,32.16481,,7645,,,Worse,Not compared,20160000,,,1y
93015,Percentage of physically inactive adults,,,E92000001,England,England,Persons,19+ yrs,Ethnic groups,Black,2016/17,28.8592,27.1763,30.57791,26.29839,31.52893,,2734,,,Worse,Not compared,20160000,,,1y
93015,Percentage of physically inactive adults,,,E92000001,England,England,Persons,19+ yrs,Ethnic groups,Chinese,2016/17,27.62128,24.87852,30.3207,23.22643,31.77843,,1029,,,Worse,Not compared,20160000,,,1y
93015,Percentage of physically inactive adults,,,E92000001,England,England,Persons,19+ yrs,Ethnic groups,Mixed,2016/17,16.71907,15.01615,18.46071,14.15501,19.42955,,1858,,,Better,Not compared,20160000,,,1y
93015,Percentage of physically inactive adults,,,E92000001,England,England,Persons,19+ yrs,Ethnic groups,Other,2016/17,28.84152,26.47908,31.31313,24.8917,32.68398,,1386,,,Worse,Not compared,20160000,,,1y
93015,Percentage of physically inactive adults,,,E92000001,England,England,Persons,19+ yrs,LSOA11 deprivation deciles within area (IMD  trend),Most deprived decile,2016/17,30.5383,29.86541,31.20594,29.45417,31.57979,90.0,18724,,,Worse,Not compared,20160000,,,1y
93015,Percentage of physically inactive adults,,,E92000001,England,England,Persons,19+ yrs,LSOA11 deprivation deciles within area (IMD  trend),Second most deprived decile,2016/17,25.78923,25.18805,26.42229,24.87551,26.79839,98.0,18878,,,Worse,Not compared,20160000,,,1y
93015,Percentage of physically inactive adults,,,E92000001,England,England,Persons,19+ yrs,LSOA11 deprivation deciles within area (IMD  trend),Third more deprived decile,2016/17,24.69963,24.10019,25.31046,23.78446,25.64723,106.0,19004,,,Worse,Not compared,20160000,,,1y
93015,Percentage of physically inactive adults,,,E92000001,England,England,Persons,19+ yrs,LSOA11 deprivation deciles within area (IMD  trend),Fourth more deprived decile,2016/17,22.60969,22.0195,23.19388,21.72066,23.57661,82.0,19074,,,Similar,Not compared,20160000,,,1y
93015,Percentage of physically inactive adults,,,E92000001,England,England,Persons,19+ yrs,LSOA11 deprivation deciles within area (IMD  trend),Fifth more deprived decile,2016/17,21.09412,20.51134,21.66107,20.17009,22.00757,74.0,19048,,,Better,Not compared,20160000,,,1y
93015,Percentage of physically inactive adults,,,E92000001,England,England,Persons,19+ yrs,LSOA11 deprivation deciles within area (IMD  trend),Fifth less deprived decile,2016/17,20.49807,19.91829,21.07579,19.58833,21.37956,70.0,19093,,,Better,Not compared,20160000,,,1y
93015,Percentage of physically inactive adults,,,E92000001,England,England,Persons,19+ yrs,LSOA11 deprivation deciles within area (IMD  trend),Fourth less deprived decile,2016/17,19.22578,18.6838,19.79025,18.34819,20.10489,78.0,19070,,,Better,Not compared,20160000,,,1y
93015,Percentage of physically inactive adults,,,E92000001,England,England,Persons,19+ yrs,LSOA11 deprivation deciles within area (IMD  trend),Third less deprived decile,2016/17,19.10461,18.55004,19.65852,18.22955,19.98426,102.0,19035,,,Better,Not compared,20160000,,,1y
93015,Percentage of physically inactive adults,,,E92000001,England,England,Persons,19+ yrs,LSOA11 deprivation deciles within area (IMD  trend),Second least deprived decile,2016/17,18.12308,17.57988,18.68007,17.2551,18.989,94.0,19090,,,Better,Not compared,20160000,,,1y
93015,Percentage of physically inactive adults,,,E92000001,England,England,Persons,19+ yrs,LSOA11 deprivation deciles within area (IMD  trend),Least deprived decile,2016/17,16.43066,15.90729,16.95264,15.60635,17.23774,86.0,18941,,,Better,Not compared,20160000,,,1y
93015,Percentage of physically inactive adults,,,E92000001,England,England,Persons,19+ yrs,Level of education,No qualification,2016/17,44.16773,43.41839,44.92854,43.05384,45.3625,,17283,,,Worse,Not compared,20160000,,,1y
93015,Percentage of physically inactive adults,,,E92000001,England,England,Persons,19+ yrs,Level of education,Another type of qualification,2016/17,29.42162,28.54069,30.31103,28.0712,30.80009,,10224,,,Worse,Not compared,20160000,,,1y
93015,Percentage of physically inactive adults,,,E92000001,England,England,Persons,19+ yrs,Level of education,Level 1 and below,2016/17,30.76353,29.38923,32.16137,28.60036,33.01783,,4437,,,Worse,Not compared,20160000,,,1y
93015,Percentage of physically inactive adults,,,E92000001,England,England,Persons,19+ yrs,Level of education,Level 2 and equivalent,2016/17,24.25407,23.76618,24.75192,23.50003,25.00165,,30434,,,Worse,Not compared,20160000,,,1y
93015,Percentage of physically inactive adults,,,E92000001,England,England,Persons,19+ yrs,Level of education,Level 3 and equivalent,2016/17,18.17626,17.72426,18.62659,17.47446,18.88376,,26822,,,Better,Not compared,20160000,,,1y
93015,Percentage of physically inactive adults,,,E92000001,England,England,Persons,19+ yrs,Level of education,Level 4 and above,2016/17,14.99172,14.7683,15.21531,14.63845,15.34835,,93958,,,Better,Not compared,20160000,,,1y
93015,Percentage of physically inactive adults,,,E92000001,England,England,Persons,19+ yrs,Socioeconomic class,"Managerial, administrative and professional occupations",2016/17,13.82851,13.61265,14.04551,13.48777,14.16296,,94493,People aged 75 and over are excluded from NS-SeC (National Statistics Socio-economic Classification) economic activity questions in the Active Lives Adult Survey,,Better,Not compared,20160000,,,1y
93015,Percentage of physically inactive adults,,,E92000001,England,England,Persons,19+ yrs,Socioeconomic class,Intermediate occupations,2016/17,19.83627,19.28272,20.3957,18.97919,20.73449,,19769,People aged 75 and over are excluded from NS-SeC (National Statistics Socio-economic Classification) economic activity questions in the Active Lives Adult Survey,,Better,Not compared,20160000,,,1y
93015,Percentage of physically inactive adults,,,E92000001,England,England,Persons,19+ yrs,Socioeconomic class,Self-employed and small employers,2016/17,21.09533,20.39955,21.81257,19.96914,22.23486,,12314,People aged 75 and over are excluded from NS-SeC (National Statistics Socio-economic Classification) economic activity questions in the Active Lives Adult Survey,,Better,Not compared,20160000,,,1y
93015,Percentage of physically inactive adults,,,E92000001,England,England,Persons,19+ yrs,Socioeconomic class,Lower supervisory and technical occupations,2016/17,22.42683,21.71483,23.12775,21.35803,23.56069,,13166,People aged 75 and over are excluded from NS-SeC (National Statistics Socio-economic Classification) economic activity questions in the Active Lives Adult Survey,,Similar,Not compared,20160000,,,1y
93015,Percentage of physically inactive adults,,,E92000001,England,England,Persons,19+ yrs,Socioeconomic class,Semi-routine and routine occupations,2016/17,28.41808,27.7581,29.0602,27.36039,29.43068,,18355,People aged 75 and over are excluded from NS-SeC (National Statistics Socio-economic Classification) economic activity questions in the Active Lives Adult Survey,,Worse,Not compared,20160000,,,1y
93015,Percentage of physically inactive adults,,,E92000001,England,England,Persons,19+ yrs,Socioeconomic class,Long term unemployed or never worked,2016/17,35.75862,34.25228,37.26918,33.44601,38.04952,,3845,People aged 75 and over are excluded from NS-SeC (National Statistics Socio-economic Classification) economic activity questions in the Active Lives Adult Survey,,Worse,Not compared,20160000,,,1y
93015,Percentage of physically inactive adults,,,E92000001,England,England,Persons,19+ yrs,Socioeconomic class,Students,2016/17,12.35691,11.28718,13.45566,10.67556,14.09511,,3597,People aged 75 and over are excluded from NS-SeC (National Statistics Socio-economic Classification) economic activity questions in the Active Lives Adult Survey,,Better,Not compared,20160000,,,1y
93015,Percentage of physically inactive adults,,,E92000001,England,England,Persons,19+ yrs,Socioeconomic class,Other/unclassified,2016/17,36.08683,34.74775,37.40712,34.06334,38.11109,,5114,People aged 75 and over are excluded from NS-SeC (National Statistics Socio-economic Classification) economic activity questions in the Active Lives Adult Survey,,Worse,Not compared,20160000,,,1y
93015,Percentage of physically inactive adults,E92000001,England,E92000001,England,England,Male,19+ yrs,,,2016/17,20.75379,20.48316,21.02523,20.32713,21.17296,,83942,,,Similar,Not compared,20160000,,,1y
93015,Percentage of physically inactive adults,E92000001,England,E92000001,England,England,Female,19+ yrs,,,2016/17,23.63516,23.37869,23.88547,23.23525,24.02609,,105964,,,Similar,Not compared,20160000,,,1y
93015,Percentage of physically inactive adults,E92000001,England,E92000001,England,England,Persons,85+ yrs,,,2016/17,62.76094,61.24414,64.28943,60.38522,65.25247,,3842,,,Similar,Not compared,20160000,,,1y
93015,Percentage of physically inactive adults,E92000001,England,E92000001,England,England,Persons,25-34 yrs,,,2016/17,19.12698,18.64094,19.61989,18.30507,19.90662,,24414,,,Similar,Not compared,20160000,,,1y
93015,Percentage of physically inactive adults,E92000001,England,E92000001,England,England,Persons,35-44 yrs,,,2016/17,18.71748,18.28631,19.15647,17.98756,19.37076,,30799,,,Similar,Not compared,20160000,,,1y
93015,Percentage of physically inactive adults,E92000001,England,E92000001,England,England,Persons,45-54 yrs,,,2016/17,18.70382,18.29633,19.12275,18.03293,19.38623,,33400,,,Similar,Not compared,20160000,,,1y
93015,Percentage of physically inactive adults,E92000001,England,E92000001,England,England,Persons,55-64 yrs,,,2016/17,22.57252,22.14921,22.99219,21.9122,23.2319,,37130,,,Similar,Not compared,20160000,,,1y
93015,Percentage of physically inactive adults,E92000001,England,E92000001,England,England,Persons,65-74 yrs,,,2016/17,23.41731,22.98978,23.85024,22.77398,24.06605,,37073,,,Similar,Not compared,20160000,,,1y
93015,Percentage of physically inactive adults,E92000001,England,E92000001,England,England,Persons,75-84 yrs,,,2016/17,38.68233,37.9137,39.45939,37.42239,39.87329,,15464,,,Similar,Not compared,20160000,,,1y
93015,Percentage of physically inactive adults,E92000001,England,E92000001,England,England,Persons,19-24 yrs,,,2016/17,14.89981,14.1253,15.68202,13.66593,16.14138,,7837,,,Similar,Not compared,20160000,,,1y
93015,Percentage of physically inactive adults,E92000001,England,E92000001,England,England,Persons,19+ yrs,,,2016/17,22.24111,22.0579,22.42643,21.95158,22.53381,,189959,,,Similar,Not compared,20160000,,,1y
93015,Percentage of physically inactive adults,E92000001,England,E92000001,England,England,Persons,19+ yrs,Working status,Inactive,2016/17,30.84257,30.49707,31.20085,30.30378,31.39709,,67777,,,Worse,Not compared,20160000,,,1y
93015,Percentage of physically inactive adults,E92000001,England,E92000001,England,England,Persons,19+ yrs,Working status,Unemployed,2016/17,29.35254,28.08288,30.61758,27.4995,31.34188,,4971,,,Worse,Not compared,20160000,,,1y
93015,Percentage of physically inactive adults,E92000001,England,E92000001,England,England,Persons,19+ yrs,Working status,Working,2016/17,17.664,17.42802,17.89335,17.2896,18.03369,,104022,,,Better,Not compared,20160000,,,1y
93015,Percentage of physically inactive adults,E92000001,England,E92000001,England,England,Persons,19+ yrs,Disability,Disabled,2016/17,37.24249,36.71738,37.77278,36.4088,38.05351,,32407,,,Worse,Not compared,20160000,,,1y
93015,Percentage of physically inactive adults,E92000001,England,E92000001,England,England,Persons,19+ yrs,Disability,Not disabled,2016/17,18.2909,18.09416,18.49156,17.97977,18.61071,,147716,,,Better,Not compared,20160000,,,1y
93015,Percentage of physically inactive adults,E92000001,England,E92000001,England,England,Persons,19+ yrs,Ethnic groups,White British,2016/17,20.973,20.77491,21.17195,20.67739,21.27828,,158932,,,Better,Not compared,20160000,,,1y
93015,Percentage of physically inactive adults,E92000001,England,E92000001,England,England,Persons,19+ yrs,Ethnic groups,White Other,2016/17,21.96452,21.13173,22.77587,20.57695,23.20961,,9914,,,Similar,Not compared,20160000,,,1y
93015,Percentage of physically inactive adults,E92000001,England,E92000001,England,England,Persons,19+ yrs,Ethnic groups,Asian,2016/17,30.46877,29.45716,31.51079,28.80313,32.16481,,7645,,,Worse,Not compared,20160000,,,1y
93015,Percentage of physically inactive adults,E92000001,England,E92000001,England,England,Persons,19+ yrs,Ethnic groups,Black,2016/17,28.8592,27.1763,30.57791,26.29839,31.52893,,2734,,,Worse,Not compared,20160000,,,1y
93015,Percentage of physically inactive adults,E92000001,England,E92000001,England,England,Persons,19+ yrs,Ethnic groups,Chinese,2016/17,27.62128,24.87852,30.3207,23.22643,31.77843,,1029,,,Worse,Not compared,20160000,,,1y
93015,Percentage of physically inactive adults,E92000001,England,E92000001,England,England,Persons,19+ yrs,Ethnic groups,Mixed,2016/17,16.71907,15.01615,18.46071,14.15501,19.42955,,1858,,,Better,Not compared,20160000,,,1y
93015,Percentage of physically inactive adults,E92000001,England,E92000001,England,England,Persons,19+ yrs,Ethnic groups,Other,2016/17,28.84152,26.47908,31.31313,24.8917,32.68398,,1386,,,Worse,Not compared,20160000,,,1y
93015,Percentage of physically inactive adults,E92000001,England,E92000001,England,England,Persons,19+ yrs,LSOA11 deprivation deciles within area (IMD  trend),Most deprived decile,2016/17,30.5383,29.86541,31.20594,29.45417,31.57979,90.0,18724,,,Worse,Not compared,20160000,,,1y
93015,Percentage of physically inactive adults,E92000001,England,E92000001,England,England,Persons,19+ yrs,LSOA11 deprivation deciles within area (IMD  trend),Second most deprived decile,2016/17,25.78923,25.18805,26.42229,24.87551,26.79839,98.0,18878,,,Worse,Not compared,20160000,,,1y
93015,Percentage of physically inactive adults,E92000001,England,E92000001,England,England,Persons,19+ yrs,LSOA11 deprivation deciles within area (IMD  trend),Third more deprived decile,2016/17,24.69963,24.10019,25.31046,23.78446,25.64723,106.0,19004,,,Worse,Not compared,20160000,,,1y
93015,Percentage of physically inactive adults,E92000001,England,E92000001,England,England,Persons,19+ yrs,LSOA11 deprivation deciles within area (IMD  trend),Fourth more deprived decile,2016/17,22.60969,22.0195,23.19388,21.72066,23.57661,82.0,19074,,,Similar,Not compared,20160000,,,1y
93015,Percentage of physically inactive adults,E92000001,England,E92000001,England,England,Persons,19+ yrs,LSOA11 deprivation deciles within area (IMD  trend),Fifth more deprived decile,2016/17,21.09412,20.51134,21.66107,20.17009,22.00757,74.0,19048,,,Better,Not compared,20160000,,,1y
93015,Percentage of physically inactive adults,E92000001,England,E92000001,England,England,Persons,19+ yrs,LSOA11 deprivation deciles within area (IMD  trend),Fifth less deprived decile,2016/17,20.49807,19.91829,21.07579,19.58833,21.37956,70.0,19093,,,Better,Not compared,20160000,,,1y
93015,Percentage of physically inactive adults,E92000001,England,E92000001,England,England,Persons,19+ yrs,LSOA11 deprivation deciles within area (IMD  trend),Fourth less deprived decile,2016/17,19.22578,18.6838,19.79025,18.34819,20.10489,78.0,19070,,,Better,Not compared,20160000,,,1y
93015,Percentage of physically inactive adults,E92000001,England,E92000001,England,England,Persons,19+ yrs,LSOA11 deprivation deciles within area (IMD  trend),Third less deprived decile,2016/17,19.10461,18.55004,19.65852,18.22955,19.98426,102.0,19035,,,Better,Not compared,20160000,,,1y
93015,Percentage of physically inactive adults,E92000001,England,E92000001,England,England,Persons,19+ yrs,LSOA11 deprivation deciles within area (IMD  trend),Second least deprived decile,2016/17,18.12308,17.57988,18.68007,17.2551,18.989,94.0,19090,,,Better,Not compared,20160000,,,1y
93015,Percentage of physically inactive adults,E92000001,England,E92000001,England,England,Persons,19+ yrs,LSOA11 deprivation deciles within area (IMD  trend),Least deprived decile,2016/17,16.43066,15.90729,16.95264,15.60635,17.23774,86.0,18941,,,Better,Not compared,20160000,,,1y
93015,Percentage of physically inactive adults,E92000001,England,E92000001,England,England,Persons,19+ yrs,Level of education,No qualification,2016/17,44.16773,43.41839,44.92854,43.05384,45.3625,,17283,,,Worse,Not compared,20160000,,,1y
93015,Percentage of physically inactive adults,E92000001,England,E92000001,England,England,Persons,19+ yrs,Level of education,Another type of qualification,2016/17,29.42162,28.54069,30.31103,28.0712,30.80009,,10224,,,Worse,Not compared,20160000,,,1y
93015,Percentage of physically inactive adults,E92000001,England,E92000001,England,England,Persons,19+ yrs,Level of education,Level 1 and below,2016/17,30.76353,29.38923,32.16137,28.60036,33.01783,,4437,,,Worse,Not compared,20160000,,,1y
93015,Percentage of physically inactive adults,E92000001,England,E92000001,England,England,Persons,19+ yrs,Level of education,Level 2 and equivalent,2016/17,24.25407,23.76618,24.75192,23.50003,25.00165,,30434,,,Worse,Not compared,20160000,,,1y
93015,Percentage of physically inactive adults,E92000001,England,E92000001,England,England,Persons,19+ yrs,Level of education,Level 3 and equivalent,2016/17,18.17626,17.72426,18.62659,17.47446,18.88376,,26822,,,Better,Not compared,20160000,,,1y
93015,Percentage of physically inactive adults,E92000001,England,E92000001,England,England,Persons,19+ yrs,Level of education,Level 4 and above,2016/17,14.99172,14.7683,15.21531,14.63845,15.34835,,93958,,,Better,Not compared,20160000,,,1y
93015,Percentage of physically inactive adults,E92000001,England,E92000001,England,England,Persons,19+ yrs,Socioeconomic class,"Managerial, administrative and professional occupations",2016/17,13.82851,13.61265,14.04551,13.48777,14.16296,,94493,People aged 75 and over are excluded from NS-SeC (National Statistics Socio-economic Classification) economic activity questions in the Active Lives Adult Survey,,Better,Not compared,20160000,,,1y
93015,Percentage of physically inactive adults,E92000001,England,E92000001,England,England,Persons,19+ yrs,Socioeconomic class,Intermediate occupations,2016/17,19.83627,19.28272,20.3957,18.97919,20.73449,,19769,People aged 75 and over are excluded from NS-SeC (National Statistics Socio-economic Classification) economic activity questions in the Active Lives Adult Survey,,Better,Not compared,20160000,,,1y
93015,Percentage of physically inactive adults,E92000001,England,E92000001,England,England,Persons,19+ yrs,Socioeconomic class,Self-employed and small employers,2016/17,21.09533,20.39955,21.81257,19.96914,22.23486,,12314,People aged 75 and over are excluded from NS-SeC (National Statistics Socio-economic Classification) economic activity questions in the Active Lives Adult Survey,,Better,Not compared,20160000,,,1y
93015,Percentage of physically inactive adults,E92000001,England,E92000001,England,England,Persons,19+ yrs,Socioeconomic class,Lower supervisory and technical occupations,2016/17,22.42683,21.71483,23.12775,21.35803,23.56069,,13166,People aged 75 and over are excluded from NS-SeC (National Statistics Socio-economic Classification) economic activity questions in the Active Lives Adult Survey,,Similar,Not compared,20160000,,,1y
93015,Percentage of physically inactive adults,E92000001,England,E92000001,England,England,Persons,19+ yrs,Socioeconomic class,Semi-routine and routine occupations,2016/17,28.41808,27.7581,29.0602,27.36039,29.43068,,18355,People aged 75 and over are excluded from NS-SeC (National Statistics Socio-economic Classification) economic activity questions in the Active Lives Adult Survey,,Worse,Not compared,20160000,,,1y
93015,Percentage of physically inactive adults,E92000001,England,E92000001,England,England,Persons,19+ yrs,Socioeconomic class,Long term unemployed or never worked,2016/17,35.75862,34.25228,37.26918,33.44601,38.04952,,3845,People aged 75 and over are excluded from NS-SeC (National Statistics Socio-economic Classification) economic activity questions in the Active Lives Adult Survey,,Worse,Not compared,20160000,,,1y
93015,Percentage of physically inactive adults,E92000001,England,E92000001,England,England,Persons,19+ yrs,Socioeconomic class,Students,2016/17,12.35691,11.28718,13.45566,10.67556,14.09511,,3597,People aged 75 and over are excluded from NS-SeC (National Statistics Socio-economic Classification) economic activity questions in the Active Lives Adult Survey,,Better,Not compared,20160000,,,1y
93015,Percentage of physically inactive adults,E92000001,England,E92000001,England,England,Persons,19+ yrs,Socioeconomic class,Other/unclassified,2016/17,36.08683,34.74775,37.40712,34.06334,38.11109,,5114,People aged 75 and over are excluded from NS-SeC (National Statistics Socio-economic Classification) economic activity questions in the Active Lives Adult Survey,,Worse,Not compared,20160000,,,1y
93015,Percentage of physically inactive adults,,,E92000001,England,England,Male,19+ yrs,,,2017/18,20.8497,20.56525,21.13877,20.39732,21.29636,,77417,,,Not compared,Not compared,20170000,,,1y
93015,Percentage of physically inactive adults,,,E92000001,England,England,Female,19+ yrs,,,2017/18,23.4746,23.21008,23.7412,23.08533,23.8876,,96975,,,Not compared,Not compared,20170000,,,1y
93015,Percentage of physically inactive adults,,,E92000001,England,England,Persons,85+ yrs,,,2017/18,62.70959,61.13744,64.31558,60.2174,65.17984,,3587,,,Not compared,Not compared,20170000,,,1y
93015,Percentage of physically inactive adults,,,E92000001,England,England,Persons,25-34 yrs,,,2017/18,18.04027,17.53619,18.54878,17.22101,18.81079,,22519,,,Not compared,Not compared,20170000,,,1y
93015,Percentage of physically inactive adults,,,E92000001,England,England,Persons,35-44 yrs,,,2017/18,18.5247,18.06994,18.97939,17.79926,19.23203,,27709,,,Not compared,Not compared,20170000,,,1y
93015,Percentage of physically inactive adults,,,E92000001,England,England,Persons,45-54 yrs,,,2017/18,19.28135,18.84355,19.72211,18.58323,19.96941,,30732,,,Not compared,Not compared,20170000,,,1y
93015,Percentage of physically inactive adults,,,E92000001,England,England,Persons,55-64 yrs,,,2017/18,22.34745,21.90154,22.78285,21.62139,23.03966,,34267,,,Not compared,Not compared,20170000,,,1y
93015,Percentage of physically inactive adults,,,E92000001,England,England,Persons,65-74 yrs,,,2017/18,23.44223,22.99479,23.89092,22.73587,24.1178,,34373,,,Not compared,Not compared,20170000,,,1y
93015,Percentage of physically inactive adults,,,E92000001,England,England,Persons,75-84 yrs,,,2017/18,39.10212,38.29727,39.87795,37.8477,40.32735,,14236,,,Not compared,Not compared,20170000,,,1y
93015,Percentage of physically inactive adults,,,E92000001,England,England,Persons,19-24 yrs,,,2017/18,15.45693,14.62152,16.30055,14.11781,16.77627,,7147,,,Not compared,Not compared,20170000,,,1y
93015,Percentage of physically inactive adults,,,E92000001,England,England,Persons,19+ yrs,,,2017/18,22.2272,22.02841,22.42596,21.90238,22.54454,,174570,,,Not compared,Not compared,20170000,,,1y
93015,Percentage of physically inactive adults,,,E92000001,England,England,Persons,19+ yrs,Working status,Inactive,2017/18,31.30445,30.93984,31.66475,30.73864,31.8867,,62628,,,Worse,Not compared,20170000,,,1y
93015,Percentage of physically inactive adults,,,E92000001,England,England,Persons,19+ yrs,Working status,Unemployed,2017/18,30.89913,29.47691,32.28087,28.69934,33.082,,4244,,,Worse,Not compared,20170000,,,1y
93015,Percentage of physically inactive adults,,,E92000001,England,England,Persons,19+ yrs,Working status,Working,2017/18,17.49864,17.25696,17.74106,17.12474,17.89723,,96054,,,Better,Not compared,20170000,,,1y
93015,Percentage of physically inactive adults,,,E92000001,England,England,Persons,19+ yrs,Disability,Disabled,2017/18,37.01356,36.45727,37.55845,36.1591,37.87016,,29514,,,Worse,Not compared,20170000,,,1y
93015,Percentage of physically inactive adults,,,E92000001,England,England,Persons,19+ yrs,Disability,Not disabled,2017/18,18.17789,17.98203,18.39031,17.86488,18.49936,,135702,,,Better,Not compared,20170000,,,1y
93015,Percentage of physically inactive adults,,,E92000001,England,England,Persons,19+ yrs,Ethnic groups,White British,2017/18,21.04421,20.83209,21.2554,20.71809,21.3742,,146471,,,Better,Not compared,20170000,,,1y
93015,Percentage of physically inactive adults,,,E92000001,England,England,Persons,19+ yrs,Ethnic groups,White Other,2017/18,20.92324,20.09949,21.75064,19.55966,22.21635,,9448,,,Better,Not compared,20170000,,,1y
93015,Percentage of physically inactive adults,,,E92000001,England,England,Persons,19+ yrs,Ethnic groups,Asian,2017/18,29.40029,28.27817,30.53787,27.67346,31.17441,,6284,,,Worse,Not compared,20170000,,,1y
93015,Percentage of physically inactive adults,,,E92000001,England,England,Persons,19+ yrs,Ethnic groups,Black,2017/18,29.01016,27.15517,30.86207,26.16375,32.02591,,2320,,,Worse,Not compared,20170000,,,1y
93015,Percentage of physically inactive adults,,,E92000001,England,England,Persons,19+ yrs,Ethnic groups,Chinese,2017/18,21.1988,18.47575,24.01848,17.20543,25.75058,,866,,,Similar,Not compared,20170000,,,1y
93015,Percentage of physically inactive adults,,,E92000001,England,England,Persons,19+ yrs,Ethnic groups,Mixed,2017/18,17.45429,15.73716,19.21728,14.85362,20.26505,,1811,,,Better,Not compared,20170000,,,1y
93015,Percentage of physically inactive adults,,,E92000001,England,England,Persons,19+ yrs,Ethnic groups,Other,2017/18,28.51339,25.96233,31.12203,24.56994,32.3507,,1221,,,Worse,Not compared,20170000,,,1y
93015,Percentage of physically inactive adults,,,E92000001,England,England,Persons,19+ yrs,LSOA11 deprivation deciles within area (IMD  trend),Most deprived decile,2017/18,30.55864,29.86891,31.25,29.47095,31.63624,91.0,17088,,,Worse,Not compared,20170000,,,1y
93015,Percentage of physically inactive adults,,,E92000001,England,England,Persons,19+ yrs,LSOA11 deprivation deciles within area (IMD  trend),Second most deprived decile,2017/18,26.068,25.40534,26.7351,25.11371,27.10254,99.0,17146,,,Worse,Not compared,20170000,,,1y
93015,Percentage of physically inactive adults,,,E92000001,England,England,Persons,19+ yrs,LSOA11 deprivation deciles within area (IMD  trend),Third more deprived decile,2017/18,24.06041,23.42446,24.69065,23.06761,25.05899,107.0,17375,,,Worse,Not compared,20170000,,,1y
93015,Percentage of physically inactive adults,,,E92000001,England,England,Persons,19+ yrs,LSOA11 deprivation deciles within area (IMD  trend),Fourth more deprived decile,2017/18,21.64182,21.01703,22.24961,20.71318,22.58787,83.0,17443,,,Similar,Not compared,20170000,,,1y
93015,Percentage of physically inactive adults,,,E92000001,England,England,Persons,19+ yrs,LSOA11 deprivation deciles within area (IMD  trend),Fifth more deprived decile,2017/18,21.83934,21.2332,22.44619,20.90877,22.80492,75.0,17562,,,Similar,Not compared,20170000,,,1y
93015,Percentage of physically inactive adults,,,E92000001,England,England,Persons,19+ yrs,LSOA11 deprivation deciles within area (IMD  trend),Fifth less deprived decile,2017/18,20.0291,19.42413,20.62574,19.08972,21.02251,71.0,17643,,,Better,Not compared,20170000,,,1y
93015,Percentage of physically inactive adults,,,E92000001,England,England,Persons,19+ yrs,LSOA11 deprivation deciles within area (IMD  trend),Fourth less deprived decile,2017/18,20.1706,19.57094,20.77231,19.25629,21.10412,79.0,17480,,,Better,Not compared,20170000,,,1y
93015,Percentage of physically inactive adults,,,E92000001,England,England,Persons,19+ yrs,LSOA11 deprivation deciles within area (IMD  trend),Third less deprived decile,2017/18,18.0552,17.47672,18.62934,17.20985,18.97572,103.0,17612,,,Better,Not compared,20170000,,,1y
93015,Percentage of physically inactive adults,,,E92000001,England,England,Persons,19+ yrs,LSOA11 deprivation deciles within area (IMD  trend),Second least deprived decile,2017/18,18.00924,17.43809,18.56533,17.15911,18.92969,95.0,17565,,,Better,Not compared,20170000,,,1y
93015,Percentage of physically inactive adults,,,E92000001,England,England,Persons,19+ yrs,LSOA11 deprivation deciles within area (IMD  trend),Least deprived decile,2017/18,16.7852,16.24377,17.33688,15.92093,17.64273,87.0,17656,,,Better,Not compared,20170000,,,1y
93015,Percentage of physically inactive adults,,,E92000001,England,England,Persons,19+ yrs,Level of education,No qualification,2017/18,45.08004,44.26284,45.87058,43.76918,46.39093,,14990,,,Worse,Not compared,20170000,,,1y
93015,Percentage of physically inactive adults,,,E92000001,England,England,Persons,19+ yrs,Level of education,Another type of qualification,2017/18,29.51644,28.58256,30.46431,28.0481,30.97651,,8981,,,Worse,Not compared,20170000,,,1y
93015,Percentage of physically inactive adults,,,E92000001,England,England,Persons,19+ yrs,Level of education,Level 1 and below,2017/18,33.43013,31.92964,34.91471,31.10341,35.79438,,3752,,,Worse,Not compared,20170000,,,1y
93015,Percentage of physically inactive adults,,,E92000001,England,England,Persons,19+ yrs,Level of education,Level 2 and equivalent,2017/18,24.64184,24.14004,25.14715,23.83873,25.43083,,28202,,,Worse,Not compared,20170000,,,1y
93015,Percentage of physically inactive adults,,,E92000001,England,England,Persons,19+ yrs,Level of education,Level 3 and equivalent,2017/18,18.39982,17.92267,18.87833,17.64162,19.13118,,24907,,,Better,Not compared,20170000,,,1y
93015,Percentage of physically inactive adults,,,E92000001,England,England,Persons,19+ yrs,Level of education,Level 4 and above,2017/18,14.67157,14.43587,14.90114,14.31074,15.02174,,87906,,,Better,Not compared,20170000,,,1y
93015,Percentage of physically inactive adults,,,E92000001,England,England,Persons,19+ yrs,Socioeconomic class,"Managerial, administrative and professional occupations",2017/18,13.81052,13.59123,14.04043,13.45669,14.15786,,87711,People aged 75 and over are excluded from NS-SeC (National Statistics Socio-economic Classification) economic activity questions in the Active Lives Adult Survey,,Better,Not compared,20170000,,,1y
93015,Percentage of physically inactive adults,,,E92000001,England,England,Persons,19+ yrs,Socioeconomic class,Intermediate occupations,2017/18,19.30079,18.72216,19.88947,18.40636,20.17144,,17733,People aged 75 and over are excluded from NS-SeC (National Statistics Socio-economic Classification) economic activity questions in the Active Lives Adult Survey,,Better,Not compared,20170000,,,1y
93015,Percentage of physically inactive adults,,,E92000001,England,England,Persons,19+ yrs,Socioeconomic class,Self-employed and small employers,2017/18,21.76406,21.01812,22.50237,20.59532,22.95084,,11590,People aged 75 and over are excluded from NS-SeC (National Statistics Socio-economic Classification) economic activity questions in the Active Lives Adult Survey,,Similar,Not compared,20170000,,,1y
93015,Percentage of physically inactive adults,,,E92000001,England,England,Persons,19+ yrs,Socioeconomic class,Lower supervisory and technical occupations,2017/18,22.50121,21.76677,23.23072,21.34849,23.63227,,11954,People aged 75 and over are excluded from NS-SeC (National Statistics Socio-economic Classification) economic activity questions in the Active Lives Adult Survey,,Similar,Not compared,20170000,,,1y
93015,Percentage of physically inactive adults,,,E92000001,England,England,Persons,19+ yrs,Socioeconomic class,Semi-routine and routine occupations,2017/18,28.74982,28.05574,29.44932,27.63828,29.84837,,16289,People aged 75 and over are excluded from NS-SeC (National Statistics Socio-economic Classification) economic activity questions in the Active Lives Adult Survey,,Worse,Not compared,20170000,,,1y
93015,Percentage of physically inactive adults,,,E92000001,England,England,Persons,19+ yrs,Socioeconomic class,Long term unemployed or never worked,2017/18,36.65052,35.01827,38.30694,33.95247,39.19004,,3284,People aged 75 and over are excluded from NS-SeC (National Statistics Socio-economic Classification) economic activity questions in the Active Lives Adult Survey,,Worse,Not compared,20170000,,,1y
93015,Percentage of physically inactive adults,,,E92000001,England,England,Persons,19+ yrs,Socioeconomic class,Students,2017/18,11.69593,10.60071,12.81722,9.95821,13.524,,3113,People aged 75 and over are excluded from NS-SeC (National Statistics Socio-economic Classification) economic activity questions in the Active Lives Adult Survey,,Better,Not compared,20170000,,,1y
93015,Percentage of physically inactive adults,,,E92000001,England,England,Persons,19+ yrs,Socioeconomic class,Other/unclassified,2017/18,31.2711,29.98226,32.54534,29.33176,33.31366,,5073,People aged 75 and over are excluded from NS-SeC (National Statistics Socio-economic Classification) economic activity questions in the Active Lives Adult Survey,,Worse,Not compared,20170000,,,1y
93015,Percentage of physically inactive adults,E92000001,England,E92000001,England,England,Male,19+ yrs,,,2017/18,20.8497,20.56525,21.13877,20.39732,21.29636,,77417,,,Similar,Not compared,20170000,,,1y
93015,Percentage of physically inactive adults,E92000001,England,E92000001,England,England,Female,19+ yrs,,,2017/18,23.4746,23.21008,23.7412,23.08533,23.8876,,96975,,,Similar,Not compared,20170000,,,1y
93015,Percentage of physically inactive adults,E92000001,England,E92000001,England,England,Persons,85+ yrs,,,2017/18,62.70959,61.13744,64.31558,60.2174,65.17984,,3587,,,Similar,Not compared,20170000,,,1y
93015,Percentage of physically inactive adults,E92000001,England,E92000001,England,England,Persons,25-34 yrs,,,2017/18,18.04027,17.53619,18.54878,17.22101,18.81079,,22519,,,Similar,Not compared,20170000,,,1y
93015,Percentage of physically inactive adults,E92000001,England,E92000001,England,England,Persons,35-44 yrs,,,2017/18,18.5247,18.06994,18.97939,17.79926,19.23203,,27709,,,Similar,Not compared,20170000,,,1y
93015,Percentage of physically inactive adults,E92000001,England,E92000001,England,England,Persons,45-54 yrs,,,2017/18,19.28135,18.84355,19.72211,18.58323,19.96941,,30732,,,Similar,Not compared,20170000,,,1y
93015,Percentage of physically inactive adults,E92000001,England,E92000001,England,England,Persons,55-64 yrs,,,2017/18,22.34745,21.90154,22.78285,21.62139,23.03966,,34267,,,Similar,Not compared,20170000,,,1y
93015,Percentage of physically inactive adults,E92000001,England,E92000001,England,England,Persons,65-74 yrs,,,2017/18,23.44223,22.99479,23.89092,22.73587,24.1178,,34373,,,Similar,Not compared,20170000,,,1y
93015,Percentage of physically inactive adults,E92000001,England,E92000001,England,England,Persons,75-84 yrs,,,2017/18,39.10212,38.29727,39.87795,37.8477,40.32735,,14236,,,Similar,Not compared,20170000,,,1y
93015,Percentage of physically inactive adults,E92000001,England,E92000001,England,England,Persons,19-24 yrs,,,2017/18,15.45693,14.62152,16.30055,14.11781,16.77627,,7147,,,Similar,Not compared,20170000,,,1y
93015,Percentage of physically inactive adults,E92000001,England,E92000001,England,England,Persons,19+ yrs,,,2017/18,22.2272,22.02841,22.42596,21.90238,22.54454,,174570,,,Similar,Not compared,20170000,,,1y
93015,Percentage of physically inactive adults,E92000001,England,E92000001,England,England,Persons,19+ yrs,Working status,Inactive,2017/18,31.30445,30.93984,31.66475,30.73864,31.8867,,62628,,,Worse,Not compared,20170000,,,1y
93015,Percentage of physically inactive adults,E92000001,England,E92000001,England,England,Persons,19+ yrs,Working status,Unemployed,2017/18,30.89913,29.47691,32.28087,28.69934,33.082,,4244,,,Worse,Not compared,20170000,,,1y
93015,Percentage of physically inactive adults,E92000001,England,E92000001,England,England,Persons,19+ yrs,Working status,Working,2017/18,17.49864,17.25696,17.74106,17.12474,17.89723,,96054,,,Better,Not compared,20170000,,,1y
93015,Percentage of physically inactive adults,E92000001,England,E92000001,England,England,Persons,19+ yrs,Disability,Disabled,2017/18,37.01356,36.45727,37.55845,36.1591,37.87016,,29514,,,Worse,Not compared,20170000,,,1y
93015,Percentage of physically inactive adults,E92000001,England,E92000001,England,England,Persons,19+ yrs,Disability,Not disabled,2017/18,18.17789,17.98203,18.39031,17.86488,18.49936,,135702,,,Better,Not compared,20170000,,,1y
93015,Percentage of physically inactive adults,E92000001,England,E92000001,England,England,Persons,19+ yrs,Ethnic groups,White British,2017/18,21.04421,20.83209,21.2554,20.71809,21.3742,,146471,,,Better,Not compared,20170000,,,1y
93015,Percentage of physically inactive adults,E92000001,England,E92000001,England,England,Persons,19+ yrs,Ethnic groups,White Other,2017/18,20.92324,20.09949,21.75064,19.55966,22.21635,,9448,,,Better,Not compared,20170000,,,1y
93015,Percentage of physically inactive adults,E92000001,England,E92000001,England,England,Persons,19+ yrs,Ethnic groups,Asian,2017/18,29.40029,28.27817,30.53787,27.67346,31.17441,,6284,,,Worse,Not compared,20170000,,,1y
93015,Percentage of physically inactive adults,E92000001,England,E92000001,England,England,Persons,19+ yrs,Ethnic groups,Black,2017/18,29.01016,27.15517,30.86207,26.16375,32.02591,,2320,,,Worse,Not compared,20170000,,,1y
93015,Percentage of physically inactive adults,E92000001,England,E92000001,England,England,Persons,19+ yrs,Ethnic groups,Chinese,2017/18,21.1988,18.47575,24.01848,17.20543,25.75058,,866,,,Similar,Not compared,20170000,,,1y
93015,Percentage of physically inactive adults,E92000001,England,E92000001,England,England,Persons,19+ yrs,Ethnic groups,Mixed,2017/18,17.45429,15.73716,19.21728,14.85362,20.26505,,1811,,,Better,Not compared,20170000,,,1y
93015,Percentage of physically inactive adults,E92000001,England,E92000001,England,England,Persons,19+ yrs,Ethnic groups,Other,2017/18,28.51339,25.96233,31.12203,24.56994,32.3507,,1221,,,Worse,Not compared,20170000,,,1y
93015,Percentage of physically inactive adults,E92000001,England,E92000001,England,England,Persons,19+ yrs,LSOA11 deprivation deciles within area (IMD  trend),Most deprived decile,2017/18,30.55864,29.86891,31.25,29.47095,31.63624,91.0,17088,,,Worse,Not compared,20170000,,,1y
93015,Percentage of physically inactive adults,E92000001,England,E92000001,England,England,Persons,19+ yrs,LSOA11 deprivation deciles within area (IMD  trend),Second most deprived decile,2017/18,26.068,25.40534,26.7351,25.11371,27.10254,99.0,17146,,,Worse,Not compared,20170000,,,1y
93015,Percentage of physically inactive adults,E92000001,England,E92000001,England,England,Persons,19+ yrs,LSOA11 deprivation deciles within area (IMD  trend),Third more deprived decile,2017/18,24.06041,23.42446,24.69065,23.06761,25.05899,107.0,17375,,,Worse,Not compared,20170000,,,1y
93015,Percentage of physically inactive adults,E92000001,England,E92000001,England,England,Persons,19+ yrs,LSOA11 deprivation deciles within area (IMD  trend),Fourth more deprived decile,2017/18,21.64182,21.01703,22.24961,20.71318,22.58787,83.0,17443,,,Similar,Not compared,20170000,,,1y
93015,Percentage of physically inactive adults,E92000001,England,E92000001,England,England,Persons,19+ yrs,LSOA11 deprivation deciles within area (IMD  trend),Fifth more deprived decile,2017/18,21.83934,21.2332,22.44619,20.90877,22.80492,75.0,17562,,,Similar,Not compared,20170000,,,1y
93015,Percentage of physically inactive adults,E92000001,England,E92000001,England,England,Persons,19+ yrs,LSOA11 deprivation deciles within area (IMD  trend),Fifth less deprived decile,2017/18,20.0291,19.42413,20.62574,19.08972,21.02251,71.0,17643,,,Better,Not compared,20170000,,,1y
93015,Percentage of physically inactive adults,E92000001,England,E92000001,England,England,Persons,19+ yrs,LSOA11 deprivation deciles within area (IMD  trend),Fourth less deprived decile,2017/18,20.1706,19.57094,20.77231,19.25629,21.10412,79.0,17480,,,Better,Not compared,20170000,,,1y
93015,Percentage of physically inactive adults,E92000001,England,E92000001,England,England,Persons,19+ yrs,LSOA11 deprivation deciles within area (IMD  trend),Third less deprived decile,2017/18,18.0552,17.47672,18.62934,17.20985,18.97572,103.0,17612,,,Better,Not compared,20170000,,,1y
93015,Percentage of physically inactive adults,E92000001,England,E92000001,England,England,Persons,19+ yrs,LSOA11 deprivation deciles within area (IMD  trend),Second least deprived decile,2017/18,18.00924,17.43809,18.56533,17.15911,18.92969,95.0,17565,,,Better,Not compared,20170000,,,1y
93015,Percentage of physically inactive adults,E92000001,England,E92000001,England,England,Persons,19+ yrs,LSOA11 deprivation deciles within area (IMD  trend),Least deprived decile,2017/18,16.7852,16.24377,17.33688,15.92093,17.64273,87.0,17656,,,Better,Not compared,20170000,,,1y
93015,Percentage of physically inactive adults,E92000001,England,E92000001,England,England,Persons,19+ yrs,Level of education,No qualification,2017/18,45.08004,44.26284,45.87058,43.76918,46.39093,,14990,,,Worse,Not compared,20170000,,,1y
93015,Percentage of physically inactive adults,E92000001,England,E92000001,England,England,Persons,19+ yrs,Level of education,Another type of qualification,2017/18,29.51644,28.58256,30.46431,28.0481,30.97651,,8981,,,Worse,Not compared,20170000,,,1y
93015,Percentage of physically inactive adults,E92000001,England,E92000001,England,England,Persons,19+ yrs,Level of education,Level 1 and below,2017/18,33.43013,31.92964,34.91471,31.10341,35.79438,,3752,,,Worse,Not compared,20170000,,,1y
93015,Percentage of physically inactive adults,E92000001,England,E92000001,England,England,Persons,19+ yrs,Level of education,Level 2 and equivalent,2017/18,24.64184,24.14004,25.14715,23.83873,25.43083,,28202,,,Worse,Not compared,20170000,,,1y
93015,Percentage of physically inactive adults,E92000001,England,E92000001,England,England,Persons,19+ yrs,Level of education,Level 3 and equivalent,2017/18,18.39982,17.92267,18.87833,17.64162,19.13118,,24907,,,Better,Not compared,20170000,,,1y
93015,Percentage of physically inactive adults,E92000001,England,E92000001,England,England,Persons,19+ yrs,Level of education,Level 4 and above,2017/18,14.67157,14.43587,14.90114,14.31074,15.02174,,87906,,,Better,Not compared,20170000,,,1y
93015,Percentage of physically inactive adults,E92000001,England,E92000001,England,England,Persons,19+ yrs,Socioeconomic class,"Managerial, administrative and professional occupations",2017/18,13.81052,13.59123,14.04043,13.45669,14.15786,,87711,People aged 75 and over are excluded from NS-SeC (National Statistics Socio-economic Classification) economic activity questions in the Active Lives Adult Survey,,Better,Not compared,20170000,,,1y
93015,Percentage of physically inactive adults,E92000001,England,E92000001,England,England,Persons,19+ yrs,Socioeconomic class,Intermediate occupations,2017/18,19.30079,18.72216,19.88947,18.40636,20.17144,,17733,People aged 75 and over are excluded from NS-SeC (National Statistics Socio-economic Classification) economic activity questions in the Active Lives Adult Survey,,Better,Not compared,20170000,,,1y
93015,Percentage of physically inactive adults,E92000001,England,E92000001,England,England,Persons,19+ yrs,Socioeconomic class,Self-employed and small employers,2017/18,21.76406,21.01812,22.50237,20.59532,22.95084,,11590,People aged 75 and over are excluded from NS-SeC (National Statistics Socio-economic Classification) economic activity questions in the Active Lives Adult Survey,,Similar,Not compared,20170000,,,1y
93015,Percentage of physically inactive adults,E92000001,England,E92000001,England,England,Persons,19+ yrs,Socioeconomic class,Lower supervisory and technical occupations,2017/18,22.50121,21.76677,23.23072,21.34849,23.63227,,11954,People aged 75 and over are excluded from NS-SeC (National Statistics Socio-economic Classification) economic activity questions in the Active Lives Adult Survey,,Similar,Not compared,20170000,,,1y
93015,Percentage of physically inactive adults,E92000001,England,E92000001,England,England,Persons,19+ yrs,Socioeconomic class,Semi-routine and routine occupations,2017/18,28.74982,28.05574,29.44932,27.63828,29.84837,,16289,People aged 75 and over are excluded from NS-SeC (National Statistics Socio-economic Classification) economic activity questions in the Active Lives Adult Survey,,Worse,Not compared,20170000,,,1y
93015,Percentage of physically inactive adults,E92000001,England,E92000001,England,England,Persons,19+ yrs,Socioeconomic class,Long term unemployed or never worked,2017/18,36.65052,35.01827,38.30694,33.95247,39.19004,,3284,People aged 75 and over are excluded from NS-SeC (National Statistics Socio-economic Classification) economic activity questions in the Active Lives Adult Survey,,Worse,Not compared,20170000,,,1y
93015,Percentage of physically inactive adults,E92000001,England,E92000001,England,England,Persons,19+ yrs,Socioeconomic class,Students,2017/18,11.69593,10.60071,12.81722,9.95821,13.524,,3113,People aged 75 and over are excluded from NS-SeC (National Statistics Socio-economic Classification) economic activity questions in the Active Lives Adult Survey,,Better,Not compared,20170000,,,1y
93015,Percentage of physically inactive adults,E92000001,England,E92000001,England,England,Persons,19+ yrs,Socioeconomic class,Other/unclassified,2017/18,31.2711,29.98226,32.54534,29.33176,33.31366,,5073,People aged 75 and over are excluded from NS-SeC (National Statistics Socio-economic Classification) economic activity questions in the Active Lives Adult Survey,,Worse,Not compared,20170000,,,1y
93015,Percentage of physically inactive adults,,,E92000001,England,England,Male,19+ yrs,,,2018/19,20.20188,19.92566,20.49068,19.75402,20.67517,,78055,,,Not compared,Not compared,20180000,,,1y
93015,Percentage of physically inactive adults,,,E92000001,England,England,Female,19+ yrs,,,2018/19,22.39396,22.13033,22.65744,21.98397,22.79869,,97703,,,Not compared,Not compared,20180000,,,1y
93015,Percentage of physically inactive adults,,,E92000001,England,England,Persons,85+ yrs,,,2018/19,57.41861,55.72335,59.04561,54.87765,60.04231,,3311,,,Not compared,Not compared,20180000,,,1y
93015,Percentage of physically inactive adults,,,E92000001,England,England,Persons,25-34 yrs,,,2018/19,19.21716,18.71438,19.71288,18.42293,20.07286,,23335,,,Not compared,Not compared,20180000,,,1y
93015,Percentage of physically inactive adults,,,E92000001,England,England,Persons,35-44 yrs,,,2018/19,18.86875,18.41901,19.33819,18.15385,19.61395,,28286,,,Not compared,Not compared,20180000,,,1y
93015,Percentage of physically inactive adults,,,E92000001,England,England,Persons,45-54 yrs,,,2018/19,18.26623,17.83294,18.69795,17.62314,18.97877,,30982,,,Not compared,Not compared,20180000,,,1y
93015,Percentage of physically inactive adults,,,E92000001,England,England,Persons,55-64 yrs,,,2018/19,21.18175,20.74831,21.6175,20.52956,21.85063,,34745,,,Not compared,Not compared,20180000,,,1y
93015,Percentage of physically inactive adults,,,E92000001,England,England,Persons,65-74 yrs,,,2018/19,21.46176,21.02706,21.90331,20.77968,22.16265,,33552,,,Not compared,Not compared,20180000,,,1y
93015,Percentage of physically inactive adults,,,E92000001,England,England,Persons,75-84 yrs,,,2018/19,34.40169,33.61566,35.19161,33.14357,35.62901,,14404,,,Not compared,Not compared,20180000,,,1y
93015,Percentage of physically inactive adults,,,E92000001,England,England,Persons,19-24 yrs,,,2018/19,16.27572,15.44801,17.09614,15.00324,17.64553,,7645,,,Not compared,Not compared,20180000,,,1y
93015,Percentage of physically inactive adults,,,E92000001,England,England,Persons,19+ yrs,,,2018/19,21.39067,21.20107,21.58461,21.10348,21.69296,,176260,,,Not compared,Not compared,20180000,,,1y
93015,Percentage of physically inactive adults,,,E92000001,England,England,Persons,19+ yrs,Working status,Inactive,2018/19,29.06867,28.70313,29.43795,28.51571,29.64885,,59746,,,Worse,Not compared,20180000,,,1y
93015,Percentage of physically inactive adults,,,E92000001,England,England,Persons,19+ yrs,Working status,Unemployed,2018/19,30.4139,29.09487,31.75573,28.35333,32.49736,,4585,,,Worse,Not compared,20180000,,,1y
93015,Percentage of physically inactive adults,,,E92000001,England,England,Persons,19+ yrs,Working status,Working,2018/19,17.30337,17.06595,17.54043,16.94023,17.66006,,98635,,,Better,Not compared,20180000,,,1y
93015,Percentage of physically inactive adults,,,E92000001,England,England,Persons,19+ yrs,Disability,Disabled,2018/19,34.97544,34.44868,35.50158,34.13861,35.80519,,30962,,,Worse,Not compared,20180000,,,1y
93015,Percentage of physically inactive adults,,,E92000001,England,England,Persons,19+ yrs,Disability,Not disabled,2018/19,17.64452,17.44138,17.8523,17.31692,17.95835,,135792,,,Better,Not compared,20180000,,,1y
93015,Percentage of physically inactive adults,,,E92000001,England,England,Persons,19+ yrs,Ethnic groups,White British,2018/19,19.80542,19.6023,20.00487,19.48389,20.12125,,147799,,,Better,Not compared,20180000,,,1y
93015,Percentage of physically inactive adults,,,E92000001,England,England,Persons,19+ yrs,Ethnic groups,White Other,2018/19,21.36218,20.53268,22.20925,20.06579,22.7823,,9424,,,Similar,Not compared,20180000,,,1y
93015,Percentage of physically inactive adults,,,E92000001,England,England,Persons,19+ yrs,Ethnic groups,Asian,2018/19,31.88667,30.80527,33.00146,30.20498,33.67496,,6830,,,Worse,Not compared,20180000,,,1y
93015,Percentage of physically inactive adults,,,E92000001,England,England,Persons,19+ yrs,Ethnic groups,Black,2018/19,28.71024,26.85862,30.51139,25.91319,31.49979,,2327,,,Worse,Not compared,20180000,,,1y
93015,Percentage of physically inactive adults,,,E92000001,England,England,Persons,19+ yrs,Ethnic groups,Chinese,2018/19,22.94177,20.25316,25.63291,18.88175,27.42616,,948,,,Similar,Not compared,20180000,,,1y
93015,Percentage of physically inactive adults,,,E92000001,England,England,Persons,19+ yrs,Ethnic groups,Mixed,2018/19,18.58531,16.91139,20.35443,15.94937,21.21524,,1975,,,Better,Not compared,20180000,,,1y
93015,Percentage of physically inactive adults,,,E92000001,England,England,Persons,19+ yrs,Ethnic groups,Other,2018/19,24.95897,22.59615,27.32372,21.39415,29.08654,,1248,,,Worse,Not compared,20180000,,,1y
93015,Percentage of physically inactive adults,,,E92000001,England,England,Persons,19+ yrs,LSOA11 deprivation deciles within area (IMD  trend),Most deprived decile,2018/19,30.98408,30.30111,31.66877,29.93907,32.09976,92.0,17402,,,Worse,Not compared,20180000,,,1y
93015,Percentage of physically inactive adults,,,E92000001,England,England,Persons,19+ yrs,LSOA11 deprivation deciles within area (IMD  trend),Second most deprived decile,2018/19,25.67045,25.021,26.3037,24.61211,26.67341,100.0,17853,,,Worse,Not compared,20180000,,,1y
93015,Percentage of physically inactive adults,,,E92000001,England,England,Persons,19+ yrs,LSOA11 deprivation deciles within area (IMD  trend),Third more deprived decile,2018/19,22.77385,22.14584,23.39682,21.80773,23.72366,108.0,17746,,,Worse,Not compared,20180000,,,1y
93015,Percentage of physically inactive adults,,,E92000001,England,England,Persons,19+ yrs,LSOA11 deprivation deciles within area (IMD  trend),Fourth more deprived decile,2018/19,20.73382,20.12417,21.33174,19.78808,21.67922,84.0,17556,,,Better,Not compared,20180000,,,1y
93015,Percentage of physically inactive adults,,,E92000001,England,England,Persons,19+ yrs,LSOA11 deprivation deciles within area (IMD  trend),Fifth more deprived decile,2018/19,19.78991,19.20323,20.38106,18.83371,20.69864,76.0,17320,,,Better,Not compared,20180000,,,1y
93015,Percentage of physically inactive adults,,,E92000001,England,England,Persons,19+ yrs,LSOA11 deprivation deciles within area (IMD  trend),Fifth less deprived decile,2018/19,19.36575,18.7884,19.94179,18.47041,20.27596,72.0,18554,,,Better,Not compared,20180000,,,1y
93015,Percentage of physically inactive adults,,,E92000001,England,England,Persons,19+ yrs,LSOA11 deprivation deciles within area (IMD  trend),Fourth less deprived decile,2018/19,17.98728,17.3957,18.56071,17.05099,18.9647,80.0,16826,,,Better,Not compared,20180000,,,1y
93015,Percentage of physically inactive adults,,,E92000001,England,England,Persons,19+ yrs,LSOA11 deprivation deciles within area (IMD  trend),Third less deprived decile,2018/19,18.12104,17.55418,18.68032,17.23728,18.9746,104.0,17671,,,Better,Not compared,20180000,,,1y
93015,Percentage of physically inactive adults,,,E92000001,England,England,Persons,19+ yrs,LSOA11 deprivation deciles within area (IMD  trend),Second least deprived decile,2018/19,17.41959,16.86213,17.98821,16.53537,18.34997,96.0,17139,,,Better,Not compared,20180000,,,1y
93015,Percentage of physically inactive adults,,,E92000001,England,England,Persons,19+ yrs,LSOA11 deprivation deciles within area (IMD  trend),Least deprived decile,2018/19,15.88334,15.35756,16.4184,15.02775,16.70973,88.0,18193,,,Better,Not compared,20180000,,,1y
93015,Percentage of physically inactive adults,,,E92000001,England,England,Persons,19+ yrs,Level of education,No qualification,2018/19,43.36072,42.5649,44.15209,42.06402,44.61064,,14176,,,Worse,Not compared,20180000,,,1y
93015,Percentage of physically inactive adults,,,E92000001,England,England,Persons,19+ yrs,Level of education,Another type of qualification,2018/19,30.5381,29.60293,31.5139,29.01934,32.05175,,8739,,,Worse,Not compared,20180000,,,1y
93015,Percentage of physically inactive adults,,,E92000001,England,England,Persons,19+ yrs,Level of education,Level 1 and below,2018/19,31.51373,30.02586,32.99735,29.07162,33.81963,,3770,,,Worse,Not compared,20180000,,,1y
93015,Percentage of physically inactive adults,,,E92000001,England,England,Persons,19+ yrs,Level of education,Level 2 and equivalent,2018/19,23.89035,23.40082,24.39735,23.15169,24.69912,,28499,,,Worse,Not compared,20180000,,,1y
93015,Percentage of physically inactive adults,,,E92000001,England,England,Persons,19+ yrs,Level of education,Level 3 and equivalent,2018/19,18.89613,18.43368,19.3702,18.16833,19.63554,,25627,,,Better,Not compared,20180000,,,1y
93015,Percentage of physically inactive adults,,,E92000001,England,England,Persons,19+ yrs,Level of education,Level 4 and above,2018/19,14.20868,13.98167,14.43824,13.85726,14.56707,,90025,,,Better,Not compared,20180000,,,1y
93015,Percentage of physically inactive adults,,,E92000001,England,England,Persons,19+ yrs,Socioeconomic class,"Managerial, administrative and professional occupations",2018/19,13.52351,13.29909,13.74994,13.17684,13.86995,,89164,People aged 75 and over are excluded from NS-SeC (National Statistics Socio-economic Classification) economic activity questions in the Active Lives Adult Survey,,Better,Not compared,20180000,,,1y
93015,Percentage of physically inactive adults,,,E92000001,England,England,Persons,19+ yrs,Socioeconomic class,Intermediate occupations,2018/19,20.14455,19.55964,20.75752,19.22309,21.1454,,17531,People aged 75 and over are excluded from NS-SeC (National Statistics Socio-economic Classification) economic activity questions in the Active Lives Adult Survey,,Better,Not compared,20180000,,,1y
93015,Percentage of physically inactive adults,,,E92000001,England,England,Persons,19+ yrs,Socioeconomic class,Self-employed and small employers,2018/19,19.93527,19.20118,20.66244,18.76027,21.06857,,11567,People aged 75 and over are excluded from NS-SeC (National Statistics Socio-economic Classification) economic activity questions in the Active Lives Adult Survey,,Better,Not compared,20180000,,,1y
93015,Percentage of physically inactive adults,,,E92000001,England,England,Persons,19+ yrs,Socioeconomic class,Lower supervisory and technical occupations,2018/19,22.23972,21.50153,22.99966,21.03336,23.41676,,11748,People aged 75 and over are excluded from NS-SeC (National Statistics Socio-economic Classification) economic activity questions in the Active Lives Adult Survey,,Worse,Not compared,20180000,,,1y
93015,Percentage of physically inactive adults,,,E92000001,England,England,Persons,19+ yrs,Socioeconomic class,Semi-routine and routine occupations,2018/19,28.0181,27.32923,28.70769,26.93538,29.12,,16250,People aged 75 and over are excluded from NS-SeC (National Statistics Socio-economic Classification) economic activity questions in the Active Lives Adult Survey,,Worse,Not compared,20180000,,,1y
93015,Percentage of physically inactive adults,,,E92000001,England,England,Persons,19+ yrs,Socioeconomic class,Long term unemployed or never worked,2018/19,37.93961,36.29243,39.57064,35.42211,40.55704,,3447,People aged 75 and over are excluded from NS-SeC (National Statistics Socio-economic Classification) economic activity questions in the Active Lives Adult Survey,,Worse,Not compared,20180000,,,1y
93015,Percentage of physically inactive adults,,,E92000001,England,England,Persons,19+ yrs,Socioeconomic class,Students,2018/19,13.32169,12.18063,14.49792,11.52704,15.18125,,3366,People aged 75 and over are excluded from NS-SeC (National Statistics Socio-economic Classification) economic activity questions in the Active Lives Adult Survey,,Better,Not compared,20180000,,,1y
93015,Percentage of physically inactive adults,,,E92000001,England,England,Persons,19+ yrs,Socioeconomic class,Other/unclassified,2018/19,29.90975,28.69152,31.14035,28.0519,31.90789,,5472,People aged 75 and over are excluded from NS-SeC (National Statistics Socio-economic Classification) economic activity questions in the Active Lives Adult Survey,,Worse,Not compared,20180000,,,1y
93015,Percentage of physically inactive adults,E92000001,England,E92000001,England,England,Male,19+ yrs,,,2018/19,20.20188,19.92566,20.49068,19.75402,20.67517,,78055,,,Similar,Not compared,20180000,,,1y
93015,Percentage of physically inactive adults,E92000001,England,E92000001,England,England,Female,19+ yrs,,,2018/19,22.39396,22.13033,22.65744,21.98397,22.79869,,97703,,,Similar,Not compared,20180000,,,1y
93015,Percentage of physically inactive adults,E92000001,England,E92000001,England,England,Persons,85+ yrs,,,2018/19,57.41861,55.72335,59.04561,54.87765,60.04231,,3311,,,Similar,Not compared,20180000,,,1y
93015,Percentage of physically inactive adults,E92000001,England,E92000001,England,England,Persons,25-34 yrs,,,2018/19,19.21716,18.71438,19.71288,18.42293,20.07286,,23335,,,Similar,Not compared,20180000,,,1y
93015,Percentage of physically inactive adults,E92000001,England,E92000001,England,England,Persons,35-44 yrs,,,2018/19,18.86875,18.41901,19.33819,18.15385,19.61395,,28286,,,Similar,Not compared,20180000,,,1y
93015,Percentage of physically inactive adults,E92000001,England,E92000001,England,England,Persons,45-54 yrs,,,2018/19,18.26623,17.83294,18.69795,17.62314,18.97877,,30982,,,Similar,Not compared,20180000,,,1y
93015,Percentage of physically inactive adults,E92000001,England,E92000001,England,England,Persons,55-64 yrs,,,2018/19,21.18175,20.74831,21.6175,20.52956,21.85063,,34745,,,Similar,Not compared,20180000,,,1y
93015,Percentage of physically inactive adults,E92000001,England,E92000001,England,England,Persons,65-74 yrs,,,2018/19,21.46176,21.02706,21.90331,20.77968,22.16265,,33552,,,Similar,Not compared,20180000,,,1y
93015,Percentage of physically inactive adults,E92000001,England,E92000001,England,England,Persons,75-84 yrs,,,2018/19,34.40169,33.61566,35.19161,33.14357,35.62901,,14404,,,Similar,Not compared,20180000,,,1y
93015,Percentage of physically inactive adults,E92000001,England,E92000001,England,England,Persons,19-24 yrs,,,2018/19,16.27572,15.44801,17.09614,15.00324,17.64553,,7645,,,Similar,Not compared,20180000,,,1y
93015,Percentage of physically inactive adults,E92000001,England,E92000001,England,England,Persons,19+ yrs,,,2018/19,21.39067,21.20107,21.58461,21.10348,21.69296,,176260,,,Similar,Not compared,20180000,,,1y
93015,Percentage of physically inactive adults,E92000001,England,E92000001,England,England,Persons,19+ yrs,Working status,Inactive,2018/19,29.06867,28.70313,29.43795,28.51571,29.64885,,59746,,,Worse,Not compared,20180000,,,1y
93015,Percentage of physically inactive adults,E92000001,England,E92000001,England,England,Persons,19+ yrs,Working status,Unemployed,2018/19,30.4139,29.09487,31.75573,28.35333,32.49736,,4585,,,Worse,Not compared,20180000,,,1y
93015,Percentage of physically inactive adults,E92000001,England,E92000001,England,England,Persons,19+ yrs,Working status,Working,2018/19,17.30337,17.06595,17.54043,16.94023,17.66006,,98635,,,Better,Not compared,20180000,,,1y
93015,Percentage of physically inactive adults,E92000001,England,E92000001,England,England,Persons,19+ yrs,Disability,Disabled,2018/19,34.97544,34.44868,35.50158,34.13861,35.80519,,30962,,,Worse,Not compared,20180000,,,1y
93015,Percentage of physically inactive adults,E92000001,England,E92000001,England,England,Persons,19+ yrs,Disability,Not disabled,2018/19,17.64452,17.44138,17.8523,17.31692,17.95835,,135792,,,Better,Not compared,20180000,,,1y
93015,Percentage of physically inactive adults,E92000001,England,E92000001,England,England,Persons,19+ yrs,Ethnic groups,White British,2018/19,19.80542,19.6023,20.00487,19.48389,20.12125,,147799,,,Better,Not compared,20180000,,,1y
93015,Percentage of physically inactive adults,E92000001,England,E92000001,England,England,Persons,19+ yrs,Ethnic groups,White Other,2018/19,21.36218,20.53268,22.20925,20.06579,22.7823,,9424,,,Similar,Not compared,20180000,,,1y
93015,Percentage of physically inactive adults,E92000001,England,E92000001,England,England,Persons,19+ yrs,Ethnic groups,Asian,2018/19,31.88667,30.80527,33.00146,30.20498,33.67496,,6830,,,Worse,Not compared,20180000,,,1y
93015,Percentage of physically inactive adults,E92000001,England,E92000001,England,England,Persons,19+ yrs,Ethnic groups,Black,2018/19,28.71024,26.85862,30.51139,25.91319,31.49979,,2327,,,Worse,Not compared,20180000,,,1y
93015,Percentage of physically inactive adults,E92000001,England,E92000001,England,England,Persons,19+ yrs,Ethnic groups,Chinese,2018/19,22.94177,20.25316,25.63291,18.88175,27.42616,,948,,,Similar,Not compared,20180000,,,1y
93015,Percentage of physically inactive adults,E92000001,England,E92000001,England,England,Persons,19+ yrs,Ethnic groups,Mixed,2018/19,18.58531,16.91139,20.35443,15.94937,21.21524,,1975,,,Better,Not compared,20180000,,,1y
93015,Percentage of physically inactive adults,E92000001,England,E92000001,England,England,Persons,19+ yrs,Ethnic groups,Other,2018/19,24.95897,22.59615,27.32372,21.39415,29.08654,,1248,,,Worse,Not compared,20180000,,,1y
93015,Percentage of physically inactive adults,E92000001,England,E92000001,England,England,Persons,19+ yrs,LSOA11 deprivation deciles within area (IMD  trend),Most deprived decile,2018/19,30.98408,30.30111,31.66877,29.93907,32.09976,92.0,17402,,,Worse,Not compared,20180000,,,1y
93015,Percentage of physically inactive adults,E92000001,England,E92000001,England,England,Persons,19+ yrs,LSOA11 deprivation deciles within area (IMD  trend),Second most deprived decile,2018/19,25.67045,25.021,26.3037,24.61211,26.67341,100.0,17853,,,Worse,Not compared,20180000,,,1y
93015,Percentage of physically inactive adults,E92000001,England,E92000001,England,England,Persons,19+ yrs,LSOA11 deprivation deciles within area (IMD  trend),Third more deprived decile,2018/19,22.77385,22.14584,23.39682,21.80773,23.72366,108.0,17746,,,Worse,Not compared,20180000,,,1y
93015,Percentage of physically inactive adults,E92000001,England,E92000001,England,England,Persons,19+ yrs,LSOA11 deprivation deciles within area (IMD  trend),Fourth more deprived decile,2018/19,20.73382,20.12417,21.33174,19.78808,21.67922,84.0,17556,,,Better,Not compared,20180000,,,1y
93015,Percentage of physically inactive adults,E92000001,England,E92000001,England,England,Persons,19+ yrs,LSOA11 deprivation deciles within area (IMD  trend),Fifth more deprived decile,2018/19,19.78991,19.20323,20.38106,18.83371,20.69864,76.0,17320,,,Better,Not compared,20180000,,,1y
93015,Percentage of physically inactive adults,E92000001,England,E92000001,England,England,Persons,19+ yrs,LSOA11 deprivation deciles within area (IMD  trend),Fifth less deprived decile,2018/19,19.36575,18.7884,19.94179,18.47041,20.27596,72.0,18554,,,Better,Not compared,20180000,,,1y
93015,Percentage of physically inactive adults,E92000001,England,E92000001,England,England,Persons,19+ yrs,LSOA11 deprivation deciles within area (IMD  trend),Fourth less deprived decile,2018/19,17.98728,17.3957,18.56071,17.05099,18.9647,80.0,16826,,,Better,Not compared,20180000,,,1y
93015,Percentage of physically inactive adults,E92000001,England,E92000001,England,England,Persons,19+ yrs,LSOA11 deprivation deciles within area (IMD  trend),Third less deprived decile,2018/19,18.12104,17.55418,18.68032,17.23728,18.9746,104.0,17671,,,Better,Not compared,20180000,,,1y
93015,Percentage of physically inactive adults,E92000001,England,E92000001,England,England,Persons,19+ yrs,LSOA11 deprivation deciles within area (IMD  trend),Second least deprived decile,2018/19,17.41959,16.86213,17.98821,16.53537,18.34997,96.0,17139,,,Better,Not compared,20180000,,,1y
93015,Percentage of physically inactive adults,E92000001,England,E92000001,England,England,Persons,19+ yrs,LSOA11 deprivation deciles within area (IMD  trend),Least deprived decile,2018/19,15.88334,15.35756,16.4184,15.02775,16.70973,88.0,18193,,,Better,Not compared,20180000,,,1y
93015,Percentage of physically inactive adults,E92000001,England,E92000001,England,England,Persons,19+ yrs,Level of education,No qualification,2018/19,43.36072,42.5649,44.15209,42.06402,44.61064,,14176,,,Worse,Not compared,20180000,,,1y
93015,Percentage of physically inactive adults,E92000001,England,E92000001,England,England,Persons,19+ yrs,Level of education,Another type of qualification,2018/19,30.5381,29.60293,31.5139,29.01934,32.05175,,8739,,,Worse,Not compared,20180000,,,1y
93015,Percentage of physically inactive adults,E92000001,England,E92000001,England,England,Persons,19+ yrs,Level of education,Level 1 and below,2018/19,31.51373,30.02586,32.99735,29.07162,33.81963,,3770,,,Worse,Not compared,20180000,,,1y
93015,Percentage of physically inactive adults,E92000001,England,E92000001,England,England,Persons,19+ yrs,Level of education,Level 2 and equivalent,2018/19,23.89035,23.40082,24.39735,23.15169,24.69912,,28499,,,Worse,Not compared,20180000,,,1y
93015,Percentage of physically inactive adults,E92000001,England,E92000001,England,England,Persons,19+ yrs,Level of education,Level 3 and equivalent,2018/19,18.89613,18.43368,19.3702,18.16833,19.63554,,25627,,,Better,Not compared,20180000,,,1y
93015,Percentage of physically inactive adults,E92000001,England,E92000001,England,England,Persons,19+ yrs,Level of education,Level 4 and above,2018/19,14.20868,13.98167,14.43824,13.85726,14.56707,,90025,,,Better,Not compared,20180000,,,1y
93015,Percentage of physically inactive adults,E92000001,England,E92000001,England,England,Persons,19+ yrs,Socioeconomic class,"Managerial, administrative and professional occupations",2018/19,13.52351,13.29909,13.74994,13.17684,13.86995,,89164,People aged 75 and over are excluded from NS-SeC (National Statistics Socio-economic Classification) economic activity questions in the Active Lives Adult Survey,,Better,Not compared,20180000,,,1y
93015,Percentage of physically inactive adults,E92000001,England,E92000001,England,England,Persons,19+ yrs,Socioeconomic class,Intermediate occupations,2018/19,20.14455,19.55964,20.75752,19.22309,21.1454,,17531,People aged 75 and over are excluded from NS-SeC (National Statistics Socio-economic Classification) economic activity questions in the Active Lives Adult Survey,,Better,Not compared,20180000,,,1y
93015,Percentage of physically inactive adults,E92000001,England,E92000001,England,England,Persons,19+ yrs,Socioeconomic class,Self-employed and small employers,2018/19,19.93527,19.20118,20.66244,18.76027,21.06857,,11567,People aged 75 and over are excluded from NS-SeC (National Statistics Socio-economic Classification) economic activity questions in the Active Lives Adult Survey,,Better,Not compared,20180000,,,1y
93015,Percentage of physically inactive adults,E92000001,England,E92000001,England,England,Persons,19+ yrs,Socioeconomic class,Lower supervisory and technical occupations,2018/19,22.23972,21.50153,22.99966,21.03336,23.41676,,11748,People aged 75 and over are excluded from NS-SeC (National Statistics Socio-economic Classification) economic activity questions in the Active Lives Adult Survey,,Worse,Not compared,20180000,,,1y
93015,Percentage of physically inactive adults,E92000001,England,E92000001,England,England,Persons,19+ yrs,Socioeconomic class,Semi-routine and routine occupations,2018/19,28.0181,27.32923,28.70769,26.93538,29.12,,16250,People aged 75 and over are excluded from NS-SeC (National Statistics Socio-economic Classification) economic activity questions in the Active Lives Adult Survey,,Worse,Not compared,20180000,,,1y
93015,Percentage of physically inactive adults,E92000001,England,E92000001,England,England,Persons,19+ yrs,Socioeconomic class,Long term unemployed or never worked,2018/19,37.93961,36.29243,39.57064,35.42211,40.55704,,3447,People aged 75 and over are excluded from NS-SeC (National Statistics Socio-economic Classification) economic activity questions in the Active Lives Adult Survey,,Worse,Not compared,20180000,,,1y
93015,Percentage of physically inactive adults,E92000001,England,E92000001,England,England,Persons,19+ yrs,Socioeconomic class,Students,2018/19,13.32169,12.18063,14.49792,11.52704,15.18125,,3366,People aged 75 and over are excluded from NS-SeC (National Statistics Socio-economic Classification) economic activity questions in the Active Lives Adult Survey,,Better,Not compared,20180000,,,1y
93015,Percentage of physically inactive adults,E92000001,England,E92000001,England,England,Persons,19+ yrs,Socioeconomic class,Other/unclassified,2018/19,29.90975,28.69152,31.14035,28.0519,31.90789,,5472,People aged 75 and over are excluded from NS-SeC (National Statistics Socio-economic Classification) economic activity questions in the Active Lives Adult Survey,,Worse,Not compared,20180000,,,1y
93015,Percentage of physically inactive adults,,,E92000001,England,England,Male,19+ yrs,,,2019/20,21.86966,21.57575,22.16408,21.40133,22.31898,,76827,,,Not compared,Not compared,20190000,,,1y
93015,Percentage of physically inactive adults,,,E92000001,England,England,Female,19+ yrs,,,2019/20,23.71106,23.4356,23.97983,23.28372,24.14543,,94813,,,Not compared,Not compared,20190000,,,1y
93015,Percentage of physically inactive adults,,,E92000001,England,England,Persons,85+ yrs,,,2019/20,59.40525,57.69476,61.07918,56.67305,61.90936,,3132,,,Not compared,Not compared,20190000,,,1y
93015,Percentage of physically inactive adults,,,E92000001,England,England,Persons,25-34 yrs,,,2019/20,20.22207,19.71109,20.74049,19.43573,21.01162,,23606,,,Not compared,Not compared,20190000,,,1y
93015,Percentage of physically inactive adults,,,E92000001,England,England,Persons,35-44 yrs,,,2019/20,20.78998,20.31871,21.27336,20.05869,21.59282,,26921,,,Not compared,Not compared,20190000,,,1y
93015,Percentage of physically inactive adults,,,E92000001,England,England,Persons,45-54 yrs,,,2019/20,19.20165,18.75169,19.64915,18.47399,19.93362,,29528,,,Not compared,Not compared,20190000,,,1y
93015,Percentage of physically inactive adults,,,E92000001,England,England,Persons,55-64 yrs,,,2019/20,21.67466,21.23646,22.11335,20.98046,22.36053,,33984,,,Not compared,Not compared,20190000,,,1y
93015,Percentage of physically inactive adults,,,E92000001,England,England,Persons,65-74 yrs,,,2019/20,23.82457,23.36088,24.27681,23.09875,24.55745,,32426,,,Not compared,Not compared,20190000,,,1y
93015,Percentage of physically inactive adults,,,E92000001,England,England,Persons,75-84 yrs,,,2019/20,35.82441,35.06769,36.61288,34.60959,37.02996,,14626,,,Not compared,Not compared,20190000,,,1y
93015,Percentage of physically inactive adults,,,E92000001,England,England,Persons,19-24 yrs,,,2019/20,19.74692,18.87243,20.60522,18.39528,21.09494,,7964,,,Not compared,Not compared,20190000,,,1y
93015,Percentage of physically inactive adults,,,E92000001,England,England,Persons,19+ yrs,,,2019/20,22.90233,22.7038,23.10395,22.59869,23.19514,,172187,,,Not compared,Not compared,20190000,,,1y
93015,Percentage of physically inactive adults,,,E92000001,England,England,Persons,19+ yrs,Working status,Inactive,2019/20,31.00262,30.62469,31.37772,30.40159,31.59033,,57372,,,Worse,Not compared,20190000,,,1y
93015,Percentage of physically inactive adults,,,E92000001,England,England,Persons,19+ yrs,Working status,Unemployed,2019/20,32.40436,31.14373,33.59629,30.51727,34.2939,,5587,,,Worse,Not compared,20190000,,,1y
93015,Percentage of physically inactive adults,,,E92000001,England,England,Persons,19+ yrs,Working status,Working,2019/20,18.32482,18.07362,18.56882,17.9253,18.70253,,95725,,,Better,Not compared,20190000,,,1y
93015,Percentage of physically inactive adults,,,E92000001,England,England,Persons,19+ yrs,Disability,Disabled,2019/20,35.40427,34.87262,35.9555,34.57636,36.28135,,30382,,,Worse,Not compared,20190000,,,1y
93015,Percentage of physically inactive adults,,,E92000001,England,England,Persons,19+ yrs,Disability,Not disabled,2019/20,19.25897,19.04957,19.47348,18.94434,19.5923,,132108,,,Better,Not compared,20190000,,,1y
93015,Percentage of physically inactive adults,,,E92000001,England,England,Persons,19+ yrs,Ethnic groups,White British,2019/20,21.06703,20.85752,21.27633,20.74045,21.38502,,143507,,,Better,Not compared,20190000,,,1y
93015,Percentage of physically inactive adults,,,E92000001,England,England,Persons,19+ yrs,Ethnic groups,White Other,2019/20,23.21776,22.35885,24.05902,21.85628,24.54022,,9352,,,Similar,Not compared,20190000,,,1y
93015,Percentage of physically inactive adults,,,E92000001,England,England,Persons,19+ yrs,Ethnic groups,Asian,2019/20,34.46049,33.35615,35.56016,32.7402,36.27158,,7306,,,Worse,Not compared,20190000,,,1y
93015,Percentage of physically inactive adults,,,E92000001,England,England,Persons,19+ yrs,Ethnic groups,Black,2019/20,30.2985,28.52418,32.12071,27.36664,33.19558,,2419,,,Worse,Not compared,20190000,,,1y
93015,Percentage of physically inactive adults,,,E92000001,England,England,Persons,19+ yrs,Ethnic groups,Chinese,2019/20,27.42892,24.6988,30.22088,22.99197,31.72701,,996,,,Worse,Not compared,20190000,,,1y
93015,Percentage of physically inactive adults,,,E92000001,England,England,Persons,19+ yrs,Ethnic groups,Mixed,2019/20,19.5458,17.81981,21.30413,16.92384,22.34943,,2009,,,Better,Not compared,20190000,,,1y
93015,Percentage of physically inactive adults,,,E92000001,England,England,Persons,19+ yrs,Ethnic groups,Other,2019/20,32.96415,30.48048,35.58559,29.12913,37.01201,,1332,,,Worse,Not compared,20190000,,,1y
93015,Percentage of physically inactive adults,,,E92000001,England,England,Persons,19+ yrs,LSOA11 deprivation deciles within area (IMD  trend),Most deprived decile,2019/20,34.12155,33.39423,34.83206,33.04065,35.24456,124.0,16970,,,Worse,Not compared,20190000,,,1y
93015,Percentage of physically inactive adults,,,E92000001,England,England,Persons,19+ yrs,LSOA11 deprivation deciles within area (IMD  trend),Second most deprived decile,2019/20,28.88394,28.19426,29.56771,27.77644,29.99762,130.0,16748,,,Worse,Not compared,20190000,,,1y
93015,Percentage of physically inactive adults,,,E92000001,England,England,Persons,19+ yrs,LSOA11 deprivation deciles within area (IMD  trend),Third more deprived decile,2019/20,24.80028,24.14241,25.44134,23.77044,25.84874,136.0,16937,,,Worse,Not compared,20190000,,,1y
93015,Percentage of physically inactive adults,,,E92000001,England,England,Persons,19+ yrs,LSOA11 deprivation deciles within area (IMD  trend),Fourth more deprived decile,2019/20,22.24249,21.61421,22.866,21.29232,23.2177,118.0,16776,,,Better,Not compared,20190000,,,1y
93015,Percentage of physically inactive adults,,,E92000001,England,England,Persons,19+ yrs,LSOA11 deprivation deciles within area (IMD  trend),Fifth more deprived decile,2019/20,21.51204,20.93641,22.08649,20.64506,22.39828,112.0,19564,,,Better,Not compared,20190000,,,1y
93015,Percentage of physically inactive adults,,,E92000001,England,England,Persons,19+ yrs,LSOA11 deprivation deciles within area (IMD  trend),Fifth less deprived decile,2019/20,20.25177,19.61337,20.882,19.23747,21.23104,109.0,14898,,,Better,Not compared,20190000,,,1y
93015,Percentage of physically inactive adults,,,E92000001,England,England,Persons,19+ yrs,LSOA11 deprivation deciles within area (IMD  trend),Fourth less deprived decile,2019/20,20.25436,19.6992,20.81195,19.37908,21.16764,115.0,19681,,,Better,Not compared,20190000,,,1y
93015,Percentage of physically inactive adults,,,E92000001,England,England,Persons,19+ yrs,LSOA11 deprivation deciles within area (IMD  trend),Third less deprived decile,2019/20,18.98946,18.38747,19.57902,18.03665,19.91169,133.0,16533,,,Better,Not compared,20190000,,,1y
93015,Percentage of physically inactive adults,,,E92000001,England,England,Persons,19+ yrs,LSOA11 deprivation deciles within area (IMD  trend),Second least deprived decile,2019/20,17.46994,16.89732,18.07117,16.55752,18.41716,127.0,16186,,,Better,Not compared,20190000,,,1y
93015,Percentage of physically inactive adults,,,E92000001,England,England,Persons,19+ yrs,LSOA11 deprivation deciles within area (IMD  trend),Least deprived decile,2019/20,16.60251,16.05566,17.13437,15.75947,17.40808,121.0,17894,,,Better,Not compared,20190000,,,1y
93015,Percentage of physically inactive adults,,,E92000001,England,England,Persons,19+ yrs,Level of education,No qualification,2019/20,42.57447,41.38304,43.79641,40.71781,44.50806,,6464,,,Worse,Not compared,20190000,,,1y
93015,Percentage of physically inactive adults,,,E92000001,England,England,Persons,19+ yrs,Level of education,Another type of qualification,2019/20,32.45864,31.21007,33.69228,30.5165,34.45884,,5479,,,Worse,Not compared,20190000,,,1y
93015,Percentage of physically inactive adults,,,E92000001,England,England,Persons,19+ yrs,Level of education,Level 1 and below,2019/20,38.7145,36.45525,41.01956,35.21037,42.38293,,1687,,,Worse,Not compared,20190000,,,1y
93015,Percentage of physically inactive adults,,,E92000001,England,England,Persons,19+ yrs,Level of education,Level 2 and equivalent,2019/20,25.7658,25.1343,26.39861,24.83585,26.77303,,18429,,,Worse,Not compared,20190000,,,1y
93015,Percentage of physically inactive adults,,,E92000001,England,England,Persons,19+ yrs,Level of education,Level 3 and equivalent,2019/20,21.16246,20.58269,21.75669,20.28109,22.10135,,18569,,,Better,Not compared,20190000,,,1y
93015,Percentage of physically inactive adults,,,E92000001,England,England,Persons,19+ yrs,Level of education,Level 4 and above,2019/20,15.5275,15.25028,15.80392,15.09013,15.95797,,65566,,,Better,Not compared,20190000,,,1y
93015,Percentage of physically inactive adults,,,E92000001,England,England,Persons,19+ yrs,Socioeconomic class,"Managerial, administrative and professional occupations",2019/20,14.32145,14.08765,14.56143,13.94882,14.67463,,85699,People aged 75 and over are excluded from NS-SeC (National Statistics Socio-economic Classification) economic activity questions in the Active Lives Adult Survey,,Better,Not compared,20190000,,,1y
93015,Percentage of physically inactive adults,,,E92000001,England,England,Persons,19+ yrs,Socioeconomic class,Intermediate occupations,2019/20,21.29129,20.66764,21.91508,20.32211,22.25476,,17075,People aged 75 and over are excluded from NS-SeC (National Statistics Socio-economic Classification) economic activity questions in the Active Lives Adult Survey,,Better,Not compared,20190000,,,1y
93015,Percentage of physically inactive adults,,,E92000001,England,England,Persons,19+ yrs,Socioeconomic class,Self-employed and small employers,2019/20,21.79059,20.99654,22.5542,20.58663,22.98235,,10978,People aged 75 and over are excluded from NS-SeC (National Statistics Socio-economic Classification) economic activity questions in the Active Lives Adult Survey,,Better,Not compared,20190000,,,1y
93015,Percentage of physically inactive adults,,,E92000001,England,England,Persons,19+ yrs,Socioeconomic class,Lower supervisory and technical occupations,2019/20,23.9403,23.17439,24.71535,22.75489,25.16052,,11681,People aged 75 and over are excluded from NS-SeC (National Statistics Socio-economic Classification) economic activity questions in the Active Lives Adult Survey,,Worse,Not compared,20190000,,,1y
93015,Percentage of physically inactive adults,,,E92000001,England,England,Persons,19+ yrs,Socioeconomic class,Semi-routine and routine occupations,2019/20,30.15404,29.44483,30.86867,29.02637,31.30582,,16013,People aged 75 and over are excluded from NS-SeC (National Statistics Socio-economic Classification) economic activity questions in the Active Lives Adult Survey,,Worse,Not compared,20190000,,,1y
93015,Percentage of physically inactive adults,,,E92000001,England,England,Persons,19+ yrs,Socioeconomic class,Long term unemployed or never worked,2019/20,42.21554,40.59349,43.84903,39.67148,44.88623,,3471,People aged 75 and over are excluded from NS-SeC (National Statistics Socio-economic Classification) economic activity questions in the Active Lives Adult Survey,,Worse,Not compared,20190000,,,1y
93015,Percentage of physically inactive adults,,,E92000001,England,England,Persons,19+ yrs,Socioeconomic class,Students,2019/20,16.78786,15.55685,18.0285,14.82986,18.81361,,3439,People aged 75 and over are excluded from NS-SeC (National Statistics Socio-economic Classification) economic activity questions in the Active Lives Adult Survey,,Better,Not compared,20190000,,,1y
93015,Percentage of physically inactive adults,,,E92000001,England,England,Persons,19+ yrs,Socioeconomic class,Other/unclassified,2019/20,32.90307,31.74708,34.0853,31.00608,34.74395,,6073,People aged 75 and over are excluded from NS-SeC (National Statistics Socio-economic Classification) economic activity questions in the Active Lives Adult Survey,,Worse,Not compared,20190000,,,1y
93015,Percentage of physically inactive adults,E92000001,England,E92000001,England,England,Male,19+ yrs,,,2019/20,21.86966,21.57575,22.16408,21.40133,22.31898,,76827,,,Similar,Not compared,20190000,,,1y
93015,Percentage of physically inactive adults,E92000001,England,E92000001,England,England,Female,19+ yrs,,,2019/20,23.71106,23.4356,23.97983,23.28372,24.14543,,94813,,,Similar,Not compared,20190000,,,1y
93015,Percentage of physically inactive adults,E92000001,England,E92000001,England,England,Persons,85+ yrs,,,2019/20,59.40525,57.69476,61.07918,56.67305,61.90936,,3132,,,Similar,Not compared,20190000,,,1y
93015,Percentage of physically inactive adults,E92000001,England,E92000001,England,England,Persons,25-34 yrs,,,2019/20,20.22207,19.71109,20.74049,19.43573,21.01162,,23606,,,Similar,Not compared,20190000,,,1y
93015,Percentage of physically inactive adults,E92000001,England,E92000001,England,England,Persons,35-44 yrs,,,2019/20,20.78998,20.31871,21.27336,20.05869,21.59282,,26921,,,Similar,Not compared,20190000,,,1y
93015,Percentage of physically inactive adults,E92000001,England,E92000001,England,England,Persons,45-54 yrs,,,2019/20,19.20165,18.75169,19.64915,18.47399,19.93362,,29528,,,Similar,Not compared,20190000,,,1y
93015,Percentage of physically inactive adults,E92000001,England,E92000001,England,England,Persons,55-64 yrs,,,2019/20,21.67466,21.23646,22.11335,20.98046,22.36053,,33984,,,Similar,Not compared,20190000,,,1y
93015,Percentage of physically inactive adults,E92000001,England,E92000001,England,England,Persons,65-74 yrs,,,2019/20,23.82457,23.36088,24.27681,23.09875,24.55745,,32426,,,Similar,Not compared,20190000,,,1y
93015,Percentage of physically inactive adults,E92000001,England,E92000001,England,England,Persons,75-84 yrs,,,2019/20,35.82441,35.06769,36.61288,34.60959,37.02996,,14626,,,Similar,Not compared,20190000,,,1y
93015,Percentage of physically inactive adults,E92000001,England,E92000001,England,England,Persons,19-24 yrs,,,2019/20,19.74692,18.87243,20.60522,18.39528,21.09494,,7964,,,Similar,Not compared,20190000,,,1y
93015,Percentage of physically inactive adults,E92000001,England,E92000001,England,England,Persons,19+ yrs,,,2019/20,22.90233,22.7038,23.10395,22.59869,23.19514,,172187,,,Similar,Not compared,20190000,,,1y
93015,Percentage of physically inactive adults,E92000001,England,E92000001,England,England,Persons,19+ yrs,Working status,Inactive,2019/20,31.00262,30.62469,31.37772,30.40159,31.59033,,57372,,,Worse,Not compared,20190000,,,1y
93015,Percentage of physically inactive adults,E92000001,England,E92000001,England,England,Persons,19+ yrs,Working status,Unemployed,2019/20,32.40436,31.14373,33.59629,30.51727,34.2939,,5587,,,Worse,Not compared,20190000,,,1y
93015,Percentage of physically inactive adults,E92000001,England,E92000001,England,England,Persons,19+ yrs,Working status,Working,2019/20,18.32482,18.07362,18.56882,17.9253,18.70253,,95725,,,Better,Not compared,20190000,,,1y
93015,Percentage of physically inactive adults,E92000001,England,E92000001,England,England,Persons,19+ yrs,Disability,Disabled,2019/20,35.40427,34.87262,35.9555,34.57636,36.28135,,30382,,,Worse,Not compared,20190000,,,1y
93015,Percentage of physically inactive adults,E92000001,England,E92000001,England,England,Persons,19+ yrs,Disability,Not disabled,2019/20,19.25897,19.04957,19.47348,18.94434,19.5923,,132108,,,Better,Not compared,20190000,,,1y
93015,Percentage of physically inactive adults,E92000001,England,E92000001,England,England,Persons,19+ yrs,Ethnic groups,White British,2019/20,21.06703,20.85752,21.27633,20.74045,21.38502,,143507,,,Better,Not compared,20190000,,,1y
93015,Percentage of physically inactive adults,E92000001,England,E92000001,England,England,Persons,19+ yrs,Ethnic groups,White Other,2019/20,23.21776,22.35885,24.05902,21.85628,24.54022,,9352,,,Similar,Not compared,20190000,,,1y
93015,Percentage of physically inactive adults,E92000001,England,E92000001,England,England,Persons,19+ yrs,Ethnic groups,Asian,2019/20,34.46049,33.35615,35.56016,32.7402,36.27158,,7306,,,Worse,Not compared,20190000,,,1y
93015,Percentage of physically inactive adults,E92000001,England,E92000001,England,England,Persons,19+ yrs,Ethnic groups,Black,2019/20,30.2985,28.52418,32.12071,27.36664,33.19558,,2419,,,Worse,Not compared,20190000,,,1y
93015,Percentage of physically inactive adults,E92000001,England,E92000001,England,England,Persons,19+ yrs,Ethnic groups,Chinese,2019/20,27.42892,24.6988,30.22088,22.99197,31.72701,,996,,,Worse,Not compared,20190000,,,1y
93015,Percentage of physically inactive adults,E92000001,England,E92000001,England,England,Persons,19+ yrs,Ethnic groups,Mixed,2019/20,19.5458,17.81981,21.30413,16.92384,22.34943,,2009,,,Better,Not compared,20190000,,,1y
93015,Percentage of physically inactive adults,E92000001,England,E92000001,England,England,Persons,19+ yrs,Ethnic groups,Other,2019/20,32.96415,30.48048,35.58559,29.12913,37.01201,,1332,,,Worse,Not compared,20190000,,,1y
93015,Percentage of physically inactive adults,E92000001,England,E92000001,England,England,Persons,19+ yrs,LSOA11 deprivation deciles within area (IMD  trend),Most deprived decile,2019/20,34.12155,33.39423,34.83206,33.04065,35.24456,124.0,16970,,,Worse,Not compared,20190000,,,1y
93015,Percentage of physically inactive adults,E92000001,England,E92000001,England,England,Persons,19+ yrs,LSOA11 deprivation deciles within area (IMD  trend),Second most deprived decile,2019/20,28.88394,28.19426,29.56771,27.77644,29.99762,130.0,16748,,,Worse,Not compared,20190000,,,1y
93015,Percentage of physically inactive adults,E92000001,England,E92000001,England,England,Persons,19+ yrs,LSOA11 deprivation deciles within area (IMD  trend),Third more deprived decile,2019/20,24.80028,24.14241,25.44134,23.77044,25.84874,136.0,16937,,,Worse,Not compared,20190000,,,1y
93015,Percentage of physically inactive adults,E92000001,England,E92000001,England,England,Persons,19+ yrs,LSOA11 deprivation deciles within area (IMD  trend),Fourth more deprived decile,2019/20,22.24249,21.61421,22.866,21.29232,23.2177,118.0,16776,,,Better,Not compared,20190000,,,1y
93015,Percentage of physically inactive adults,E92000001,England,E92000001,England,England,Persons,19+ yrs,LSOA11 deprivation deciles within area (IMD  trend),Fifth more deprived decile,2019/20,21.51204,20.93641,22.08649,20.64506,22.39828,112.0,19564,,,Better,Not compared,20190000,,,1y
93015,Percentage of physically inactive adults,E92000001,England,E92000001,England,England,Persons,19+ yrs,LSOA11 deprivation deciles within area (IMD  trend),Fifth less deprived decile,2019/20,20.25177,19.61337,20.882,19.23747,21.23104,109.0,14898,,,Better,Not compared,20190000,,,1y
93015,Percentage of physically inactive adults,E92000001,England,E92000001,England,England,Persons,19+ yrs,LSOA11 deprivation deciles within area (IMD  trend),Fourth less deprived decile,2019/20,20.25436,19.6992,20.81195,19.37908,21.16764,115.0,19681,,,Better,Not compared,20190000,,,1y
93015,Percentage of physically inactive adults,E92000001,England,E92000001,England,England,Persons,19+ yrs,LSOA11 deprivation deciles within area (IMD  trend),Third less deprived decile,2019/20,18.98946,18.38747,19.57902,18.03665,19.91169,133.0,16533,,,Better,Not compared,20190000,,,1y
93015,Percentage of physically inactive adults,E92000001,England,E92000001,England,England,Persons,19+ yrs,LSOA11 deprivation deciles within area (IMD  trend),Second least deprived decile,2019/20,17.46994,16.89732,18.07117,16.55752,18.41716,127.0,16186,,,Better,Not compared,20190000,,,1y
93015,Percentage of physically inactive adults,E92000001,England,E92000001,England,England,Persons,19+ yrs,LSOA11 deprivation deciles within area (IMD  trend),Least deprived decile,2019/20,16.60251,16.05566,17.13437,15.75947,17.40808,121.0,17894,,,Better,Not compared,20190000,,,1y
93015,Percentage of physically inactive adults,E92000001,England,E92000001,England,England,Persons,19+ yrs,Level of education,No qualification,2019/20,42.57447,41.38304,43.79641,40.71781,44.50806,,6464,,,Worse,Not compared,20190000,,,1y
93015,Percentage of physically inactive adults,E92000001,England,E92000001,England,England,Persons,19+ yrs,Level of education,Another type of qualification,2019/20,32.45864,31.21007,33.69228,30.5165,34.45884,,5479,,,Worse,Not compared,20190000,,,1y
93015,Percentage of physically inactive adults,E92000001,England,E92000001,England,England,Persons,19+ yrs,Level of education,Level 1 and below,2019/20,38.7145,36.45525,41.01956,35.21037,42.38293,,1687,,,Worse,Not compared,20190000,,,1y
93015,Percentage of physically inactive adults,E92000001,England,E92000001,England,England,Persons,19+ yrs,Level of education,Level 2 and equivalent,2019/20,25.7658,25.1343,26.39861,24.83585,26.77303,,18429,,,Worse,Not compared,20190000,,,1y
93015,Percentage of physically inactive adults,E92000001,England,E92000001,England,England,Persons,19+ yrs,Level of education,Level 3 and equivalent,2019/20,21.16246,20.58269,21.75669,20.28109,22.10135,,18569,,,Better,Not compared,20190000,,,1y
93015,Percentage of physically inactive adults,E92000001,England,E92000001,England,England,Persons,19+ yrs,Level of education,Level 4 and above,2019/20,15.5275,15.25028,15.80392,15.09013,15.95797,,65566,,,Better,Not compared,20190000,,,1y
93015,Percentage of physically inactive adults,E92000001,England,E92000001,England,England,Persons,19+ yrs,Socioeconomic class,"Managerial, administrative and professional occupations",2019/20,14.32145,14.08765,14.56143,13.94882,14.67463,,85699,People aged 75 and over are excluded from NS-SeC (National Statistics Socio-economic Classification) economic activity questions in the Active Lives Adult Survey,,Better,Not compared,20190000,,,1y
93015,Percentage of physically inactive adults,E92000001,England,E92000001,England,England,Persons,19+ yrs,Socioeconomic class,Intermediate occupations,2019/20,21.29129,20.66764,21.91508,20.32211,22.25476,,17075,People aged 75 and over are excluded from NS-SeC (National Statistics Socio-economic Classification) economic activity questions in the Active Lives Adult Survey,,Better,Not compared,20190000,,,1y
93015,Percentage of physically inactive adults,E92000001,England,E92000001,England,England,Persons,19+ yrs,Socioeconomic class,Self-employed and small employers,2019/20,21.79059,20.99654,22.5542,20.58663,22.98235,,10978,People aged 75 and over are excluded from NS-SeC (National Statistics Socio-economic Classification) economic activity questions in the Active Lives Adult Survey,,Better,Not compared,20190000,,,1y
93015,Percentage of physically inactive adults,E92000001,England,E92000001,England,England,Persons,19+ yrs,Socioeconomic class,Lower supervisory and technical occupations,2019/20,23.9403,23.17439,24.71535,22.75489,25.16052,,11681,People aged 75 and over are excluded from NS-SeC (National Statistics Socio-economic Classification) economic activity questions in the Active Lives Adult Survey,,Worse,Not compared,20190000,,,1y
93015,Percentage of physically inactive adults,E92000001,England,E92000001,England,England,Persons,19+ yrs,Socioeconomic class,Semi-routine and routine occupations,2019/20,30.15404,29.44483,30.86867,29.02637,31.30582,,16013,People aged 75 and over are excluded from NS-SeC (National Statistics Socio-economic Classification) economic activity questions in the Active Lives Adult Survey,,Worse,Not compared,20190000,,,1y
93015,Percentage of physically inactive adults,E92000001,England,E92000001,England,England,Persons,19+ yrs,Socioeconomic class,Long term unemployed or never worked,2019/20,42.21554,40.59349,43.84903,39.67148,44.88623,,3471,People aged 75 and over are excluded from NS-SeC (National Statistics Socio-economic Classification) economic activity questions in the Active Lives Adult Survey,,Worse,Not compared,20190000,,,1y
93015,Percentage of physically inactive adults,E92000001,England,E92000001,England,England,Persons,19+ yrs,Socioeconomic class,Students,2019/20,16.78786,15.55685,18.0285,14.82986,18.81361,,3439,People aged 75 and over are excluded from NS-SeC (National Statistics Socio-economic Classification) economic activity questions in the Active Lives Adult Survey,,Better,Not compared,20190000,,,1y
93015,Percentage of physically inactive adults,E92000001,England,E92000001,England,England,Persons,19+ yrs,Socioeconomic class,Other/unclassified,2019/20,32.90307,31.74708,34.0853,31.00608,34.74395,,6073,People aged 75 and over are excluded from NS-SeC (National Statistics Socio-economic Classification) economic activity questions in the Active Lives Adult Survey,,Worse,Not compared,20190000,,,1y
93015,Percentage of physically inactive adults,,,E92000001,England,England,Male,19+ yrs,,,2020/21,22.35907,22.06036,22.6556,21.88674,22.80833,,76608,,,Not compared,Not compared,20200000,,,1y
93015,Percentage of physically inactive adults,,,E92000001,England,England,Female,19+ yrs,,,2020/21,24.24865,23.97603,24.51656,23.81469,24.67579,,95462,,,Not compared,Not compared,20200000,,,1y
93015,Percentage of physically inactive adults,,,E92000001,England,England,Persons,85+ yrs,,,2020/21,59.15144,57.54588,60.72309,56.72416,61.57217,,3651,,,Not compared,Not compared,20200000,,,1y
93015,Percentage of physically inactive adults,,,E92000001,England,England,Persons,25-34 yrs,,,2020/21,21.32698,20.79825,21.86404,20.49558,22.15351,,22800,,,Not compared,Not compared,20200000,,,1y
93015,Percentage of physically inactive adults,,,E92000001,England,England,Persons,35-44 yrs,,,2020/21,21.72129,21.23897,22.22181,20.98207,22.48614,,26861,,,Not compared,Not compared,20200000,,,1y
93015,Percentage of physically inactive adults,,,E92000001,England,England,Persons,45-54 yrs,,,2020/21,20.05161,19.59513,20.50781,19.33436,20.77887,,29145,,,Not compared,Not compared,20200000,,,1y
93015,Percentage of physically inactive adults,,,E92000001,England,England,Persons,55-64 yrs,,,2020/21,21.76823,21.34533,22.20977,21.0503,22.48709,,33895,,,Not compared,Not compared,20200000,,,1y
93015,Percentage of physically inactive adults,,,E92000001,England,England,Persons,65-74 yrs,,,2020/21,22.94893,22.49204,23.40458,22.21918,23.66834,,32985,,,Not compared,Not compared,20200000,,,1y
93015,Percentage of physically inactive adults,,,E92000001,England,England,Persons,75-84 yrs,,,2020/21,35.09837,34.36574,35.8418,34.01249,36.25813,,15853,,,Not compared,Not compared,20200000,,,1y
93015,Percentage of physically inactive adults,,,E92000001,England,England,Persons,19-24 yrs,,,2020/21,20.26194,19.34579,21.2016,18.85179,21.70895,,7490,,,Not compared,Not compared,20200000,,,1y
93015,Percentage of physically inactive adults,,,E92000001,England,England,Persons,19+ yrs,,,2020/21,23.37551,23.17871,23.57194,23.0681,23.69991,,172680,,,Not compared,Not compared,20200000,,,1y
93015,Percentage of physically inactive adults,,,E92000001,England,England,Persons,19+ yrs,Working status,Inactive,2020/21,30.32498,29.95982,30.69332,29.77811,30.92337,,59987,,,Worse,Not compared,20200000,,,1y
93015,Percentage of physically inactive adults,,,E92000001,England,England,Persons,19+ yrs,Working status,Unemployed,2020/21,32.3402,31.1342,33.57619,30.5974,34.3377,,5775,,,Worse,Not compared,20200000,,,1y
93015,Percentage of physically inactive adults,,,E92000001,England,England,Persons,19+ yrs,Working status,Working,2020/21,19.11457,18.8632,19.36468,18.73337,19.49664,,94724,,,Better,Not compared,20200000,,,1y
93015,Percentage of physically inactive adults,,,E92000001,England,England,Persons,19+ yrs,Disability,Disabled,2020/21,35.97468,35.44854,36.51554,35.16691,36.78463,,31959,,,Worse,Not compared,20200000,,,1y
93015,Percentage of physically inactive adults,,,E92000001,England,England,Persons,19+ yrs,Disability,Not disabled,2020/21,19.45253,19.23496,19.66727,19.12517,19.78774,,131157,,,Better,Not compared,20200000,,,1y
93015,Percentage of physically inactive adults,,,E92000001,England,England,Persons,19+ yrs,Ethnic groups,White British,2020/21,21.64921,21.43719,21.86059,21.3207,21.9743,,143363,,,Better,Not compared,20200000,,,1y
93015,Percentage of physically inactive adults,,,E92000001,England,England,Persons,19+ yrs,Ethnic groups,White Other,2020/21,22.14429,21.33687,22.957,20.89871,23.48688,,9814,,,Better,Not compared,20200000,,,1y
93015,Percentage of physically inactive adults,,,E92000001,England,England,Persons,19+ yrs,Ethnic groups,Asian,2020/21,35.20421,34.15925,36.26274,33.59143,36.83057,,7749,,,Worse,Not compared,20200000,,,1y
93015,Percentage of physically inactive adults,,,E92000001,England,England,Persons,19+ yrs,Ethnic groups,Black,2020/21,31.56643,29.77812,33.35928,28.72709,34.33243,,2569,,,Worse,Not compared,20200000,,,1y
93015,Percentage of physically inactive adults,,,E92000001,England,England,Persons,19+ yrs,Ethnic groups,Chinese,2020/21,28.03742,25.46374,30.60708,23.94604,32.20919,,1186,,,Worse,Not compared,20200000,,,1y
93015,Percentage of physically inactive adults,,,E92000001,England,England,Persons,19+ yrs,Ethnic groups,Mixed,2020/21,19.91094,18.19444,21.62037,17.17588,22.73148,,2160,,,Better,Not compared,20200000,,,1y
93015,Percentage of physically inactive adults,,,E92000001,England,England,Persons,19+ yrs,Ethnic groups,Other,2020/21,31.21729,28.6844,33.64486,27.31848,35.22653,,1391,,,Worse,Not compared,20200000,,,1y
93015,Percentage of physically inactive adults,,,E92000001,England,England,Persons,19+ yrs,LSOA11 deprivation deciles within area (IMD  trend),Most deprived decile,2020/21,35.06778,34.19399,35.94974,33.78945,36.44034,125.0,11619,,,Worse,Not compared,20200000,,,1y
93015,Percentage of physically inactive adults,,,E92000001,England,England,Persons,19+ yrs,LSOA11 deprivation deciles within area (IMD  trend),Second most deprived decile,2020/21,30.7262,29.92782,31.5539,29.48362,32.06155,131.0,12607,,,Worse,Not compared,20200000,,,1y
93015,Percentage of physically inactive adults,,,E92000001,England,England,Persons,19+ yrs,LSOA11 deprivation deciles within area (IMD  trend),Third more deprived decile,2020/21,27.34239,26.62746,28.05953,26.26085,28.44044,137.0,14177,,,Worse,Not compared,20200000,,,1y
93015,Percentage of physically inactive adults,,,E92000001,England,England,Persons,19+ yrs,LSOA11 deprivation deciles within area (IMD  trend),Fourth more deprived decile,2020/21,25.09623,24.41926,25.78533,23.99745,26.13787,119.0,15885,,,Worse,Not compared,20200000,,,1y
93015,Percentage of physically inactive adults,,,E92000001,England,England,Persons,19+ yrs,LSOA11 deprivation deciles within area (IMD  trend),Fifth more deprived decile,2020/21,22.94025,22.32291,23.5618,21.99599,23.88301,113.0,17435,,,Similar,Not compared,20200000,,,1y
93015,Percentage of physically inactive adults,,,E92000001,England,England,Persons,19+ yrs,LSOA11 deprivation deciles within area (IMD  trend),Fifth less deprived decile,2020/21,21.68172,21.10039,22.27525,20.80143,22.5952,110.0,19066,,,Better,Not compared,20200000,,,1y
93015,Percentage of physically inactive adults,,,E92000001,England,England,Persons,19+ yrs,LSOA11 deprivation deciles within area (IMD  trend),Fourth less deprived decile,2020/21,20.53587,19.96939,21.09184,19.60204,21.43368,116.0,19600,,,Better,Not compared,20200000,,,1y
93015,Percentage of physically inactive adults,,,E92000001,England,England,Persons,19+ yrs,LSOA11 deprivation deciles within area (IMD  trend),Third less deprived decile,2020/21,19.92672,19.37873,20.45847,19.03869,20.76414,134.0,20285,,,Better,Not compared,20200000,,,1y
93015,Percentage of physically inactive adults,,,E92000001,England,England,Persons,19+ yrs,LSOA11 deprivation deciles within area (IMD  trend),Second least deprived decile,2020/21,19.11216,18.57963,19.63654,18.23529,19.97609,128.0,20910,,,Better,Not compared,20200000,,,1y
93015,Percentage of physically inactive adults,,,E92000001,England,England,Persons,19+ yrs,LSOA11 deprivation deciles within area (IMD  trend),Least deprived decile,2020/21,17.09412,16.59082,17.60523,16.27322,17.93232,122.0,21096,,,Better,Not compared,20200000,,,1y
93015,Percentage of physically inactive adults,,,E92000001,England,England,Persons,19+ yrs,Level of education,No qualification,2020/21,46.50925,45.69421,47.32888,45.25596,47.76711,,14376,,,Worse,Not compared,20200000,,,1y
93015,Percentage of physically inactive adults,,,E92000001,England,England,Persons,19+ yrs,Level of education,Another type of qualification,2020/21,32.28117,31.29202,33.29666,30.7175,33.88341,,8181,,,Worse,Not compared,20200000,,,1y
93015,Percentage of physically inactive adults,,,E92000001,England,England,Persons,19+ yrs,Level of education,Level 1 and below,2020/21,32.44973,30.88622,34.07429,30.00877,35.01027,,3419,,,Worse,Not compared,20200000,,,1y
93015,Percentage of physically inactive adults,,,E92000001,England,England,Persons,19+ yrs,Level of education,Level 2 and equivalent,2020/21,27.34157,26.82236,27.85218,26.54636,28.1635,,28260,,,Worse,Not compared,20200000,,,1y
93015,Percentage of physically inactive adults,,,E92000001,England,England,Persons,19+ yrs,Level of education,Level 3 and equivalent,2020/21,20.7611,20.27177,21.24295,20.00691,21.54236,,26051,,,Better,Not compared,20200000,,,1y
93015,Percentage of physically inactive adults,,,E92000001,England,England,Persons,19+ yrs,Level of education,Level 4 and above,2020/21,16.15618,15.91388,16.40722,15.76851,16.54,,87364,,,Better,Not compared,20200000,,,1y
93015,Percentage of physically inactive adults,,,E92000001,England,England,Persons,19+ yrs,Socioeconomic class,"Managerial, administrative and professional occupations",2020/21,14.96078,14.71543,15.19918,14.57018,15.35264,,85373,People aged 75 and over are excluded from NS-SeC (National Statistics Socio-economic Classification) economic activity questions in the Active Lives Adult Survey,,Better,Not compared,20200000,,,1y
93015,Percentage of physically inactive adults,,,E92000001,England,England,Persons,19+ yrs,Socioeconomic class,Intermediate occupations,2020/21,20.38446,19.77527,20.97501,19.42996,21.32031,,17087,People aged 75 and over are excluded from NS-SeC (National Statistics Socio-economic Classification) economic activity questions in the Active Lives Adult Survey,,Better,Not compared,20200000,,,1y
93015,Percentage of physically inactive adults,,,E92000001,England,England,Persons,19+ yrs,Socioeconomic class,Self-employed and small employers,2020/21,23.7101,22.88844,24.53157,22.44642,25.02163,,10407,People aged 75 and over are excluded from NS-SeC (National Statistics Socio-economic Classification) economic activity questions in the Active Lives Adult Survey,,Similar,Not compared,20200000,,,1y
93015,Percentage of physically inactive adults,,,E92000001,England,England,Persons,19+ yrs,Socioeconomic class,Lower supervisory and technical occupations,2020/21,25.58486,24.75348,26.41231,24.23737,26.91921,,10851,People aged 75 and over are excluded from NS-SeC (National Statistics Socio-economic Classification) economic activity questions in the Active Lives Adult Survey,,Worse,Not compared,20200000,,,1y
93015,Percentage of physically inactive adults,,,E92000001,England,England,Persons,19+ yrs,Socioeconomic class,Semi-routine and routine occupations,2020/21,30.3071,29.58825,31.00191,29.1993,31.42788,,16199,People aged 75 and over are excluded from NS-SeC (National Statistics Socio-economic Classification) economic activity questions in the Active Lives Adult Survey,,Worse,Not compared,20200000,,,1y
93015,Percentage of physically inactive adults,,,E92000001,England,England,Persons,19+ yrs,Socioeconomic class,Long term unemployed or never worked,2020/21,39.36107,37.88025,40.84983,37.13177,41.719,,4142,People aged 75 and over are excluded from NS-SeC (National Statistics Socio-economic Classification) economic activity questions in the Active Lives Adult Survey,,Worse,Not compared,20200000,,,1y
93015,Percentage of physically inactive adults,,,E92000001,England,England,Persons,19+ yrs,Socioeconomic class,Students,2020/21,17.78441,16.472,19.07757,15.84301,19.85627,,3339,People aged 75 and over are excluded from NS-SeC (National Statistics Socio-economic Classification) economic activity questions in the Active Lives Adult Survey,,Better,Not compared,20200000,,,1y
93015,Percentage of physically inactive adults,,,E92000001,England,England,Persons,19+ yrs,Socioeconomic class,Other/unclassified,2020/21,34.85305,33.64486,36.08515,32.95256,36.72553,,5778,People aged 75 and over are excluded from NS-SeC (National Statistics Socio-economic Classification) economic activity questions in the Active Lives Adult Survey,,Worse,Not compared,20200000,,,1y
93015,Percentage of physically inactive adults,E92000001,England,E92000001,England,England,Male,19+ yrs,,,2020/21,22.35907,22.06036,22.6556,21.88674,22.80833,,76608,,,Similar,Not compared,20200000,,,1y
93015,Percentage of physically inactive adults,E92000001,England,E92000001,England,England,Female,19+ yrs,,,2020/21,24.24865,23.97603,24.51656,23.81469,24.67579,,95462,,,Similar,Not compared,20200000,,,1y
93015,Percentage of physically inactive adults,E92000001,England,E92000001,England,England,Persons,85+ yrs,,,2020/21,59.15144,57.54588,60.72309,56.72416,61.57217,,3651,,,Similar,Not compared,20200000,,,1y
93015,Percentage of physically inactive adults,E92000001,England,E92000001,England,England,Persons,25-34 yrs,,,2020/21,21.32698,20.79825,21.86404,20.49558,22.15351,,22800,,,Similar,Not compared,20200000,,,1y
93015,Percentage of physically inactive adults,E92000001,England,E92000001,England,England,Persons,35-44 yrs,,,2020/21,21.72129,21.23897,22.22181,20.98207,22.48614,,26861,,,Similar,Not compared,20200000,,,1y
93015,Percentage of physically inactive adults,E92000001,England,E92000001,England,England,Persons,45-54 yrs,,,2020/21,20.05161,19.59513,20.50781,19.33436,20.77887,,29145,,,Similar,Not compared,20200000,,,1y
93015,Percentage of physically inactive adults,E92000001,England,E92000001,England,England,Persons,55-64 yrs,,,2020/21,21.76823,21.34533,22.20977,21.0503,22.48709,,33895,,,Similar,Not compared,20200000,,,1y
93015,Percentage of physically inactive adults,E92000001,England,E92000001,England,England,Persons,65-74 yrs,,,2020/21,22.94893,22.49204,23.40458,22.21918,23.66834,,32985,,,Similar,Not compared,20200000,,,1y
93015,Percentage of physically inactive adults,E92000001,England,E92000001,England,England,Persons,75-84 yrs,,,2020/21,35.09837,34.36574,35.8418,34.01249,36.25813,,15853,,,Similar,Not compared,20200000,,,1y
93015,Percentage of physically inactive adults,E92000001,England,E92000001,England,England,Persons,19-24 yrs,,,2020/21,20.26194,19.34579,21.2016,18.85179,21.70895,,7490,,,Similar,Not compared,20200000,,,1y
93015,Percentage of physically inactive adults,E92000001,England,E92000001,England,England,Persons,19+ yrs,,,2020/21,23.37551,23.17871,23.57194,23.0681,23.69991,,172680,,,Similar,Not compared,20200000,,,1y
93015,Percentage of physically inactive adults,E92000001,England,E92000001,England,England,Persons,19+ yrs,Working status,Inactive,2020/21,30.32498,29.95982,30.69332,29.77811,30.92337,,59987,,,Worse,Not compared,20200000,,,1y
93015,Percentage of physically inactive adults,E92000001,England,E92000001,England,England,Persons,19+ yrs,Working status,Unemployed,2020/21,32.3402,31.1342,33.57619,30.5974,34.3377,,5775,,,Worse,Not compared,20200000,,,1y
93015,Percentage of physically inactive adults,E92000001,England,E92000001,England,England,Persons,19+ yrs,Working status,Working,2020/21,19.11457,18.8632,19.36468,18.73337,19.49664,,94724,,,Better,Not compared,20200000,,,1y
93015,Percentage of physically inactive adults,E92000001,England,E92000001,England,England,Persons,19+ yrs,Disability,Disabled,2020/21,35.97468,35.44854,36.51554,35.16691,36.78463,,31959,,,Worse,Not compared,20200000,,,1y
93015,Percentage of physically inactive adults,E92000001,England,E92000001,England,England,Persons,19+ yrs,Disability,Not disabled,2020/21,19.45253,19.23496,19.66727,19.12517,19.78774,,131157,,,Better,Not compared,20200000,,,1y
93015,Percentage of physically inactive adults,E92000001,England,E92000001,England,England,Persons,19+ yrs,Ethnic groups,White British,2020/21,21.64921,21.43719,21.86059,21.3207,21.9743,,143363,,,Better,Not compared,20200000,,,1y
93015,Percentage of physically inactive adults,E92000001,England,E92000001,England,England,Persons,19+ yrs,Ethnic groups,White Other,2020/21,22.14429,21.33687,22.957,20.89871,23.48688,,9814,,,Better,Not compared,20200000,,,1y
93015,Percentage of physically inactive adults,E92000001,England,E92000001,England,England,Persons,19+ yrs,Ethnic groups,Asian,2020/21,35.20421,34.15925,36.26274,33.59143,36.83057,,7749,,,Worse,Not compared,20200000,,,1y
93015,Percentage of physically inactive adults,E92000001,England,E92000001,England,England,Persons,19+ yrs,Ethnic groups,Black,2020/21,31.56643,29.77812,33.35928,28.72709,34.33243,,2569,,,Worse,Not compared,20200000,,,1y
93015,Percentage of physically inactive adults,E92000001,England,E92000001,England,England,Persons,19+ yrs,Ethnic groups,Chinese,2020/21,28.03742,25.46374,30.60708,23.94604,32.20919,,1186,,,Worse,Not compared,20200000,,,1y
93015,Percentage of physically inactive adults,E92000001,England,E92000001,England,England,Persons,19+ yrs,Ethnic groups,Mixed,2020/21,19.91094,18.19444,21.62037,17.17588,22.73148,,2160,,,Better,Not compared,20200000,,,1y
93015,Percentage of physically inactive adults,E92000001,England,E92000001,England,England,Persons,19+ yrs,Ethnic groups,Other,2020/21,31.21729,28.6844,33.64486,27.31848,35.22653,,1391,,,Worse,Not compared,20200000,,,1y
93015,Percentage of physically inactive adults,E92000001,England,E92000001,England,England,Persons,19+ yrs,LSOA11 deprivation deciles within area (IMD  trend),Most deprived decile,2020/21,35.06778,34.19399,35.94974,33.78945,36.44034,125.0,11619,,,Worse,Not compared,20200000,,,1y
93015,Percentage of physically inactive adults,E92000001,England,E92000001,England,England,Persons,19+ yrs,LSOA11 deprivation deciles within area (IMD  trend),Second most deprived decile,2020/21,30.7262,29.92782,31.5539,29.48362,32.06155,131.0,12607,,,Worse,Not compared,20200000,,,1y
93015,Percentage of physically inactive adults,E92000001,England,E92000001,England,England,Persons,19+ yrs,LSOA11 deprivation deciles within area (IMD  trend),Third more deprived decile,2020/21,27.34239,26.62746,28.05953,26.26085,28.44044,137.0,14177,,,Worse,Not compared,20200000,,,1y
93015,Percentage of physically inactive adults,E92000001,England,E92000001,England,England,Persons,19+ yrs,LSOA11 deprivation deciles within area (IMD  trend),Fourth more deprived decile,2020/21,25.09623,24.41926,25.78533,23.99745,26.13787,119.0,15885,,,Worse,Not compared,20200000,,,1y
93015,Percentage of physically inactive adults,E92000001,England,E92000001,England,England,Persons,19+ yrs,LSOA11 deprivation deciles within area (IMD  trend),Fifth more deprived decile,2020/21,22.94025,22.32291,23.5618,21.99599,23.88301,113.0,17435,,,Similar,Not compared,20200000,,,1y
93015,Percentage of physically inactive adults,E92000001,England,E92000001,England,England,Persons,19+ yrs,LSOA11 deprivation deciles within area (IMD  trend),Fifth less deprived decile,2020/21,21.68172,21.10039,22.27525,20.80143,22.5952,110.0,19066,,,Better,Not compared,20200000,,,1y
93015,Percentage of physically inactive adults,E92000001,England,E92000001,England,England,Persons,19+ yrs,LSOA11 deprivation deciles within area (IMD  trend),Fourth less deprived decile,2020/21,20.53587,19.96939,21.09184,19.60204,21.43368,116.0,19600,,,Better,Not compared,20200000,,,1y
93015,Percentage of physically inactive adults,E92000001,England,E92000001,England,England,Persons,19+ yrs,LSOA11 deprivation deciles within area (IMD  trend),Third less deprived decile,2020/21,19.92672,19.37873,20.45847,19.03869,20.76414,134.0,20285,,,Better,Not compared,20200000,,,1y
93015,Percentage of physically inactive adults,E92000001,England,E92000001,England,England,Persons,19+ yrs,LSOA11 deprivation deciles within area (IMD  trend),Second least deprived decile,2020/21,19.11216,18.57963,19.63654,18.23529,19.97609,128.0,20910,,,Better,Not compared,20200000,,,1y
93015,Percentage of physically inactive adults,E92000001,England,E92000001,England,England,Persons,19+ yrs,LSOA11 deprivation deciles within area (IMD  trend),Least deprived decile,2020/21,17.09412,16.59082,17.60523,16.27322,17.93232,122.0,21096,,,Better,Not compared,20200000,,,1y
93015,Percentage of physically inactive adults,E92000001,England,E92000001,England,England,Persons,19+ yrs,Level of education,No qualification,2020/21,46.50925,45.69421,47.32888,45.25596,47.76711,,14376,,,Worse,Not compared,20200000,,,1y
93015,Percentage of physically inactive adults,E92000001,England,E92000001,England,England,Persons,19+ yrs,Level of education,Another type of qualification,2020/21,32.28117,31.29202,33.29666,30.7175,33.88341,,8181,,,Worse,Not compared,20200000,,,1y
93015,Percentage of physically inactive adults,E92000001,England,E92000001,England,England,Persons,19+ yrs,Level of education,Level 1 and below,2020/21,32.44973,30.88622,34.07429,30.00877,35.01027,,3419,,,Worse,Not compared,20200000,,,1y
93015,Percentage of physically inactive adults,E92000001,England,E92000001,England,England,Persons,19+ yrs,Level of education,Level 2 and equivalent,2020/21,27.34157,26.82236,27.85218,26.54636,28.1635,,28260,,,Worse,Not compared,20200000,,,1y
93015,Percentage of physically inactive adults,E92000001,England,E92000001,England,England,Persons,19+ yrs,Level of education,Level 3 and equivalent,2020/21,20.7611,20.27177,21.24295,20.00691,21.54236,,26051,,,Better,Not compared,20200000,,,1y
93015,Percentage of physically inactive adults,E92000001,England,E92000001,England,England,Persons,19+ yrs,Level of education,Level 4 and above,2020/21,16.15618,15.91388,16.40722,15.76851,16.54,,87364,,,Better,Not compared,20200000,,,1y
93015,Percentage of physically inactive adults,E92000001,England,E92000001,England,England,Persons,19+ yrs,Socioeconomic class,"Managerial, administrative and professional occupations",2020/21,14.96078,14.71543,15.19918,14.57018,15.35264,,85373,People aged 75 and over are excluded from NS-SeC (National Statistics Socio-economic Classification) economic activity questions in the Active Lives Adult Survey,,Better,Not compared,20200000,,,1y
93015,Percentage of physically inactive adults,E92000001,England,E92000001,England,England,Persons,19+ yrs,Socioeconomic class,Intermediate occupations,2020/21,20.38446,19.77527,20.97501,19.42996,21.32031,,17087,People aged 75 and over are excluded from NS-SeC (National Statistics Socio-economic Classification) economic activity questions in the Active Lives Adult Survey,,Better,Not compared,20200000,,,1y
93015,Percentage of physically inactive adults,E92000001,England,E92000001,England,England,Persons,19+ yrs,Socioeconomic class,Self-employed and small employers,2020/21,23.7101,22.88844,24.53157,22.44642,25.02163,,10407,People aged 75 and over are excluded from NS-SeC (National Statistics Socio-economic Classification) economic activity questions in the Active Lives Adult Survey,,Similar,Not compared,20200000,,,1y
93015,Percentage of physically inactive adults,E92000001,England,E92000001,England,England,Persons,19+ yrs,Socioeconomic class,Lower supervisory and technical occupations,2020/21,25.58486,24.75348,26.41231,24.23737,26.91921,,10851,People aged 75 and over are excluded from NS-SeC (National Statistics Socio-economic Classification) economic activity questions in the Active Lives Adult Survey,,Worse,Not compared,20200000,,,1y
93015,Percentage of physically inactive adults,E92000001,England,E92000001,England,England,Persons,19+ yrs,Socioeconomic class,Semi-routine and routine occupations,2020/21,30.3071,29.58825,31.00191,29.1993,31.42788,,16199,People aged 75 and over are excluded from NS-SeC (National Statistics Socio-economic Classification) economic activity questions in the Active Lives Adult Survey,,Worse,Not compared,20200000,,,1y
93015,Percentage of physically inactive adults,E92000001,England,E92000001,England,England,Persons,19+ yrs,Socioeconomic class,Long term unemployed or never worked,2020/21,39.36107,37.88025,40.84983,37.13177,41.719,,4142,People aged 75 and over are excluded from NS-SeC (National Statistics Socio-economic Classification) economic activity questions in the Active Lives Adult Survey,,Worse,Not compared,20200000,,,1y
93015,Percentage of physically inactive adults,E92000001,England,E92000001,England,England,Persons,19+ yrs,Socioeconomic class,Students,2020/21,17.78441,16.472,19.07757,15.84301,19.85627,,3339,People aged 75 and over are excluded from NS-SeC (National Statistics Socio-economic Classification) economic activity questions in the Active Lives Adult Survey,,Better,Not compared,20200000,,,1y
93015,Percentage of physically inactive adults,E92000001,England,E92000001,England,England,Persons,19+ yrs,Socioeconomic class,Other/unclassified,2020/21,34.85305,33.64486,36.08515,32.95256,36.72553,,5778,People aged 75 and over are excluded from NS-SeC (National Statistics Socio-economic Classification) economic activity questions in the Active Lives Adult Survey,,Worse,Not compared,20200000,,,1y
93015,Percentage of physically inactive adults,,,E92000001,England,England,Male,19+ yrs,,,2021/22,20.59101,20.30614,20.88173,20.13798,21.05519,,76100,,,Not compared,Not compared,20210000,,,1y
93015,Percentage of physically inactive adults,,,E92000001,England,England,Female,19+ yrs,,,2021/22,23.69537,23.42857,23.96385,23.25118,24.12246,,95836,,,Not compared,Not compared,20210000,,,1y
93015,Percentage of physically inactive adults,,,E92000001,England,England,Persons,85+ yrs,,,2021/22,56.84671,55.23732,58.45608,54.39171,59.27447,,3666,,,Not compared,Not compared,20210000,,,1y
93015,Percentage of physically inactive adults,,,E92000001,England,England,Persons,25-34 yrs,,,2021/22,20.46331,19.94989,20.98603,19.66537,21.25356,,23549,,,Not compared,Not compared,20210000,,,1y
93015,Percentage of physically inactive adults,,,E92000001,England,England,Persons,35-44 yrs,,,2021/22,20.59958,20.12691,21.07518,19.86797,21.36319,,27421,,,Not compared,Not compared,20210000,,,1y
93015,Percentage of physically inactive adults,,,E92000001,England,England,Persons,45-54 yrs,,,2021/22,18.85919,18.40821,19.30956,18.13031,19.55895,,28069,,,Not compared,Not compared,20210000,,,1y
93015,Percentage of physically inactive adults,,,E92000001,England,England,Persons,55-64 yrs,,,2021/22,21.38043,20.94544,21.82339,20.67071,22.0623,,33487,,,Not compared,Not compared,20210000,,,1y
93015,Percentage of physically inactive adults,,,E92000001,England,England,Persons,65-74 yrs,,,2021/22,21.83119,21.37184,22.27695,21.13478,22.53867,,32482,,,Not compared,Not compared,20210000,,,1y
93015,Percentage of physically inactive adults,,,E92000001,England,England,Persons,75-84 yrs,,,2021/22,33.36832,32.66935,34.07932,32.28535,34.46335,,16667,,,Not compared,Not compared,20210000,,,1y
93015,Percentage of physically inactive adults,,,E92000001,England,England,Persons,19-24 yrs,,,2021/22,18.20989,17.32305,19.09595,16.86288,19.62378,,7389,,,Not compared,Not compared,20210000,,,1y
93015,Percentage of physically inactive adults,,,E92000001,England,England,Persons,19+ yrs,,,2021/22,22.26142,22.07085,22.45878,21.95912,22.57338,,172730,,,Not compared,Not compared,20210000,,,1y
93015,Percentage of physically inactive adults,,,E92000001,England,England,Persons,19+ yrs,Working status,Inactive,2021/22,29.7032,29.33533,30.05794,29.13457,30.28178,,60756,,,Worse,Not compared,20210000,,,1y
93015,Percentage of physically inactive adults,,,E92000001,England,England,Persons,19+ yrs,Working status,Unemployed,2021/22,34.97854,33.63617,36.36167,32.87904,37.07551,,4623,,,Worse,Not compared,20210000,,,1y
93015,Percentage of physically inactive adults,,,E92000001,England,England,Persons,19+ yrs,Working status,Working,2021/22,17.8901,17.64737,18.13545,17.51958,18.29256,,95476,,,Better,Not compared,20210000,,,1y
93015,Percentage of physically inactive adults,,,E92000001,England,England,Persons,19+ yrs,Disability,Disabled,2021/22,35.35032,34.85492,35.85677,34.56584,36.16928,,34239,,,Worse,Not compared,20210000,,,1y
93015,Percentage of physically inactive adults,,,E92000001,England,England,Persons,19+ yrs,Disability,Not disabled,2021/22,17.93383,17.72379,18.14243,17.59813,18.24574,,129707,,,Better,Not compared,20210000,,,1y
93015,Percentage of physically inactive adults,,,E92000001,England,England,Persons,19+ yrs,Ethnic groups,White British,2021/22,20.50597,20.29674,20.71479,20.18691,20.83948,,141136,,,Better,Not compared,20210000,,,1y
93015,Percentage of physically inactive adults,,,E92000001,England,England,Persons,19+ yrs,Ethnic groups,White Other,2021/22,21.38639,20.58168,22.19295,20.12565,22.66923,,9868,,,Better,Not compared,20210000,,,1y
93015,Percentage of physically inactive adults,,,E92000001,England,England,Persons,19+ yrs,Ethnic groups,Asian,2021/22,31.18496,30.21162,32.17584,29.65042,32.702,,8553,,,Worse,Not compared,20210000,,,1y
93015,Percentage of physically inactive adults,,,E92000001,England,England,Persons,19+ yrs,Ethnic groups,Black,2021/22,31.01758,29.34932,32.70548,28.42462,33.5274,,2920,,,Worse,Not compared,20210000,,,1y
93015,Percentage of physically inactive adults,,,E92000001,England,England,Persons,19+ yrs,Ethnic groups,Chinese,2021/22,25.73966,23.41724,28.14645,21.96796,29.3669,,1311,,,Worse,Not compared,20210000,,,1y
93015,Percentage of physically inactive adults,,,E92000001,England,England,Persons,19+ yrs,Ethnic groups,Mixed,2021/22,17.1985,15.66318,18.71728,14.79053,19.67714,,2292,,,Better,Not compared,20210000,,,1y
93015,Percentage of physically inactive adults,,,E92000001,England,England,Persons,19+ yrs,Ethnic groups,Other,2021/22,30.71155,28.29404,33.07906,27.11505,34.39667,,1442,,,Worse,Not compared,20210000,,,1y
93015,Percentage of physically inactive adults,,,E92000001,England,England,Persons,19+ yrs,LSOA11 deprivation deciles within area (IMD  trend),Most deprived decile,2021/22,35.1708,34.33701,36.01795,33.87186,36.46676,126.0,12255,,,Worse,Not compared,20210000,,,1y
93015,Percentage of physically inactive adults,,,E92000001,England,England,Persons,19+ yrs,LSOA11 deprivation deciles within area (IMD  trend),Second most deprived decile,2021/22,29.68105,28.90133,30.47197,28.48145,30.94629,132.0,12861,,,Worse,Not compared,20210000,,,1y
93015,Percentage of physically inactive adults,,,E92000001,England,England,Persons,19+ yrs,LSOA11 deprivation deciles within area (IMD  trend),Third more deprived decile,2021/22,26.91484,26.20833,27.63889,25.81944,28.05558,138.0,14400,,,Worse,Not compared,20210000,,,1y
93015,Percentage of physically inactive adults,,,E92000001,England,England,Persons,19+ yrs,LSOA11 deprivation deciles within area (IMD  trend),Fourth more deprived decile,2021/22,23.79469,23.13522,24.46922,22.73438,24.83247,120.0,15967,,,Worse,Not compared,20210000,,,1y
93015,Percentage of physically inactive adults,,,E92000001,England,England,Persons,19+ yrs,LSOA11 deprivation deciles within area (IMD  trend),Fifth more deprived decile,2021/22,22.5735,21.96995,23.17752,21.63605,23.57264,114.0,17970,,,Similar,Not compared,20210000,,,1y
93015,Percentage of physically inactive adults,,,E92000001,England,England,Persons,19+ yrs,LSOA11 deprivation deciles within area (IMD  trend),Fifth less deprived decile,2021/22,20.21614,19.65226,20.78481,19.33322,21.14107,111.0,18807,,,Better,Not compared,20210000,,,1y
93015,Percentage of physically inactive adults,,,E92000001,England,England,Persons,19+ yrs,LSOA11 deprivation deciles within area (IMD  trend),Fourth less deprived decile,2021/22,18.73255,18.19308,19.27207,17.90914,19.60764,117.0,19370,,,Better,Not compared,20210000,,,1y
93015,Percentage of physically inactive adults,,,E92000001,England,England,Persons,19+ yrs,LSOA11 deprivation deciles within area (IMD  trend),Third less deprived decile,2021/22,18.66744,18.13563,19.21219,17.85893,19.5543,135.0,19878,,,Better,Not compared,20210000,,,1y
93015,Percentage of physically inactive adults,,,E92000001,England,England,Persons,19+ yrs,LSOA11 deprivation deciles within area (IMD  trend),Second least deprived decile,2021/22,17.58693,17.06448,18.10416,16.75207,18.39704,129.0,20487,,,Better,Not compared,20210000,,,1y
93015,Percentage of physically inactive adults,,,E92000001,England,England,Persons,19+ yrs,LSOA11 deprivation deciles within area (IMD  trend),Least deprived decile,2021/22,15.45888,14.97456,15.96335,14.7046,16.22378,123.0,20735,,,Better,Not compared,20210000,,,1y
93015,Percentage of physically inactive adults,,,E92000001,England,England,Persons,19+ yrs,Level of education,No qualification,2021/22,46.96343,46.08676,47.80859,45.63207,48.2633,,13416,,,Worse,Not compared,20210000,,,1y
93015,Percentage of physically inactive adults,,,E92000001,England,England,Persons,19+ yrs,Level of education,Another type of qualification,2021/22,30.84186,29.81142,31.86515,29.26888,32.39474,,7742,,,Worse,Not compared,20210000,,,1y
93015,Percentage of physically inactive adults,,,E92000001,England,England,Persons,19+ yrs,Level of education,Level 1 and below,2021/22,34.42022,32.77497,36.06195,31.70035,36.97851,,3164,,,Worse,Not compared,20210000,,,1y
93015,Percentage of physically inactive adults,,,E92000001,England,England,Persons,19+ yrs,Level of education,Level 2 and equivalent,2021/22,26.39169,25.86051,26.91243,25.57034,27.18799,,27571,,,Worse,Not compared,20210000,,,1y
93015,Percentage of physically inactive adults,,,E92000001,England,England,Persons,19+ yrs,Level of education,Level 3 and equivalent,2021/22,19.66476,19.18314,20.14325,18.93167,20.45186,,26247,,,Better,Not compared,20210000,,,1y
93015,Percentage of physically inactive adults,,,E92000001,England,England,Persons,19+ yrs,Level of education,Level 4 and above,2021/22,15.15248,14.91526,15.38419,14.77569,15.5137,,89566,,,Better,Not compared,20210000,,,1y
93015,Percentage of physically inactive adults,,,E92000001,England,England,Persons,19+ yrs,Socioeconomic class,"Managerial, administrative and professional occupations",2021/22,14.08083,13.84807,14.30714,13.72581,14.43517,,86698,People aged 75 and over are excluded from NS-SeC (National Statistics Socio-economic Classification) economic activity questions in the Active Lives Adult Survey,,Better,Not compared,20210000,,,1y
93015,Percentage of physically inactive adults,,,E92000001,England,England,Persons,19+ yrs,Socioeconomic class,Intermediate occupations,2021/22,21.05414,20.43727,21.67061,20.11336,21.98206,,16054,People aged 75 and over are excluded from NS-SeC (National Statistics Socio-economic Classification) economic activity questions in the Active Lives Adult Survey,,Better,Not compared,20210000,,,1y
93015,Percentage of physically inactive adults,,,E92000001,England,England,Persons,19+ yrs,Socioeconomic class,Self-employed and small employers,2021/22,20.85049,20.06023,21.63396,19.61335,22.10998,,10294,People aged 75 and over are excluded from NS-SeC (National Statistics Socio-economic Classification) economic activity questions in the Active Lives Adult Survey,,Better,Not compared,20210000,,,1y
93015,Percentage of physically inactive adults,,,E92000001,England,England,Persons,19+ yrs,Socioeconomic class,Lower supervisory and technical occupations,2021/22,22.79173,21.99538,23.57506,21.57039,24.06467,,10825,People aged 75 and over are excluded from NS-SeC (National Statistics Socio-economic Classification) economic activity questions in the Active Lives Adult Survey,,Similar,Not compared,20210000,,,1y
93015,Percentage of physically inactive adults,,,E92000001,England,England,Persons,19+ yrs,Socioeconomic class,Semi-routine and routine occupations,2021/22,29.63957,28.92514,30.34549,28.49644,30.74856,,15630,People aged 75 and over are excluded from NS-SeC (National Statistics Socio-economic Classification) economic activity questions in the Active Lives Adult Survey,,Worse,Not compared,20210000,,,1y
93015,Percentage of physically inactive adults,,,E92000001,England,England,Persons,19+ yrs,Socioeconomic class,Long term unemployed or never worked,2021/22,42.29213,40.70889,43.83633,39.69247,44.77462,,3837,People aged 75 and over are excluded from NS-SeC (National Statistics Socio-economic Classification) economic activity questions in the Active Lives Adult Survey,,Worse,Not compared,20210000,,,1y
93015,Percentage of physically inactive adults,,,E92000001,England,England,Persons,19+ yrs,Socioeconomic class,Students,2021/22,14.00782,12.79591,15.22713,12.06014,15.93093,,3126,People aged 75 and over are excluded from NS-SeC (National Statistics Socio-economic Classification) economic activity questions in the Active Lives Adult Survey,,Better,Not compared,20210000,,,1y
93015,Percentage of physically inactive adults,,,E92000001,England,England,Persons,19+ yrs,Socioeconomic class,Other/unclassified,2021/22,34.31152,33.10298,35.53009,32.47934,36.28857,,5933,People aged 75 and over are excluded from NS-SeC (National Statistics Socio-economic Classification) economic activity questions in the Active Lives Adult Survey,,Worse,Not compared,20210000,,,1y
93015,Percentage of physically inactive adults,E92000001,England,E92000001,England,England,Male,19+ yrs,,,2021/22,20.59101,20.30614,20.88173,20.13798,21.05519,,76100,,,Similar,Not compared,20210000,,,1y
93015,Percentage of physically inactive adults,E92000001,England,E92000001,England,England,Female,19+ yrs,,,2021/22,23.69537,23.42857,23.96385,23.25118,24.12246,,95836,,,Similar,Not compared,20210000,,,1y
93015,Percentage of physically inactive adults,E92000001,England,E92000001,England,England,Persons,85+ yrs,,,2021/22,56.84671,55.23732,58.45608,54.39171,59.27447,,3666,,,Similar,Not compared,20210000,,,1y
93015,Percentage of physically inactive adults,E92000001,England,E92000001,England,England,Persons,25-34 yrs,,,2021/22,20.46331,19.94989,20.98603,19.66537,21.25356,,23549,,,Similar,Not compared,20210000,,,1y
93015,Percentage of physically inactive adults,E92000001,England,E92000001,England,England,Persons,35-44 yrs,,,2021/22,20.59958,20.12691,21.07518,19.86797,21.36319,,27421,,,Similar,Not compared,20210000,,,1y
93015,Percentage of physically inactive adults,E92000001,England,E92000001,England,England,Persons,45-54 yrs,,,2021/22,18.85919,18.40821,19.30956,18.13031,19.55895,,28069,,,Similar,Not compared,20210000,,,1y
93015,Percentage of physically inactive adults,E92000001,England,E92000001,England,England,Persons,55-64 yrs,,,2021/22,21.38043,20.94544,21.82339,20.67071,22.0623,,33487,,,Similar,Not compared,20210000,,,1y
93015,Percentage of physically inactive adults,E92000001,England,E92000001,England,England,Persons,65-74 yrs,,,2021/22,21.83119,21.37184,22.27695,21.13478,22.53867,,32482,,,Similar,Not compared,20210000,,,1y
93015,Percentage of physically inactive adults,E92000001,England,E92000001,England,England,Persons,75-84 yrs,,,2021/22,33.36832,32.66935,34.07932,32.28535,34.46335,,16667,,,Similar,Not compared,20210000,,,1y
93015,Percentage of physically inactive adults,E92000001,England,E92000001,England,England,Persons,19-24 yrs,,,2021/22,18.20989,17.32305,19.09595,16.86288,19.62378,,7389,,,Similar,Not compared,20210000,,,1y
93015,Percentage of physically inactive adults,E92000001,England,E92000001,England,England,Persons,19+ yrs,,,2021/22,22.26142,22.07085,22.45878,21.95912,22.57338,,172730,,,Similar,Not compared,20210000,,,1y
93015,Percentage of physically inactive adults,E92000001,England,E92000001,England,England,Persons,19+ yrs,Working status,Inactive,2021/22,29.7032,29.33533,30.05794,29.13457,30.28178,,60756,,,Worse,Not compared,20210000,,,1y
93015,Percentage of physically inactive adults,E92000001,England,E92000001,England,England,Persons,19+ yrs,Working status,Unemployed,2021/22,34.97854,33.63617,36.36167,32.87904,37.07551,,4623,,,Worse,Not compared,20210000,,,1y
93015,Percentage of physically inactive adults,E92000001,England,E92000001,England,England,Persons,19+ yrs,Working status,Working,2021/22,17.8901,17.64737,18.13545,17.51958,18.29256,,95476,,,Better,Not compared,20210000,,,1y
93015,Percentage of physically inactive adults,E92000001,England,E92000001,England,England,Persons,19+ yrs,Disability,Disabled,2021/22,35.35032,34.85492,35.85677,34.56584,36.16928,,34239,,,Worse,Not compared,20210000,,,1y
93015,Percentage of physically inactive adults,E92000001,England,E92000001,England,England,Persons,19+ yrs,Disability,Not disabled,2021/22,17.93383,17.72379,18.14243,17.59813,18.24574,,129707,,,Better,Not compared,20210000,,,1y
93015,Percentage of physically inactive adults,E92000001,England,E92000001,England,England,Persons,19+ yrs,Ethnic groups,White British,2021/22,20.50597,20.29674,20.71479,20.18691,20.83948,,141136,,,Better,Not compared,20210000,,,1y
93015,Percentage of physically inactive adults,E92000001,England,E92000001,England,England,Persons,19+ yrs,Ethnic groups,White Other,2021/22,21.38639,20.58168,22.19295,20.12565,22.66923,,9868,,,Better,Not compared,20210000,,,1y
93015,Percentage of physically inactive adults,E92000001,England,E92000001,England,England,Persons,19+ yrs,Ethnic groups,Asian,2021/22,31.18496,30.21162,32.17584,29.65042,32.702,,8553,,,Worse,Not compared,20210000,,,1y
93015,Percentage of physically inactive adults,E92000001,England,E92000001,England,England,Persons,19+ yrs,Ethnic groups,Black,2021/22,31.01758,29.34932,32.70548,28.42462,33.5274,,2920,,,Worse,Not compared,20210000,,,1y
93015,Percentage of physically inactive adults,E92000001,England,E92000001,England,England,Persons,19+ yrs,Ethnic groups,Chinese,2021/22,25.73966,23.41724,28.14645,21.96796,29.3669,,1311,,,Worse,Not compared,20210000,,,1y
93015,Percentage of physically inactive adults,E92000001,England,E92000001,England,England,Persons,19+ yrs,Ethnic groups,Mixed,2021/22,17.1985,15.66318,18.71728,14.79053,19.67714,,2292,,,Better,Not compared,20210000,,,1y
93015,Percentage of physically inactive adults,E92000001,England,E92000001,England,England,Persons,19+ yrs,Ethnic groups,Other,2021/22,30.71155,28.29404,33.07906,27.11505,34.39667,,1442,,,Worse,Not compared,20210000,,,1y
93015,Percentage of physically inactive adults,E92000001,England,E92000001,England,England,Persons,19+ yrs,LSOA11 deprivation deciles within area (IMD  trend),Most deprived decile,2021/22,35.1708,34.33701,36.01795,33.87186,36.46676,126.0,12255,,,Worse,Not compared,20210000,,,1y
93015,Percentage of physically inactive adults,E92000001,England,E92000001,England,England,Persons,19+ yrs,LSOA11 deprivation deciles within area (IMD  trend),Second most deprived decile,2021/22,29.68105,28.90133,30.47197,28.48145,30.94629,132.0,12861,,,Worse,Not compared,20210000,,,1y
93015,Percentage of physically inactive adults,E92000001,England,E92000001,England,England,Persons,19+ yrs,LSOA11 deprivation deciles within area (IMD  trend),Third more deprived decile,2021/22,26.91484,26.20833,27.63889,25.81944,28.05558,138.0,14400,,,Worse,Not compared,20210000,,,1y
93015,Percentage of physically inactive adults,E92000001,England,E92000001,England,England,Persons,19+ yrs,LSOA11 deprivation deciles within area (IMD  trend),Fourth more deprived decile,2021/22,23.79469,23.13522,24.46922,22.73438,24.83247,120.0,15967,,,Worse,Not compared,20210000,,,1y
93015,Percentage of physically inactive adults,E92000001,England,E92000001,England,England,Persons,19+ yrs,LSOA11 deprivation deciles within area (IMD  trend),Fifth more deprived decile,2021/22,22.5735,21.96995,23.17752,21.63605,23.57264,114.0,17970,,,Similar,Not compared,20210000,,,1y
93015,Percentage of physically inactive adults,E92000001,England,E92000001,England,England,Persons,19+ yrs,LSOA11 deprivation deciles within area (IMD  trend),Fifth less deprived decile,2021/22,20.21614,19.65226,20.78481,19.33322,21.14107,111.0,18807,,,Better,Not compared,20210000,,,1y
93015,Percentage of physically inactive adults,E92000001,England,E92000001,England,England,Persons,19+ yrs,LSOA11 deprivation deciles within area (IMD  trend),Fourth less deprived decile,2021/22,18.73255,18.19308,19.27207,17.90914,19.60764,117.0,19370,,,Better,Not compared,20210000,,,1y
93015,Percentage of physically inactive adults,E92000001,England,E92000001,England,England,Persons,19+ yrs,LSOA11 deprivation deciles within area (IMD  trend),Third less deprived decile,2021/22,18.66744,18.13563,19.21219,17.85893,19.5543,135.0,19878,,,Better,Not compared,20210000,,,1y
93015,Percentage of physically inactive adults,E92000001,England,E92000001,England,England,Persons,19+ yrs,LSOA11 deprivation deciles within area (IMD  trend),Second least deprived decile,2021/22,17.58693,17.06448,18.10416,16.75207,18.39704,129.0,20487,,,Better,Not compared,20210000,,,1y
93015,Percentage of physically inactive adults,E92000001,England,E92000001,England,England,Persons,19+ yrs,LSOA11 deprivation deciles within area (IMD  trend),Least deprived decile,2021/22,15.45888,14.97456,15.96335,14.7046,16.22378,123.0,20735,,,Better,Not compared,20210000,,,1y
93015,Percentage of physically inactive adults,E92000001,England,E92000001,England,England,Persons,19+ yrs,Level of education,No qualification,2021/22,46.96343,46.08676,47.80859,45.63207,48.2633,,13416,,,Worse,Not compared,20210000,,,1y
93015,Percentage of physically inactive adults,E92000001,England,E92000001,England,England,Persons,19+ yrs,Level of education,Another type of qualification,2021/22,30.84186,29.81142,31.86515,29.26888,32.39474,,7742,,,Worse,Not compared,20210000,,,1y
93015,Percentage of physically inactive adults,E92000001,England,E92000001,England,England,Persons,19+ yrs,Level of education,Level 1 and below,2021/22,34.42022,32.77497,36.06195,31.70035,36.97851,,3164,,,Worse,Not compared,20210000,,,1y
93015,Percentage of physically inactive adults,E92000001,England,E92000001,England,England,Persons,19+ yrs,Level of education,Level 2 and equivalent,2021/22,26.39169,25.86051,26.91243,25.57034,27.18799,,27571,,,Worse,Not compared,20210000,,,1y
93015,Percentage of physically inactive adults,E92000001,England,E92000001,England,England,Persons,19+ yrs,Level of education,Level 3 and equivalent,2021/22,19.66476,19.18314,20.14325,18.93167,20.45186,,26247,,,Better,Not compared,20210000,,,1y
93015,Percentage of physically inactive adults,E92000001,England,E92000001,England,England,Persons,19+ yrs,Level of education,Level 4 and above,2021/22,15.15248,14.91526,15.38419,14.77569,15.5137,,89566,,,Better,Not compared,20210000,,,1y
93015,Percentage of physically inactive adults,E92000001,England,E92000001,England,England,Persons,19+ yrs,Socioeconomic class,"Managerial, administrative and professional occupations",2021/22,14.08083,13.84807,14.30714,13.72581,14.43517,,86698,People aged 75 and over are excluded from NS-SeC (National Statistics Socio-economic Classification) economic activity questions in the Active Lives Adult Survey,,Better,Not compared,20210000,,,1y
93015,Percentage of physically inactive adults,E92000001,England,E92000001,England,England,Persons,19+ yrs,Socioeconomic class,Intermediate occupations,2021/22,21.05414,20.43727,21.67061,20.11336,21.98206,,16054,People aged 75 and over are excluded from NS-SeC (National Statistics Socio-economic Classification) economic activity questions in the Active Lives Adult Survey,,Better,Not compared,20210000,,,1y
93015,Percentage of physically inactive adults,E92000001,England,E92000001,England,England,Persons,19+ yrs,Socioeconomic class,Self-employed and small employers,2021/22,20.85049,20.06023,21.63396,19.61335,22.10998,,10294,People aged 75 and over are excluded from NS-SeC (National Statistics Socio-economic Classification) economic activity questions in the Active Lives Adult Survey,,Better,Not compared,20210000,,,1y
93015,Percentage of physically inactive adults,E92000001,England,E92000001,England,England,Persons,19+ yrs,Socioeconomic class,Lower supervisory and technical occupations,2021/22,22.79173,21.99538,23.57506,21.57039,24.06467,,10825,People aged 75 and over are excluded from NS-SeC (National Statistics Socio-economic Classification) economic activity questions in the Active Lives Adult Survey,,Similar,Not compared,20210000,,,1y
93015,Percentage of physically inactive adults,E92000001,England,E92000001,England,England,Persons,19+ yrs,Socioeconomic class,Semi-routine and routine occupations,2021/22,29.63957,28.92514,30.34549,28.49644,30.74856,,15630,People aged 75 and over are excluded from NS-SeC (National Statistics Socio-economic Classification) economic activity questions in the Active Lives Adult Survey,,Worse,Not compared,20210000,,,1y
93015,Percentage of physically inactive adults,E92000001,England,E92000001,England,England,Persons,19+ yrs,Socioeconomic class,Long term unemployed or never worked,2021/22,42.29213,40.70889,43.83633,39.69247,44.77462,,3837,People aged 75 and over are excluded from NS-SeC (National Statistics Socio-economic Classification) economic activity questions in the Active Lives Adult Survey,,Worse,Not compared,20210000,,,1y
93015,Percentage of physically inactive adults,E92000001,England,E92000001,England,England,Persons,19+ yrs,Socioeconomic class,Students,2021/22,14.00782,12.79591,15.22713,12.06014,15.93093,,3126,People aged 75 and over are excluded from NS-SeC (National Statistics Socio-economic Classification) economic activity questions in the Active Lives Adult Survey,,Better,Not compared,20210000,,,1y
93015,Percentage of physically inactive adults,E92000001,England,E92000001,England,England,Persons,19+ yrs,Socioeconomic class,Other/unclassified,2021/22,34.31152,33.10298,35.53009,32.47934,36.28857,,5933,People aged 75 and over are excluded from NS-SeC (National Statistics Socio-economic Classification) economic activity questions in the Active Lives Adult Survey,,Worse,Not compared,20210000,,,1y
93015,Percentage of physically inactive adults,,,E92000001,England,England,Male,19+ yrs,,,2022/23,21.00345,20.71934,21.29996,20.54691,21.45349,,74235,,,Not compared,Not compared,20220000,,,1y
93015,Percentage of physically inactive adults,,,E92000001,England,England,Female,19+ yrs,,,2022/23,23.99282,23.72289,24.26838,23.54213,24.44913,,92944,,,Not compared,Not compared,20220000,,,1y
93015,Percentage of physically inactive adults,,,E92000001,England,England,Persons,85+ yrs,,,2022/23,57.26172,55.67366,58.83604,54.77013,59.87247,,3763,,,Not compared,Not compared,20220000,,,1y
93015,Percentage of physically inactive adults,,,E92000001,England,England,Persons,25-34 yrs,,,2022/23,20.36215,19.81953,20.90699,19.54186,21.18465,,21610,,,Not compared,Not compared,20220000,,,1y
93015,Percentage of physically inactive adults,,,E92000001,England,England,Persons,35-44 yrs,,,2022/23,21.19898,20.72446,21.69639,20.4441,21.94312,,26751,,,Not compared,Not compared,20220000,,,1y
93015,Percentage of physically inactive adults,,,E92000001,England,England,Persons,45-54 yrs,,,2022/23,19.53121,19.06447,20.00442,18.7659,20.28826,,27129,,,Not compared,Not compared,20220000,,,1y
93015,Percentage of physically inactive adults,,,E92000001,England,England,Persons,55-64 yrs,,,2022/23,21.68325,21.23816,22.11875,20.9961,22.36982,,33049,,,Not compared,Not compared,20220000,,,1y
93015,Percentage of physically inactive adults,,,E92000001,England,England,Persons,65-74 yrs,,,2022/23,22.67913,22.21168,23.13848,21.93332,23.41052,,31614,,,Not compared,Not compared,20220000,,,1y
93015,Percentage of physically inactive adults,,,E92000001,England,England,Persons,75-84 yrs,,,2022/23,33.16727,32.46686,33.86167,32.09217,34.35735,,17350,,,Not compared,Not compared,20220000,,,1y
93015,Percentage of physically inactive adults,,,E92000001,England,England,Persons,19-24 yrs,,,2022/23,17.69446,16.80907,18.6211,16.30818,19.19564,,6788,,,Not compared,Not compared,20220000,,,1y
93015,Percentage of physically inactive adults,,,E92000001,England,England,Persons,19+ yrs,,,2022/23,22.5966,22.3928,22.79446,22.28092,22.89265,,168054,,,Not compared,Not compared,20220000,,,1y
93015,Percentage of physically inactive adults,,,E92000001,England,England,Persons,19+ yrs,Working status,Inactive,2022/23,30.38053,30.00746,30.73861,29.79542,30.95231,,58952,,,Worse,Not compared,20220000,,,1y
93015,Percentage of physically inactive adults,,,E92000001,England,England,Persons,19+ yrs,Working status,Unemployed,2022/23,35.97991,34.5873,37.37553,33.74636,38.06152,,4519,,,Worse,Not compared,20220000,,,1y
93015,Percentage of physically inactive adults,,,E92000001,England,England,Persons,19+ yrs,Working status,Working,2022/23,18.10132,17.86087,18.35203,17.72364,18.485,,93254,,,Better,Not compared,20220000,,,1y
93015,Percentage of physically inactive adults,,,E92000001,England,England,Persons,19+ yrs,Disability,Disabled,2022/23,35.80638,35.30277,36.32032,35.00864,36.61737,,34003,,,Worse,Not compared,20220000,,,1y
93015,Percentage of physically inactive adults,,,E92000001,England,England,Persons,19+ yrs,Disability,Not disabled,2022/23,18.05028,17.83811,18.26549,17.72926,18.37354,,124946,,,Better,Not compared,20220000,,,1y
93015,Percentage of physically inactive adults,,,E92000001,England,England,Persons,19+ yrs,Ethnic groups,White British,2022/23,20.78504,20.56743,20.99792,20.4374,21.12354,,136123,,,Better,Not compared,20220000,,,1y
93015,Percentage of physically inactive adults,,,E92000001,England,England,Persons,19+ yrs,Ethnic groups,White Other,2022/23,21.19154,20.39425,21.99853,19.91192,22.397,,9537,,,Better,Not compared,20220000,,,1y
93015,Percentage of physically inactive adults,,,E92000001,England,England,Persons,19+ yrs,Ethnic groups,Asian,2022/23,31.99397,30.99198,32.98058,30.45702,33.58531,,8599,,,Worse,Not compared,20220000,,,1y
93015,Percentage of physically inactive adults,,,E92000001,England,England,Persons,19+ yrs,Ethnic groups,Black,2022/23,31.16383,29.57568,32.77391,28.65738,33.66054,,3158,,,Worse,Not compared,20220000,,,1y
93015,Percentage of physically inactive adults,,,E92000001,England,England,Persons,19+ yrs,Ethnic groups,Chinese,2022/23,26.34994,24.10652,28.66153,22.70491,30.06314,,1427,,,Worse,Not compared,20220000,,,1y
93015,Percentage of physically inactive adults,,,E92000001,England,England,Persons,19+ yrs,Ethnic groups,Mixed,2022/23,18.99929,17.40614,20.56314,16.51024,21.54441,,2344,,,Better,Not compared,20220000,,,1y
93015,Percentage of physically inactive adults,,,E92000001,England,England,Persons,19+ yrs,Ethnic groups,Other,2022/23,31.50359,29.01592,33.93632,27.6411,35.45593,,1382,,,Worse,Not compared,20220000,,,1y
93015,Percentage of physically inactive adults,,,E92000001,England,England,Persons,19+ yrs,LSOA11 deprivation deciles within area (IMD  trend),Most deprived decile,2022/23,35.34939,34.49209,36.20908,33.97614,36.68275,,11823,,,Worse,Not compared,20220000,,,1y
93015,Percentage of physically inactive adults,,,E92000001,England,England,Persons,19+ yrs,LSOA11 deprivation deciles within area (IMD  trend),Second most deprived decile,2022/23,30.65613,29.85804,31.48296,29.45205,31.8971,,12556,,,Worse,Not compared,20220000,,,1y
93015,Percentage of physically inactive adults,,,E92000001,England,England,Persons,19+ yrs,LSOA11 deprivation deciles within area (IMD  trend),Third more deprived decile,2022/23,27.21781,26.46822,27.96753,26.00745,28.4868,,13673,,,Worse,Not compared,20220000,,,1y
93015,Percentage of physically inactive adults,,,E92000001,England,England,Persons,19+ yrs,LSOA11 deprivation deciles within area (IMD  trend),Fourth more deprived decile,2022/23,24.85732,24.18542,25.53659,23.80398,25.91156,,15468,,,Worse,Not compared,20220000,,,1y
93015,Percentage of physically inactive adults,,,E92000001,England,England,Persons,19+ yrs,LSOA11 deprivation deciles within area (IMD  trend),Fifth more deprived decile,2022/23,22.22812,21.59755,22.84836,21.24358,23.24348,,16951,,,Similar,Not compared,20220000,,,1y
93015,Percentage of physically inactive adults,,,E92000001,England,England,Persons,19+ yrs,LSOA11 deprivation deciles within area (IMD  trend),Fifth less deprived decile,2022/23,20.37031,19.78523,20.95672,19.43268,21.27672,,18438,,,Better,Not compared,20220000,,,1y
93015,Percentage of physically inactive adults,,,E92000001,England,England,Persons,19+ yrs,LSOA11 deprivation deciles within area (IMD  trend),Fourth less deprived decile,2022/23,19.34854,18.79156,19.91204,18.49835,20.22621,,19099,,,Better,Not compared,20220000,,,1y
93015,Percentage of physically inactive adults,,,E92000001,England,England,Persons,19+ yrs,LSOA11 deprivation deciles within area (IMD  trend),Third less deprived decile,2022/23,18.72611,18.17533,19.27564,17.87478,19.56601,,19631,,,Better,Not compared,20220000,,,1y
93015,Percentage of physically inactive adults,,,E92000001,England,England,Persons,19+ yrs,LSOA11 deprivation deciles within area (IMD  trend),Second least deprived decile,2022/23,17.75356,17.21619,18.29189,16.91099,18.55709,,19987,,,Better,Not compared,20220000,,,1y
93015,Percentage of physically inactive adults,,,E92000001,England,England,Persons,19+ yrs,LSOA11 deprivation deciles within area (IMD  trend),Least deprived decile,2022/23,16.099,15.59624,16.59487,15.34658,16.8788,,20428,,,Better,Not compared,20220000,,,1y
93015,Percentage of physically inactive adults,,,E92000001,England,England,Persons,19+ yrs,Level of education,No qualification,2022/23,46.72743,45.86677,47.58862,45.36034,48.05611,,12835,,,Worse,Not compared,20220000,,,1y
93015,Percentage of physically inactive adults,,,E92000001,England,England,Persons,19+ yrs,Level of education,Another type of qualification,2022/23,32.28516,31.20139,33.33333,30.63824,33.95015,,7458,,,Worse,Not compared,20220000,,,1y
93015,Percentage of physically inactive adults,,,E92000001,England,England,Persons,19+ yrs,Level of education,Level 1 and below,2022/23,37.4407,35.68798,39.17057,34.71707,40.34151,,2987,,,Worse,Not compared,20220000,,,1y
93015,Percentage of physically inactive adults,,,E92000001,England,England,Persons,19+ yrs,Level of education,Level 2 and equivalent,2022/23,27.594,27.05808,28.13202,26.74749,28.42389,,26724,,,Worse,Not compared,20220000,,,1y
93015,Percentage of physically inactive adults,,,E92000001,England,England,Persons,19+ yrs,Level of education,Level 3 and equivalent,2022/23,20.32421,19.83468,20.8282,19.53264,21.11831,,25163,,,Better,Not compared,20220000,,,1y
93015,Percentage of physically inactive adults,,,E92000001,England,England,Persons,19+ yrs,Level of education,Level 4 and above,2022/23,15.32548,15.08601,15.56174,14.92932,15.68663,,88075,,,Better,Not compared,20220000,,,1y
93015,Percentage of physically inactive adults,,,E92000001,England,England,Persons,19+ yrs,Socioeconomic class,"Managerial, administrative and professional occupations",2022/23,14.37914,14.13977,14.61521,14.02062,14.76029,,84768,People aged 75 and over are excluded from NS-SeC (National Statistics Socio-economic Classification) economic activity questions in the Active Lives Adult Survey,,Better,Not compared,20220000,,,1y
93015,Percentage of physically inactive adults,,,E92000001,England,England,Persons,19+ yrs,Socioeconomic class,Intermediate occupations,2022/23,21.2769,20.63796,21.93237,20.30114,22.289,,15142,People aged 75 and over are excluded from NS-SeC (National Statistics Socio-economic Classification) economic activity questions in the Active Lives Adult Survey,,Better,Not compared,20220000,,,1y
93015,Percentage of physically inactive adults,,,E92000001,England,England,Persons,19+ yrs,Socioeconomic class,Self-employed and small employers,2022/23,21.49414,20.70458,22.31505,20.24157,22.76799,,9935,People aged 75 and over are excluded from NS-SeC (National Statistics Socio-economic Classification) economic activity questions in the Active Lives Adult Survey,,Better,Not compared,20220000,,,1y
93015,Percentage of physically inactive adults,,,E92000001,England,England,Persons,19+ yrs,Socioeconomic class,Lower supervisory and technical occupations,2022/23,24.76523,23.95604,25.58051,23.48781,26.06785,,10465,People aged 75 and over are excluded from NS-SeC (National Statistics Socio-economic Classification) economic activity questions in the Active Lives Adult Survey,,Worse,Not compared,20220000,,,1y
93015,Percentage of physically inactive adults,,,E92000001,England,England,Persons,19+ yrs,Socioeconomic class,Semi-routine and routine occupations,2022/23,30.68563,29.92996,31.44071,29.51796,31.78387,,14564,People aged 75 and over are excluded from NS-SeC (National Statistics Socio-economic Classification) economic activity questions in the Active Lives Adult Survey,,Worse,Not compared,20220000,,,1y
93015,Percentage of physically inactive adults,,,E92000001,England,England,Persons,19+ yrs,Socioeconomic class,Long term unemployed or never worked,2022/23,43.80286,42.16867,45.4469,41.18801,46.42763,,3569,People aged 75 and over are excluded from NS-SeC (National Statistics Socio-economic Classification) economic activity questions in the Active Lives Adult Survey,,Worse,Not compared,20220000,,,1y
93015,Percentage of physically inactive adults,,,E92000001,England,England,Persons,19+ yrs,Socioeconomic class,Students,2022/23,13.63159,12.36712,14.88306,11.6584,15.59181,,2822,People aged 75 and over are excluded from NS-SeC (National Statistics Socio-economic Classification) economic activity questions in the Active Lives Adult Survey,,Better,Not compared,20220000,,,1y
93015,Percentage of physically inactive adults,,,E92000001,England,England,Persons,19+ yrs,Socioeconomic class,Other/unclassified,2022/23,33.53114,32.31149,34.76039,31.64198,35.48277,,5676,People aged 75 and over are excluded from NS-SeC (National Statistics Socio-economic Classification) economic activity questions in the Active Lives Adult Survey,,Worse,Not compared,20220000,,,1y
93015,Percentage of physically inactive adults,E92000001,England,E92000001,England,England,Male,19+ yrs,,,2022/23,21.00345,20.71934,21.29996,20.54691,21.45349,,74235,,,Similar,Not compared,20220000,,,1y
93015,Percentage of physically inactive adults,E92000001,England,E92000001,England,England,Female,19+ yrs,,,2022/23,23.99282,23.72289,24.26838,23.54213,24.44913,,92944,,,Similar,Not compared,20220000,,,1y
93015,Percentage of physically inactive adults,E92000001,England,E92000001,England,England,Persons,85+ yrs,,,2022/23,57.26172,55.67366,58.83604,54.77013,59.87247,,3763,,,Similar,Not compared,20220000,,,1y
93015,Percentage of physically inactive adults,E92000001,England,E92000001,England,England,Persons,25-34 yrs,,,2022/23,20.36215,19.81953,20.90699,19.54186,21.18465,,21610,,,Similar,Not compared,20220000,,,1y
93015,Percentage of physically inactive adults,E92000001,England,E92000001,England,England,Persons,35-44 yrs,,,2022/23,21.19898,20.72446,21.69639,20.4441,21.94312,,26751,,,Similar,Not compared,20220000,,,1y
93015,Percentage of physically inactive adults,E92000001,England,E92000001,England,England,Persons,45-54 yrs,,,2022/23,19.53121,19.06447,20.00442,18.7659,20.28826,,27129,,,Similar,Not compared,20220000,,,1y
93015,Percentage of physically inactive adults,E92000001,England,E92000001,England,England,Persons,55-64 yrs,,,2022/23,21.68325,21.23816,22.11875,20.9961,22.36982,,33049,,,Similar,Not compared,20220000,,,1y
93015,Percentage of physically inactive adults,E92000001,England,E92000001,England,England,Persons,65-74 yrs,,,2022/23,22.67913,22.21168,23.13848,21.93332,23.41052,,31614,,,Similar,Not compared,20220000,,,1y
93015,Percentage of physically inactive adults,E92000001,England,E92000001,England,England,Persons,75-84 yrs,,,2022/23,33.16727,32.46686,33.86167,32.09217,34.35735,,17350,,,Similar,Not compared,20220000,,,1y
93015,Percentage of physically inactive adults,E92000001,England,E92000001,England,England,Persons,19-24 yrs,,,2022/23,17.69446,16.80907,18.6211,16.30818,19.19564,,6788,,,Similar,Not compared,20220000,,,1y
93015,Percentage of physically inactive adults,E92000001,England,E92000001,England,England,Persons,19+ yrs,,,2022/23,22.5966,22.3928,22.79446,22.28092,22.89265,,168054,,,Similar,Not compared,20220000,,,1y
93015,Percentage of physically inactive adults,E92000001,England,E92000001,England,England,Persons,19+ yrs,Working status,Inactive,2022/23,30.38053,30.00746,30.73861,29.79542,30.95231,,58952,,,Worse,Not compared,20220000,,,1y
93015,Percentage of physically inactive adults,E92000001,England,E92000001,England,England,Persons,19+ yrs,Working status,Unemployed,2022/23,35.97991,34.5873,37.37553,33.74636,38.06152,,4519,,,Worse,Not compared,20220000,,,1y
93015,Percentage of physically inactive adults,E92000001,England,E92000001,England,England,Persons,19+ yrs,Working status,Working,2022/23,18.10132,17.86087,18.35203,17.72364,18.485,,93254,,,Better,Not compared,20220000,,,1y
93015,Percentage of physically inactive adults,E92000001,England,E92000001,England,England,Persons,19+ yrs,Disability,Disabled,2022/23,35.80638,35.30277,36.32032,35.00864,36.61737,,34003,,,Worse,Not compared,20220000,,,1y
93015,Percentage of physically inactive adults,E92000001,England,E92000001,England,England,Persons,19+ yrs,Disability,Not disabled,2022/23,18.05028,17.83811,18.26549,17.72926,18.37354,,124946,,,Better,Not compared,20220000,,,1y
93015,Percentage of physically inactive adults,E92000001,England,E92000001,England,England,Persons,19+ yrs,Ethnic groups,White British,2022/23,20.78504,20.56743,20.99792,20.4374,21.12354,,136123,,,Better,Not compared,20220000,,,1y
93015,Percentage of physically inactive adults,E92000001,England,E92000001,England,England,Persons,19+ yrs,Ethnic groups,White Other,2022/23,21.19154,20.39425,21.99853,19.91192,22.397,,9537,,,Better,Not compared,20220000,,,1y
93015,Percentage of physically inactive adults,E92000001,England,E92000001,England,England,Persons,19+ yrs,Ethnic groups,Asian,2022/23,31.99397,30.99198,32.98058,30.45702,33.58531,,8599,,,Worse,Not compared,20220000,,,1y
93015,Percentage of physically inactive adults,E92000001,England,E92000001,England,England,Persons,19+ yrs,Ethnic groups,Black,2022/23,31.16383,29.57568,32.77391,28.65738,33.66054,,3158,,,Worse,Not compared,20220000,,,1y
93015,Percentage of physically inactive adults,E92000001,England,E92000001,England,England,Persons,19+ yrs,Ethnic groups,Chinese,2022/23,26.34994,24.10652,28.66153,22.70491,30.06314,,1427,,,Worse,Not compared,20220000,,,1y
93015,Percentage of physically inactive adults,E92000001,England,E92000001,England,England,Persons,19+ yrs,Ethnic groups,Mixed,2022/23,18.99929,17.40614,20.56314,16.51024,21.54441,,2344,,,Better,Not compared,20220000,,,1y
93015,Percentage of physically inactive adults,E92000001,England,E92000001,England,England,Persons,19+ yrs,Ethnic groups,Other,2022/23,31.50359,29.01592,33.93632,27.6411,35.45593,,1382,,,Worse,Not compared,20220000,,,1y
93015,Percentage of physically inactive adults,E92000001,England,E92000001,England,England,Persons,19+ yrs,LSOA11 deprivation deciles within area (IMD  trend),Most deprived decile,2022/23,35.34939,34.49209,36.20908,33.97614,36.68275,,11823,,,Worse,Not compared,20220000,,,1y
93015,Percentage of physically inactive adults,E92000001,England,E92000001,England,England,Persons,19+ yrs,LSOA11 deprivation deciles within area (IMD  trend),Second most deprived decile,2022/23,30.65613,29.85804,31.48296,29.45205,31.8971,,12556,,,Worse,Not compared,20220000,,,1y
93015,Percentage of physically inactive adults,E92000001,England,E92000001,England,England,Persons,19+ yrs,LSOA11 deprivation deciles within area (IMD  trend),Third more deprived decile,2022/23,27.21781,26.46822,27.96753,26.00745,28.4868,,13673,,,Worse,Not compared,20220000,,,1y
93015,Percentage of physically inactive adults,E92000001,England,E92000001,England,England,Persons,19+ yrs,LSOA11 deprivation deciles within area (IMD  trend),Fourth more deprived decile,2022/23,24.85732,24.18542,25.53659,23.80398,25.91156,,15468,,,Worse,Not compared,20220000,,,1y
93015,Percentage of physically inactive adults,E92000001,England,E92000001,England,England,Persons,19+ yrs,LSOA11 deprivation deciles within area (IMD  trend),Fifth more deprived decile,2022/23,22.22812,21.59755,22.84836,21.24358,23.24348,,16951,,,Similar,Not compared,20220000,,,1y
93015,Percentage of physically inactive adults,E92000001,England,E92000001,England,England,Persons,19+ yrs,LSOA11 deprivation deciles within area (IMD  trend),Fifth less deprived decile,2022/23,20.37031,19.78523,20.95672,19.43268,21.27672,,18438,,,Better,Not compared,20220000,,,1y
93015,Percentage of physically inactive adults,E92000001,England,E92000001,England,England,Persons,19+ yrs,LSOA11 deprivation deciles within area (IMD  trend),Fourth less deprived decile,2022/23,19.34854,18.79156,19.91204,18.49835,20.22621,,19099,,,Better,Not compared,20220000,,,1y
93015,Percentage of physically inactive adults,E92000001,England,E92000001,England,England,Persons,19+ yrs,LSOA11 deprivation deciles within area (IMD  trend),Third less deprived decile,2022/23,18.72611,18.17533,19.27564,17.87478,19.56601,,19631,,,Better,Not compared,20220000,,,1y
93015,Percentage of physically inactive adults,E92000001,England,E92000001,England,England,Persons,19+ yrs,LSOA11 deprivation deciles within area (IMD  trend),Second least deprived decile,2022/23,17.75356,17.21619,18.29189,16.91099,18.55709,,19987,,,Better,Not compared,20220000,,,1y
93015,Percentage of physically inactive adults,E92000001,England,E92000001,England,England,Persons,19+ yrs,LSOA11 deprivation deciles within area (IMD  trend),Least deprived decile,2022/23,16.099,15.59624,16.59487,15.34658,16.8788,,20428,,,Better,Not compared,20220000,,,1y
93015,Percentage of physically inactive adults,E92000001,England,E92000001,England,England,Persons,19+ yrs,Level of education,No qualification,2022/23,46.72743,45.86677,47.58862,45.36034,48.05611,,12835,,,Worse,Not compared,20220000,,,1y
93015,Percentage of physically inactive adults,E92000001,England,E92000001,England,England,Persons,19+ yrs,Level of education,Another type of qualification,2022/23,32.28516,31.20139,33.33333,30.63824,33.95015,,7458,,,Worse,Not compared,20220000,,,1y
93015,Percentage of physically inactive adults,E92000001,England,E92000001,England,England,Persons,19+ yrs,Level of education,Level 1 and below,2022/23,37.4407,35.68798,39.17057,34.71707,40.34151,,2987,,,Worse,Not compared,20220000,,,1y
93015,Percentage of physically inactive adults,E92000001,England,E92000001,England,England,Persons,19+ yrs,Level of education,Level 2 and equivalent,2022/23,27.594,27.05808,28.13202,26.74749,28.42389,,26724,,,Worse,Not compared,20220000,,,1y
93015,Percentage of physically inactive adults,E92000001,England,E92000001,England,England,Persons,19+ yrs,Level of education,Level 3 and equivalent,2022/23,20.32421,19.83468,20.8282,19.53264,21.11831,,25163,,,Better,Not compared,20220000,,,1y
93015,Percentage of physically inactive adults,E92000001,England,E92000001,England,England,Persons,19+ yrs,Level of education,Level 4 and above,2022/23,15.32548,15.08601,15.56174,14.92932,15.68663,,88075,,,Better,Not compared,20220000,,,1y
93015,Percentage of physically inactive adults,E92000001,England,E92000001,England,England,Persons,19+ yrs,Socioeconomic class,"Managerial, administrative and professional occupations",2022/23,14.37914,14.13977,14.61521,14.02062,14.76029,,84768,People aged 75 and over are excluded from NS-SeC (National Statistics Socio-economic Classification) economic activity questions in the Active Lives Adult Survey,,Better,Not compared,20220000,,,1y
93015,Percentage of physically inactive adults,E92000001,England,E92000001,England,England,Persons,19+ yrs,Socioeconomic class,Intermediate occupations,2022/23,21.2769,20.63796,21.93237,20.30114,22.289,,15142,People aged 75 and over are excluded from NS-SeC (National Statistics Socio-economic Classification) economic activity questions in the Active Lives Adult Survey,,Better,Not compared,20220000,,,1y
93015,Percentage of physically inactive adults,E92000001,England,E92000001,England,England,Persons,19+ yrs,Socioeconomic class,Self-employed and small employers,2022/23,21.49414,20.70458,22.31505,20.24157,22.76799,,9935,People aged 75 and over are excluded from NS-SeC (National Statistics Socio-economic Classification) economic activity questions in the Active Lives Adult Survey,,Better,Not compared,20220000,,,1y
93015,Percentage of physically inactive adults,E92000001,England,E92000001,England,England,Persons,19+ yrs,Socioeconomic class,Lower supervisory and technical occupations,2022/23,24.76523,23.95604,25.58051,23.48781,26.06785,,10465,People aged 75 and over are excluded from NS-SeC (National Statistics Socio-economic Classification) economic activity questions in the Active Lives Adult Survey,,Worse,Not compared,20220000,,,1y
93015,Percentage of physically inactive adults,E92000001,England,E92000001,England,England,Persons,19+ yrs,Socioeconomic class,Semi-routine and routine occupations,2022/23,30.68563,29.92996,31.44071,29.51796,31.78387,,14564,People aged 75 and over are excluded from NS-SeC (National Statistics Socio-economic Classification) economic activity questions in the Active Lives Adult Survey,,Worse,Not compared,20220000,,,1y
93015,Percentage of physically inactive adults,E92000001,England,E92000001,England,England,Persons,19+ yrs,Socioeconomic class,Long term unemployed or never worked,2022/23,43.80286,42.16867,45.4469,41.18801,46.42763,,3569,People aged 75 and over are excluded from NS-SeC (National Statistics Socio-economic Classification) economic activity questions in the Active Lives Adult Survey,,Worse,Not compared,20220000,,,1y
93015,Percentage of physically inactive adults,E92000001,England,E92000001,England,England,Persons,19+ yrs,Socioeconomic class,Students,2022/23,13.63159,12.36712,14.88306,11.6584,15.59181,,2822,People aged 75 and over are excluded from NS-SeC (National Statistics Socio-economic Classification) economic activity questions in the Active Lives Adult Survey,,Better,Not compared,20220000,,,1y
93015,Percentage of physically inactive adults,E92000001,England,E92000001,England,England,Persons,19+ yrs,Socioeconomic class,Other/unclassified,2022/23,33.53114,32.31149,34.76039,31.64198,35.48277,,5676,People aged 75 and over are excluded from NS-SeC (National Statistics Socio-economic Classification) economic activity questions in the Active Lives Adult Survey,,Worse,Not compared,20220000,,,1y
93015,Percentage of physically inactive adults,,,E92000001,England,England,Male,19+ yrs,,,2023/24,20.54937,20.26079,20.84048,20.09188,20.98508,,74005,,,Not compared,Not compared,20230000,,,1y
93015,Percentage of physically inactive adults,,,E92000001,England,England,Female,19+ yrs,,,2023/24,23.20899,22.93554,23.4817,22.784,23.6256,,91731,,,Not compared,Not compared,20230000,,,1y
93015,Percentage of physically inactive adults,,,E92000001,England,England,Persons,85+ yrs,,,2023/24,54.44474,52.81027,56.11983,51.98285,57.03284,,3505,,,Not compared,Not compared,20230000,,,1y
93015,Percentage of physically inactive adults,,,E92000001,England,England,Persons,25-34 yrs,,,2023/24,20.13787,19.63026,20.65636,19.35748,20.94645,,23097,,,Not compared,Not compared,20230000,,,1y
93015,Percentage of physically inactive adults,,,E92000001,England,England,Persons,35-44 yrs,,,2023/24,21.0022,20.5118,21.49492,20.21542,21.76962,,27667,,,Not compared,Not compared,20230000,,,1y
93015,Percentage of physically inactive adults,,,E92000001,England,England,Persons,45-54 yrs,,,2023/24,20.52247,20.02813,21.00502,19.76964,21.25209,,26308,,,Not compared,Not compared,20230000,,,1y
93015,Percentage of physically inactive adults,,,E92000001,England,England,Persons,55-64 yrs,,,2023/24,20.80389,20.35943,21.25203,20.11609,21.52041,,32044,,,Not compared,Not compared,20230000,,,1y
93015,Percentage of physically inactive adults,,,E92000001,England,England,Persons,65-74 yrs,,,2023/24,20.6239,20.17318,21.07542,19.92861,21.30678,,30258,,,Not compared,Not compared,20230000,,,1y
93015,Percentage of physically inactive adults,,,E92000001,England,England,Persons,75-84 yrs,,,2023/24,31.6463,30.94983,32.34418,30.58038,32.74939,,16782,,,Not compared,Not compared,20230000,,,1y
93015,Percentage of physically inactive adults,,,E92000001,England,England,Persons,19-24 yrs,,,2023/24,18.00104,17.10601,18.87755,16.58162,19.35944,,7056,,,Not compared,Not compared,20230000,,,1y
93015,Percentage of physically inactive adults,,,E92000001,England,England,Persons,19+ yrs,,,2023/24,21.99799,21.80462,22.1999,21.67505,22.30307,,166717,,,Not compared,Not compared,20230000,,,1y
93015,Percentage of physically inactive adults,,,E92000001,England,England,Persons,19+ yrs,Working status,Inactive,2023/24,28.76143,28.38729,29.13641,28.19033,29.37557,,56867,,,Worse,Not compared,20230000,,,1y
93015,Percentage of physically inactive adults,,,E92000001,England,England,Persons,19+ yrs,Working status,Unemployed,2023/24,35.98993,34.66745,37.33569,33.94149,38.12048,,5097,,,Worse,Not compared,20230000,,,1y
93015,Percentage of physically inactive adults,,,E92000001,England,England,Persons,19+ yrs,Working status,Working,2023/24,17.86443,17.62293,18.10997,17.49476,18.25202,,93628,,,Better,Not compared,20230000,,,1y
93015,Percentage of physically inactive adults,,,E92000001,England,England,Persons,19+ yrs,Disability,Disabled,2023/24,34.25854,33.75446,34.75171,33.4854,35.04709,,34194,,,Worse,Not compared,20230000,,,1y
93015,Percentage of physically inactive adults,,,E92000001,England,England,Persons,19+ yrs,Disability,Not disabled,2023/24,17.67288,17.45822,17.88599,17.33483,18.03291,,123197,,,Better,Not compared,20230000,,,1y
93015,Percentage of physically inactive adults,,,E92000001,England,England,Persons,19+ yrs,Ethnic groups,White British,2023/24,20.08572,19.8719,20.30783,19.73783,20.43578,,130526,,,Better,Not compared,20230000,,,1y
93015,Percentage of physically inactive adults,,,E92000001,England,England,Persons,19+ yrs,Ethnic groups,White Other,2023/24,20.81778,20.01161,21.59783,19.6247,22.11047,,10339,,,Better,Not compared,20230000,,,1y
93015,Percentage of physically inactive adults,,,E92000001,England,England,Persons,19+ yrs,Ethnic groups,Asian,2023/24,32.1453,31.25484,33.04609,30.70292,33.59802,,10328,,,Worse,Not compared,20230000,,,1y
93015,Percentage of physically inactive adults,,,E92000001,England,England,Persons,19+ yrs,Ethnic groups,Black,2023/24,29.87171,28.41774,31.3566,27.70926,32.22251,,3811,,,Worse,Not compared,20230000,,,1y
93015,Percentage of physically inactive adults,,,E92000001,England,England,Persons,19+ yrs,Ethnic groups,Chinese,2023/24,23.80619,21.76069,25.91445,20.52071,27.03038,,1613,,,Similar,Not compared,20230000,,,1y
93015,Percentage of physically inactive adults,,,E92000001,England,England,Persons,19+ yrs,Ethnic groups,Mixed,2023/24,18.13156,16.70534,19.60557,15.85456,20.57231,,2586,,,Better,Not compared,20230000,,,1y
93015,Percentage of physically inactive adults,,,E92000001,England,England,Persons,19+ yrs,Ethnic groups,Other,2023/24,28.19996,25.99349,30.4886,24.82078,31.66137,,1535,,,Worse,Not compared,20230000,,,1y
93015,Percentage of physically inactive adults,,,E92000001,England,England,Persons,19+ yrs,LSOA11 deprivation deciles within area (IMD  trend),Most deprived decile,2023/24,35.25158,34.41273,36.08379,33.869,36.52355,,12507,,,Worse,Not compared,20230000,,,1y
93015,Percentage of physically inactive adults,,,E92000001,England,England,Persons,19+ yrs,LSOA11 deprivation deciles within area (IMD  trend),Second most deprived decile,2023/24,29.86322,29.09552,30.62068,28.66813,31.09102,,14033,,,Worse,Not compared,20230000,,,1y
93015,Percentage of physically inactive adults,,,E92000001,England,England,Persons,19+ yrs,LSOA11 deprivation deciles within area (IMD  trend),Third more deprived decile,2023/24,26.57221,25.85379,27.26269,25.44473,27.64578,,15402,,,Worse,Not compared,20230000,,,1y
93015,Percentage of physically inactive adults,,,E92000001,England,England,Persons,19+ yrs,LSOA11 deprivation deciles within area (IMD  trend),Fourth more deprived decile,2023/24,23.18527,22.55448,23.83941,22.21695,24.25984,,16888,,,Worse,Not compared,20230000,,,1y
93015,Percentage of physically inactive adults,,,E92000001,England,England,Persons,19+ yrs,LSOA11 deprivation deciles within area (IMD  trend),Fifth more deprived decile,2023/24,22.18188,21.54961,22.80717,21.20231,23.17227,,16701,,,Similar,Not compared,20230000,,,1y
93015,Percentage of physically inactive adults,,,E92000001,England,England,Persons,19+ yrs,LSOA11 deprivation deciles within area (IMD  trend),Fifth less deprived decile,2023/24,20.15875,19.58038,20.75037,19.2485,21.14976,,17778,,,Better,Not compared,20230000,,,1y
93015,Percentage of physically inactive adults,,,E92000001,England,England,Persons,19+ yrs,LSOA11 deprivation deciles within area (IMD  trend),Fourth less deprived decile,2023/24,18.56448,18.01338,19.12071,17.7009,19.43866,,18242,,,Better,Not compared,20230000,,,1y
93015,Percentage of physically inactive adults,,,E92000001,England,England,Persons,19+ yrs,LSOA11 deprivation deciles within area (IMD  trend),Third less deprived decile,2023/24,18.09001,17.54253,18.64774,17.2391,18.95116,,18458,,,Better,Not compared,20230000,,,1y
93015,Percentage of physically inactive adults,,,E92000001,England,England,Persons,19+ yrs,LSOA11 deprivation deciles within area (IMD  trend),Second least deprived decile,2023/24,17.39925,16.84894,17.94802,16.55656,18.26747,,18470,,,Better,Not compared,20230000,,,1y
93015,Percentage of physically inactive adults,,,E92000001,England,England,Persons,19+ yrs,LSOA11 deprivation deciles within area (IMD  trend),Least deprived decile,2023/24,15.12243,14.5859,15.65617,14.31693,15.93634,,17846,,,Better,Not compared,20230000,,,1y
93015,Percentage of physically inactive adults,,,E92000001,England,England,Persons,19+ yrs,Level of education,No qualification,2023/24,47.14211,46.2473,48.01964,45.77298,48.64374,,12018,,,Worse,Not compared,20230000,,,1y
93015,Percentage of physically inactive adults,,,E92000001,England,England,Persons,19+ yrs,Level of education,Another type of qualification,2023/24,32.07978,31.01372,33.18398,30.35564,33.75809,,7142,,,Worse,Not compared,20230000,,,1y
93015,Percentage of physically inactive adults,,,E92000001,England,England,Persons,19+ yrs,Level of education,Level 1 and below,2023/24,35.25898,33.53825,37.02186,32.68443,37.97814,,2928,,,Worse,Not compared,20230000,,,1y
93015,Percentage of physically inactive adults,,,E92000001,England,England,Persons,19+ yrs,Level of education,Level 2 and equivalent,2023/24,28.03153,27.47789,28.56816,27.15005,28.87315,,26232,,,Worse,Not compared,20230000,,,1y
93015,Percentage of physically inactive adults,,,E92000001,England,England,Persons,19+ yrs,Level of education,Level 3 and equivalent,2023/24,19.675,19.18307,20.15522,18.887,20.41527,,24996,,,Better,Not compared,20230000,,,1y
93015,Percentage of physically inactive adults,,,E92000001,England,England,Persons,19+ yrs,Level of education,Level 4 and above,2023/24,14.84235,14.60757,15.0748,14.49189,15.20396,,89036,,,Better,Not compared,20230000,,,1y
93015,Percentage of physically inactive adults,,,E92000001,England,England,Persons,19+ yrs,Socioeconomic class,"Managerial, administrative and professional occupations",2023/24,14.27280725,14.0396361,14.50446111,13.90767147,14.63990003,,85629,People aged 75 and over are excluded from NS-SeC (National Statistics Socio-economic Classification) economic activity questions in the Active Lives Adult Survey,,Better,Not compared,20230000,,,1y
93015,Percentage of physically inactive adults,,,E92000001,England,England,Persons,19+ yrs,Socioeconomic class,Intermediate occupations,2023/24,20.8835376,20.20444566,21.54226125,19.84768798,21.97449232,,14576,People aged 75 and over are excluded from NS-SeC (National Statistics Socio-economic Classification) economic activity questions in the Active Lives Adult Survey,,Better,Not compared,20230000,,,1y
93015,Percentage of physically inactive adults,,,E92000001,England,England,Persons,19+ yrs,Socioeconomic class,Self-employed and small employers,2023/24,21.3295921,20.50337162,22.14756085,20.0084185,22.57933832,,9491,People aged 75 and over are excluded from NS-SeC (National Statistics Socio-economic Classification) economic activity questions in the Active Lives Adult Survey,,Similar,Not compared,20230000,,,1y
93015,Percentage of physically inactive adults,,,E92000001,England,England,Persons,19+ yrs,Socioeconomic class,Lower supervisory and technical occupations,2023/24,23.44561372,22.63157895,24.27010924,22.17476663,24.77659384,,10070,People aged 75 and over are excluded from NS-SeC (National Statistics Socio-economic Classification) economic activity questions in the Active Lives Adult Survey,,Worse,Not compared,20230000,,,1y
93015,Percentage of physically inactive adults,,,E92000001,England,England,Persons,19+ yrs,Socioeconomic class,Semi-routine and routine occupations,2023/24,30.72896024,29.98433349,31.46243444,29.58245351,32.00055173,,14681,People aged 75 and over are excluded from NS-SeC (National Statistics Socio-economic Classification) economic activity questions in the Active Lives Adult Survey,,Worse,Not compared,20230000,,,1y
93015,Percentage of physically inactive adults,,,E92000001,England,England,Persons,19+ yrs,Socioeconomic class,Long term unemployed or never worked,2023/24,43.60912358,42.04872937,45.1925596,41.13175269,46.03099293,,3817,People aged 75 and over are excluded from NS-SeC (National Statistics Socio-economic Classification) economic activity questions in the Active Lives Adult Survey,,Worse,Not compared,20230000,,,1y
93015,Percentage of physically inactive adults,,,E92000001,England,England,Persons,19+ yrs,Socioeconomic class,Students,2023/24,13.03412561,11.79468511,14.34291955,11.13942483,15.18023298,,2747,People aged 75 and over are excluded from NS-SeC (National Statistics Socio-economic Classification) economic activity questions in the Active Lives Adult Survey,,Better,Not compared,20230000,,,1y
93015,Percentage of physically inactive adults,,,E92000001,England,England,Persons,19+ yrs,Socioeconomic class,Other/unclassified,2023/24,31.88028754,30.61450452,33.10573907,29.96861044,33.77008673,,5419,People aged 75 and over are excluded from NS-SeC (National Statistics Socio-economic Classification) economic activity questions in the Active Lives Adult Survey,,Worse,Not compared,20230000,,,1y
93015,Percentage of physically inactive adults,E92000001,England,E92000001,England,England,Male,19+ yrs,,,2023/24,20.54937,20.26079,20.84048,20.09188,20.98508,,74005,,,Similar,Not compared,20230000,,,1y
93015,Percentage of physically inactive adults,E92000001,England,E92000001,England,England,Female,19+ yrs,,,2023/24,23.20899,22.93554,23.4817,22.784,23.6256,,91731,,,Similar,Not compared,20230000,,,1y
93015,Percentage of physically inactive adults,E92000001,England,E92000001,England,England,Persons,85+ yrs,,,2023/24,54.44474,52.81027,56.11983,51.98285,57.03284,,3505,,,Similar,Not compared,20230000,,,1y
93015,Percentage of physically inactive adults,E92000001,England,E92000001,England,England,Persons,25-34 yrs,,,2023/24,20.13787,19.63026,20.65636,19.35748,20.94645,,23097,,,Similar,Not compared,20230000,,,1y
93015,Percentage of physically inactive adults,E92000001,England,E92000001,England,England,Persons,35-44 yrs,,,2023/24,21.0022,20.5118,21.49492,20.21542,21.76962,,27667,,,Similar,Not compared,20230000,,,1y
93015,Percentage of physically inactive adults,E92000001,England,E92000001,England,England,Persons,45-54 yrs,,,2023/24,20.52247,20.02813,21.00502,19.76964,21.25209,,26308,,,Similar,Not compared,20230000,,,1y
93015,Percentage of physically inactive adults,E92000001,England,E92000001,England,England,Persons,55-64 yrs,,,2023/24,20.80389,20.35943,21.25203,20.11609,21.52041,,32044,,,Similar,Not compared,20230000,,,1y
93015,Percentage of physically inactive adults,E92000001,England,E92000001,England,England,Persons,65-74 yrs,,,2023/24,20.6239,20.17318,21.07542,19.92861,21.30678,,30258,,,Similar,Not compared,20230000,,,1y
93015,Percentage of physically inactive adults,E92000001,England,E92000001,England,England,Persons,75-84 yrs,,,2023/24,31.6463,30.94983,32.34418,30.58038,32.74939,,16782,,,Similar,Not compared,20230000,,,1y
93015,Percentage of physically inactive adults,E92000001,England,E92000001,England,England,Persons,19-24 yrs,,,2023/24,18.00104,17.10601,18.87755,16.58162,19.35944,,7056,,,Similar,Not compared,20230000,,,1y
93015,Percentage of physically inactive adults,E92000001,England,E92000001,England,England,Persons,19+ yrs,,,2023/24,21.99799,21.80462,22.1999,21.67505,22.30307,,166717,,,Similar,Not compared,20230000,,,1y
93015,Percentage of physically inactive adults,E92000001,England,E92000001,England,England,Persons,19+ yrs,Working status,Inactive,2023/24,28.76143,28.38729,29.13641,28.19033,29.37557,,56867,,,Worse,Not compared,20230000,,,1y
93015,Percentage of physically inactive adults,E92000001,England,E92000001,England,England,Persons,19+ yrs,Working status,Unemployed,2023/24,35.98993,34.66745,37.33569,33.94149,38.12048,,5097,,,Worse,Not compared,20230000,,,1y
93015,Percentage of physically inactive adults,E92000001,England,E92000001,England,England,Persons,19+ yrs,Working status,Working,2023/24,17.86443,17.62293,18.10997,17.49476,18.25202,,93628,,,Better,Not compared,20230000,,,1y
93015,Percentage of physically inactive adults,E92000001,England,E92000001,England,England,Persons,19+ yrs,Disability,Disabled,2023/24,34.25854,33.75446,34.75171,33.4854,35.04709,,34194,,,Worse,Not compared,20230000,,,1y
93015,Percentage of physically inactive adults,E92000001,England,E92000001,England,England,Persons,19+ yrs,Disability,Not disabled,2023/24,17.67288,17.45822,17.88599,17.33483,18.03291,,123197,,,Better,Not compared,20230000,,,1y
93015,Percentage of physically inactive adults,E92000001,England,E92000001,England,England,Persons,19+ yrs,Ethnic groups,White British,2023/24,20.08572,19.8719,20.30783,19.73783,20.43578,,130526,,,Better,Not compared,20230000,,,1y
93015,Percentage of physically inactive adults,E92000001,England,E92000001,England,England,Persons,19+ yrs,Ethnic groups,White Other,2023/24,20.81778,20.01161,21.59783,19.6247,22.11047,,10339,,,Better,Not compared,20230000,,,1y
93015,Percentage of physically inactive adults,E92000001,England,E92000001,England,England,Persons,19+ yrs,Ethnic groups,Asian,2023/24,32.1453,31.25484,33.04609,30.70292,33.59802,,10328,,,Worse,Not compared,20230000,,,1y
93015,Percentage of physically inactive adults,E92000001,England,E92000001,England,England,Persons,19+ yrs,Ethnic groups,Black,2023/24,29.87171,28.41774,31.3566,27.70926,32.22251,,3811,,,Worse,Not compared,20230000,,,1y
93015,Percentage of physically inactive adults,E92000001,England,E92000001,England,England,Persons,19+ yrs,Ethnic groups,Chinese,2023/24,23.80619,21.76069,25.91445,20.52071,27.03038,,1613,,,Similar,Not compared,20230000,,,1y
93015,Percentage of physically inactive adults,E92000001,England,E92000001,England,England,Persons,19+ yrs,Ethnic groups,Mixed,2023/24,18.13156,16.70534,19.60557,15.85456,20.57231,,2586,,,Better,Not compared,20230000,,,1y
93015,Percentage of physically inactive adults,E92000001,England,E92000001,England,England,Persons,19+ yrs,Ethnic groups,Other,2023/24,28.19996,25.99349,30.4886,24.82078,31.66137,,1535,,,Worse,Not compared,20230000,,,1y
93015,Percentage of physically inactive adults,E92000001,England,E92000001,England,England,Persons,19+ yrs,LSOA11 deprivation deciles within area (IMD  trend),Most deprived decile,2023/24,35.25158,34.41273,36.08379,33.869,36.52355,,12507,,,Worse,Not compared,20230000,,,1y
93015,Percentage of physically inactive adults,E92000001,England,E92000001,England,England,Persons,19+ yrs,LSOA11 deprivation deciles within area (IMD  trend),Second most deprived decile,2023/24,29.86322,29.09552,30.62068,28.66813,31.09102,,14033,,,Worse,Not compared,20230000,,,1y
93015,Percentage of physically inactive adults,E92000001,England,E92000001,England,England,Persons,19+ yrs,LSOA11 deprivation deciles within area (IMD  trend),Third more deprived decile,2023/24,26.57221,25.85379,27.26269,25.44473,27.64578,,15402,,,Worse,Not compared,20230000,,,1y
93015,Percentage of physically inactive adults,E92000001,England,E92000001,England,England,Persons,19+ yrs,LSOA11 deprivation deciles within area (IMD  trend),Fourth more deprived decile,2023/24,23.18527,22.55448,23.83941,22.21695,24.25984,,16888,,,Worse,Not compared,20230000,,,1y
93015,Percentage of physically inactive adults,E92000001,England,E92000001,England,England,Persons,19+ yrs,LSOA11 deprivation deciles within area (IMD  trend),Fifth more deprived decile,2023/24,22.18188,21.54961,22.80717,21.20231,23.17227,,16701,,,Similar,Not compared,20230000,,,1y
93015,Percentage of physically inactive adults,E92000001,England,E92000001,England,England,Persons,19+ yrs,LSOA11 deprivation deciles within area (IMD  trend),Fifth less deprived decile,2023/24,20.15875,19.58038,20.75037,19.2485,21.14976,,17778,,,Better,Not compared,20230000,,,1y
93015,Percentage of physically inactive adults,E92000001,England,E92000001,England,England,Persons,19+ yrs,LSOA11 deprivation deciles within area (IMD  trend),Fourth less deprived decile,2023/24,18.56448,18.01338,19.12071,17.7009,19.43866,,18242,,,Better,Not compared,20230000,,,1y
93015,Percentage of physically inactive adults,E92000001,England,E92000001,England,England,Persons,19+ yrs,LSOA11 deprivation deciles within area (IMD  trend),Third less deprived decile,2023/24,18.09001,17.54253,18.64774,17.2391,18.95116,,18458,,,Better,Not compared,20230000,,,1y
93015,Percentage of physically inactive adults,E92000001,England,E92000001,England,England,Persons,19+ yrs,LSOA11 deprivation deciles within area (IMD  trend),Second least deprived decile,2023/24,17.39925,16.84894,17.94802,16.55656,18.26747,,18470,,,Better,Not compared,20230000,,,1y
93015,Percentage of physically inactive adults,E92000001,England,E92000001,England,England,Persons,19+ yrs,LSOA11 deprivation deciles within area (IMD  trend),Least deprived decile,2023/24,15.12243,14.5859,15.65617,14.31693,15.93634,,17846,,,Better,Not compared,20230000,,,1y
93015,Percentage of physically inactive adults,E92000001,England,E92000001,England,England,Persons,19+ yrs,Level of education,No qualification,2023/24,47.14211,46.2473,48.01964,45.77298,48.64374,,12018,,,Worse,Not compared,20230000,,,1y
93015,Percentage of physically inactive adults,E92000001,England,E92000001,England,England,Persons,19+ yrs,Level of education,Another type of qualification,2023/24,32.07978,31.01372,33.18398,30.35564,33.75809,,7142,,,Worse,Not compared,20230000,,,1y
93015,Percentage of physically inactive adults,E92000001,England,E92000001,England,England,Persons,19+ yrs,Level of education,Level 1 and below,2023/24,35.25898,33.53825,37.02186,32.68443,37.97814,,2928,,,Worse,Not compared,20230000,,,1y
93015,Percentage of physically inactive adults,E92000001,England,E92000001,England,England,Persons,19+ yrs,Level of education,Level 2 and equivalent,2023/24,28.03153,27.47789,28.56816,27.15005,28.87315,,26232,,,Worse,Not compared,20230000,,,1y
93015,Percentage of physically inactive adults,E92000001,England,E92000001,England,England,Persons,19+ yrs,Level of education,Level 3 and equivalent,2023/24,19.675,19.18307,20.15522,18.887,20.41527,,24996,,,Better,Not compared,20230000,,,1y
93015,Percentage of physically inactive adults,E92000001,England,E92000001,England,England,Persons,19+ yrs,Level of education,Level 4 and above,2023/24,14.84235,14.60757,15.0748,14.49189,15.20396,,89036,,,Better,Not compared,20230000,,,1y
93015,Percentage of physically inactive adults,E92000001,England,E92000001,England,England,Persons,19+ yrs,Socioeconomic class,"Managerial, administrative and professional occupations",2023/24,14.27280725,14.0396361,14.50446111,13.90767147,14.63990003,,85629,People aged 75 and over are excluded from NS-SeC (National Statistics Socio-economic Classification) economic activity questions in the Active Lives Adult Survey,,Better,Not compared,20230000,,,1y
93015,Percentage of physically inactive adults,E92000001,England,E92000001,England,England,Persons,19+ yrs,Socioeconomic class,Intermediate occupations,2023/24,20.8835376,20.20444566,21.54226125,19.84768798,21.97449232,,14576,People aged 75 and over are excluded from NS-SeC (National Statistics Socio-economic Classification) economic activity questions in the Active Lives Adult Survey,,Better,Not compared,20230000,,,1y
93015,Percentage of physically inactive adults,E92000001,England,E92000001,England,England,Persons,19+ yrs,Socioeconomic class,Self-employed and small employers,2023/24,21.3295921,20.50337162,22.14756085,20.0084185,22.57933832,,9491,People aged 75 and over are excluded from NS-SeC (National Statistics Socio-economic Classification) economic activity questions in the Active Lives Adult Survey,,Similar,Not compared,20230000,,,1y
93015,Percentage of physically inactive adults,E92000001,England,E92000001,England,England,Persons,19+ yrs,Socioeconomic class,Lower supervisory and technical occupations,2023/24,23.44561372,22.63157895,24.27010924,22.17476663,24.77659384,,10070,People aged 75 and over are excluded from NS-SeC (National Statistics Socio-economic Classification) economic activity questions in the Active Lives Adult Survey,,Worse,Not compared,20230000,,,1y
93015,Percentage of physically inactive adults,E92000001,England,E92000001,England,England,Persons,19+ yrs,Socioeconomic class,Semi-routine and routine occupations,2023/24,30.72896024,29.98433349,31.46243444,29.58245351,32.00055173,,14681,People aged 75 and over are excluded from NS-SeC (National Statistics Socio-economic Classification) economic activity questions in the Active Lives Adult Survey,,Worse,Not compared,20230000,,,1y
93015,Percentage of physically inactive adults,E92000001,England,E92000001,England,England,Persons,19+ yrs,Socioeconomic class,Long term unemployed or never worked,2023/24,43.60912358,42.04872937,45.1925596,41.13175269,46.03099293,,3817,People aged 75 and over are excluded from NS-SeC (National Statistics Socio-economic Classification) economic activity questions in the Active Lives Adult Survey,,Worse,Not compared,20230000,,,1y
93015,Percentage of physically inactive adults,E92000001,England,E92000001,England,England,Persons,19+ yrs,Socioeconomic class,Students,2023/24,13.03412561,11.79468511,14.34291955,11.13942483,15.18023298,,2747,People aged 75 and over are excluded from NS-SeC (National Statistics Socio-economic Classification) economic activity questions in the Active Lives Adult Survey,,Better,Not compared,20230000,,,1y
93015,Percentage of physically inactive adults,E92000001,England,E92000001,England,England,Persons,19+ yrs,Socioeconomic class,Other/unclassified,2023/24,31.88028754,30.61450452,33.10573907,29.96861044,33.77008673,,5419,People aged 75 and over are excluded from NS-SeC (National Statistics Socio-economic Classification) economic activity questions in the Active Lives Adult Survey,,Worse,Not compared,20230000,,,1y
93015,Percentage of physically inactive adults,,,E92000001,England,England,Male,19+ yrs,,,2024/25,20.22018,19.94078,20.50796,19.7855,20.68299,,75990,,Cannot be calculated,Not compared,Not compared,20240000,,,1y
93015,Percentage of physically inactive adults,,,E92000001,England,England,Female,19+ yrs,,,2024/25,23.13002,22.85657,23.39872,22.68371,23.57053,,93706,,Cannot be calculated,Not compared,Not compared,20240000,,,1y
93015,Percentage of physically inactive adults,,,E92000001,England,England,Persons,85+ yrs,,,2024/25,51.47252,49.85345,53.05089,49.00069,54.01013,,3753,,Cannot be calculated,Not compared,Not compared,20240000,,,1y
93015,Percentage of physically inactive adults,,,E92000001,England,England,Persons,25-34 yrs,,,2024/25,20.65934,20.12984,21.19703,19.78301,21.55277,,22489,,Cannot be calculated,Not compared,Not compared,20240000,,,1y
93015,Percentage of physically inactive adults,,,E92000001,England,England,Persons,35-44 yrs,,,2024/25,21.58362,21.09253,22.06917,20.84471,22.31697,,27441,,Cannot be calculated,Not compared,Not compared,20240000,,,1y
93015,Percentage of physically inactive adults,,,E92000001,England,England,Persons,45-54 yrs,,,2024/25,19.55636,19.08012,20.02596,18.82046,20.31528,,26960,,Cannot be calculated,Not compared,Not compared,20240000,,,1y
93015,Percentage of physically inactive adults,,,E92000001,England,England,Persons,55-64 yrs,,,2024/25,20.46956,20.02924,20.90942,19.80692,21.14079,,32837,,Cannot be calculated,Not compared,Not compared,20240000,,,1y
93015,Percentage of physically inactive adults,,,E92000001,England,England,Persons,65-74 yrs,,,2024/25,20.6263,20.17647,21.07786,19.93524,21.33494,,31507,,Cannot be calculated,Not compared,Not compared,20240000,,,1y
93015,Percentage of physically inactive adults,,,E92000001,England,England,Persons,75-84 yrs,,,2024/25,31.00694,30.32489,31.68086,29.96149,32.03883,,18437,,Cannot be calculated,Not compared,Not compared,20240000,,,1y
93015,Percentage of physically inactive adults,,,E92000001,England,England,Persons,19-24 yrs,,,2024/25,17.54778,16.68496,18.44127,16.24587,18.97641,,7288,,Cannot be calculated,Not compared,Not compared,20240000,,,1y
93015,Percentage of physically inactive adults,,,E92000001,England,England,Persons,19+ yrs,,,2024/25,21.81841,21.62062,22.0131,21.49761,22.12557,,170712,,Cannot be calculated,Not compared,Not compared,20240000,,,1y
93015,Percentage of physically inactive adults,,,E92000001,England,England,Persons,19+ yrs,Working status,Inactive,2024/25,28.39356,28.02105,28.76475,27.79693,28.96511,,58895,,Cannot be calculated,Worse,Not compared,20240000,,,1y
93015,Percentage of physically inactive adults,,,E92000001,England,England,Persons,19+ yrs,Working status,Unemployed,2024/25,33.23913,32.03432,34.48338,31.31927,35.10905,,5594,,Cannot be calculated,Worse,Not compared,20240000,,,1y
93015,Percentage of physically inactive adults,,,E92000001,England,England,Persons,19+ yrs,Working status,Working,2024/25,17.749,17.50547,17.99112,17.35563,18.12608,,94102,,Cannot be calculated,Better,Not compared,20240000,,,1y
93015,Percentage of physically inactive adults,,,E92000001,England,England,Persons,19+ yrs,Disability,Disabled,2024/25,34.24708,33.76803,34.73975,33.48073,34.99606,,35504,,Cannot be calculated,Worse,Not compared,20240000,,,1y
93015,Percentage of physically inactive adults,,,E92000001,England,England,Persons,19+ yrs,Disability,Not disabled,2024/25,17.36877,17.16152,17.57732,17.03967,17.70315,,125554,,Cannot be calculated,Better,Not compared,20240000,,,1y
93015,Percentage of physically inactive adults,,,E92000001,England,England,Persons,19+ yrs,Ethnic groups,White British,2024/25,19.76671,19.55174,19.97898,19.43592,20.09251,,132960,,Cannot be calculated,Better,Not compared,20240000,,,1y
93015,Percentage of physically inactive adults,,,E92000001,England,England,Persons,19+ yrs,Ethnic groups,White Other,2024/25,20.19933,19.41844,20.98213,18.96036,21.42004,,10042,,Cannot be calculated,Better,Not compared,20240000,,,1y
93015,Percentage of physically inactive adults,,,E92000001,England,England,Persons,19+ yrs,Ethnic groups,Asian,2024/25,31.45798,30.58628,32.32854,30.07006,32.73414,,10848,,Cannot be calculated,Worse,Not compared,20240000,,,1y
93015,Percentage of physically inactive adults,,,E92000001,England,England,Persons,19+ yrs,Ethnic groups,Black,2024/25,28.60565,27.26196,29.9621,26.504,30.69638,,4222,,Cannot be calculated,Worse,Not compared,20240000,,,1y
93015,Percentage of physically inactive adults,,,E92000001,England,England,Persons,19+ yrs,Ethnic groups,Chinese,2024/25,24.87368,22.86533,26.9341,21.77645,28.02304,,1745,,Cannot be calculated,Worse,Not compared,20240000,,,1y
93015,Percentage of physically inactive adults,,,E92000001,England,England,Persons,19+ yrs,Ethnic groups,Mixed,2024/25,19.702,18.23654,21.21105,17.4221,22.06101,,2824,,Cannot be calculated,Better,Not compared,20240000,,,1y
93015,Percentage of physically inactive adults,,,E92000001,England,England,Persons,19+ yrs,Ethnic groups,Other,2024/25,31.58426,29.28475,33.94062,27.86775,35.22274,,1482,,Cannot be calculated,Worse,Not compared,20240000,,,1y
93015,Percentage of physically inactive adults,,,E92000001,England,England,Persons,19+ yrs,LSOA11 deprivation deciles within area (IMD  trend),Most deprived decile,2024/25,35.89579,35.0798,36.71487,34.58155,37.20515,,12845,,Increasing and getting worse,Worse,Not compared,20240000,,,1y
93015,Percentage of physically inactive adults,,,E92000001,England,England,Persons,19+ yrs,LSOA11 deprivation deciles within area (IMD  trend),Second most deprived decile,2024/25,29.94807,29.20455,30.71023,28.79261,31.15059,,14080,,Increasing and getting worse,Worse,Not compared,20240000,,,1y
93015,Percentage of physically inactive adults,,,E92000001,England,England,Persons,19+ yrs,LSOA11 deprivation deciles within area (IMD  trend),Third more deprived decile,2024/25,25.70922,25.04773,26.39048,24.62772,26.76595,,15714,,Increasing and getting worse,Worse,Not compared,20240000,,,1y
93015,Percentage of physically inactive adults,,,E92000001,England,England,Persons,19+ yrs,LSOA11 deprivation deciles within area (IMD  trend),Fourth more deprived decile,2024/25,23.70656,23.08088,24.34887,22.80098,24.69158,,17508,,Increasing and getting worse,Worse,Not compared,20240000,,,1y
93015,Percentage of physically inactive adults,,,E92000001,England,England,Persons,19+ yrs,LSOA11 deprivation deciles within area (IMD  trend),Fifth more deprived decile,2024/25,21.28132,20.69451,21.88766,20.36805,22.21973,,17768,,Increasing and getting worse,Similar,Not compared,20240000,,,1y
93015,Percentage of physically inactive adults,,,E92000001,England,England,Persons,19+ yrs,LSOA11 deprivation deciles within area (IMD  trend),Fifth less deprived decile,2024/25,19.97005,19.38792,20.56162,19.04786,20.90717,,18233,,Increasing and getting worse,Better,Not compared,20240000,,,1y
93015,Percentage of physically inactive adults,,,E92000001,England,England,Persons,19+ yrs,LSOA11 deprivation deciles within area (IMD  trend),Fourth less deprived decile,2024/25,18.91423,18.35616,19.48748,18.03998,19.80916,,18653,,No significant change,Better,Not compared,20240000,,,1y
93015,Percentage of physically inactive adults,,,E92000001,England,England,Persons,19+ yrs,LSOA11 deprivation deciles within area (IMD  trend),Third less deprived decile,2024/25,18.13604,17.59433,18.68368,17.29727,18.9754,,19188,,No significant change,Better,Not compared,20240000,,,1y
93015,Percentage of physically inactive adults,,,E92000001,England,England,Persons,19+ yrs,LSOA11 deprivation deciles within area (IMD  trend),Second least deprived decile,2024/25,16.54873,16.00392,17.07556,15.70472,17.38019,,18383,,No significant change,Better,Not compared,20240000,,,1y
93015,Percentage of physically inactive adults,,,E92000001,England,England,Persons,19+ yrs,LSOA11 deprivation deciles within area (IMD  trend),Least deprived decile,2024/25,15.03986,14.50382,15.55071,14.22028,15.82882,,18340,,No significant change,Better,Not compared,20240000,,,1y
93015,Percentage of physically inactive adults,,,E92000001,England,England,Persons,19+ yrs,Level of education,No qualification,2024/25,46.93897,46.04155,47.8435,45.56603,48.31069,,11987,,Cannot be calculated,Worse,Not compared,20240000,,,1y
93015,Percentage of physically inactive adults,,,E92000001,England,England,Persons,19+ yrs,Level of education,Another type of qualification,2024/25,31.87736,30.77926,32.9664,30.14192,33.5168,,6904,,Cannot be calculated,Worse,Not compared,20240000,,,1y
93015,Percentage of physically inactive adults,,,E92000001,England,England,Persons,19+ yrs,Level of education,Level 1 and below,2024/25,35.96148,34.2181,37.63991,33.48251,38.82315,,3127,,Cannot be calculated,Worse,Not compared,20240000,,,1y
93015,Percentage of physically inactive adults,,,E92000001,England,England,Persons,19+ yrs,Level of education,Level 2 and equivalent,2024/25,27.74185,27.20365,28.27489,26.87004,28.59738,,26978,,Cannot be calculated,Worse,Not compared,20240000,,,1y
93015,Percentage of physically inactive adults,,,E92000001,England,England,Persons,19+ yrs,Level of education,Level 3 and equivalent,2024/25,19.70847,19.21298,20.20174,18.93788,20.48483,,25082,,Cannot be calculated,Better,Not compared,20240000,,,1y
93015,Percentage of physically inactive adults,,,E92000001,England,England,Persons,19+ yrs,Level of education,Level 4 and above,2024/25,15.02473,14.79149,15.25339,14.65749,15.39283,,91796,,Cannot be calculated,Better,Not compared,20240000,,,1y
93015,Percentage of physically inactive adults,,,E92000001,England,England,Persons,19+ yrs,Socioeconomic class,"Managerial, administrative and professional occupations",2024/25,14.32713,14.09223,14.5556,13.96198,14.68239,,86757,People aged 75 and over are excluded from NS-SeC (National Statistics Socio-economic Classification) economic activity questions in the Active Lives Adult Survey,Cannot be calculated,Better,Not compared,20240000,,,1y
93015,Percentage of physically inactive adults,,,E92000001,England,England,Persons,19+ yrs,Socioeconomic class,Intermediate occupations,2024/25,21.5543,20.88032,22.20486,20.49313,22.61243,,14722,People aged 75 and over are excluded from NS-SeC (National Statistics Socio-economic Classification) economic activity questions in the Active Lives Adult Survey,Cannot be calculated,Similar,Not compared,20240000,,,1y
93015,Percentage of physically inactive adults,,,E92000001,England,England,Persons,19+ yrs,Socioeconomic class,Self-employed and small employers,2024/25,20.95507,20.13097,21.77862,19.61341,22.24337,,9468,People aged 75 and over are excluded from NS-SeC (National Statistics Socio-economic Classification) economic activity questions in the Active Lives Adult Survey,Cannot be calculated,Better,Not compared,20240000,,,1y
93015,Percentage of physically inactive adults,,,E92000001,England,England,Persons,19+ yrs,Socioeconomic class,Lower supervisory and technical occupations,2024/25,23.62003,22.8243,24.45668,22.34135,24.92997,,10353,People aged 75 and over are excluded from NS-SeC (National Statistics Socio-economic Classification) economic activity questions in the Active Lives Adult Survey,Cannot be calculated,Worse,Not compared,20240000,,,1y
93015,Percentage of physically inactive adults,,,E92000001,England,England,Persons,19+ yrs,Socioeconomic class,Semi-routine and routine occupations,2024/25,29.64316,28.90973,30.38806,28.54697,30.86032,,14611,People aged 75 and over are excluded from NS-SeC (National Statistics Socio-economic Classification) economic activity questions in the Active Lives Adult Survey,Cannot be calculated,Worse,Not compared,20240000,,,1y
93015,Percentage of physically inactive adults,,,E92000001,England,England,Persons,19+ yrs,Socioeconomic class,Long term unemployed or never worked,2024/25,40.80902,39.32584,42.29022,38.44131,43.0553,,4183,People aged 75 and over are excluded from NS-SeC (National Statistics Socio-economic Classification) economic activity questions in the Active Lives Adult Survey,Cannot be calculated,Worse,Not compared,20240000,,,1y
93015,Percentage of physically inactive adults,,,E92000001,England,England,Persons,19+ yrs,Socioeconomic class,Students,2024/25,13.54965,12.29983,14.78705,11.58426,15.46848,,2935,People aged 75 and over are excluded from NS-SeC (National Statistics Socio-economic Classification) economic activity questions in the Active Lives Adult Survey,Cannot be calculated,Better,Not compared,20240000,,,1y
93015,Percentage of physically inactive adults,,,E92000001,England,England,Persons,19+ yrs,Socioeconomic class,Other/unclassified,2024/25,33.72701,32.4777,34.97178,31.78585,35.6818,,5493,People aged 75 and over are excluded from NS-SeC (National Statistics Socio-economic Classification) economic activity questions in the Active Lives Adult Survey,Cannot be calculated,Worse,Not compared,20240000,,,1y
93015,Percentage of physically inactive adults,E92000001,England,E92000001,England,England,Male,19+ yrs,,,2024/25,20.22018,19.94078,20.50796,19.7855,20.68299,,75990,,Cannot be calculated,Similar,Not compared,20240000,,,1y
93015,Percentage of physically inactive adults,E92000001,England,E92000001,England,England,Female,19+ yrs,,,2024/25,23.13002,22.85657,23.39872,22.68371,23.57053,,93706,,Cannot be calculated,Similar,Not compared,20240000,,,1y
93015,Percentage of physically inactive adults,E92000001,England,E92000001,England,England,Persons,85+ yrs,,,2024/25,51.47252,49.85345,53.05089,49.00069,54.01013,,3753,,Cannot be calculated,Similar,Not compared,20240000,,,1y
93015,Percentage of physically inactive adults,E92000001,England,E92000001,England,England,Persons,25-34 yrs,,,2024/25,20.65934,20.12984,21.19703,19.78301,21.55277,,22489,,Cannot be calculated,Similar,Not compared,20240000,,,1y
93015,Percentage of physically inactive adults,E92000001,England,E92000001,England,England,Persons,35-44 yrs,,,2024/25,21.58362,21.09253,22.06917,20.84471,22.31697,,27441,,Cannot be calculated,Similar,Not compared,20240000,,,1y
93015,Percentage of physically inactive adults,E92000001,England,E92000001,England,England,Persons,45-54 yrs,,,2024/25,19.55636,19.08012,20.02596,18.82046,20.31528,,26960,,Cannot be calculated,Similar,Not compared,20240000,,,1y
93015,Percentage of physically inactive adults,E92000001,England,E92000001,England,England,Persons,55-64 yrs,,,2024/25,20.46956,20.02924,20.90942,19.80692,21.14079,,32837,,Cannot be calculated,Similar,Not compared,20240000,,,1y
93015,Percentage of physically inactive adults,E92000001,England,E92000001,England,England,Persons,65-74 yrs,,,2024/25,20.6263,20.17647,21.07786,19.93524,21.33494,,31507,,Cannot be calculated,Similar,Not compared,20240000,,,1y
93015,Percentage of physically inactive adults,E92000001,England,E92000001,England,England,Persons,75-84 yrs,,,2024/25,31.00694,30.32489,31.68086,29.96149,32.03883,,18437,,Cannot be calculated,Similar,Not compared,20240000,,,1y
93015,Percentage of physically inactive adults,E92000001,England,E92000001,England,England,Persons,19-24 yrs,,,2024/25,17.54778,16.68496,18.44127,16.24587,18.97641,,7288,,Cannot be calculated,Similar,Not compared,20240000,,,1y
93015,Percentage of physically inactive adults,E92000001,England,E92000001,England,England,Persons,19+ yrs,,,2024/25,21.81841,21.62062,22.0131,21.49761,22.12557,,170712,,Cannot be calculated,Similar,Not compared,20240000,,,1y
93015,Percentage of physically inactive adults,E92000001,England,E92000001,England,England,Persons,19+ yrs,Working status,Inactive,2024/25,28.39356,28.02105,28.76475,27.79693,28.96511,,58895,,Cannot be calculated,Worse,Not compared,20240000,,,1y
93015,Percentage of physically inactive adults,E92000001,England,E92000001,England,England,Persons,19+ yrs,Working status,Unemployed,2024/25,33.23913,32.03432,34.48338,31.31927,35.10905,,5594,,Cannot be calculated,Worse,Not compared,20240000,,,1y
93015,Percentage of physically inactive adults,E92000001,England,E92000001,England,England,Persons,19+ yrs,Working status,Working,2024/25,17.749,17.50547,17.99112,17.35563,18.12608,,94102,,Cannot be calculated,Better,Not compared,20240000,,,1y
93015,Percentage of physically inactive adults,E92000001,England,E92000001,England,England,Persons,19+ yrs,Disability,Disabled,2024/25,34.24708,33.76803,34.73975,33.48073,34.99606,,35504,,Cannot be calculated,Worse,Not compared,20240000,,,1y
93015,Percentage of physically inactive adults,E92000001,England,E92000001,England,England,Persons,19+ yrs,Disability,Not disabled,2024/25,17.36877,17.16152,17.57732,17.03967,17.70315,,125554,,Cannot be calculated,Better,Not compared,20240000,,,1y
93015,Percentage of physically inactive adults,E92000001,England,E92000001,England,England,Persons,19+ yrs,Ethnic groups,White British,2024/25,19.76671,19.55174,19.97898,19.43592,20.09251,,132960,,Cannot be calculated,Better,Not compared,20240000,,,1y
93015,Percentage of physically inactive adults,E92000001,England,E92000001,England,England,Persons,19+ yrs,Ethnic groups,White Other,2024/25,20.19933,19.41844,20.98213,18.96036,21.42004,,10042,,Cannot be calculated,Better,Not compared,20240000,,,1y
93015,Percentage of physically inactive adults,E92000001,England,E92000001,England,England,Persons,19+ yrs,Ethnic groups,Asian,2024/25,31.45798,30.58628,32.32854,30.07006,32.73414,,10848,,Cannot be calculated,Worse,Not compared,20240000,,,1y
93015,Percentage of physically inactive adults,E92000001,England,E92000001,England,England,Persons,19+ yrs,Ethnic groups,Black,2024/25,28.60565,27.26196,29.9621,26.504,30.69638,,4222,,Cannot be calculated,Worse,Not compared,20240000,,,1y
93015,Percentage of physically inactive adults,E92000001,England,E92000001,England,England,Persons,19+ yrs,Ethnic groups,Chinese,2024/25,24.87368,22.86533,26.9341,21.77645,28.02304,,1745,,Cannot be calculated,Worse,Not compared,20240000,,,1y
93015,Percentage of physically inactive adults,E92000001,England,E92000001,England,England,Persons,19+ yrs,Ethnic groups,Mixed,2024/25,19.702,18.23654,21.21105,17.4221,22.06101,,2824,,Cannot be calculated,Better,Not compared,20240000,,,1y
93015,Percentage of physically inactive adults,E92000001,England,E92000001,England,England,Persons,19+ yrs,Ethnic groups,Other,2024/25,31.58426,29.28475,33.94062,27.86775,35.22274,,1482,,Cannot be calculated,Worse,Not compared,20240000,,,1y
93015,Percentage of physically inactive adults,E92000001,England,E92000001,England,England,Persons,19+ yrs,LSOA11 deprivation deciles within area (IMD  trend),Most deprived decile,2024/25,35.89579,35.0798,36.71487,34.58155,37.20515,,12845,,Increasing and getting worse,Worse,Not compared,20240000,,,1y
93015,Percentage of physically inactive adults,E92000001,England,E92000001,England,England,Persons,19+ yrs,LSOA11 deprivation deciles within area (IMD  trend),Second most deprived decile,2024/25,29.94807,29.20455,30.71023,28.79261,31.15059,,14080,,Increasing and getting worse,Worse,Not compared,20240000,,,1y
93015,Percentage of physically inactive adults,E92000001,England,E92000001,England,England,Persons,19+ yrs,LSOA11 deprivation deciles within area (IMD  trend),Third more deprived decile,2024/25,25.70922,25.04773,26.39048,24.62772,26.76595,,15714,,Increasing and getting worse,Worse,Not compared,20240000,,,1y
93015,Percentage of physically inactive adults,E92000001,England,E92000001,England,England,Persons,19+ yrs,LSOA11 deprivation deciles within area (IMD  trend),Fourth more deprived decile,2024/25,23.70656,23.08088,24.34887,22.80098,24.69158,,17508,,Increasing and getting worse,Worse,Not compared,20240000,,,1y
93015,Percentage of physically inactive adults,E92000001,England,E92000001,England,England,Persons,19+ yrs,LSOA11 deprivation deciles within area (IMD  trend),Fifth more deprived decile,2024/25,21.28132,20.69451,21.88766,20.36805,22.21973,,17768,,Increasing and getting worse,Similar,Not compared,20240000,,,1y
93015,Percentage of physically inactive adults,E92000001,England,E92000001,England,England,Persons,19+ yrs,LSOA11 deprivation deciles within area (IMD  trend),Fifth less deprived decile,2024/25,19.97005,19.38792,20.56162,19.04786,20.90717,,18233,,Increasing and getting worse,Better,Not compared,20240000,,,1y
93015,Percentage of physically inactive adults,E92000001,England,E92000001,England,England,Persons,19+ yrs,LSOA11 deprivation deciles within area (IMD  trend),Fourth less deprived decile,2024/25,18.91423,18.35616,19.48748,18.03998,19.80916,,18653,,No significant change,Better,Not compared,20240000,,,1y
93015,Percentage of physically inactive adults,E92000001,England,E92000001,England,England,Persons,19+ yrs,LSOA11 deprivation deciles within area (IMD  trend),Third less deprived decile,2024/25,18.13604,17.59433,18.68368,17.29727,18.9754,,19188,,No significant change,Better,Not compared,20240000,,,1y
93015,Percentage of physically inactive adults,E92000001,England,E92000001,England,England,Persons,19+ yrs,LSOA11 deprivation deciles within area (IMD  trend),Second least deprived decile,2024/25,16.54873,16.00392,17.07556,15.70472,17.38019,,18383,,No significant change,Better,Not compared,20240000,,,1y
93015,Percentage of physically inactive adults,E92000001,England,E92000001,England,England,Persons,19+ yrs,LSOA11 deprivation deciles within area (IMD  trend),Least deprived decile,2024/25,15.03986,14.50382,15.55071,14.22028,15.82882,,18340,,No significant change,Better,Not compared,20240000,,,1y
93015,Percentage of physically inactive adults,E92000001,England,E92000001,England,England,Persons,19+ yrs,Level of education,No qualification,2024/25,46.93897,46.04155,47.8435,45.56603,48.31069,,11987,,Cannot be calculated,Worse,Not compared,20240000,,,1y
93015,Percentage of physically inactive adults,E92000001,England,E92000001,England,England,Persons,19+ yrs,Level of education,Another type of qualification,2024/25,31.87736,30.77926,32.9664,30.14192,33.5168,,6904,,Cannot be calculated,Worse,Not compared,20240000,,,1y
93015,Percentage of physically inactive adults,E92000001,England,E92000001,England,England,Persons,19+ yrs,Level of education,Level 1 and below,2024/25,35.96148,34.2181,37.63991,33.48251,38.82315,,3127,,Cannot be calculated,Worse,Not compared,20240000,,,1y
93015,Percentage of physically inactive adults,E92000001,England,E92000001,England,England,Persons,19+ yrs,Level of education,Level 2 and equivalent,2024/25,27.74185,27.20365,28.27489,26.87004,28.59738,,26978,,Cannot be calculated,Worse,Not compared,20240000,,,1y
93015,Percentage of physically inactive adults,E92000001,England,E92000001,England,England,Persons,19+ yrs,Level of education,Level 3 and equivalent,2024/25,19.70847,19.21298,20.20174,18.93788,20.48483,,25082,,Cannot be calculated,Better,Not compared,20240000,,,1y
93015,Percentage of physically inactive adults,E92000001,England,E92000001,England,England,Persons,19+ yrs,Level of education,Level 4 and above,2024/25,15.02473,14.79149,15.25339,14.65749,15.39283,,91796,,Cannot be calculated,Better,Not compared,20240000,,,1y
93015,Percentage of physically inactive adults,E92000001,England,E92000001,England,England,Persons,19+ yrs,Socioeconomic class,"Managerial, administrative and professional occupations",2024/25,14.32713,14.09223,14.5556,13.96198,14.68239,,86757,People aged 75 and over are excluded from NS-SeC (National Statistics Socio-economic Classification) economic activity questions in the Active Lives Adult Survey,Cannot be calculated,Better,Not compared,20240000,,,1y
93015,Percentage of physically inactive adults,E92000001,England,E92000001,England,England,Persons,19+ yrs,Socioeconomic class,Intermediate occupations,2024/25,21.5543,20.88032,22.20486,20.49313,22.61243,,14722,People aged 75 and over are excluded from NS-SeC (National Statistics Socio-economic Classification) economic activity questions in the Active Lives Adult Survey,Cannot be calculated,Similar,Not compared,20240000,,,1y
93015,Percentage of physically inactive adults,E92000001,England,E92000001,England,England,Persons,19+ yrs,Socioeconomic class,Self-employed and small employers,2024/25,20.95507,20.13097,21.77862,19.61341,22.24337,,9468,People aged 75 and over are excluded from NS-SeC (National Statistics Socio-economic Classification) economic activity questions in the Active Lives Adult Survey,Cannot be calculated,Better,Not compared,20240000,,,1y
93015,Percentage of physically inactive adults,E92000001,England,E92000001,England,England,Persons,19+ yrs,Socioeconomic class,Lower supervisory and technical occupations,2024/25,23.62003,22.8243,24.45668,22.34135,24.92997,,10353,People aged 75 and over are excluded from NS-SeC (National Statistics Socio-economic Classification) economic activity questions in the Active Lives Adult Survey,Cannot be calculated,Worse,Not compared,20240000,,,1y
93015,Percentage of physically inactive adults,E92000001,England,E92000001,England,England,Persons,19+ yrs,Socioeconomic class,Semi-routine and routine occupations,2024/25,29.64316,28.90973,30.38806,28.54697,30.86032,,14611,People aged 75 and over are excluded from NS-SeC (National Statistics Socio-economic Classification) economic activity questions in the Active Lives Adult Survey,Cannot be calculated,Worse,Not compared,20240000,,,1y
93015,Percentage of physically inactive adults,E92000001,England,E92000001,England,England,Persons,19+ yrs,Socioeconomic class,Long term unemployed or never worked,2024/25,40.80902,39.32584,42.29022,38.44131,43.0553,,4183,People aged 75 and over are excluded from NS-SeC (National Statistics Socio-economic Classification) economic activity questions in the Active Lives Adult Survey,Cannot be calculated,Worse,Not compared,20240000,,,1y
93015,Percentage of physically inactive adults,E92000001,England,E92000001,England,England,Persons,19+ yrs,Socioeconomic class,Students,2024/25,13.54965,12.29983,14.78705,11.58426,15.46848,,2935,People aged 75 and over are excluded from NS-SeC (National Statistics Socio-economic Classification) economic activity questions in the Active Lives Adult Survey,Cannot be calculated,Better,Not compared,20240000,,,1y
93015,Percentage of physically inactive adults,E92000001,England,E92000001,England,England,Persons,19+ yrs,Socioeconomic class,Other/unclassified,2024/25,33.72701,32.4777,34.97178,31.78585,35.6818,,5493,People aged 75 and over are excluded from NS-SeC (National Statistics Socio-economic Classification) economic activity questions in the Active Lives Adult Survey,Cannot be calculated,Worse,Not compared,20240000,,,1y
