Indicator ID,Indicator Name,Parent Code,Parent Name,Area Code,Area Name,Area Type,Sex,Age,Category Type,Category,Time period,Value,Lower CI 95.0 limit,Upper CI 95.0 limit,Lower CI 99.8 limit,Upper CI 99.8 limit,Count,Denominator,Value note,Recent Trend,Compared to England value or percentiles,Compared to percentiles,Time period Sortable,New data,Compared to goal,Time period range
93881,"Obesity prevalence in adults, (using adjusted self-reported height and weight)",,,E92000001,England,England,Male,18+ yrs,,,2015/16,23.12774,22.83565,23.42407,22.66679,23.59676,,78176,,,Not compared,Not compared,20150000,,,1y
93881,"Obesity prevalence in adults, (using adjusted self-reported height and weight)",,,E92000001,England,England,Female,18+ yrs,,,2015/16,22.10238,21.83459,22.37209,21.68257,22.52408,,92097,,,Not compared,Not compared,20150000,,,1y
93881,"Obesity prevalence in adults, (using adjusted self-reported height and weight)",,,E92000001,England,England,Persons,85+ yrs,,,2015/16,20.52861,19.17933,21.91489,18.35866,22.6748,,3290,,,Not compared,Not compared,20150000,,,1y
93881,"Obesity prevalence in adults, (using adjusted self-reported height and weight)",,,E92000001,England,England,Persons,25-34 yrs,,,2015/16,17.07362,16.55593,17.60214,16.29314,17.89965,,20168,,,Not compared,Not compared,20150000,,,1y
93881,"Obesity prevalence in adults, (using adjusted self-reported height and weight)",,,E92000001,England,England,Persons,35-44 yrs,,,2015/16,21.12111,20.62909,21.61333,20.39062,21.91606,,26419,,,Not compared,Not compared,20150000,,,1y
93881,"Obesity prevalence in adults, (using adjusted self-reported height and weight)",,,E92000001,England,England,Persons,45-54 yrs,,,2015/16,26.55931,26.06321,27.05941,25.73555,27.35728,,30215,,,Not compared,Not compared,20150000,,,1y
93881,"Obesity prevalence in adults, (using adjusted self-reported height and weight)",,,E92000001,England,England,Persons,55-64 yrs,,,2015/16,29.04678,28.56975,29.52782,28.268,29.79142,,34134,,,Not compared,Not compared,20150000,,,1y
93881,"Obesity prevalence in adults, (using adjusted self-reported height and weight)",,,E92000001,England,England,Persons,65-74 yrs,,,2015/16,27.37631,26.89638,27.84649,26.61549,28.12165,,34525,,,Not compared,Not compared,20150000,,,1y
93881,"Obesity prevalence in adults, (using adjusted self-reported height and weight)",,,E92000001,England,England,Persons,75-84 yrs,,,2015/16,26.17842,25.44938,26.89876,24.99467,27.30374,,14075,,,Not compared,Not compared,20150000,,,1y
93881,"Obesity prevalence in adults, (using adjusted self-reported height and weight)",,,E92000001,England,England,Persons,18+ yrs,,,2015/16,22.6262,22.42869,22.82922,22.33883,22.94786,,170273,,,Not compared,Not compared,20150000,,,1y
93881,"Obesity prevalence in adults, (using adjusted self-reported height and weight)",,,E92000001,England,England,Persons,18+ yrs,Working status,Inactive,2015/16,27.95943,27.60671,28.30812,27.39595,28.50785,,63586,,,Worse,Not compared,20150000,,,1y
93881,"Obesity prevalence in adults, (using adjusted self-reported height and weight)",,,E92000001,England,England,Persons,18+ yrs,Working status,Unemployed,2015/16,32.118,30.733,33.56081,30.02679,34.41384,,4103,,,Worse,Not compared,20150000,,,1y
93881,"Obesity prevalence in adults, (using adjusted self-reported height and weight)",,,E92000001,England,England,Persons,18+ yrs,Working status,Working,2015/16,21.46059,21.19546,21.73214,21.04663,21.89837,,92048,,,Better,Not compared,20150000,,,1y
93881,"Obesity prevalence in adults, (using adjusted self-reported height and weight)",,,E92000001,England,England,Persons,18+ yrs,Disability,Disabled,2015/16,37.95681,37.4016,38.52154,37.10462,38.84718,,27948,,,Worse,Not compared,20150000,,,1y
93881,"Obesity prevalence in adults, (using adjusted self-reported height and weight)",,,E92000001,England,England,Persons,18+ yrs,Disability,Not disabled,2015/16,19.21166,18.99941,19.42159,18.87752,19.53828,,134541,,,Better,Not compared,20150000,,,1y
93881,"Obesity prevalence in adults, (using adjusted self-reported height and weight)",,,E92000001,England,England,Persons,18+ yrs,Ethnic groups,White British,2015/16,23.16463,22.94494,23.38004,22.84076,23.49986,,146869,,,Worse,Not compared,20150000,,,1y
93881,"Obesity prevalence in adults, (using adjusted self-reported height and weight)",,,E92000001,England,England,Persons,18+ yrs,Ethnic groups,White Other,2015/16,20.25359,19.39605,21.11498,18.89662,21.60285,,8610,,,Better,Not compared,20150000,,,1y
93881,"Obesity prevalence in adults, (using adjusted self-reported height and weight)",,,E92000001,England,England,Persons,18+ yrs,Ethnic groups,Asian,2015/16,17.38688,16.41741,18.32835,15.85244,18.84355,,6018,,,Better,Not compared,20150000,,,1y
93881,"Obesity prevalence in adults, (using adjusted self-reported height and weight)",,,E92000001,England,England,Persons,18+ yrs,Ethnic groups,Black,2015/16,32.87359,30.78078,34.98498,29.67963,36.28634,,1998,,,Worse,Not compared,20150000,,,1y
93881,"Obesity prevalence in adults, (using adjusted self-reported height and weight)",,,E92000001,England,England,Persons,18+ yrs,Ethnic groups,Chinese,2015/16,8.64102,6.76779,10.50175,5.71762,11.55193,,857,,,Better,Not compared,20150000,,,1y
93881,"Obesity prevalence in adults, (using adjusted self-reported height and weight)",,,E92000001,England,England,Persons,18+ yrs,Ethnic groups,Mixed,2015/16,19.97437,17.98561,22.04055,16.87371,23.21779,,1529,,,Better,Not compared,20150000,,,1y
93881,"Obesity prevalence in adults, (using adjusted self-reported height and weight)",,,E92000001,England,England,Persons,18+ yrs,Ethnic groups,Other,2015/16,25.61555,23.1738,28.12762,21.91436,29.72301,,1191,,,Worse,Not compared,20150000,,,1y
93881,"Obesity prevalence in adults, (using adjusted self-reported height and weight)",,,E92000001,England,England,Persons,18+ yrs,LSOA11 deprivation deciles within area (IMD  trend),Most deprived decile,2015/16,31.14931,30.43014,31.87967,29.97291,32.29838,,15524,,,Worse,Not compared,20150000,,,1y
93881,"Obesity prevalence in adults, (using adjusted self-reported height and weight)",,,E92000001,England,England,Persons,18+ yrs,LSOA11 deprivation deciles within area (IMD  trend),Second most deprived decile,2015/16,26.02454,25.35109,26.7005,25.01081,27.12137,,16157,,,Worse,Not compared,20150000,,,1y
93881,"Obesity prevalence in adults, (using adjusted self-reported height and weight)",,,E92000001,England,England,Persons,18+ yrs,LSOA11 deprivation deciles within area (IMD  trend),Third more deprived decile,2015/16,24.99479,24.34622,25.6508,23.94114,26.03803,,16787,,,Worse,Not compared,20150000,,,1y
93881,"Obesity prevalence in adults, (using adjusted self-reported height and weight)",,,E92000001,England,England,Persons,18+ yrs,LSOA11 deprivation deciles within area (IMD  trend),Fourth more deprived decile,2015/16,23.45096,22.834,24.09016,22.4994,24.45997,,17036,,,Worse,Not compared,20150000,,,1y
93881,"Obesity prevalence in adults, (using adjusted self-reported height and weight)",,,E92000001,England,England,Persons,18+ yrs,LSOA11 deprivation deciles within area (IMD  trend),Fifth more deprived decile,2015/16,23.16744,22.52079,23.78875,22.11946,24.19008,,17193,,,Similar,Not compared,20150000,,,1y
93881,"Obesity prevalence in adults, (using adjusted self-reported height and weight)",,,E92000001,England,England,Persons,18+ yrs,LSOA11 deprivation deciles within area (IMD  trend),Fifth less deprived decile,2015/16,20.87601,20.2585,21.48751,19.91229,21.81063,,17331,,,Better,Not compared,20150000,,,1y
93881,"Obesity prevalence in adults, (using adjusted self-reported height and weight)",,,E92000001,England,England,Persons,18+ yrs,LSOA11 deprivation deciles within area (IMD  trend),Fourth less deprived decile,2015/16,19.97398,19.38291,20.55656,19.03371,20.92851,,17469,,,Better,Not compared,20150000,,,1y
93881,"Obesity prevalence in adults, (using adjusted self-reported height and weight)",,,E92000001,England,England,Persons,18+ yrs,LSOA11 deprivation deciles within area (IMD  trend),Third less deprived decile,2015/16,20.14283,19.54879,20.73408,19.25675,21.08338,,17464,,,Better,Not compared,20150000,,,1y
93881,"Obesity prevalence in adults, (using adjusted self-reported height and weight)",,,E92000001,England,England,Persons,18+ yrs,LSOA11 deprivation deciles within area (IMD  trend),Second least deprived decile,2015/16,18.66224,18.09162,19.23121,17.76845,19.56572,,17638,,,Better,Not compared,20150000,,,1y
93881,"Obesity prevalence in adults, (using adjusted self-reported height and weight)",,,E92000001,England,England,Persons,18+ yrs,LSOA11 deprivation deciles within area (IMD  trend),Least deprived decile,2015/16,17.09367,16.54029,17.64939,16.21773,17.96627,,17672,,,Better,Not compared,20150000,,,1y
93881,"Obesity prevalence in adults, (using adjusted self-reported height and weight)",,,E92000001,England,England,Persons,18+ yrs,Level of education,No qualification,2015/16,33.17004,32.45021,33.90209,32.03449,34.29304,,16117,,,Worse,Not compared,20150000,,,1y
93881,"Obesity prevalence in adults, (using adjusted self-reported height and weight)",,,E92000001,England,England,Persons,18+ yrs,Level of education,Another type of qualification,2015/16,25.12173,24.2496,26.01399,23.7547,26.53039,,9295,,,Worse,Not compared,20150000,,,1y
93881,"Obesity prevalence in adults, (using adjusted self-reported height and weight)",,,E92000001,England,England,Persons,18+ yrs,Level of education,Level 1 and below,2015/16,27.85423,26.48279,29.2165,25.79932,29.89993,,4097,,,Worse,Not compared,20150000,,,1y
93881,"Obesity prevalence in adults, (using adjusted self-reported height and weight)",,,E92000001,England,England,Persons,18+ yrs,Level of education,Level 2 and equivalent,2015/16,26.12564,25.60486,26.64662,25.28637,26.95089,,27936,,,Worse,Not compared,20150000,,,1y
93881,"Obesity prevalence in adults, (using adjusted self-reported height and weight)",,,E92000001,England,England,Persons,18+ yrs,Level of education,Level 3 and equivalent,2015/16,23.06867,22.53683,23.61833,22.24303,23.94619,,23486,,,Similar,Not compared,20150000,,,1y
93881,"Obesity prevalence in adults, (using adjusted self-reported height and weight)",,,E92000001,England,England,Persons,18+ yrs,Level of education,Level 4 and above,2015/16,18.38758,18.13153,18.64096,17.98023,18.78399,,84604,,,Better,Not compared,20150000,,,1y
93881,"Obesity prevalence in adults, (using adjusted self-reported height and weight)",,,E92000001,England,England,Persons,18+ yrs,Socioeconomic class,"Managerial, administrative and professional occupations",2015/16,17.88882,17.63849,18.14211,17.49742,18.29013,,85784,People aged 75 and over are excluded from NS-SeC (National Statistics Socio-economic Classification) economic activity questions in the Active Lives Adult Survey,,Better,Not compared,20150000,,,1y
93881,"Obesity prevalence in adults, (using adjusted self-reported height and weight)",,,E92000001,England,England,Persons,18+ yrs,Socioeconomic class,Intermediate occupations,2015/16,19.22939,18.64791,19.8105,18.34564,20.13603,,17203,People aged 75 and over are excluded from NS-SeC (National Statistics Socio-economic Classification) economic activity questions in the Active Lives Adult Survey,,Better,Not compared,20150000,,,1y
93881,"Obesity prevalence in adults, (using adjusted self-reported height and weight)",,,E92000001,England,England,Persons,18+ yrs,Socioeconomic class,Self-employed and small employers,2015/16,20.66071,19.87901,21.42392,19.52535,21.81481,,10745,People aged 75 and over are excluded from NS-SeC (National Statistics Socio-economic Classification) economic activity questions in the Active Lives Adult Survey,,Better,Not compared,20150000,,,1y
93881,"Obesity prevalence in adults, (using adjusted self-reported height and weight)",,,E92000001,England,England,Persons,18+ yrs,Socioeconomic class,Lower supervisory and technical occupations,2015/16,23.9859,23.22129,24.7654,22.7606,25.23461,,11722,People aged 75 and over are excluded from NS-SeC (National Statistics Socio-economic Classification) economic activity questions in the Active Lives Adult Survey,,Worse,Not compared,20150000,,,1y
93881,"Obesity prevalence in adults, (using adjusted self-reported height and weight)",,,E92000001,England,England,Persons,18+ yrs,Socioeconomic class,Semi-routine and routine occupations,2015/16,24.056,23.38395,24.73589,23.03158,25.0945,,15609,People aged 75 and over are excluded from NS-SeC (National Statistics Socio-economic Classification) economic activity questions in the Active Lives Adult Survey,,Worse,Not compared,20150000,,,1y
93881,"Obesity prevalence in adults, (using adjusted self-reported height and weight)",,,E92000001,England,England,Persons,18+ yrs,Socioeconomic class,Long term unemployed or never worked,2015/16,27.87987,26.25887,29.55997,25.33712,30.44713,,2818,People aged 75 and over are excluded from NS-SeC (National Statistics Socio-economic Classification) economic activity questions in the Active Lives Adult Survey,,Worse,Not compared,20150000,,,1y
93881,"Obesity prevalence in adults, (using adjusted self-reported height and weight)",,,E92000001,England,England,Persons,18+ yrs,Socioeconomic class,Students,2015/16,18.01875,16.76136,19.28977,16.02273,20.00003,,3520,People aged 75 and over are excluded from NS-SeC (National Statistics Socio-economic Classification) economic activity questions in the Active Lives Adult Survey,,Better,Not compared,20150000,,,1y
93881,"Obesity prevalence in adults, (using adjusted self-reported height and weight)",,,E92000001,England,England,Persons,18+ yrs,Socioeconomic class,Other/unclassified,2015/16,20.38105,19.33902,21.42727,18.72161,22.08101,,5507,People aged 75 and over are excluded from NS-SeC (National Statistics Socio-economic Classification) economic activity questions in the Active Lives Adult Survey,,Better,Not compared,20150000,,,1y
93881,"Obesity prevalence in adults, (using adjusted self-reported height and weight)",,,E92000001,England,England,Persons,18-24 yrs,,,2015/16,9.70201,9.0372,10.38002,8.63435,10.82315,,7447,,,Not compared,Not compared,20150000,,,1y
93881,"Obesity prevalence in adults, (using adjusted self-reported height and weight)",E92000001,England,E92000001,England,England,Male,18+ yrs,,,2015/16,23.12774,22.83565,23.42407,22.66679,23.59676,,78176,,,Similar,Not compared,20150000,,,1y
93881,"Obesity prevalence in adults, (using adjusted self-reported height and weight)",E92000001,England,E92000001,England,England,Female,18+ yrs,,,2015/16,22.10238,21.83459,22.37209,21.68257,22.52408,,92097,,,Similar,Not compared,20150000,,,1y
93881,"Obesity prevalence in adults, (using adjusted self-reported height and weight)",E92000001,England,E92000001,England,England,Persons,85+ yrs,,,2015/16,20.52861,19.17933,21.91489,18.35866,22.6748,,3290,,,Similar,Not compared,20150000,,,1y
93881,"Obesity prevalence in adults, (using adjusted self-reported height and weight)",E92000001,England,E92000001,England,England,Persons,25-34 yrs,,,2015/16,17.07362,16.55593,17.60214,16.29314,17.89965,,20168,,,Similar,Not compared,20150000,,,1y
93881,"Obesity prevalence in adults, (using adjusted self-reported height and weight)",E92000001,England,E92000001,England,England,Persons,35-44 yrs,,,2015/16,21.12111,20.62909,21.61333,20.39062,21.91606,,26419,,,Similar,Not compared,20150000,,,1y
93881,"Obesity prevalence in adults, (using adjusted self-reported height and weight)",E92000001,England,E92000001,England,England,Persons,45-54 yrs,,,2015/16,26.55931,26.06321,27.05941,25.73555,27.35728,,30215,,,Similar,Not compared,20150000,,,1y
93881,"Obesity prevalence in adults, (using adjusted self-reported height and weight)",E92000001,England,E92000001,England,England,Persons,55-64 yrs,,,2015/16,29.04678,28.56975,29.52782,28.268,29.79142,,34134,,,Similar,Not compared,20150000,,,1y
93881,"Obesity prevalence in adults, (using adjusted self-reported height and weight)",E92000001,England,E92000001,England,England,Persons,65-74 yrs,,,2015/16,27.37631,26.89638,27.84649,26.61549,28.12165,,34525,,,Similar,Not compared,20150000,,,1y
93881,"Obesity prevalence in adults, (using adjusted self-reported height and weight)",E92000001,England,E92000001,England,England,Persons,75-84 yrs,,,2015/16,26.17842,25.44938,26.89876,24.99467,27.30374,,14075,,,Similar,Not compared,20150000,,,1y
93881,"Obesity prevalence in adults, (using adjusted self-reported height and weight)",E92000001,England,E92000001,England,England,Persons,18+ yrs,,,2015/16,22.6262,22.42869,22.82922,22.33883,22.94786,,170273,,,Similar,Not compared,20150000,,,1y
93881,"Obesity prevalence in adults, (using adjusted self-reported height and weight)",E92000001,England,E92000001,England,England,Persons,18+ yrs,Working status,Inactive,2015/16,27.95943,27.60671,28.30812,27.39595,28.50785,,63586,,,Worse,Not compared,20150000,,,1y
93881,"Obesity prevalence in adults, (using adjusted self-reported height and weight)",E92000001,England,E92000001,England,England,Persons,18+ yrs,Working status,Unemployed,2015/16,32.118,30.733,33.56081,30.02679,34.41384,,4103,,,Worse,Not compared,20150000,,,1y
93881,"Obesity prevalence in adults, (using adjusted self-reported height and weight)",E92000001,England,E92000001,England,England,Persons,18+ yrs,Working status,Working,2015/16,21.46059,21.19546,21.73214,21.04663,21.89837,,92048,,,Better,Not compared,20150000,,,1y
93881,"Obesity prevalence in adults, (using adjusted self-reported height and weight)",E92000001,England,E92000001,England,England,Persons,18+ yrs,Disability,Disabled,2015/16,37.95681,37.4016,38.52154,37.10462,38.84718,,27948,,,Worse,Not compared,20150000,,,1y
93881,"Obesity prevalence in adults, (using adjusted self-reported height and weight)",E92000001,England,E92000001,England,England,Persons,18+ yrs,Disability,Not disabled,2015/16,19.21166,18.99941,19.42159,18.87752,19.53828,,134541,,,Better,Not compared,20150000,,,1y
93881,"Obesity prevalence in adults, (using adjusted self-reported height and weight)",E92000001,England,E92000001,England,England,Persons,18+ yrs,Ethnic groups,White British,2015/16,23.16463,22.94494,23.38004,22.84076,23.49986,,146869,,,Worse,Not compared,20150000,,,1y
93881,"Obesity prevalence in adults, (using adjusted self-reported height and weight)",E92000001,England,E92000001,England,England,Persons,18+ yrs,Ethnic groups,White Other,2015/16,20.25359,19.39605,21.11498,18.89662,21.60285,,8610,,,Better,Not compared,20150000,,,1y
93881,"Obesity prevalence in adults, (using adjusted self-reported height and weight)",E92000001,England,E92000001,England,England,Persons,18+ yrs,Ethnic groups,Asian,2015/16,17.38688,16.41741,18.32835,15.85244,18.84355,,6018,,,Better,Not compared,20150000,,,1y
93881,"Obesity prevalence in adults, (using adjusted self-reported height and weight)",E92000001,England,E92000001,England,England,Persons,18+ yrs,Ethnic groups,Black,2015/16,32.87359,30.78078,34.98498,29.67963,36.28634,,1998,,,Worse,Not compared,20150000,,,1y
93881,"Obesity prevalence in adults, (using adjusted self-reported height and weight)",E92000001,England,E92000001,England,England,Persons,18+ yrs,Ethnic groups,Chinese,2015/16,8.64102,6.76779,10.50175,5.71762,11.55193,,857,,,Better,Not compared,20150000,,,1y
93881,"Obesity prevalence in adults, (using adjusted self-reported height and weight)",E92000001,England,E92000001,England,England,Persons,18+ yrs,Ethnic groups,Mixed,2015/16,19.97437,17.98561,22.04055,16.87371,23.21779,,1529,,,Better,Not compared,20150000,,,1y
93881,"Obesity prevalence in adults, (using adjusted self-reported height and weight)",E92000001,England,E92000001,England,England,Persons,18+ yrs,Ethnic groups,Other,2015/16,25.61555,23.1738,28.12762,21.91436,29.72301,,1191,,,Worse,Not compared,20150000,,,1y
93881,"Obesity prevalence in adults, (using adjusted self-reported height and weight)",E92000001,England,E92000001,England,England,Persons,18+ yrs,LSOA11 deprivation deciles within area (IMD  trend),Most deprived decile,2015/16,31.14931,30.43014,31.87967,29.97291,32.29838,,15524,,,Worse,Not compared,20150000,,,1y
93881,"Obesity prevalence in adults, (using adjusted self-reported height and weight)",E92000001,England,E92000001,England,England,Persons,18+ yrs,LSOA11 deprivation deciles within area (IMD  trend),Second most deprived decile,2015/16,26.02454,25.35109,26.7005,25.01081,27.12137,,16157,,,Worse,Not compared,20150000,,,1y
93881,"Obesity prevalence in adults, (using adjusted self-reported height and weight)",E92000001,England,E92000001,England,England,Persons,18+ yrs,LSOA11 deprivation deciles within area (IMD  trend),Third more deprived decile,2015/16,24.99479,24.34622,25.6508,23.94114,26.03803,,16787,,,Worse,Not compared,20150000,,,1y
93881,"Obesity prevalence in adults, (using adjusted self-reported height and weight)",E92000001,England,E92000001,England,England,Persons,18+ yrs,LSOA11 deprivation deciles within area (IMD  trend),Fourth more deprived decile,2015/16,23.45096,22.834,24.09016,22.4994,24.45997,,17036,,,Worse,Not compared,20150000,,,1y
93881,"Obesity prevalence in adults, (using adjusted self-reported height and weight)",E92000001,England,E92000001,England,England,Persons,18+ yrs,LSOA11 deprivation deciles within area (IMD  trend),Fifth more deprived decile,2015/16,23.16744,22.52079,23.78875,22.11946,24.19008,,17193,,,Similar,Not compared,20150000,,,1y
93881,"Obesity prevalence in adults, (using adjusted self-reported height and weight)",E92000001,England,E92000001,England,England,Persons,18+ yrs,LSOA11 deprivation deciles within area (IMD  trend),Fifth less deprived decile,2015/16,20.87601,20.2585,21.48751,19.91229,21.81063,,17331,,,Better,Not compared,20150000,,,1y
93881,"Obesity prevalence in adults, (using adjusted self-reported height and weight)",E92000001,England,E92000001,England,England,Persons,18+ yrs,LSOA11 deprivation deciles within area (IMD  trend),Fourth less deprived decile,2015/16,19.97398,19.38291,20.55656,19.03371,20.92851,,17469,,,Better,Not compared,20150000,,,1y
93881,"Obesity prevalence in adults, (using adjusted self-reported height and weight)",E92000001,England,E92000001,England,England,Persons,18+ yrs,LSOA11 deprivation deciles within area (IMD  trend),Third less deprived decile,2015/16,20.14283,19.54879,20.73408,19.25675,21.08338,,17464,,,Better,Not compared,20150000,,,1y
93881,"Obesity prevalence in adults, (using adjusted self-reported height and weight)",E92000001,England,E92000001,England,England,Persons,18+ yrs,LSOA11 deprivation deciles within area (IMD  trend),Second least deprived decile,2015/16,18.66224,18.09162,19.23121,17.76845,19.56572,,17638,,,Better,Not compared,20150000,,,1y
93881,"Obesity prevalence in adults, (using adjusted self-reported height and weight)",E92000001,England,E92000001,England,England,Persons,18+ yrs,LSOA11 deprivation deciles within area (IMD  trend),Least deprived decile,2015/16,17.09367,16.54029,17.64939,16.21773,17.96627,,17672,,,Better,Not compared,20150000,,,1y
93881,"Obesity prevalence in adults, (using adjusted self-reported height and weight)",E92000001,England,E92000001,England,England,Persons,18+ yrs,Level of education,No qualification,2015/16,33.17004,32.45021,33.90209,32.03449,34.29304,,16117,,,Worse,Not compared,20150000,,,1y
93881,"Obesity prevalence in adults, (using adjusted self-reported height and weight)",E92000001,England,E92000001,England,England,Persons,18+ yrs,Level of education,Another type of qualification,2015/16,25.12173,24.2496,26.01399,23.7547,26.53039,,9295,,,Worse,Not compared,20150000,,,1y
93881,"Obesity prevalence in adults, (using adjusted self-reported height and weight)",E92000001,England,E92000001,England,England,Persons,18+ yrs,Level of education,Level 1 and below,2015/16,27.85423,26.48279,29.2165,25.79932,29.89993,,4097,,,Worse,Not compared,20150000,,,1y
93881,"Obesity prevalence in adults, (using adjusted self-reported height and weight)",E92000001,England,E92000001,England,England,Persons,18+ yrs,Level of education,Level 2 and equivalent,2015/16,26.12564,25.60486,26.64662,25.28637,26.95089,,27936,,,Worse,Not compared,20150000,,,1y
93881,"Obesity prevalence in adults, (using adjusted self-reported height and weight)",E92000001,England,E92000001,England,England,Persons,18+ yrs,Level of education,Level 3 and equivalent,2015/16,23.06867,22.53683,23.61833,22.24303,23.94619,,23486,,,Similar,Not compared,20150000,,,1y
93881,"Obesity prevalence in adults, (using adjusted self-reported height and weight)",E92000001,England,E92000001,England,England,Persons,18+ yrs,Level of education,Level 4 and above,2015/16,18.38758,18.13153,18.64096,17.98023,18.78399,,84604,,,Better,Not compared,20150000,,,1y
93881,"Obesity prevalence in adults, (using adjusted self-reported height and weight)",E92000001,England,E92000001,England,England,Persons,18+ yrs,Socioeconomic class,"Managerial, administrative and professional occupations",2015/16,17.88882,17.63849,18.14211,17.49742,18.29013,,85784,People aged 75 and over are excluded from NS-SeC (National Statistics Socio-economic Classification) economic activity questions in the Active Lives Adult Survey,,Better,Not compared,20150000,,,1y
93881,"Obesity prevalence in adults, (using adjusted self-reported height and weight)",E92000001,England,E92000001,England,England,Persons,18+ yrs,Socioeconomic class,Intermediate occupations,2015/16,19.22939,18.64791,19.8105,18.34564,20.13603,,17203,People aged 75 and over are excluded from NS-SeC (National Statistics Socio-economic Classification) economic activity questions in the Active Lives Adult Survey,,Better,Not compared,20150000,,,1y
93881,"Obesity prevalence in adults, (using adjusted self-reported height and weight)",E92000001,England,E92000001,England,England,Persons,18+ yrs,Socioeconomic class,Self-employed and small employers,2015/16,20.66071,19.87901,21.42392,19.52535,21.81481,,10745,People aged 75 and over are excluded from NS-SeC (National Statistics Socio-economic Classification) economic activity questions in the Active Lives Adult Survey,,Better,Not compared,20150000,,,1y
93881,"Obesity prevalence in adults, (using adjusted self-reported height and weight)",E92000001,England,E92000001,England,England,Persons,18+ yrs,Socioeconomic class,Lower supervisory and technical occupations,2015/16,23.9859,23.22129,24.7654,22.7606,25.23461,,11722,People aged 75 and over are excluded from NS-SeC (National Statistics Socio-economic Classification) economic activity questions in the Active Lives Adult Survey,,Worse,Not compared,20150000,,,1y
93881,"Obesity prevalence in adults, (using adjusted self-reported height and weight)",E92000001,England,E92000001,England,England,Persons,18+ yrs,Socioeconomic class,Semi-routine and routine occupations,2015/16,24.056,23.38395,24.73589,23.03158,25.0945,,15609,People aged 75 and over are excluded from NS-SeC (National Statistics Socio-economic Classification) economic activity questions in the Active Lives Adult Survey,,Worse,Not compared,20150000,,,1y
93881,"Obesity prevalence in adults, (using adjusted self-reported height and weight)",E92000001,England,E92000001,England,England,Persons,18+ yrs,Socioeconomic class,Long term unemployed or never worked,2015/16,27.87987,26.25887,29.55997,25.33712,30.44713,,2818,People aged 75 and over are excluded from NS-SeC (National Statistics Socio-economic Classification) economic activity questions in the Active Lives Adult Survey,,Worse,Not compared,20150000,,,1y
93881,"Obesity prevalence in adults, (using adjusted self-reported height and weight)",E92000001,England,E92000001,England,England,Persons,18+ yrs,Socioeconomic class,Students,2015/16,18.01875,16.76136,19.28977,16.02273,20.00003,,3520,People aged 75 and over are excluded from NS-SeC (National Statistics Socio-economic Classification) economic activity questions in the Active Lives Adult Survey,,Better,Not compared,20150000,,,1y
93881,"Obesity prevalence in adults, (using adjusted self-reported height and weight)",E92000001,England,E92000001,England,England,Persons,18+ yrs,Socioeconomic class,Other/unclassified,2015/16,20.38105,19.33902,21.42727,18.72161,22.08101,,5507,People aged 75 and over are excluded from NS-SeC (National Statistics Socio-economic Classification) economic activity questions in the Active Lives Adult Survey,,Better,Not compared,20150000,,,1y
93881,"Obesity prevalence in adults, (using adjusted self-reported height and weight)",E92000001,England,E92000001,England,England,Persons,18-24 yrs,,,2015/16,9.70201,9.0372,10.38002,8.63435,10.82315,,7447,,,Similar,Not compared,20150000,,,1y
93881,"Obesity prevalence in adults, (using adjusted self-reported height and weight)",,,E92000001,England,England,Male,18+ yrs,,,2016/17,23.64692,23.34733,23.94903,23.19137,24.12993,,76287,,,Not compared,Not compared,20160000,,,1y
93881,"Obesity prevalence in adults, (using adjusted self-reported height and weight)",,,E92000001,England,England,Female,18+ yrs,,,2016/17,22.59236,22.31946,22.86992,22.18379,23.02338,,89926,,,Not compared,Not compared,20160000,,,1y
93881,"Obesity prevalence in adults, (using adjusted self-reported height and weight)",,,E92000001,England,England,Persons,85+ yrs,,,2016/17,21.2413,19.82069,22.70253,19.11623,23.50307,,3123,,,Not compared,Not compared,20160000,,,1y
93881,"Obesity prevalence in adults, (using adjusted self-reported height and weight)",,,E92000001,England,England,Persons,25-34 yrs,,,2016/17,17.64796,17.12374,18.15529,16.81679,18.47734,,19873,,,Not compared,Not compared,20160000,,,1y
93881,"Obesity prevalence in adults, (using adjusted self-reported height and weight)",,,E92000001,England,England,Persons,35-44 yrs,,,2016/17,21.53189,21.03537,22.02291,20.76148,22.30837,,25923,,,Not compared,Not compared,20160000,,,1y
93881,"Obesity prevalence in adults, (using adjusted self-reported height and weight)",,,E92000001,England,England,Persons,45-54 yrs,,,2016/17,26.38911,25.87848,26.88198,25.5942,27.18337,,29198,,,Not compared,Not compared,20160000,,,1y
93881,"Obesity prevalence in adults, (using adjusted self-reported height and weight)",,,E92000001,England,England,Persons,55-64 yrs,,,2016/17,29.98894,29.49177,30.49078,29.18785,30.80975,,33233,,,Not compared,Not compared,20160000,,,1y
93881,"Obesity prevalence in adults, (using adjusted self-reported height and weight)",,,E92000001,England,England,Persons,65-74 yrs,,,2016/17,27.12852,26.65852,27.59463,26.3899,27.85144,,33869,,,Not compared,Not compared,20160000,,,1y
93881,"Obesity prevalence in adults, (using adjusted self-reported height and weight)",,,E92000001,England,England,Persons,75-84 yrs,,,2016/17,26.88764,26.16119,27.6154,25.79219,28.04949,,13822,,,Not compared,Not compared,20160000,,,1y
93881,"Obesity prevalence in adults, (using adjusted self-reported height and weight)",,,E92000001,England,England,Persons,18+ yrs,,,2016/17,23.12811,22.9254,23.33213,22.80868,23.44522,,166213,,,Not compared,Not compared,20160000,,,1y
93881,"Obesity prevalence in adults, (using adjusted self-reported height and weight)",,,E92000001,England,England,Persons,18+ yrs,Working status,Inactive,2016/17,28.6578,28.2981,29.01139,28.07472,29.20997,,60428,,,Worse,Not compared,20160000,,,1y
93881,"Obesity prevalence in adults, (using adjusted self-reported height and weight)",,,E92000001,England,England,Persons,18+ yrs,Working status,Unemployed,2016/17,30.66742,29.2292,32.10379,28.33885,32.84154,,3931,,,Worse,Not compared,20160000,,,1y
93881,"Obesity prevalence in adults, (using adjusted self-reported height and weight)",,,E92000001,England,England,Persons,18+ yrs,Working status,Working,2016/17,21.9183,21.65417,22.18494,21.50502,22.35492,,91188,,,Better,Not compared,20160000,,,1y
93881,"Obesity prevalence in adults, (using adjusted self-reported height and weight)",,,E92000001,England,England,Persons,18+ yrs,Disability,Disabled,2016/17,38.33034,37.74915,38.90048,37.42534,39.24948,,27794,,,Worse,Not compared,20160000,,,1y
93881,"Obesity prevalence in adults, (using adjusted self-reported height and weight)",,,E92000001,England,England,Persons,18+ yrs,Disability,Not disabled,2016/17,19.68159,19.47005,19.89611,19.32804,20.0237,,131674,,,Better,Not compared,20160000,,,1y
93881,"Obesity prevalence in adults, (using adjusted self-reported height and weight)",,,E92000001,England,England,Persons,18+ yrs,Ethnic groups,White British,2016/17,23.94393,23.71617,24.16327,23.61551,24.28646,,142038,,,Worse,Not compared,20160000,,,1y
93881,"Obesity prevalence in adults, (using adjusted self-reported height and weight)",,,E92000001,England,England,Persons,18+ yrs,Ethnic groups,White Other,2016/17,19.12197,18.29915,19.93547,17.86125,20.45403,,8678,,,Better,Not compared,20160000,,,1y
93881,"Obesity prevalence in adults, (using adjusted self-reported height and weight)",,,E92000001,England,England,Persons,18+ yrs,Ethnic groups,Asian,2016/17,19.08547,18.10485,20.09118,17.6001,20.61219,,6142,,,Better,Not compared,20160000,,,1y
93881,"Obesity prevalence in adults, (using adjusted self-reported height and weight)",,,E92000001,England,England,Persons,18+ yrs,Ethnic groups,Black,2016/17,34.23693,32.15903,36.33619,30.90081,37.54404,,1987,,,Worse,Not compared,20160000,,,1y
93881,"Obesity prevalence in adults, (using adjusted self-reported height and weight)",,,E92000001,England,England,Persons,18+ yrs,Ethnic groups,Chinese,2016/17,4.98505,3.55097,6.41466,2.86369,7.33127,,873,,,Better,Not compared,20160000,,,1y
93881,"Obesity prevalence in adults, (using adjusted self-reported height and weight)",,,E92000001,England,England,Persons,18+ yrs,Ethnic groups,Mixed,2016/17,22.3848,20.35891,24.44307,19.30687,25.49505,,1616,,,Similar,Not compared,20160000,,,1y
93881,"Obesity prevalence in adults, (using adjusted self-reported height and weight)",,,E92000001,England,England,Persons,18+ yrs,Ethnic groups,Other,2016/17,19.99758,17.61993,22.41697,16.32841,23.89299,,1084,,,Better,Not compared,20160000,,,1y
93881,"Obesity prevalence in adults, (using adjusted self-reported height and weight)",,,E92000001,England,England,Persons,18+ yrs,LSOA11 deprivation deciles within area (IMD  trend),Most deprived decile,2016/17,31.37378,30.62372,32.13853,30.18055,32.56831,,15119,,,Worse,Not compared,20160000,,,1y
93881,"Obesity prevalence in adults, (using adjusted self-reported height and weight)",,,E92000001,England,England,Persons,18+ yrs,LSOA11 deprivation deciles within area (IMD  trend),Second most deprived decile,2016/17,27.72727,27.02463,28.42092,26.63747,28.83347,,15756,,,Worse,Not compared,20160000,,,1y
93881,"Obesity prevalence in adults, (using adjusted self-reported height and weight)",,,E92000001,England,England,Persons,18+ yrs,LSOA11 deprivation deciles within area (IMD  trend),Third more deprived decile,2016/17,25.13781,24.46639,25.79122,24.05544,26.12242,,16304,,,Worse,Not compared,20160000,,,1y
93881,"Obesity prevalence in adults, (using adjusted self-reported height and weight)",,,E92000001,England,England,Persons,18+ yrs,LSOA11 deprivation deciles within area (IMD  trend),Fourth more deprived decile,2016/17,23.48326,22.8556,24.12636,22.5499,24.48001,,16683,,,Similar,Not compared,20160000,,,1y
93881,"Obesity prevalence in adults, (using adjusted self-reported height and weight)",,,E92000001,England,England,Persons,18+ yrs,LSOA11 deprivation deciles within area (IMD  trend),Fifth more deprived decile,2016/17,23.13187,22.49717,23.78511,22.11555,24.14287,,16771,,,Similar,Not compared,20160000,,,1y
93881,"Obesity prevalence in adults, (using adjusted self-reported height and weight)",,,E92000001,England,England,Persons,18+ yrs,LSOA11 deprivation deciles within area (IMD  trend),Fifth less deprived decile,2016/17,21.09686,20.49737,21.6965,20.13113,22.05683,,16929,,,Better,Not compared,20160000,,,1y
93881,"Obesity prevalence in adults, (using adjusted self-reported height and weight)",,,E92000001,England,England,Persons,18+ yrs,LSOA11 deprivation deciles within area (IMD  trend),Fourth less deprived decile,2016/17,20.2792,19.68066,20.87964,19.35896,21.24225,,17098,,,Better,Not compared,20160000,,,1y
93881,"Obesity prevalence in adults, (using adjusted self-reported height and weight)",,,E92000001,England,England,Persons,18+ yrs,LSOA11 deprivation deciles within area (IMD  trend),Third less deprived decile,2016/17,20.19143,19.58907,20.7915,19.26804,21.08335,,17132,,,Better,Not compared,20160000,,,1y
93881,"Obesity prevalence in adults, (using adjusted self-reported height and weight)",,,E92000001,England,England,Persons,18+ yrs,LSOA11 deprivation deciles within area (IMD  trend),Second least deprived decile,2016/17,19.73952,19.13742,20.34806,18.77074,20.74386,,17181,,,Better,Not compared,20160000,,,1y
93881,"Obesity prevalence in adults, (using adjusted self-reported height and weight)",,,E92000001,England,England,Persons,18+ yrs,LSOA11 deprivation deciles within area (IMD  trend),Least deprived decile,2016/17,17.7155,17.14236,18.29099,16.82329,18.60426,,17238,,,Better,Not compared,20160000,,,1y
93881,"Obesity prevalence in adults, (using adjusted self-reported height and weight)",,,E92000001,England,England,Persons,18+ yrs,Level of education,No qualification,2016/17,33.37162,32.6063,34.13376,32.2141,34.57412,,14534,,,Worse,Not compared,20160000,,,1y
93881,"Obesity prevalence in adults, (using adjusted self-reported height and weight)",,,E92000001,England,England,Persons,18+ yrs,Level of education,Another type of qualification,2016/17,24.12977,23.2602,25.02244,22.7726,25.49868,,9024,,,Worse,Not compared,20160000,,,1y
93881,"Obesity prevalence in adults, (using adjusted self-reported height and weight)",,,E92000001,England,England,Persons,18+ yrs,Level of education,Level 1 and below,2016/17,29.07346,27.65732,30.51296,26.89053,31.38551,,3782,,,Worse,Not compared,20160000,,,1y
93881,"Obesity prevalence in adults, (using adjusted self-reported height and weight)",,,E92000001,England,England,Persons,18+ yrs,Level of education,Level 2 and equivalent,2016/17,26.50144,25.96664,27.02864,25.69366,27.34278,,26742,,,Worse,Not compared,20160000,,,1y
93881,"Obesity prevalence in adults, (using adjusted self-reported height and weight)",,,E92000001,England,England,Persons,18+ yrs,Level of education,Level 3 and equivalent,2016/17,25.8562,25.2938,26.4058,24.9863,26.75119,,23741,,,Worse,Not compared,20160000,,,1y
93881,"Obesity prevalence in adults, (using adjusted self-reported height and weight)",,,E92000001,England,England,Persons,18+ yrs,Level of education,Level 4 and above,2016/17,18.91578,18.65389,19.17637,18.5292,19.32718,,84213,,,Better,Not compared,20160000,,,1y
93881,"Obesity prevalence in adults, (using adjusted self-reported height and weight)",,,E92000001,England,England,Persons,18+ yrs,Socioeconomic class,"Managerial, administrative and professional occupations",2016/17,17.93838,17.68133,18.19291,17.52975,18.34093,,84445,People aged 75 and over are excluded from NS-SeC (National Statistics Socio-economic Classification) economic activity questions in the Active Lives Adult Survey,,Better,Not compared,20160000,,,1y
93881,"Obesity prevalence in adults, (using adjusted self-reported height and weight)",,,E92000001,England,England,Persons,18+ yrs,Socioeconomic class,Intermediate occupations,2016/17,20.44367,19.8372,21.05232,19.52456,21.41215,,16953,People aged 75 and over are excluded from NS-SeC (National Statistics Socio-economic Classification) economic activity questions in the Active Lives Adult Survey,,Better,Not compared,20160000,,,1y
93881,"Obesity prevalence in adults, (using adjusted self-reported height and weight)",,,E92000001,England,England,Persons,18+ yrs,Socioeconomic class,Self-employed and small employers,2016/17,20.06024,19.31983,20.83032,18.85853,21.30971,,11056,People aged 75 and over are excluded from NS-SeC (National Statistics Socio-economic Classification) economic activity questions in the Active Lives Adult Survey,,Better,Not compared,20160000,,,1y
93881,"Obesity prevalence in adults, (using adjusted self-reported height and weight)",,,E92000001,England,England,Persons,18+ yrs,Socioeconomic class,Lower supervisory and technical occupations,2016/17,23.71908,22.96572,24.50658,22.52423,24.93075,,11552,People aged 75 and over are excluded from NS-SeC (National Statistics Socio-economic Classification) economic activity questions in the Active Lives Adult Survey,,Similar,Not compared,20160000,,,1y
93881,"Obesity prevalence in adults, (using adjusted self-reported height and weight)",,,E92000001,England,England,Persons,18+ yrs,Socioeconomic class,Semi-routine and routine occupations,2016/17,25.27846,24.58878,25.9671,24.19868,26.36371,,15381,People aged 75 and over are excluded from NS-SeC (National Statistics Socio-economic Classification) economic activity questions in the Active Lives Adult Survey,,Worse,Not compared,20160000,,,1y
93881,"Obesity prevalence in adults, (using adjusted self-reported height and weight)",,,E92000001,England,England,Persons,18+ yrs,Socioeconomic class,Long term unemployed or never worked,2016/17,28.09493,26.45579,29.72682,25.62904,30.55359,,2782,People aged 75 and over are excluded from NS-SeC (National Statistics Socio-economic Classification) economic activity questions in the Active Lives Adult Survey,,Worse,Not compared,20160000,,,1y
93881,"Obesity prevalence in adults, (using adjusted self-reported height and weight)",,,E92000001,England,England,Persons,18+ yrs,Socioeconomic class,Students,2016/17,16.3213,15.1182,17.53711,14.43098,18.30676,,3638,People aged 75 and over are excluded from NS-SeC (National Statistics Socio-economic Classification) economic activity questions in the Active Lives Adult Survey,,Better,Not compared,20160000,,,1y
93881,"Obesity prevalence in adults, (using adjusted self-reported height and weight)",,,E92000001,England,England,Persons,18+ yrs,Socioeconomic class,Other/unclassified,2016/17,20.80073,19.47414,22.13233,18.80959,22.91245,,3461,People aged 75 and over are excluded from NS-SeC (National Statistics Socio-economic Classification) economic activity questions in the Active Lives Adult Survey,,Better,Not compared,20160000,,,1y
93881,"Obesity prevalence in adults, (using adjusted self-reported height and weight)",,,E92000001,England,England,Persons,18-24 yrs,,,2016/17,11.02996,10.33185,11.75404,9.94142,12.14446,,7172,,,Not compared,Not compared,20160000,,,1y
93881,"Obesity prevalence in adults, (using adjusted self-reported height and weight)",E92000001,England,E92000001,England,England,Male,18+ yrs,,,2016/17,23.64692,23.34733,23.94903,23.19137,24.12993,,76287,,,Similar,Not compared,20160000,,,1y
93881,"Obesity prevalence in adults, (using adjusted self-reported height and weight)",E92000001,England,E92000001,England,England,Female,18+ yrs,,,2016/17,22.59236,22.31946,22.86992,22.18379,23.02338,,89926,,,Similar,Not compared,20160000,,,1y
93881,"Obesity prevalence in adults, (using adjusted self-reported height and weight)",E92000001,England,E92000001,England,England,Persons,85+ yrs,,,2016/17,21.2413,19.82069,22.70253,19.11623,23.50307,,3123,,,Similar,Not compared,20160000,,,1y
93881,"Obesity prevalence in adults, (using adjusted self-reported height and weight)",E92000001,England,E92000001,England,England,Persons,25-34 yrs,,,2016/17,17.64796,17.12374,18.15529,16.81679,18.47734,,19873,,,Similar,Not compared,20160000,,,1y
93881,"Obesity prevalence in adults, (using adjusted self-reported height and weight)",E92000001,England,E92000001,England,England,Persons,35-44 yrs,,,2016/17,21.53189,21.03537,22.02291,20.76148,22.30837,,25923,,,Similar,Not compared,20160000,,,1y
93881,"Obesity prevalence in adults, (using adjusted self-reported height and weight)",E92000001,England,E92000001,England,England,Persons,45-54 yrs,,,2016/17,26.38911,25.87848,26.88198,25.5942,27.18337,,29198,,,Similar,Not compared,20160000,,,1y
93881,"Obesity prevalence in adults, (using adjusted self-reported height and weight)",E92000001,England,E92000001,England,England,Persons,55-64 yrs,,,2016/17,29.98894,29.49177,30.49078,29.18785,30.80975,,33233,,,Similar,Not compared,20160000,,,1y
93881,"Obesity prevalence in adults, (using adjusted self-reported height and weight)",E92000001,England,E92000001,England,England,Persons,65-74 yrs,,,2016/17,27.12852,26.65852,27.59463,26.3899,27.85144,,33869,,,Similar,Not compared,20160000,,,1y
93881,"Obesity prevalence in adults, (using adjusted self-reported height and weight)",E92000001,England,E92000001,England,England,Persons,75-84 yrs,,,2016/17,26.88764,26.16119,27.6154,25.79219,28.04949,,13822,,,Similar,Not compared,20160000,,,1y
93881,"Obesity prevalence in adults, (using adjusted self-reported height and weight)",E92000001,England,E92000001,England,England,Persons,18+ yrs,,,2016/17,23.12811,22.9254,23.33213,22.80868,23.44522,,166213,,,Similar,Not compared,20160000,,,1y
93881,"Obesity prevalence in adults, (using adjusted self-reported height and weight)",E92000001,England,E92000001,England,England,Persons,18+ yrs,Working status,Inactive,2016/17,28.6578,28.2981,29.01139,28.07472,29.20997,,60428,,,Worse,Not compared,20160000,,,1y
93881,"Obesity prevalence in adults, (using adjusted self-reported height and weight)",E92000001,England,E92000001,England,England,Persons,18+ yrs,Working status,Unemployed,2016/17,30.66742,29.2292,32.10379,28.33885,32.84154,,3931,,,Worse,Not compared,20160000,,,1y
93881,"Obesity prevalence in adults, (using adjusted self-reported height and weight)",E92000001,England,E92000001,England,England,Persons,18+ yrs,Working status,Working,2016/17,21.9183,21.65417,22.18494,21.50502,22.35492,,91188,,,Better,Not compared,20160000,,,1y
93881,"Obesity prevalence in adults, (using adjusted self-reported height and weight)",E92000001,England,E92000001,England,England,Persons,18+ yrs,Disability,Disabled,2016/17,38.33034,37.74915,38.90048,37.42534,39.24948,,27794,,,Worse,Not compared,20160000,,,1y
93881,"Obesity prevalence in adults, (using adjusted self-reported height and weight)",E92000001,England,E92000001,England,England,Persons,18+ yrs,Disability,Not disabled,2016/17,19.68159,19.47005,19.89611,19.32804,20.0237,,131674,,,Better,Not compared,20160000,,,1y
93881,"Obesity prevalence in adults, (using adjusted self-reported height and weight)",E92000001,England,E92000001,England,England,Persons,18+ yrs,Ethnic groups,White British,2016/17,23.94393,23.71617,24.16327,23.61551,24.28646,,142038,,,Worse,Not compared,20160000,,,1y
93881,"Obesity prevalence in adults, (using adjusted self-reported height and weight)",E92000001,England,E92000001,England,England,Persons,18+ yrs,Ethnic groups,White Other,2016/17,19.12197,18.29915,19.93547,17.86125,20.45403,,8678,,,Better,Not compared,20160000,,,1y
93881,"Obesity prevalence in adults, (using adjusted self-reported height and weight)",E92000001,England,E92000001,England,England,Persons,18+ yrs,Ethnic groups,Asian,2016/17,19.08547,18.10485,20.09118,17.6001,20.61219,,6142,,,Better,Not compared,20160000,,,1y
93881,"Obesity prevalence in adults, (using adjusted self-reported height and weight)",E92000001,England,E92000001,England,England,Persons,18+ yrs,Ethnic groups,Black,2016/17,34.23693,32.15903,36.33619,30.90081,37.54404,,1987,,,Worse,Not compared,20160000,,,1y
93881,"Obesity prevalence in adults, (using adjusted self-reported height and weight)",E92000001,England,E92000001,England,England,Persons,18+ yrs,Ethnic groups,Chinese,2016/17,4.98505,3.55097,6.41466,2.86369,7.33127,,873,,,Better,Not compared,20160000,,,1y
93881,"Obesity prevalence in adults, (using adjusted self-reported height and weight)",E92000001,England,E92000001,England,England,Persons,18+ yrs,Ethnic groups,Mixed,2016/17,22.3848,20.35891,24.44307,19.30687,25.49505,,1616,,,Similar,Not compared,20160000,,,1y
93881,"Obesity prevalence in adults, (using adjusted self-reported height and weight)",E92000001,England,E92000001,England,England,Persons,18+ yrs,Ethnic groups,Other,2016/17,19.99758,17.61993,22.41697,16.32841,23.89299,,1084,,,Better,Not compared,20160000,,,1y
93881,"Obesity prevalence in adults, (using adjusted self-reported height and weight)",E92000001,England,E92000001,England,England,Persons,18+ yrs,LSOA11 deprivation deciles within area (IMD  trend),Most deprived decile,2016/17,31.37378,30.62372,32.13853,30.18055,32.56831,,15119,,,Worse,Not compared,20160000,,,1y
93881,"Obesity prevalence in adults, (using adjusted self-reported height and weight)",E92000001,England,E92000001,England,England,Persons,18+ yrs,LSOA11 deprivation deciles within area (IMD  trend),Second most deprived decile,2016/17,27.72727,27.02463,28.42092,26.63747,28.83347,,15756,,,Worse,Not compared,20160000,,,1y
93881,"Obesity prevalence in adults, (using adjusted self-reported height and weight)",E92000001,England,E92000001,England,England,Persons,18+ yrs,LSOA11 deprivation deciles within area (IMD  trend),Third more deprived decile,2016/17,25.13781,24.46639,25.79122,24.05544,26.12242,,16304,,,Worse,Not compared,20160000,,,1y
93881,"Obesity prevalence in adults, (using adjusted self-reported height and weight)",E92000001,England,E92000001,England,England,Persons,18+ yrs,LSOA11 deprivation deciles within area (IMD  trend),Fourth more deprived decile,2016/17,23.48326,22.8556,24.12636,22.5499,24.48001,,16683,,,Similar,Not compared,20160000,,,1y
93881,"Obesity prevalence in adults, (using adjusted self-reported height and weight)",E92000001,England,E92000001,England,England,Persons,18+ yrs,LSOA11 deprivation deciles within area (IMD  trend),Fifth more deprived decile,2016/17,23.13187,22.49717,23.78511,22.11555,24.14287,,16771,,,Similar,Not compared,20160000,,,1y
93881,"Obesity prevalence in adults, (using adjusted self-reported height and weight)",E92000001,England,E92000001,England,England,Persons,18+ yrs,LSOA11 deprivation deciles within area (IMD  trend),Fifth less deprived decile,2016/17,21.09686,20.49737,21.6965,20.13113,22.05683,,16929,,,Better,Not compared,20160000,,,1y
93881,"Obesity prevalence in adults, (using adjusted self-reported height and weight)",E92000001,England,E92000001,England,England,Persons,18+ yrs,LSOA11 deprivation deciles within area (IMD  trend),Fourth less deprived decile,2016/17,20.2792,19.68066,20.87964,19.35896,21.24225,,17098,,,Better,Not compared,20160000,,,1y
93881,"Obesity prevalence in adults, (using adjusted self-reported height and weight)",E92000001,England,E92000001,England,England,Persons,18+ yrs,LSOA11 deprivation deciles within area (IMD  trend),Third less deprived decile,2016/17,20.19143,19.58907,20.7915,19.26804,21.08335,,17132,,,Better,Not compared,20160000,,,1y
93881,"Obesity prevalence in adults, (using adjusted self-reported height and weight)",E92000001,England,E92000001,England,England,Persons,18+ yrs,LSOA11 deprivation deciles within area (IMD  trend),Second least deprived decile,2016/17,19.73952,19.13742,20.34806,18.77074,20.74386,,17181,,,Better,Not compared,20160000,,,1y
93881,"Obesity prevalence in adults, (using adjusted self-reported height and weight)",E92000001,England,E92000001,England,England,Persons,18+ yrs,LSOA11 deprivation deciles within area (IMD  trend),Least deprived decile,2016/17,17.7155,17.14236,18.29099,16.82329,18.60426,,17238,,,Better,Not compared,20160000,,,1y
93881,"Obesity prevalence in adults, (using adjusted self-reported height and weight)",E92000001,England,E92000001,England,England,Persons,18+ yrs,Level of education,No qualification,2016/17,33.37162,32.6063,34.13376,32.2141,34.57412,,14534,,,Worse,Not compared,20160000,,,1y
93881,"Obesity prevalence in adults, (using adjusted self-reported height and weight)",E92000001,England,E92000001,England,England,Persons,18+ yrs,Level of education,Another type of qualification,2016/17,24.12977,23.2602,25.02244,22.7726,25.49868,,9024,,,Worse,Not compared,20160000,,,1y
93881,"Obesity prevalence in adults, (using adjusted self-reported height and weight)",E92000001,England,E92000001,England,England,Persons,18+ yrs,Level of education,Level 1 and below,2016/17,29.07346,27.65732,30.51296,26.89053,31.38551,,3782,,,Worse,Not compared,20160000,,,1y
93881,"Obesity prevalence in adults, (using adjusted self-reported height and weight)",E92000001,England,E92000001,England,England,Persons,18+ yrs,Level of education,Level 2 and equivalent,2016/17,26.50144,25.96664,27.02864,25.69366,27.34278,,26742,,,Worse,Not compared,20160000,,,1y
93881,"Obesity prevalence in adults, (using adjusted self-reported height and weight)",E92000001,England,E92000001,England,England,Persons,18+ yrs,Level of education,Level 3 and equivalent,2016/17,25.8562,25.2938,26.4058,24.9863,26.75119,,23741,,,Worse,Not compared,20160000,,,1y
93881,"Obesity prevalence in adults, (using adjusted self-reported height and weight)",E92000001,England,E92000001,England,England,Persons,18+ yrs,Level of education,Level 4 and above,2016/17,18.91578,18.65389,19.17637,18.5292,19.32718,,84213,,,Better,Not compared,20160000,,,1y
93881,"Obesity prevalence in adults, (using adjusted self-reported height and weight)",E92000001,England,E92000001,England,England,Persons,18+ yrs,Socioeconomic class,"Managerial, administrative and professional occupations",2016/17,17.93838,17.68133,18.19291,17.52975,18.34093,,84445,People aged 75 and over are excluded from NS-SeC (National Statistics Socio-economic Classification) economic activity questions in the Active Lives Adult Survey,,Better,Not compared,20160000,,,1y
93881,"Obesity prevalence in adults, (using adjusted self-reported height and weight)",E92000001,England,E92000001,England,England,Persons,18+ yrs,Socioeconomic class,Intermediate occupations,2016/17,20.44367,19.8372,21.05232,19.52456,21.41215,,16953,People aged 75 and over are excluded from NS-SeC (National Statistics Socio-economic Classification) economic activity questions in the Active Lives Adult Survey,,Better,Not compared,20160000,,,1y
93881,"Obesity prevalence in adults, (using adjusted self-reported height and weight)",E92000001,England,E92000001,England,England,Persons,18+ yrs,Socioeconomic class,Self-employed and small employers,2016/17,20.06024,19.31983,20.83032,18.85853,21.30971,,11056,People aged 75 and over are excluded from NS-SeC (National Statistics Socio-economic Classification) economic activity questions in the Active Lives Adult Survey,,Better,Not compared,20160000,,,1y
93881,"Obesity prevalence in adults, (using adjusted self-reported height and weight)",E92000001,England,E92000001,England,England,Persons,18+ yrs,Socioeconomic class,Lower supervisory and technical occupations,2016/17,23.71908,22.96572,24.50658,22.52423,24.93075,,11552,People aged 75 and over are excluded from NS-SeC (National Statistics Socio-economic Classification) economic activity questions in the Active Lives Adult Survey,,Similar,Not compared,20160000,,,1y
93881,"Obesity prevalence in adults, (using adjusted self-reported height and weight)",E92000001,England,E92000001,England,England,Persons,18+ yrs,Socioeconomic class,Semi-routine and routine occupations,2016/17,25.27846,24.58878,25.9671,24.19868,26.36371,,15381,People aged 75 and over are excluded from NS-SeC (National Statistics Socio-economic Classification) economic activity questions in the Active Lives Adult Survey,,Worse,Not compared,20160000,,,1y
93881,"Obesity prevalence in adults, (using adjusted self-reported height and weight)",E92000001,England,E92000001,England,England,Persons,18+ yrs,Socioeconomic class,Long term unemployed or never worked,2016/17,28.09493,26.45579,29.72682,25.62904,30.55359,,2782,People aged 75 and over are excluded from NS-SeC (National Statistics Socio-economic Classification) economic activity questions in the Active Lives Adult Survey,,Worse,Not compared,20160000,,,1y
93881,"Obesity prevalence in adults, (using adjusted self-reported height and weight)",E92000001,England,E92000001,England,England,Persons,18+ yrs,Socioeconomic class,Students,2016/17,16.3213,15.1182,17.53711,14.43098,18.30676,,3638,People aged 75 and over are excluded from NS-SeC (National Statistics Socio-economic Classification) economic activity questions in the Active Lives Adult Survey,,Better,Not compared,20160000,,,1y
93881,"Obesity prevalence in adults, (using adjusted self-reported height and weight)",E92000001,England,E92000001,England,England,Persons,18+ yrs,Socioeconomic class,Other/unclassified,2016/17,20.80073,19.47414,22.13233,18.80959,22.91245,,3461,People aged 75 and over are excluded from NS-SeC (National Statistics Socio-economic Classification) economic activity questions in the Active Lives Adult Survey,,Better,Not compared,20160000,,,1y
93881,"Obesity prevalence in adults, (using adjusted self-reported height and weight)",E92000001,England,E92000001,England,England,Persons,18-24 yrs,,,2016/17,11.02996,10.33185,11.75404,9.94142,12.14446,,7172,,,Similar,Not compared,20160000,,,1y
93881,"Obesity prevalence in adults, (using adjusted self-reported height and weight)",,,E92000001,England,England,Male,18+ yrs,,,2017/18,23.84541,23.5305,24.16631,23.36191,24.32634,,69990,,,Not compared,Not compared,20170000,,,1y
93881,"Obesity prevalence in adults, (using adjusted self-reported height and weight)",,,E92000001,England,England,Female,18+ yrs,,,2017/18,22.37068,22.08552,22.66089,21.90801,22.82003,,81687,,,Not compared,Not compared,20170000,,,1y
93881,"Obesity prevalence in adults, (using adjusted self-reported height and weight)",,,E92000001,England,England,Persons,85+ yrs,,,2017/18,19.57409,18.11242,21.06176,17.31433,21.82512,,2882,,,Not compared,Not compared,20170000,,,1y
93881,"Obesity prevalence in adults, (using adjusted self-reported height and weight)",,,E92000001,England,England,Persons,25-34 yrs,,,2017/18,18.28055,17.71199,18.83787,17.33853,19.18937,,18208,,,Not compared,Not compared,20170000,,,1y
93881,"Obesity prevalence in adults, (using adjusted self-reported height and weight)",,,E92000001,England,England,Persons,35-44 yrs,,,2017/18,21.98906,21.45434,22.52813,21.15368,22.82021,,23282,,,Not compared,Not compared,20170000,,,1y
93881,"Obesity prevalence in adults, (using adjusted self-reported height and weight)",,,E92000001,England,England,Persons,45-54 yrs,,,2017/18,26.65022,26.13082,27.18476,25.87577,27.45856,,26662,,,Not compared,Not compared,20170000,,,1y
93881,"Obesity prevalence in adults, (using adjusted self-reported height and weight)",,,E92000001,England,England,Persons,55-64 yrs,,,2017/18,29.21804,28.69756,29.72166,28.35291,29.99409,,30466,,,Not compared,Not compared,20170000,,,1y
93881,"Obesity prevalence in adults, (using adjusted self-reported height and weight)",,,E92000001,England,England,Persons,65-74 yrs,,,2017/18,27.0316,26.54323,27.52667,26.25492,27.80857,,31217,,,Not compared,Not compared,20170000,,,1y
93881,"Obesity prevalence in adults, (using adjusted self-reported height and weight)",,,E92000001,England,England,Persons,75-84 yrs,,,2017/18,26.75472,25.99178,27.52489,25.52553,27.90424,,12654,,,Not compared,Not compared,20170000,,,1y
93881,"Obesity prevalence in adults, (using adjusted self-reported height and weight)",,,E92000001,England,England,Persons,18+ yrs,,,2017/18,23.09746,22.88679,23.31204,22.75955,23.4294,,151677,,,Not compared,Not compared,20170000,,,1y
93881,"Obesity prevalence in adults, (using adjusted self-reported height and weight)",,,E92000001,England,England,Persons,18+ yrs,Working status,Inactive,2017/18,28.92126,28.54184,29.30001,28.32574,29.53232,,55529,,,Worse,Not compared,20170000,,,1y
93881,"Obesity prevalence in adults, (using adjusted self-reported height and weight)",,,E92000001,England,England,Persons,18+ yrs,Working status,Unemployed,2017/18,29.40435,27.89855,30.97826,27.05311,31.82373,,3312,,,Worse,Not compared,20170000,,,1y
93881,"Obesity prevalence in adults, (using adjusted self-reported height and weight)",,,E92000001,England,England,Persons,18+ yrs,Working status,Working,2017/18,22.36929,22.08264,22.64867,21.92857,22.81706,,83740,,,Better,Not compared,20170000,,,1y
93881,"Obesity prevalence in adults, (using adjusted self-reported height and weight)",,,E92000001,England,England,Persons,18+ yrs,Disability,Disabled,2017/18,38.25477,37.66208,38.85498,37.35887,39.15819,,25065,,,Worse,Not compared,20170000,,,1y
93881,"Obesity prevalence in adults, (using adjusted self-reported height and weight)",,,E92000001,England,England,Persons,18+ yrs,Disability,Not disabled,2017/18,19.56589,19.34309,19.79181,19.21702,19.91706,,120565,,,Better,Not compared,20170000,,,1y
93881,"Obesity prevalence in adults, (using adjusted self-reported height and weight)",,,E92000001,England,England,Persons,18+ yrs,Ethnic groups,White British,2017/18,23.91858,23.68937,24.15337,23.5424,24.29034,,129957,,,Worse,Not compared,20170000,,,1y
93881,"Obesity prevalence in adults, (using adjusted self-reported height and weight)",,,E92000001,England,England,Persons,18+ yrs,Ethnic groups,White Other,2017/18,19.5418,18.69305,20.40767,18.21339,20.87531,,8340,,,Better,Not compared,20170000,,,1y
93881,"Obesity prevalence in adults, (using adjusted self-reported height and weight)",,,E92000001,England,England,Persons,18+ yrs,Ethnic groups,Asian,2017/18,18.39474,17.34151,19.4683,16.66665,20.06139,,4890,,,Better,Not compared,20170000,,,1y
93881,"Obesity prevalence in adults, (using adjusted self-reported height and weight)",,,E92000001,England,England,Persons,18+ yrs,Ethnic groups,Black,2017/18,35.13726,32.88996,37.42443,31.62031,38.75453,,1654,,,Worse,Not compared,20170000,,,1y
93881,"Obesity prevalence in adults, (using adjusted self-reported height and weight)",,,E92000001,England,England,Persons,18+ yrs,Ethnic groups,Chinese,2017/18,7.17623,5.39811,9.04184,4.31849,10.25641,,741,,,Better,Not compared,20170000,,,1y
93881,"Obesity prevalence in adults, (using adjusted self-reported height and weight)",,,E92000001,England,England,Persons,18+ yrs,Ethnic groups,Mixed,2017/18,23.312,21.23724,25.38265,20.02545,26.53061,,1568,,,Similar,Not compared,20170000,,,1y
93881,"Obesity prevalence in adults, (using adjusted self-reported height and weight)",,,E92000001,England,England,Persons,18+ yrs,Ethnic groups,Other,2017/18,19.57547,17.18107,22.11934,15.9465,23.55967,,972,,,Better,Not compared,20170000,,,1y
93881,"Obesity prevalence in adults, (using adjusted self-reported height and weight)",,,E92000001,England,England,Persons,18+ yrs,LSOA11 deprivation deciles within area (IMD  trend),Most deprived decile,2017/18,31.09239,30.31289,31.87477,29.84898,32.33151,,13575,,,Worse,Not compared,20170000,,,1y
93881,"Obesity prevalence in adults, (using adjusted self-reported height and weight)",,,E92000001,England,England,Persons,18+ yrs,LSOA11 deprivation deciles within area (IMD  trend),Second most deprived decile,2017/18,27.1367,26.41191,27.86597,25.99746,28.30152,,14236,,,Worse,Not compared,20170000,,,1y
93881,"Obesity prevalence in adults, (using adjusted self-reported height and weight)",,,E92000001,England,England,Persons,18+ yrs,LSOA11 deprivation deciles within area (IMD  trend),Third more deprived decile,2017/18,24.6319,23.93093,25.33387,23.55321,25.72509,,14826,,,Worse,Not compared,20170000,,,1y
93881,"Obesity prevalence in adults, (using adjusted self-reported height and weight)",,,E92000001,England,England,Persons,18+ yrs,LSOA11 deprivation deciles within area (IMD  trend),Fourth more deprived decile,2017/18,24.22287,23.55517,24.89549,23.10397,25.32015,,15071,,,Worse,Not compared,20170000,,,1y
93881,"Obesity prevalence in adults, (using adjusted self-reported height and weight)",,,E92000001,England,England,Persons,18+ yrs,LSOA11 deprivation deciles within area (IMD  trend),Fifth more deprived decile,2017/18,23.16275,22.50276,23.82683,22.15876,24.20328,,15407,,,Similar,Not compared,20170000,,,1y
93881,"Obesity prevalence in adults, (using adjusted self-reported height and weight)",,,E92000001,England,England,Persons,18+ yrs,LSOA11 deprivation deciles within area (IMD  trend),Fifth less deprived decile,2017/18,21.99169,21.33325,22.62928,20.90337,23.0335,,15586,,,Better,Not compared,20170000,,,1y
93881,"Obesity prevalence in adults, (using adjusted self-reported height and weight)",,,E92000001,England,England,Persons,18+ yrs,LSOA11 deprivation deciles within area (IMD  trend),Fourth less deprived decile,2017/18,20.81674,20.17261,21.46078,19.77327,21.8279,,15526,,,Better,Not compared,20170000,,,1y
93881,"Obesity prevalence in adults, (using adjusted self-reported height and weight)",,,E92000001,England,England,Persons,18+ yrs,LSOA11 deprivation deciles within area (IMD  trend),Third less deprived decile,2017/18,19.96705,19.36229,20.59292,19.01179,20.94998,,15685,,,Better,Not compared,20170000,,,1y
93881,"Obesity prevalence in adults, (using adjusted self-reported height and weight)",,,E92000001,England,England,Persons,18+ yrs,LSOA11 deprivation deciles within area (IMD  trend),Second least deprived decile,2017/18,18.74388,18.14148,19.3395,17.79284,19.69447,,15776,,,Better,Not compared,20170000,,,1y
93881,"Obesity prevalence in adults, (using adjusted self-reported height and weight)",,,E92000001,England,England,Persons,18+ yrs,LSOA11 deprivation deciles within area (IMD  trend),Least deprived decile,2017/18,17.65295,17.06798,18.23128,16.749,18.60029,,15989,,,Better,Not compared,20170000,,,1y
93881,"Obesity prevalence in adults, (using adjusted self-reported height and weight)",,,E92000001,England,England,Persons,18+ yrs,Level of education,No qualification,2017/18,32.07205,31.24084,32.90181,30.78488,33.4229,,12282,,,Worse,Not compared,20170000,,,1y
93881,"Obesity prevalence in adults, (using adjusted self-reported height and weight)",,,E92000001,England,England,Persons,18+ yrs,Level of education,Another type of qualification,2017/18,23.79115,22.84802,24.72542,22.32437,25.24904,,7830,,,Similar,Not compared,20170000,,,1y
93881,"Obesity prevalence in adults, (using adjusted self-reported height and weight)",,,E92000001,England,England,Persons,18+ yrs,Level of education,Level 1 and below,2017/18,29.86165,28.29834,31.46349,27.38947,32.435,,3191,,,Worse,Not compared,20170000,,,1y
93881,"Obesity prevalence in adults, (using adjusted self-reported height and weight)",,,E92000001,England,England,Persons,18+ yrs,Level of education,Level 2 and equivalent,2017/18,26.65787,26.10212,27.21742,25.79388,27.50943,,24657,,,Worse,Not compared,20170000,,,1y
93881,"Obesity prevalence in adults, (using adjusted self-reported height and weight)",,,E92000001,England,England,Persons,18+ yrs,Level of education,Level 3 and equivalent,2017/18,25.28939,24.69877,25.86705,24.35516,26.23815,,21827,,,Worse,Not compared,20170000,,,1y
93881,"Obesity prevalence in adults, (using adjusted self-reported height and weight)",,,E92000001,England,England,Persons,18+ yrs,Level of education,Level 4 and above,2017/18,18.95735,18.68182,19.2317,18.52054,19.38155,,78745,,,Better,Not compared,20170000,,,1y
93881,"Obesity prevalence in adults, (using adjusted self-reported height and weight)",,,E92000001,England,England,Persons,18+ yrs,Socioeconomic class,"Managerial, administrative and professional occupations",2017/18,18.30677,18.0389,18.58215,17.89668,18.74616,,78048,People aged 75 and over are excluded from NS-SeC (National Statistics Socio-economic Classification) economic activity questions in the Active Lives Adult Survey,,Better,Not compared,20170000,,,1y
93881,"Obesity prevalence in adults, (using adjusted self-reported height and weight)",,,E92000001,England,England,Persons,18+ yrs,Socioeconomic class,Intermediate occupations,2017/18,20.8617,20.23334,21.49833,19.88595,21.9047,,15257,People aged 75 and over are excluded from NS-SeC (National Statistics Socio-economic Classification) economic activity questions in the Active Lives Adult Survey,,Better,Not compared,20170000,,,1y
93881,"Obesity prevalence in adults, (using adjusted self-reported height and weight)",,,E92000001,England,England,Persons,18+ yrs,Socioeconomic class,Self-employed and small employers,2017/18,20.05634,19.26126,20.81827,18.87449,21.25317,,10342,People aged 75 and over are excluded from NS-SeC (National Statistics Socio-economic Classification) economic activity questions in the Active Lives Adult Survey,,Better,Not compared,20170000,,,1y
93881,"Obesity prevalence in adults, (using adjusted self-reported height and weight)",,,E92000001,England,England,Persons,18+ yrs,Socioeconomic class,Lower supervisory and technical occupations,2017/18,23.72213,22.91031,24.55153,22.45229,25.03819,,10480,People aged 75 and over are excluded from NS-SeC (National Statistics Socio-economic Classification) economic activity questions in the Active Lives Adult Survey,,Similar,Not compared,20170000,,,1y
93881,"Obesity prevalence in adults, (using adjusted self-reported height and weight)",,,E92000001,England,England,Persons,18+ yrs,Socioeconomic class,Semi-routine and routine occupations,2017/18,24.69422,23.96995,25.45739,23.56091,25.85899,,13446,People aged 75 and over are excluded from NS-SeC (National Statistics Socio-economic Classification) economic activity questions in the Active Lives Adult Survey,,Worse,Not compared,20170000,,,1y
93881,"Obesity prevalence in adults, (using adjusted self-reported height and weight)",,,E92000001,England,England,Persons,18+ yrs,Socioeconomic class,Long term unemployed or never worked,2017/18,28.45396,26.61465,30.29909,25.70433,31.25271,,2307,People aged 75 and over are excluded from NS-SeC (National Statistics Socio-economic Classification) economic activity questions in the Active Lives Adult Survey,,Worse,Not compared,20170000,,,1y
93881,"Obesity prevalence in adults, (using adjusted self-reported height and weight)",,,E92000001,England,England,Persons,18+ yrs,Socioeconomic class,Students,2017/18,13.46184,12.28923,14.68872,11.64069,15.40211,,3084,People aged 75 and over are excluded from NS-SeC (National Statistics Socio-economic Classification) economic activity questions in the Active Lives Adult Survey,,Better,Not compared,20170000,,,1y
93881,"Obesity prevalence in adults, (using adjusted self-reported height and weight)",,,E92000001,England,England,Persons,18+ yrs,Socioeconomic class,Other/unclassified,2017/18,23.17736,21.68713,24.64589,20.77428,25.4328,,3177,People aged 75 and over are excluded from NS-SeC (National Statistics Socio-economic Classification) economic activity questions in the Active Lives Adult Survey,,Similar,Not compared,20170000,,,1y
93881,"Obesity prevalence in adults, (using adjusted self-reported height and weight)",,,E92000001,England,England,Persons,18-24 yrs,,,2017/18,10.40498,9.64161,11.17983,9.26101,11.60802,,6306,,,Not compared,Not compared,20170000,,,1y
93881,"Obesity prevalence in adults, (using adjusted self-reported height and weight)",E92000001,England,E92000001,England,England,Male,18+ yrs,,,2017/18,23.84541,23.5305,24.16631,23.36191,24.32634,,69990,,,Similar,Not compared,20170000,,,1y
93881,"Obesity prevalence in adults, (using adjusted self-reported height and weight)",E92000001,England,E92000001,England,England,Female,18+ yrs,,,2017/18,22.37068,22.08552,22.66089,21.90801,22.82003,,81687,,,Similar,Not compared,20170000,,,1y
93881,"Obesity prevalence in adults, (using adjusted self-reported height and weight)",E92000001,England,E92000001,England,England,Persons,85+ yrs,,,2017/18,19.57409,18.11242,21.06176,17.31433,21.82512,,2882,,,Similar,Not compared,20170000,,,1y
93881,"Obesity prevalence in adults, (using adjusted self-reported height and weight)",E92000001,England,E92000001,England,England,Persons,25-34 yrs,,,2017/18,18.28055,17.71199,18.83787,17.33853,19.18937,,18208,,,Similar,Not compared,20170000,,,1y
93881,"Obesity prevalence in adults, (using adjusted self-reported height and weight)",E92000001,England,E92000001,England,England,Persons,35-44 yrs,,,2017/18,21.98906,21.45434,22.52813,21.15368,22.82021,,23282,,,Similar,Not compared,20170000,,,1y
93881,"Obesity prevalence in adults, (using adjusted self-reported height and weight)",E92000001,England,E92000001,England,England,Persons,45-54 yrs,,,2017/18,26.65022,26.13082,27.18476,25.87577,27.45856,,26662,,,Similar,Not compared,20170000,,,1y
93881,"Obesity prevalence in adults, (using adjusted self-reported height and weight)",E92000001,England,E92000001,England,England,Persons,55-64 yrs,,,2017/18,29.21804,28.69756,29.72166,28.35291,29.99409,,30466,,,Similar,Not compared,20170000,,,1y
93881,"Obesity prevalence in adults, (using adjusted self-reported height and weight)",E92000001,England,E92000001,England,England,Persons,65-74 yrs,,,2017/18,27.0316,26.54323,27.52667,26.25492,27.80857,,31217,,,Similar,Not compared,20170000,,,1y
93881,"Obesity prevalence in adults, (using adjusted self-reported height and weight)",E92000001,England,E92000001,England,England,Persons,75-84 yrs,,,2017/18,26.75472,25.99178,27.52489,25.52553,27.90424,,12654,,,Similar,Not compared,20170000,,,1y
93881,"Obesity prevalence in adults, (using adjusted self-reported height and weight)",E92000001,England,E92000001,England,England,Persons,18+ yrs,,,2017/18,23.09746,22.88679,23.31204,22.75955,23.4294,,151677,,,Similar,Not compared,20170000,,,1y
93881,"Obesity prevalence in adults, (using adjusted self-reported height and weight)",E92000001,England,E92000001,England,England,Persons,18+ yrs,Working status,Inactive,2017/18,28.92126,28.54184,29.30001,28.32574,29.53232,,55529,,,Worse,Not compared,20170000,,,1y
93881,"Obesity prevalence in adults, (using adjusted self-reported height and weight)",E92000001,England,E92000001,England,England,Persons,18+ yrs,Working status,Unemployed,2017/18,29.40435,27.89855,30.97826,27.05311,31.82373,,3312,,,Worse,Not compared,20170000,,,1y
93881,"Obesity prevalence in adults, (using adjusted self-reported height and weight)",E92000001,England,E92000001,England,England,Persons,18+ yrs,Working status,Working,2017/18,22.36929,22.08264,22.64867,21.92857,22.81706,,83740,,,Better,Not compared,20170000,,,1y
93881,"Obesity prevalence in adults, (using adjusted self-reported height and weight)",E92000001,England,E92000001,England,England,Persons,18+ yrs,Disability,Disabled,2017/18,38.25477,37.66208,38.85498,37.35887,39.15819,,25065,,,Worse,Not compared,20170000,,,1y
93881,"Obesity prevalence in adults, (using adjusted self-reported height and weight)",E92000001,England,E92000001,England,England,Persons,18+ yrs,Disability,Not disabled,2017/18,19.56589,19.34309,19.79181,19.21702,19.91706,,120565,,,Better,Not compared,20170000,,,1y
93881,"Obesity prevalence in adults, (using adjusted self-reported height and weight)",E92000001,England,E92000001,England,England,Persons,18+ yrs,Ethnic groups,White British,2017/18,23.91858,23.68937,24.15337,23.5424,24.29034,,129957,,,Worse,Not compared,20170000,,,1y
93881,"Obesity prevalence in adults, (using adjusted self-reported height and weight)",E92000001,England,E92000001,England,England,Persons,18+ yrs,Ethnic groups,White Other,2017/18,19.5418,18.69305,20.40767,18.21339,20.87531,,8340,,,Better,Not compared,20170000,,,1y
93881,"Obesity prevalence in adults, (using adjusted self-reported height and weight)",E92000001,England,E92000001,England,England,Persons,18+ yrs,Ethnic groups,Asian,2017/18,18.39474,17.34151,19.4683,16.66665,20.06139,,4890,,,Better,Not compared,20170000,,,1y
93881,"Obesity prevalence in adults, (using adjusted self-reported height and weight)",E92000001,England,E92000001,England,England,Persons,18+ yrs,Ethnic groups,Black,2017/18,35.13726,32.88996,37.42443,31.62031,38.75453,,1654,,,Worse,Not compared,20170000,,,1y
93881,"Obesity prevalence in adults, (using adjusted self-reported height and weight)",E92000001,England,E92000001,England,England,Persons,18+ yrs,Ethnic groups,Chinese,2017/18,7.17623,5.39811,9.04184,4.31849,10.25641,,741,,,Better,Not compared,20170000,,,1y
93881,"Obesity prevalence in adults, (using adjusted self-reported height and weight)",E92000001,England,E92000001,England,England,Persons,18+ yrs,Ethnic groups,Mixed,2017/18,23.312,21.23724,25.38265,20.02545,26.53061,,1568,,,Similar,Not compared,20170000,,,1y
93881,"Obesity prevalence in adults, (using adjusted self-reported height and weight)",E92000001,England,E92000001,England,England,Persons,18+ yrs,Ethnic groups,Other,2017/18,19.57547,17.18107,22.11934,15.9465,23.55967,,972,,,Better,Not compared,20170000,,,1y
93881,"Obesity prevalence in adults, (using adjusted self-reported height and weight)",E92000001,England,E92000001,England,England,Persons,18+ yrs,LSOA11 deprivation deciles within area (IMD  trend),Most deprived decile,2017/18,31.09239,30.31289,31.87477,29.84898,32.33151,,13575,,,Worse,Not compared,20170000,,,1y
93881,"Obesity prevalence in adults, (using adjusted self-reported height and weight)",E92000001,England,E92000001,England,England,Persons,18+ yrs,LSOA11 deprivation deciles within area (IMD  trend),Second most deprived decile,2017/18,27.1367,26.41191,27.86597,25.99746,28.30152,,14236,,,Worse,Not compared,20170000,,,1y
93881,"Obesity prevalence in adults, (using adjusted self-reported height and weight)",E92000001,England,E92000001,England,England,Persons,18+ yrs,LSOA11 deprivation deciles within area (IMD  trend),Third more deprived decile,2017/18,24.6319,23.93093,25.33387,23.55321,25.72509,,14826,,,Worse,Not compared,20170000,,,1y
93881,"Obesity prevalence in adults, (using adjusted self-reported height and weight)",E92000001,England,E92000001,England,England,Persons,18+ yrs,LSOA11 deprivation deciles within area (IMD  trend),Fourth more deprived decile,2017/18,24.22287,23.55517,24.89549,23.10397,25.32015,,15071,,,Worse,Not compared,20170000,,,1y
93881,"Obesity prevalence in adults, (using adjusted self-reported height and weight)",E92000001,England,E92000001,England,England,Persons,18+ yrs,LSOA11 deprivation deciles within area (IMD  trend),Fifth more deprived decile,2017/18,23.16275,22.50276,23.82683,22.15876,24.20328,,15407,,,Similar,Not compared,20170000,,,1y
93881,"Obesity prevalence in adults, (using adjusted self-reported height and weight)",E92000001,England,E92000001,England,England,Persons,18+ yrs,LSOA11 deprivation deciles within area (IMD  trend),Fifth less deprived decile,2017/18,21.99169,21.33325,22.62928,20.90337,23.0335,,15586,,,Better,Not compared,20170000,,,1y
93881,"Obesity prevalence in adults, (using adjusted self-reported height and weight)",E92000001,England,E92000001,England,England,Persons,18+ yrs,LSOA11 deprivation deciles within area (IMD  trend),Fourth less deprived decile,2017/18,20.81674,20.17261,21.46078,19.77327,21.8279,,15526,,,Better,Not compared,20170000,,,1y
93881,"Obesity prevalence in adults, (using adjusted self-reported height and weight)",E92000001,England,E92000001,England,England,Persons,18+ yrs,LSOA11 deprivation deciles within area (IMD  trend),Third less deprived decile,2017/18,19.96705,19.36229,20.59292,19.01179,20.94998,,15685,,,Better,Not compared,20170000,,,1y
93881,"Obesity prevalence in adults, (using adjusted self-reported height and weight)",E92000001,England,E92000001,England,England,Persons,18+ yrs,LSOA11 deprivation deciles within area (IMD  trend),Second least deprived decile,2017/18,18.74388,18.14148,19.3395,17.79284,19.69447,,15776,,,Better,Not compared,20170000,,,1y
93881,"Obesity prevalence in adults, (using adjusted self-reported height and weight)",E92000001,England,E92000001,England,England,Persons,18+ yrs,LSOA11 deprivation deciles within area (IMD  trend),Least deprived decile,2017/18,17.65295,17.06798,18.23128,16.749,18.60029,,15989,,,Better,Not compared,20170000,,,1y
93881,"Obesity prevalence in adults, (using adjusted self-reported height and weight)",E92000001,England,E92000001,England,England,Persons,18+ yrs,Level of education,No qualification,2017/18,32.07205,31.24084,32.90181,30.78488,33.4229,,12282,,,Worse,Not compared,20170000,,,1y
93881,"Obesity prevalence in adults, (using adjusted self-reported height and weight)",E92000001,England,E92000001,England,England,Persons,18+ yrs,Level of education,Another type of qualification,2017/18,23.79115,22.84802,24.72542,22.32437,25.24904,,7830,,,Similar,Not compared,20170000,,,1y
93881,"Obesity prevalence in adults, (using adjusted self-reported height and weight)",E92000001,England,E92000001,England,England,Persons,18+ yrs,Level of education,Level 1 and below,2017/18,29.86165,28.29834,31.46349,27.38947,32.435,,3191,,,Worse,Not compared,20170000,,,1y
93881,"Obesity prevalence in adults, (using adjusted self-reported height and weight)",E92000001,England,E92000001,England,England,Persons,18+ yrs,Level of education,Level 2 and equivalent,2017/18,26.65787,26.10212,27.21742,25.79388,27.50943,,24657,,,Worse,Not compared,20170000,,,1y
93881,"Obesity prevalence in adults, (using adjusted self-reported height and weight)",E92000001,England,E92000001,England,England,Persons,18+ yrs,Level of education,Level 3 and equivalent,2017/18,25.28939,24.69877,25.86705,24.35516,26.23815,,21827,,,Worse,Not compared,20170000,,,1y
93881,"Obesity prevalence in adults, (using adjusted self-reported height and weight)",E92000001,England,E92000001,England,England,Persons,18+ yrs,Level of education,Level 4 and above,2017/18,18.95735,18.68182,19.2317,18.52054,19.38155,,78745,,,Better,Not compared,20170000,,,1y
93881,"Obesity prevalence in adults, (using adjusted self-reported height and weight)",E92000001,England,E92000001,England,England,Persons,18+ yrs,Socioeconomic class,"Managerial, administrative and professional occupations",2017/18,18.30677,18.0389,18.58215,17.89668,18.74616,,78048,People aged 75 and over are excluded from NS-SeC (National Statistics Socio-economic Classification) economic activity questions in the Active Lives Adult Survey,,Better,Not compared,20170000,,,1y
93881,"Obesity prevalence in adults, (using adjusted self-reported height and weight)",E92000001,England,E92000001,England,England,Persons,18+ yrs,Socioeconomic class,Intermediate occupations,2017/18,20.8617,20.23334,21.49833,19.88595,21.9047,,15257,People aged 75 and over are excluded from NS-SeC (National Statistics Socio-economic Classification) economic activity questions in the Active Lives Adult Survey,,Better,Not compared,20170000,,,1y
93881,"Obesity prevalence in adults, (using adjusted self-reported height and weight)",E92000001,England,E92000001,England,England,Persons,18+ yrs,Socioeconomic class,Self-employed and small employers,2017/18,20.05634,19.26126,20.81827,18.87449,21.25317,,10342,People aged 75 and over are excluded from NS-SeC (National Statistics Socio-economic Classification) economic activity questions in the Active Lives Adult Survey,,Better,Not compared,20170000,,,1y
93881,"Obesity prevalence in adults, (using adjusted self-reported height and weight)",E92000001,England,E92000001,England,England,Persons,18+ yrs,Socioeconomic class,Lower supervisory and technical occupations,2017/18,23.72213,22.91031,24.55153,22.45229,25.03819,,10480,People aged 75 and over are excluded from NS-SeC (National Statistics Socio-economic Classification) economic activity questions in the Active Lives Adult Survey,,Similar,Not compared,20170000,,,1y
93881,"Obesity prevalence in adults, (using adjusted self-reported height and weight)",E92000001,England,E92000001,England,England,Persons,18+ yrs,Socioeconomic class,Semi-routine and routine occupations,2017/18,24.69422,23.96995,25.45739,23.56091,25.85899,,13446,People aged 75 and over are excluded from NS-SeC (National Statistics Socio-economic Classification) economic activity questions in the Active Lives Adult Survey,,Worse,Not compared,20170000,,,1y
93881,"Obesity prevalence in adults, (using adjusted self-reported height and weight)",E92000001,England,E92000001,England,England,Persons,18+ yrs,Socioeconomic class,Long term unemployed or never worked,2017/18,28.45396,26.61465,30.29909,25.70433,31.25271,,2307,People aged 75 and over are excluded from NS-SeC (National Statistics Socio-economic Classification) economic activity questions in the Active Lives Adult Survey,,Worse,Not compared,20170000,,,1y
93881,"Obesity prevalence in adults, (using adjusted self-reported height and weight)",E92000001,England,E92000001,England,England,Persons,18+ yrs,Socioeconomic class,Students,2017/18,13.46184,12.28923,14.68872,11.64069,15.40211,,3084,People aged 75 and over are excluded from NS-SeC (National Statistics Socio-economic Classification) economic activity questions in the Active Lives Adult Survey,,Better,Not compared,20170000,,,1y
93881,"Obesity prevalence in adults, (using adjusted self-reported height and weight)",E92000001,England,E92000001,England,England,Persons,18+ yrs,Socioeconomic class,Other/unclassified,2017/18,23.17736,21.68713,24.64589,20.77428,25.4328,,3177,People aged 75 and over are excluded from NS-SeC (National Statistics Socio-economic Classification) economic activity questions in the Active Lives Adult Survey,,Similar,Not compared,20170000,,,1y
93881,"Obesity prevalence in adults, (using adjusted self-reported height and weight)",E92000001,England,E92000001,England,England,Persons,18-24 yrs,,,2017/18,10.40498,9.64161,11.17983,9.26101,11.60802,,6306,,,Similar,Not compared,20170000,,,1y
93881,"Obesity prevalence in adults, (using adjusted self-reported height and weight)",,,E92000001,England,England,Male,18+ yrs,,,2018/19,24.01014,23.70376,24.3281,23.52477,24.51272,,70955,,,Not compared,Not compared,20180000,,,1y
93881,"Obesity prevalence in adults, (using adjusted self-reported height and weight)",,,E92000001,England,England,Female,18+ yrs,,,2018/19,23.01766,22.73711,23.30542,22.57668,23.48521,,82882,,,Not compared,Not compared,20180000,,,1y
93881,"Obesity prevalence in adults, (using adjusted self-reported height and weight)",,,E92000001,England,England,Persons,85+ yrs,,,2018/19,21.09378,19.59064,22.66082,18.74996,23.53805,,2736,,,Not compared,Not compared,20180000,,,1y
93881,"Obesity prevalence in adults, (using adjusted self-reported height and weight)",,,E92000001,England,England,Persons,25-34 yrs,,,2018/19,19.47771,18.91421,20.02743,18.51851,20.34928,,18954,,,Not compared,Not compared,20180000,,,1y
93881,"Obesity prevalence in adults, (using adjusted self-reported height and weight)",,,E92000001,England,England,Persons,35-44 yrs,,,2018/19,23.38942,22.85418,23.92203,22.52064,24.24723,,23978,,,Not compared,Not compared,20180000,,,1y
93881,"Obesity prevalence in adults, (using adjusted self-reported height and weight)",,,E92000001,England,England,Persons,45-54 yrs,,,2018/19,27.16236,26.63889,27.68807,26.34868,27.98571,,26878,,,Not compared,Not compared,20180000,,,1y
93881,"Obesity prevalence in adults, (using adjusted self-reported height and weight)",,,E92000001,England,England,Persons,55-64 yrs,,,2018/19,29.3108,28.80573,29.81994,28.49761,30.0992,,31157,,,Not compared,Not compared,20180000,,,1y
93881,"Obesity prevalence in adults, (using adjusted self-reported height and weight)",,,E92000001,England,England,Persons,65-74 yrs,,,2018/19,27.04808,26.54384,27.54524,26.24601,27.86597,,30557,,,Not compared,Not compared,20180000,,,1y
93881,"Obesity prevalence in adults, (using adjusted self-reported height and weight)",,,E92000001,England,England,Persons,75-84 yrs,,,2018/19,24.81355,24.08365,25.57296,23.62063,25.9974,,12959,,,Not compared,Not compared,20180000,,,1y
93881,"Obesity prevalence in adults, (using adjusted self-reported height and weight)",,,E92000001,England,England,Persons,18+ yrs,,,2018/19,23.50096,23.29284,23.71211,23.17323,23.83237,,153837,,,Not compared,Not compared,20180000,,,1y
93881,"Obesity prevalence in adults, (using adjusted self-reported height and weight)",,,E92000001,England,England,Persons,18+ yrs,Working status,Inactive,2018/19,30.22795,29.83958,30.62744,29.61881,30.86697,,53439,,,Worse,Not compared,20180000,,,1y
93881,"Obesity prevalence in adults, (using adjusted self-reported height and weight)",,,E92000001,England,England,Persons,18+ yrs,Working status,Unemployed,2018/19,29.25645,27.78865,30.77998,27.03377,31.56279,,3577,,,Worse,Not compared,20180000,,,1y
93881,"Obesity prevalence in adults, (using adjusted self-reported height and weight)",,,E92000001,England,England,Persons,18+ yrs,Working status,Working,2018/19,23.09568,22.81059,23.37452,22.65542,23.54591,,86359,,,Better,Not compared,20180000,,,1y
93881,"Obesity prevalence in adults, (using adjusted self-reported height and weight)",,,E92000001,England,England,Persons,18+ yrs,Disability,Disabled,2018/19,38.5837,37.99602,39.16357,37.64687,39.48644,,26637,,,Worse,Not compared,20180000,,,1y
93881,"Obesity prevalence in adults, (using adjusted self-reported height and weight)",,,E92000001,England,England,Persons,18+ yrs,Disability,Not disabled,2018/19,20.0271,19.80259,20.25689,19.66794,20.37005,,121065,,,Better,Not compared,20180000,,,1y
93881,"Obesity prevalence in adults, (using adjusted self-reported height and weight)",,,E92000001,England,England,Persons,18+ yrs,Ethnic groups,White British,2018/19,24.28482,24.05408,24.52706,23.92047,24.65459,,131724,,,Worse,Not compared,20180000,,,1y
93881,"Obesity prevalence in adults, (using adjusted self-reported height and weight)",,,E92000001,England,England,Persons,18+ yrs,Ethnic groups,White Other,2018/19,18.56697,17.73844,19.41233,17.19653,19.90608,,8304,,,Better,Not compared,20180000,,,1y
93881,"Obesity prevalence in adults, (using adjusted self-reported height and weight)",,,E92000001,England,England,Persons,18+ yrs,Ethnic groups,Asian,2018/19,16.96578,15.94691,17.98467,15.42344,18.48944,,5349,,,Better,Not compared,20180000,,,1y
93881,"Obesity prevalence in adults, (using adjusted self-reported height and weight)",,,E92000001,England,England,Persons,18+ yrs,Ethnic groups,Black,2018/19,34.3011,31.97115,36.59856,30.52873,37.98089,,1664,,,Worse,Not compared,20180000,,,1y
93881,"Obesity prevalence in adults, (using adjusted self-reported height and weight)",,,E92000001,England,England,Persons,18+ yrs,Ethnic groups,Chinese,2018/19,6.11805,4.47761,7.83582,3.73122,8.95522,,804,,,Better,Not compared,20180000,,,1y
93881,"Obesity prevalence in adults, (using adjusted self-reported height and weight)",,,E92000001,England,England,Persons,18+ yrs,Ethnic groups,Mixed,2018/19,22.17287,20.17699,24.18879,19.11504,25.54572,,1695,,,Similar,Not compared,20180000,,,1y
93881,"Obesity prevalence in adults, (using adjusted self-reported height and weight)",,,E92000001,England,England,Persons,18+ yrs,Ethnic groups,Other,2018/19,18.4814,16.14786,20.9144,14.88327,22.56809,,1028,,,Better,Not compared,20180000,,,1y
93881,"Obesity prevalence in adults, (using adjusted self-reported height and weight)",,,E92000001,England,England,Persons,18+ yrs,LSOA11 deprivation deciles within area (IMD  trend),Most deprived decile,2018/19,31.90991,31.12573,32.69467,30.7353,33.13572,,13831,,,Worse,Not compared,20180000,,,1y
93881,"Obesity prevalence in adults, (using adjusted self-reported height and weight)",,,E92000001,England,England,Persons,18+ yrs,LSOA11 deprivation deciles within area (IMD  trend),Second most deprived decile,2018/19,28.2923,27.56928,29.01533,27.15227,29.41889,,14868,,,Worse,Not compared,20180000,,,1y
93881,"Obesity prevalence in adults, (using adjusted self-reported height and weight)",,,E92000001,England,England,Persons,18+ yrs,LSOA11 deprivation deciles within area (IMD  trend),Third more deprived decile,2018/19,25.71145,25.01966,26.40289,24.67223,26.7698,,15256,,,Worse,Not compared,20180000,,,1y
93881,"Obesity prevalence in adults, (using adjusted self-reported height and weight)",,,E92000001,England,England,Persons,18+ yrs,LSOA11 deprivation deciles within area (IMD  trend),Fourth more deprived decile,2018/19,24.19003,23.50587,24.85731,23.10569,25.23127,,15243,,,Worse,Not compared,20180000,,,1y
93881,"Obesity prevalence in adults, (using adjusted self-reported height and weight)",,,E92000001,England,England,Persons,18+ yrs,LSOA11 deprivation deciles within area (IMD  trend),Fifth more deprived decile,2018/19,22.94492,22.27289,23.6063,21.88746,23.9723,,15301,,,Similar,Not compared,20180000,,,1y
93881,"Obesity prevalence in adults, (using adjusted self-reported height and weight)",,,E92000001,England,England,Persons,18+ yrs,LSOA11 deprivation deciles within area (IMD  trend),Fifth less deprived decile,2018/19,21.68206,21.05713,22.3085,20.71533,22.7173,,16384,,,Better,Not compared,20180000,,,1y
93881,"Obesity prevalence in adults, (using adjusted self-reported height and weight)",,,E92000001,England,England,Persons,18+ yrs,LSOA11 deprivation deciles within area (IMD  trend),Fourth less deprived decile,2018/19,20.73742,20.08479,21.3859,19.7398,21.73769,,15066,,,Better,Not compared,20180000,,,1y
93881,"Obesity prevalence in adults, (using adjusted self-reported height and weight)",,,E92000001,England,England,Persons,18+ yrs,LSOA11 deprivation deciles within area (IMD  trend),Third less deprived decile,2018/19,20.42829,19.79885,21.05763,19.45093,21.44349,,15809,,,Better,Not compared,20180000,,,1y
93881,"Obesity prevalence in adults, (using adjusted self-reported height and weight)",,,E92000001,England,England,Persons,18+ yrs,LSOA11 deprivation deciles within area (IMD  trend),Second least deprived decile,2018/19,19.84938,19.21465,20.47198,18.83423,20.83306,,15509,,,Better,Not compared,20180000,,,1y
93881,"Obesity prevalence in adults, (using adjusted self-reported height and weight)",,,E92000001,England,England,Persons,18+ yrs,LSOA11 deprivation deciles within area (IMD  trend),Least deprived decile,2018/19,17.85412,17.27218,18.4309,16.98852,18.76283,,16570,,,Better,Not compared,20180000,,,1y
93881,"Obesity prevalence in adults, (using adjusted self-reported height and weight)",,,E92000001,England,England,Persons,18+ yrs,Level of education,No qualification,2018/19,33.81233,32.96703,34.68915,32.39593,35.19082,,11557,,,Worse,Not compared,20180000,,,1y
93881,"Obesity prevalence in adults, (using adjusted self-reported height and weight)",,,E92000001,England,England,Persons,18+ yrs,Level of education,Another type of qualification,2018/19,25.67103,24.69958,26.64577,24.12487,27.18132,,7656,,,Worse,Not compared,20180000,,,1y
93881,"Obesity prevalence in adults, (using adjusted self-reported height and weight)",,,E92000001,England,England,Persons,18+ yrs,Level of education,Level 1 and below,2018/19,27.92655,26.3404,29.45761,25.43635,30.39277,,3208,,,Worse,Not compared,20180000,,,1y
93881,"Obesity prevalence in adults, (using adjusted self-reported height and weight)",,,E92000001,England,England,Persons,18+ yrs,Level of education,Level 2 and equivalent,2018/19,28.05202,27.48143,28.61934,27.17799,28.91879,,25046,,,Worse,Not compared,20180000,,,1y
93881,"Obesity prevalence in adults, (using adjusted self-reported height and weight)",,,E92000001,England,England,Persons,18+ yrs,Level of education,Level 3 and equivalent,2018/19,25.63446,25.07535,26.20739,24.76473,26.53146,,22528,,,Worse,Not compared,20180000,,,1y
93881,"Obesity prevalence in adults, (using adjusted self-reported height and weight)",,,E92000001,England,England,Persons,18+ yrs,Level of education,Level 4 and above,2018/19,19.08554,18.81834,19.35953,18.65277,19.51024,,80937,,,Better,Not compared,20180000,,,1y
93881,"Obesity prevalence in adults, (using adjusted self-reported height and weight)",,,E92000001,England,England,Persons,18+ yrs,Socioeconomic class,"Managerial, administrative and professional occupations",2018/19,18.32622,18.06108,18.59409,17.91309,18.75086,,79735,People aged 75 and over are excluded from NS-SeC (National Statistics Socio-economic Classification) economic activity questions in the Active Lives Adult Survey,,Better,Not compared,20180000,,,1y
93881,"Obesity prevalence in adults, (using adjusted self-reported height and weight)",,,E92000001,England,England,Persons,18+ yrs,Socioeconomic class,Intermediate occupations,2018/19,22.00171,21.32933,22.66533,20.94856,23.02611,,14970,People aged 75 and over are excluded from NS-SeC (National Statistics Socio-economic Classification) economic activity questions in the Active Lives Adult Survey,,Better,Not compared,20180000,,,1y
93881,"Obesity prevalence in adults, (using adjusted self-reported height and weight)",,,E92000001,England,England,Persons,18+ yrs,Socioeconomic class,Self-employed and small employers,2018/19,21.28594,20.52439,22.0899,20.08257,22.5125,,10412,People aged 75 and over are excluded from NS-SeC (National Statistics Socio-economic Classification) economic activity questions in the Active Lives Adult Survey,,Better,Not compared,20180000,,,1y
93881,"Obesity prevalence in adults, (using adjusted self-reported height and weight)",,,E92000001,England,England,Persons,18+ yrs,Socioeconomic class,Lower supervisory and technical occupations,2018/19,25.32488,24.50562,26.16324,23.98216,26.65765,,10316,People aged 75 and over are excluded from NS-SeC (National Statistics Socio-economic Classification) economic activity questions in the Active Lives Adult Survey,,Worse,Not compared,20180000,,,1y
93881,"Obesity prevalence in adults, (using adjusted self-reported height and weight)",,,E92000001,England,England,Persons,18+ yrs,Socioeconomic class,Semi-routine and routine occupations,2018/19,26.09244,25.35274,26.83017,24.95382,27.24386,,13537,People aged 75 and over are excluded from NS-SeC (National Statistics Socio-economic Classification) economic activity questions in the Active Lives Adult Survey,,Worse,Not compared,20180000,,,1y
93881,"Obesity prevalence in adults, (using adjusted self-reported height and weight)",,,E92000001,England,England,Persons,18+ yrs,Socioeconomic class,Long term unemployed or never worked,2018/19,28.60136,26.79684,30.4113,25.88276,31.36689,,2407,People aged 75 and over are excluded from NS-SeC (National Statistics Socio-economic Classification) economic activity questions in the Active Lives Adult Survey,,Worse,Not compared,20180000,,,1y
93881,"Obesity prevalence in adults, (using adjusted self-reported height and weight)",,,E92000001,England,England,Persons,18+ yrs,Socioeconomic class,Students,2018/19,17.83272,16.509,19.13335,15.80714,19.92676,,3277,People aged 75 and over are excluded from NS-SeC (National Statistics Socio-economic Classification) economic activity questions in the Active Lives Adult Survey,,Better,Not compared,20180000,,,1y
93881,"Obesity prevalence in adults, (using adjusted self-reported height and weight)",,,E92000001,England,England,Persons,18+ yrs,Socioeconomic class,Other/unclassified,2018/19,20.7333,19.4094,22.10436,18.63532,22.79243,,3488,People aged 75 and over are excluded from NS-SeC (National Statistics Socio-economic Classification) economic activity questions in the Active Lives Adult Survey,,Better,Not compared,20180000,,,1y
93881,"Obesity prevalence in adults, (using adjusted self-reported height and weight)",,,E92000001,England,England,Persons,18-24 yrs,,,2018/19,10.44181,9.70082,11.19674,9.35326,11.61984,,6618,,,Not compared,Not compared,20180000,,,1y
93881,"Obesity prevalence in adults, (using adjusted self-reported height and weight)",E92000001,England,E92000001,England,England,Male,18+ yrs,,,2018/19,24.01014,23.70376,24.3281,23.52477,24.51272,,70955,,,Similar,Not compared,20180000,,,1y
93881,"Obesity prevalence in adults, (using adjusted self-reported height and weight)",E92000001,England,E92000001,England,England,Female,18+ yrs,,,2018/19,23.01766,22.73711,23.30542,22.57668,23.48521,,82882,,,Similar,Not compared,20180000,,,1y
93881,"Obesity prevalence in adults, (using adjusted self-reported height and weight)",E92000001,England,E92000001,England,England,Persons,85+ yrs,,,2018/19,21.09378,19.59064,22.66082,18.74996,23.53805,,2736,,,Similar,Not compared,20180000,,,1y
93881,"Obesity prevalence in adults, (using adjusted self-reported height and weight)",E92000001,England,E92000001,England,England,Persons,25-34 yrs,,,2018/19,19.47771,18.91421,20.02743,18.51851,20.34928,,18954,,,Similar,Not compared,20180000,,,1y
93881,"Obesity prevalence in adults, (using adjusted self-reported height and weight)",E92000001,England,E92000001,England,England,Persons,35-44 yrs,,,2018/19,23.38942,22.85418,23.92203,22.52064,24.24723,,23978,,,Similar,Not compared,20180000,,,1y
93881,"Obesity prevalence in adults, (using adjusted self-reported height and weight)",E92000001,England,E92000001,England,England,Persons,45-54 yrs,,,2018/19,27.16236,26.63889,27.68807,26.34868,27.98571,,26878,,,Similar,Not compared,20180000,,,1y
93881,"Obesity prevalence in adults, (using adjusted self-reported height and weight)",E92000001,England,E92000001,England,England,Persons,55-64 yrs,,,2018/19,29.3108,28.80573,29.81994,28.49761,30.0992,,31157,,,Similar,Not compared,20180000,,,1y
93881,"Obesity prevalence in adults, (using adjusted self-reported height and weight)",E92000001,England,E92000001,England,England,Persons,65-74 yrs,,,2018/19,27.04808,26.54384,27.54524,26.24601,27.86597,,30557,,,Similar,Not compared,20180000,,,1y
93881,"Obesity prevalence in adults, (using adjusted self-reported height and weight)",E92000001,England,E92000001,England,England,Persons,75-84 yrs,,,2018/19,24.81355,24.08365,25.57296,23.62063,25.9974,,12959,,,Similar,Not compared,20180000,,,1y
93881,"Obesity prevalence in adults, (using adjusted self-reported height and weight)",E92000001,England,E92000001,England,England,Persons,18+ yrs,,,2018/19,23.50096,23.29284,23.71211,23.17323,23.83237,,153837,,,Similar,Not compared,20180000,,,1y
93881,"Obesity prevalence in adults, (using adjusted self-reported height and weight)",E92000001,England,E92000001,England,England,Persons,18+ yrs,Working status,Inactive,2018/19,30.22795,29.83958,30.62744,29.61881,30.86697,,53439,,,Worse,Not compared,20180000,,,1y
93881,"Obesity prevalence in adults, (using adjusted self-reported height and weight)",E92000001,England,E92000001,England,England,Persons,18+ yrs,Working status,Unemployed,2018/19,29.25645,27.78865,30.77998,27.03377,31.56279,,3577,,,Worse,Not compared,20180000,,,1y
93881,"Obesity prevalence in adults, (using adjusted self-reported height and weight)",E92000001,England,E92000001,England,England,Persons,18+ yrs,Working status,Working,2018/19,23.09568,22.81059,23.37452,22.65542,23.54591,,86359,,,Better,Not compared,20180000,,,1y
93881,"Obesity prevalence in adults, (using adjusted self-reported height and weight)",E92000001,England,E92000001,England,England,Persons,18+ yrs,Disability,Disabled,2018/19,38.5837,37.99602,39.16357,37.64687,39.48644,,26637,,,Worse,Not compared,20180000,,,1y
93881,"Obesity prevalence in adults, (using adjusted self-reported height and weight)",E92000001,England,E92000001,England,England,Persons,18+ yrs,Disability,Not disabled,2018/19,20.0271,19.80259,20.25689,19.66794,20.37005,,121065,,,Better,Not compared,20180000,,,1y
93881,"Obesity prevalence in adults, (using adjusted self-reported height and weight)",E92000001,England,E92000001,England,England,Persons,18+ yrs,Ethnic groups,White British,2018/19,24.28482,24.05408,24.52706,23.92047,24.65459,,131724,,,Worse,Not compared,20180000,,,1y
93881,"Obesity prevalence in adults, (using adjusted self-reported height and weight)",E92000001,England,E92000001,England,England,Persons,18+ yrs,Ethnic groups,White Other,2018/19,18.56697,17.73844,19.41233,17.19653,19.90608,,8304,,,Better,Not compared,20180000,,,1y
93881,"Obesity prevalence in adults, (using adjusted self-reported height and weight)",E92000001,England,E92000001,England,England,Persons,18+ yrs,Ethnic groups,Asian,2018/19,16.96578,15.94691,17.98467,15.42344,18.48944,,5349,,,Better,Not compared,20180000,,,1y
93881,"Obesity prevalence in adults, (using adjusted self-reported height and weight)",E92000001,England,E92000001,England,England,Persons,18+ yrs,Ethnic groups,Black,2018/19,34.3011,31.97115,36.59856,30.52873,37.98089,,1664,,,Worse,Not compared,20180000,,,1y
93881,"Obesity prevalence in adults, (using adjusted self-reported height and weight)",E92000001,England,E92000001,England,England,Persons,18+ yrs,Ethnic groups,Chinese,2018/19,6.11805,4.47761,7.83582,3.73122,8.95522,,804,,,Better,Not compared,20180000,,,1y
93881,"Obesity prevalence in adults, (using adjusted self-reported height and weight)",E92000001,England,E92000001,England,England,Persons,18+ yrs,Ethnic groups,Mixed,2018/19,22.17287,20.17699,24.18879,19.11504,25.54572,,1695,,,Similar,Not compared,20180000,,,1y
93881,"Obesity prevalence in adults, (using adjusted self-reported height and weight)",E92000001,England,E92000001,England,England,Persons,18+ yrs,Ethnic groups,Other,2018/19,18.4814,16.14786,20.9144,14.88327,22.56809,,1028,,,Better,Not compared,20180000,,,1y
93881,"Obesity prevalence in adults, (using adjusted self-reported height and weight)",E92000001,England,E92000001,England,England,Persons,18+ yrs,LSOA11 deprivation deciles within area (IMD  trend),Most deprived decile,2018/19,31.90991,31.12573,32.69467,30.7353,33.13572,,13831,,,Worse,Not compared,20180000,,,1y
93881,"Obesity prevalence in adults, (using adjusted self-reported height and weight)",E92000001,England,E92000001,England,England,Persons,18+ yrs,LSOA11 deprivation deciles within area (IMD  trend),Second most deprived decile,2018/19,28.2923,27.56928,29.01533,27.15227,29.41889,,14868,,,Worse,Not compared,20180000,,,1y
93881,"Obesity prevalence in adults, (using adjusted self-reported height and weight)",E92000001,England,E92000001,England,England,Persons,18+ yrs,LSOA11 deprivation deciles within area (IMD  trend),Third more deprived decile,2018/19,25.71145,25.01966,26.40289,24.67223,26.7698,,15256,,,Worse,Not compared,20180000,,,1y
93881,"Obesity prevalence in adults, (using adjusted self-reported height and weight)",E92000001,England,E92000001,England,England,Persons,18+ yrs,LSOA11 deprivation deciles within area (IMD  trend),Fourth more deprived decile,2018/19,24.19003,23.50587,24.85731,23.10569,25.23127,,15243,,,Worse,Not compared,20180000,,,1y
93881,"Obesity prevalence in adults, (using adjusted self-reported height and weight)",E92000001,England,E92000001,England,England,Persons,18+ yrs,LSOA11 deprivation deciles within area (IMD  trend),Fifth more deprived decile,2018/19,22.94492,22.27289,23.6063,21.88746,23.9723,,15301,,,Similar,Not compared,20180000,,,1y
93881,"Obesity prevalence in adults, (using adjusted self-reported height and weight)",E92000001,England,E92000001,England,England,Persons,18+ yrs,LSOA11 deprivation deciles within area (IMD  trend),Fifth less deprived decile,2018/19,21.68206,21.05713,22.3085,20.71533,22.7173,,16384,,,Better,Not compared,20180000,,,1y
93881,"Obesity prevalence in adults, (using adjusted self-reported height and weight)",E92000001,England,E92000001,England,England,Persons,18+ yrs,LSOA11 deprivation deciles within area (IMD  trend),Fourth less deprived decile,2018/19,20.73742,20.08479,21.3859,19.7398,21.73769,,15066,,,Better,Not compared,20180000,,,1y
93881,"Obesity prevalence in adults, (using adjusted self-reported height and weight)",E92000001,England,E92000001,England,England,Persons,18+ yrs,LSOA11 deprivation deciles within area (IMD  trend),Third less deprived decile,2018/19,20.42829,19.79885,21.05763,19.45093,21.44349,,15809,,,Better,Not compared,20180000,,,1y
93881,"Obesity prevalence in adults, (using adjusted self-reported height and weight)",E92000001,England,E92000001,England,England,Persons,18+ yrs,LSOA11 deprivation deciles within area (IMD  trend),Second least deprived decile,2018/19,19.84938,19.21465,20.47198,18.83423,20.83306,,15509,,,Better,Not compared,20180000,,,1y
93881,"Obesity prevalence in adults, (using adjusted self-reported height and weight)",E92000001,England,E92000001,England,England,Persons,18+ yrs,LSOA11 deprivation deciles within area (IMD  trend),Least deprived decile,2018/19,17.85412,17.27218,18.4309,16.98852,18.76283,,16570,,,Better,Not compared,20180000,,,1y
93881,"Obesity prevalence in adults, (using adjusted self-reported height and weight)",E92000001,England,E92000001,England,England,Persons,18+ yrs,Level of education,No qualification,2018/19,33.81233,32.96703,34.68915,32.39593,35.19082,,11557,,,Worse,Not compared,20180000,,,1y
93881,"Obesity prevalence in adults, (using adjusted self-reported height and weight)",E92000001,England,E92000001,England,England,Persons,18+ yrs,Level of education,Another type of qualification,2018/19,25.67103,24.69958,26.64577,24.12487,27.18132,,7656,,,Worse,Not compared,20180000,,,1y
93881,"Obesity prevalence in adults, (using adjusted self-reported height and weight)",E92000001,England,E92000001,England,England,Persons,18+ yrs,Level of education,Level 1 and below,2018/19,27.92655,26.3404,29.45761,25.43635,30.39277,,3208,,,Worse,Not compared,20180000,,,1y
93881,"Obesity prevalence in adults, (using adjusted self-reported height and weight)",E92000001,England,E92000001,England,England,Persons,18+ yrs,Level of education,Level 2 and equivalent,2018/19,28.05202,27.48143,28.61934,27.17799,28.91879,,25046,,,Worse,Not compared,20180000,,,1y
93881,"Obesity prevalence in adults, (using adjusted self-reported height and weight)",E92000001,England,E92000001,England,England,Persons,18+ yrs,Level of education,Level 3 and equivalent,2018/19,25.63446,25.07535,26.20739,24.76473,26.53146,,22528,,,Worse,Not compared,20180000,,,1y
93881,"Obesity prevalence in adults, (using adjusted self-reported height and weight)",E92000001,England,E92000001,England,England,Persons,18+ yrs,Level of education,Level 4 and above,2018/19,19.08554,18.81834,19.35953,18.65277,19.51024,,80937,,,Better,Not compared,20180000,,,1y
93881,"Obesity prevalence in adults, (using adjusted self-reported height and weight)",E92000001,England,E92000001,England,England,Persons,18+ yrs,Socioeconomic class,"Managerial, administrative and professional occupations",2018/19,18.32622,18.06108,18.59409,17.91309,18.75086,,79735,People aged 75 and over are excluded from NS-SeC (National Statistics Socio-economic Classification) economic activity questions in the Active Lives Adult Survey,,Better,Not compared,20180000,,,1y
93881,"Obesity prevalence in adults, (using adjusted self-reported height and weight)",E92000001,England,E92000001,England,England,Persons,18+ yrs,Socioeconomic class,Intermediate occupations,2018/19,22.00171,21.32933,22.66533,20.94856,23.02611,,14970,People aged 75 and over are excluded from NS-SeC (National Statistics Socio-economic Classification) economic activity questions in the Active Lives Adult Survey,,Better,Not compared,20180000,,,1y
93881,"Obesity prevalence in adults, (using adjusted self-reported height and weight)",E92000001,England,E92000001,England,England,Persons,18+ yrs,Socioeconomic class,Self-employed and small employers,2018/19,21.28594,20.52439,22.0899,20.08257,22.5125,,10412,People aged 75 and over are excluded from NS-SeC (National Statistics Socio-economic Classification) economic activity questions in the Active Lives Adult Survey,,Better,Not compared,20180000,,,1y
93881,"Obesity prevalence in adults, (using adjusted self-reported height and weight)",E92000001,England,E92000001,England,England,Persons,18+ yrs,Socioeconomic class,Lower supervisory and technical occupations,2018/19,25.32488,24.50562,26.16324,23.98216,26.65765,,10316,People aged 75 and over are excluded from NS-SeC (National Statistics Socio-economic Classification) economic activity questions in the Active Lives Adult Survey,,Worse,Not compared,20180000,,,1y
93881,"Obesity prevalence in adults, (using adjusted self-reported height and weight)",E92000001,England,E92000001,England,England,Persons,18+ yrs,Socioeconomic class,Semi-routine and routine occupations,2018/19,26.09244,25.35274,26.83017,24.95382,27.24386,,13537,People aged 75 and over are excluded from NS-SeC (National Statistics Socio-economic Classification) economic activity questions in the Active Lives Adult Survey,,Worse,Not compared,20180000,,,1y
93881,"Obesity prevalence in adults, (using adjusted self-reported height and weight)",E92000001,England,E92000001,England,England,Persons,18+ yrs,Socioeconomic class,Long term unemployed or never worked,2018/19,28.60136,26.79684,30.4113,25.88276,31.36689,,2407,People aged 75 and over are excluded from NS-SeC (National Statistics Socio-economic Classification) economic activity questions in the Active Lives Adult Survey,,Worse,Not compared,20180000,,,1y
93881,"Obesity prevalence in adults, (using adjusted self-reported height and weight)",E92000001,England,E92000001,England,England,Persons,18+ yrs,Socioeconomic class,Students,2018/19,17.83272,16.509,19.13335,15.80714,19.92676,,3277,People aged 75 and over are excluded from NS-SeC (National Statistics Socio-economic Classification) economic activity questions in the Active Lives Adult Survey,,Better,Not compared,20180000,,,1y
93881,"Obesity prevalence in adults, (using adjusted self-reported height and weight)",E92000001,England,E92000001,England,England,Persons,18+ yrs,Socioeconomic class,Other/unclassified,2018/19,20.7333,19.4094,22.10436,18.63532,22.79243,,3488,People aged 75 and over are excluded from NS-SeC (National Statistics Socio-economic Classification) economic activity questions in the Active Lives Adult Survey,,Better,Not compared,20180000,,,1y
93881,"Obesity prevalence in adults, (using adjusted self-reported height and weight)",E92000001,England,E92000001,England,England,Persons,18-24 yrs,,,2018/19,10.44181,9.70082,11.19674,9.35326,11.61984,,6618,,,Similar,Not compared,20180000,,,1y
93881,"Obesity prevalence in adults, (using adjusted self-reported height and weight)",,,E92000001,England,England,Male,18+ yrs,,,2019/20,24.72208,24.40578,25.04134,24.20303,25.21533,,69545,,,Not compared,Not compared,20190000,,,1y
93881,"Obesity prevalence in adults, (using adjusted self-reported height and weight)",,,E92000001,England,England,Female,18+ yrs,,,2019/20,24.01973,23.72793,24.30972,23.57533,24.48863,,79931,,,Not compared,Not compared,20190000,,,1y
93881,"Obesity prevalence in adults, (using adjusted self-reported height and weight)",,,E92000001,England,England,Persons,85+ yrs,,,2019/20,18.6701,17.14957,20.2036,16.2881,21.065,,2554,,,Not compared,Not compared,20190000,,,1y
93881,"Obesity prevalence in adults, (using adjusted self-reported height and weight)",,,E92000001,England,England,Persons,25-34 yrs,,,2019/20,20.35769,19.77871,20.93783,19.46258,21.24869,,18980,,,Not compared,Not compared,20190000,,,1y
93881,"Obesity prevalence in adults, (using adjusted self-reported height and weight)",,,E92000001,England,England,Persons,35-44 yrs,,,2019/20,23.6559,23.08984,24.19462,22.76283,24.53047,,22629,,,Not compared,Not compared,20190000,,,1y
93881,"Obesity prevalence in adults, (using adjusted self-reported height and weight)",,,E92000001,England,England,Persons,45-54 yrs,,,2019/20,28.33745,27.778,28.8888,27.47181,29.19496,,25477,,,Not compared,Not compared,20190000,,,1y
93881,"Obesity prevalence in adults, (using adjusted self-reported height and weight)",,,E92000001,England,England,Persons,55-64 yrs,,,2019/20,30.13947,29.63856,30.65283,29.34783,30.9502,,30268,,,Not compared,Not compared,20190000,,,1y
93881,"Obesity prevalence in adults, (using adjusted self-reported height and weight)",,,E92000001,England,England,Persons,65-74 yrs,,,2019/20,28.27724,27.74448,28.78984,27.45164,29.14056,,29368,,,Not compared,Not compared,20190000,,,1y
93881,"Obesity prevalence in adults, (using adjusted self-reported height and weight)",,,E92000001,England,England,Persons,75-84 yrs,,,2019/20,25.44852,24.6834,26.18488,24.31939,26.60955,,13187,,,Not compared,Not compared,20190000,,,1y
93881,"Obesity prevalence in adults, (using adjusted self-reported height and weight)",,,E92000001,England,England,Persons,18+ yrs,,,2019/20,24.35666,24.13765,24.57318,24.03128,24.7237,,149476,,,Not compared,Not compared,20190000,,,1y
93881,"Obesity prevalence in adults, (using adjusted self-reported height and weight)",,,E92000001,England,England,Persons,18+ yrs,Working status,Inactive,2019/20,29.54982,29.15615,29.9505,28.94876,30.17357,,51111,,,Worse,Not compared,20190000,,,1y
93881,"Obesity prevalence in adults, (using adjusted self-reported height and weight)",,,E92000001,England,England,Persons,18+ yrs,Working status,Unemployed,2019/20,31.70638,30.37744,33.08322,29.51337,33.76535,,4398,,,Worse,Not compared,20190000,,,1y
93881,"Obesity prevalence in adults, (using adjusted self-reported height and weight)",,,E92000001,England,England,Persons,18+ yrs,Working status,Working,2019/20,23.34086,23.05793,23.6238,22.89248,23.78801,,83416,,,Better,Not compared,20190000,,,1y
93881,"Obesity prevalence in adults, (using adjusted self-reported height and weight)",,,E92000001,England,England,Persons,18+ yrs,Disability,Disabled,2019/20,40.39458,39.7988,40.98665,39.46218,41.32328,,25845,,,Worse,Not compared,20190000,,,1y
93881,"Obesity prevalence in adults, (using adjusted self-reported height and weight)",,,E92000001,England,England,Persons,18+ yrs,Disability,Not disabled,2019/20,20.77784,20.54323,21.01584,20.41638,21.14016,,117440,,,Better,Not compared,20190000,,,1y
93881,"Obesity prevalence in adults, (using adjusted self-reported height and weight)",,,E92000001,England,England,Persons,18+ yrs,Ethnic groups,White British,2019/20,25.30697,25.07139,25.54737,24.93293,25.68424,,127113,,,Worse,Not compared,20190000,,,1y
93881,"Obesity prevalence in adults, (using adjusted self-reported height and weight)",,,E92000001,England,England,Persons,18+ yrs,Ethnic groups,White Other,2019/20,20.17369,19.32134,21.04818,18.81415,21.55538,,8281,,,Better,Not compared,20190000,,,1y
93881,"Obesity prevalence in adults, (using adjusted self-reported height and weight)",,,E92000001,England,England,Persons,18+ yrs,Ethnic groups,Asian,2019/20,18.13383,17.14236,19.13164,16.60612,19.6506,,5781,,,Better,Not compared,20190000,,,1y
93881,"Obesity prevalence in adults, (using adjusted self-reported height and weight)",,,E92000001,England,England,Persons,18+ yrs,Ethnic groups,Black,2019/20,32.42601,30.17341,34.68208,29.01728,35.95376,,1730,,,Worse,Not compared,20190000,,,1y
93881,"Obesity prevalence in adults, (using adjusted self-reported height and weight)",,,E92000001,England,England,Persons,18+ yrs,Ethnic groups,Chinese,2019/20,4.90032,3.46476,6.45161,2.74791,7.28793,,837,,,Better,Not compared,20190000,,,1y
93881,"Obesity prevalence in adults, (using adjusted self-reported height and weight)",,,E92000001,England,England,Persons,18+ yrs,Ethnic groups,Mixed,2019/20,23.35878,21.36752,25.29915,20.2849,26.4388,,1755,,,Similar,Not compared,20190000,,,1y
93881,"Obesity prevalence in adults, (using adjusted self-reported height and weight)",,,E92000001,England,England,Persons,18+ yrs,Ethnic groups,Other,2019/20,21.53851,19.14132,23.97138,17.889,25.31315,,1118,,,Better,Not compared,20190000,,,1y
93881,"Obesity prevalence in adults, (using adjusted self-reported height and weight)",,,E92000001,England,England,Persons,18+ yrs,LSOA11 deprivation deciles within area (IMD  trend),Most deprived decile,2019/20,33.62176,32.82704,34.42782,32.34105,34.85415,,13370,,,Worse,Not compared,20190000,,,1y
93881,"Obesity prevalence in adults, (using adjusted self-reported height and weight)",,,E92000001,England,England,Persons,18+ yrs,LSOA11 deprivation deciles within area (IMD  trend),Second most deprived decile,2019/20,29.59109,28.81615,30.34699,28.41521,30.79167,,13718,,,Worse,Not compared,20190000,,,1y
93881,"Obesity prevalence in adults, (using adjusted self-reported height and weight)",,,E92000001,England,England,Persons,18+ yrs,LSOA11 deprivation deciles within area (IMD  trend),Third more deprived decile,2019/20,25.69672,24.9913,26.41877,24.61526,26.86444,,14361,,,Worse,Not compared,20190000,,,1y
93881,"Obesity prevalence in adults, (using adjusted self-reported height and weight)",,,E92000001,England,England,Persons,18+ yrs,LSOA11 deprivation deciles within area (IMD  trend),Fourth more deprived decile,2019/20,25.88547,25.17887,26.6098,24.73169,27.112,,14536,,,Worse,Not compared,20190000,,,1y
93881,"Obesity prevalence in adults, (using adjusted self-reported height and weight)",,,E92000001,England,England,Persons,18+ yrs,LSOA11 deprivation deciles within area (IMD  trend),Fifth more deprived decile,2019/20,23.29483,22.66838,23.92903,22.30652,24.26171,,17134,,,Better,Not compared,20190000,,,1y
93881,"Obesity prevalence in adults, (using adjusted self-reported height and weight)",,,E92000001,England,England,Persons,18+ yrs,LSOA11 deprivation deciles within area (IMD  trend),Fifth less deprived decile,2019/20,22.98863,22.28613,23.6906,21.83846,24.07777,,13174,,,Better,Not compared,20190000,,,1y
93881,"Obesity prevalence in adults, (using adjusted self-reported height and weight)",,,E92000001,England,England,Persons,18+ yrs,LSOA11 deprivation deciles within area (IMD  trend),Fourth less deprived decile,2019/20,22.64586,22.04252,23.2598,21.67104,23.64844,,17498,,,Better,Not compared,20190000,,,1y
93881,"Obesity prevalence in adults, (using adjusted self-reported height and weight)",,,E92000001,England,England,Persons,18+ yrs,LSOA11 deprivation deciles within area (IMD  trend),Third less deprived decile,2019/20,21.93465,21.25135,22.60599,20.84517,22.9514,,14766,,,Better,Not compared,20190000,,,1y
93881,"Obesity prevalence in adults, (using adjusted self-reported height and weight)",,,E92000001,England,England,Persons,18+ yrs,LSOA11 deprivation deciles within area (IMD  trend),Second least deprived decile,2019/20,20.25071,19.59926,20.89175,19.21628,21.29523,,14623,,,Better,Not compared,20190000,,,1y
93881,"Obesity prevalence in adults, (using adjusted self-reported height and weight)",,,E92000001,England,England,Persons,18+ yrs,LSOA11 deprivation deciles within area (IMD  trend),Least deprived decile,2019/20,17.64586,17.06554,18.24374,16.76485,18.59966,,16296,,,Better,Not compared,20190000,,,1y
93881,"Obesity prevalence in adults, (using adjusted self-reported height and weight)",,,E92000001,England,England,Persons,18+ yrs,Level of education,No qualification,2019/20,35.5642,34.25872,36.82283,33.52612,37.63256,,5187,,,Worse,Not compared,20190000,,,1y
93881,"Obesity prevalence in adults, (using adjusted self-reported height and weight)",,,E92000001,England,England,Persons,18+ yrs,Level of education,Another type of qualification,2019/20,24.04393,22.81964,25.25402,22.05756,26.07961,,4724,,,Similar,Not compared,20190000,,,1y
93881,"Obesity prevalence in adults, (using adjusted self-reported height and weight)",,,E92000001,England,England,Persons,18+ yrs,Level of education,Level 1 and below,2019/20,32.69614,30.25388,35.19041,28.91396,36.60085,,1418,,,Worse,Not compared,20190000,,,1y
93881,"Obesity prevalence in adults, (using adjusted self-reported height and weight)",,,E92000001,England,England,Persons,18+ yrs,Level of education,Level 2 and equivalent,2019/20,30.29737,29.58631,31.01089,29.17573,31.44012,,16075,,,Worse,Not compared,20190000,,,1y
93881,"Obesity prevalence in adults, (using adjusted self-reported height and weight)",,,E92000001,England,England,Persons,18+ yrs,Level of education,Level 3 and equivalent,2019/20,26.99818,26.31868,27.67399,25.91573,28.06473,,16380,,,Worse,Not compared,20190000,,,1y
93881,"Obesity prevalence in adults, (using adjusted self-reported height and weight)",,,E92000001,England,England,Persons,18+ yrs,Level of education,Level 4 and above,2019/20,19.90064,19.58472,20.22021,19.4148,20.40373,,58852,,,Better,Not compared,20190000,,,1y
93881,"Obesity prevalence in adults, (using adjusted self-reported height and weight)",,,E92000001,England,England,Persons,18+ yrs,Socioeconomic class,"Managerial, administrative and professional occupations",2019/20,19.23269,18.95679,19.51098,18.8163,19.67381,,76152,People aged 75 and over are excluded from NS-SeC (National Statistics Socio-economic Classification) economic activity questions in the Active Lives Adult Survey,,Better,Not compared,20190000,,,1y
93881,"Obesity prevalence in adults, (using adjusted self-reported height and weight)",,,E92000001,England,England,Persons,18+ yrs,Socioeconomic class,Intermediate occupations,2019/20,22.9247,22.24894,23.62275,21.85739,23.99371,,14558,People aged 75 and over are excluded from NS-SeC (National Statistics Socio-economic Classification) economic activity questions in the Active Lives Adult Survey,,Better,Not compared,20190000,,,1y
93881,"Obesity prevalence in adults, (using adjusted self-reported height and weight)",,,E92000001,England,England,Persons,18+ yrs,Socioeconomic class,Self-employed and small employers,2019/20,21.72727,20.91218,22.53521,20.45315,23.00469,,9798,People aged 75 and over are excluded from NS-SeC (National Statistics Socio-economic Classification) economic activity questions in the Active Lives Adult Survey,,Better,Not compared,20190000,,,1y
93881,"Obesity prevalence in adults, (using adjusted self-reported height and weight)",,,E92000001,England,England,Persons,18+ yrs,Socioeconomic class,Lower supervisory and technical occupations,2019/20,25.67655,24.82658,26.5171,24.33806,26.95654,,10235,People aged 75 and over are excluded from NS-SeC (National Statistics Socio-economic Classification) economic activity questions in the Active Lives Adult Survey,,Worse,Not compared,20190000,,,1y
93881,"Obesity prevalence in adults, (using adjusted self-reported height and weight)",,,E92000001,England,England,Persons,18+ yrs,Socioeconomic class,Semi-routine and routine occupations,2019/20,27.39928,26.64154,28.14926,26.13645,28.57897,,13265,People aged 75 and over are excluded from NS-SeC (National Statistics Socio-economic Classification) economic activity questions in the Active Lives Adult Survey,,Worse,Not compared,20190000,,,1y
93881,"Obesity prevalence in adults, (using adjusted self-reported height and weight)",,,E92000001,England,England,Persons,18+ yrs,Socioeconomic class,Long term unemployed or never worked,2019/20,32.41423,30.63209,34.27877,29.45701,35.37277,,2468,People aged 75 and over are excluded from NS-SeC (National Statistics Socio-economic Classification) economic activity questions in the Active Lives Adult Survey,,Worse,Not compared,20190000,,,1y
93881,"Obesity prevalence in adults, (using adjusted self-reported height and weight)",,,E92000001,England,England,Persons,18+ yrs,Socioeconomic class,Students,2019/20,22.40011,20.97964,23.81233,20.21245,24.60906,,3389,People aged 75 and over are excluded from NS-SeC (National Statistics Socio-economic Classification) economic activity questions in the Active Lives Adult Survey,,Better,Not compared,20190000,,,1y
93881,"Obesity prevalence in adults, (using adjusted self-reported height and weight)",,,E92000001,England,England,Persons,18+ yrs,Socioeconomic class,Other/unclassified,2019/20,22.18543,20.90375,23.51421,20.07747,24.26357,,3870,People aged 75 and over are excluded from NS-SeC (National Statistics Socio-economic Classification) economic activity questions in the Active Lives Adult Survey,,Better,Not compared,20190000,,,1y
93881,"Obesity prevalence in adults, (using adjusted self-reported height and weight)",,,E92000001,England,England,Persons,18-24 yrs,,,2019/20,12.34732,11.62127,13.13275,11.22194,13.63183,,7013,,,Not compared,Not compared,20190000,,,1y
93881,"Obesity prevalence in adults, (using adjusted self-reported height and weight)",E92000001,England,E92000001,England,England,Male,18+ yrs,,,2019/20,24.72208,24.40578,25.04134,24.20303,25.21533,,69545,,,Similar,Not compared,20190000,,,1y
93881,"Obesity prevalence in adults, (using adjusted self-reported height and weight)",E92000001,England,E92000001,England,England,Female,18+ yrs,,,2019/20,24.01973,23.72793,24.30972,23.57533,24.48863,,79931,,,Similar,Not compared,20190000,,,1y
93881,"Obesity prevalence in adults, (using adjusted self-reported height and weight)",E92000001,England,E92000001,England,England,Persons,85+ yrs,,,2019/20,18.6701,17.14957,20.2036,16.2881,21.065,,2554,,,Similar,Not compared,20190000,,,1y
93881,"Obesity prevalence in adults, (using adjusted self-reported height and weight)",E92000001,England,E92000001,England,England,Persons,25-34 yrs,,,2019/20,20.35769,19.77871,20.93783,19.46258,21.24869,,18980,,,Similar,Not compared,20190000,,,1y
93881,"Obesity prevalence in adults, (using adjusted self-reported height and weight)",E92000001,England,E92000001,England,England,Persons,35-44 yrs,,,2019/20,23.6559,23.08984,24.19462,22.76283,24.53047,,22629,,,Similar,Not compared,20190000,,,1y
93881,"Obesity prevalence in adults, (using adjusted self-reported height and weight)",E92000001,England,E92000001,England,England,Persons,45-54 yrs,,,2019/20,28.33745,27.778,28.8888,27.47181,29.19496,,25477,,,Similar,Not compared,20190000,,,1y
93881,"Obesity prevalence in adults, (using adjusted self-reported height and weight)",E92000001,England,E92000001,England,England,Persons,55-64 yrs,,,2019/20,30.13947,29.63856,30.65283,29.34783,30.9502,,30268,,,Similar,Not compared,20190000,,,1y
93881,"Obesity prevalence in adults, (using adjusted self-reported height and weight)",E92000001,England,E92000001,England,England,Persons,65-74 yrs,,,2019/20,28.27724,27.74448,28.78984,27.45164,29.14056,,29368,,,Similar,Not compared,20190000,,,1y
93881,"Obesity prevalence in adults, (using adjusted self-reported height and weight)",E92000001,England,E92000001,England,England,Persons,75-84 yrs,,,2019/20,25.44852,24.6834,26.18488,24.31939,26.60955,,13187,,,Similar,Not compared,20190000,,,1y
93881,"Obesity prevalence in adults, (using adjusted self-reported height and weight)",E92000001,England,E92000001,England,England,Persons,18+ yrs,,,2019/20,24.35666,24.13765,24.57318,24.03128,24.7237,,149476,,,Similar,Not compared,20190000,,,1y
93881,"Obesity prevalence in adults, (using adjusted self-reported height and weight)",E92000001,England,E92000001,England,England,Persons,18+ yrs,Working status,Inactive,2019/20,29.54982,29.15615,29.9505,28.94876,30.17357,,51111,,,Worse,Not compared,20190000,,,1y
93881,"Obesity prevalence in adults, (using adjusted self-reported height and weight)",E92000001,England,E92000001,England,England,Persons,18+ yrs,Working status,Unemployed,2019/20,31.70638,30.37744,33.08322,29.51337,33.76535,,4398,,,Worse,Not compared,20190000,,,1y
93881,"Obesity prevalence in adults, (using adjusted self-reported height and weight)",E92000001,England,E92000001,England,England,Persons,18+ yrs,Working status,Working,2019/20,23.34086,23.05793,23.6238,22.89248,23.78801,,83416,,,Better,Not compared,20190000,,,1y
93881,"Obesity prevalence in adults, (using adjusted self-reported height and weight)",E92000001,England,E92000001,England,England,Persons,18+ yrs,Disability,Disabled,2019/20,40.39458,39.7988,40.98665,39.46218,41.32328,,25845,,,Worse,Not compared,20190000,,,1y
93881,"Obesity prevalence in adults, (using adjusted self-reported height and weight)",E92000001,England,E92000001,England,England,Persons,18+ yrs,Disability,Not disabled,2019/20,20.77784,20.54323,21.01584,20.41638,21.14016,,117440,,,Better,Not compared,20190000,,,1y
93881,"Obesity prevalence in adults, (using adjusted self-reported height and weight)",E92000001,England,E92000001,England,England,Persons,18+ yrs,Ethnic groups,White British,2019/20,25.30697,25.07139,25.54737,24.93293,25.68424,,127113,,,Worse,Not compared,20190000,,,1y
93881,"Obesity prevalence in adults, (using adjusted self-reported height and weight)",E92000001,England,E92000001,England,England,Persons,18+ yrs,Ethnic groups,White Other,2019/20,20.17369,19.32134,21.04818,18.81415,21.55538,,8281,,,Better,Not compared,20190000,,,1y
93881,"Obesity prevalence in adults, (using adjusted self-reported height and weight)",E92000001,England,E92000001,England,England,Persons,18+ yrs,Ethnic groups,Asian,2019/20,18.13383,17.14236,19.13164,16.60612,19.6506,,5781,,,Better,Not compared,20190000,,,1y
93881,"Obesity prevalence in adults, (using adjusted self-reported height and weight)",E92000001,England,E92000001,England,England,Persons,18+ yrs,Ethnic groups,Black,2019/20,32.42601,30.17341,34.68208,29.01728,35.95376,,1730,,,Worse,Not compared,20190000,,,1y
93881,"Obesity prevalence in adults, (using adjusted self-reported height and weight)",E92000001,England,E92000001,England,England,Persons,18+ yrs,Ethnic groups,Chinese,2019/20,4.90032,3.46476,6.45161,2.74791,7.28793,,837,,,Better,Not compared,20190000,,,1y
93881,"Obesity prevalence in adults, (using adjusted self-reported height and weight)",E92000001,England,E92000001,England,England,Persons,18+ yrs,Ethnic groups,Mixed,2019/20,23.35878,21.36752,25.29915,20.2849,26.4388,,1755,,,Similar,Not compared,20190000,,,1y
93881,"Obesity prevalence in adults, (using adjusted self-reported height and weight)",E92000001,England,E92000001,England,England,Persons,18+ yrs,Ethnic groups,Other,2019/20,21.53851,19.14132,23.97138,17.889,25.31315,,1118,,,Better,Not compared,20190000,,,1y
93881,"Obesity prevalence in adults, (using adjusted self-reported height and weight)",E92000001,England,E92000001,England,England,Persons,18+ yrs,LSOA11 deprivation deciles within area (IMD  trend),Most deprived decile,2019/20,33.62176,32.82704,34.42782,32.34105,34.85415,,13370,,,Worse,Not compared,20190000,,,1y
93881,"Obesity prevalence in adults, (using adjusted self-reported height and weight)",E92000001,England,E92000001,England,England,Persons,18+ yrs,LSOA11 deprivation deciles within area (IMD  trend),Second most deprived decile,2019/20,29.59109,28.81615,30.34699,28.41521,30.79167,,13718,,,Worse,Not compared,20190000,,,1y
93881,"Obesity prevalence in adults, (using adjusted self-reported height and weight)",E92000001,England,E92000001,England,England,Persons,18+ yrs,LSOA11 deprivation deciles within area (IMD  trend),Third more deprived decile,2019/20,25.69672,24.9913,26.41877,24.61526,26.86444,,14361,,,Worse,Not compared,20190000,,,1y
93881,"Obesity prevalence in adults, (using adjusted self-reported height and weight)",E92000001,England,E92000001,England,England,Persons,18+ yrs,LSOA11 deprivation deciles within area (IMD  trend),Fourth more deprived decile,2019/20,25.88547,25.17887,26.6098,24.73169,27.112,,14536,,,Worse,Not compared,20190000,,,1y
93881,"Obesity prevalence in adults, (using adjusted self-reported height and weight)",E92000001,England,E92000001,England,England,Persons,18+ yrs,LSOA11 deprivation deciles within area (IMD  trend),Fifth more deprived decile,2019/20,23.29483,22.66838,23.92903,22.30652,24.26171,,17134,,,Better,Not compared,20190000,,,1y
93881,"Obesity prevalence in adults, (using adjusted self-reported height and weight)",E92000001,England,E92000001,England,England,Persons,18+ yrs,LSOA11 deprivation deciles within area (IMD  trend),Fifth less deprived decile,2019/20,22.98863,22.28613,23.6906,21.83846,24.07777,,13174,,,Better,Not compared,20190000,,,1y
93881,"Obesity prevalence in adults, (using adjusted self-reported height and weight)",E92000001,England,E92000001,England,England,Persons,18+ yrs,LSOA11 deprivation deciles within area (IMD  trend),Fourth less deprived decile,2019/20,22.64586,22.04252,23.2598,21.67104,23.64844,,17498,,,Better,Not compared,20190000,,,1y
93881,"Obesity prevalence in adults, (using adjusted self-reported height and weight)",E92000001,England,E92000001,England,England,Persons,18+ yrs,LSOA11 deprivation deciles within area (IMD  trend),Third less deprived decile,2019/20,21.93465,21.25135,22.60599,20.84517,22.9514,,14766,,,Better,Not compared,20190000,,,1y
93881,"Obesity prevalence in adults, (using adjusted self-reported height and weight)",E92000001,England,E92000001,England,England,Persons,18+ yrs,LSOA11 deprivation deciles within area (IMD  trend),Second least deprived decile,2019/20,20.25071,19.59926,20.89175,19.21628,21.29523,,14623,,,Better,Not compared,20190000,,,1y
93881,"Obesity prevalence in adults, (using adjusted self-reported height and weight)",E92000001,England,E92000001,England,England,Persons,18+ yrs,LSOA11 deprivation deciles within area (IMD  trend),Least deprived decile,2019/20,17.64586,17.06554,18.24374,16.76485,18.59966,,16296,,,Better,Not compared,20190000,,,1y
93881,"Obesity prevalence in adults, (using adjusted self-reported height and weight)",E92000001,England,E92000001,England,England,Persons,18+ yrs,Level of education,No qualification,2019/20,35.5642,34.25872,36.82283,33.52612,37.63256,,5187,,,Worse,Not compared,20190000,,,1y
93881,"Obesity prevalence in adults, (using adjusted self-reported height and weight)",E92000001,England,E92000001,England,England,Persons,18+ yrs,Level of education,Another type of qualification,2019/20,24.04393,22.81964,25.25402,22.05756,26.07961,,4724,,,Similar,Not compared,20190000,,,1y
93881,"Obesity prevalence in adults, (using adjusted self-reported height and weight)",E92000001,England,E92000001,England,England,Persons,18+ yrs,Level of education,Level 1 and below,2019/20,32.69614,30.25388,35.19041,28.91396,36.60085,,1418,,,Worse,Not compared,20190000,,,1y
93881,"Obesity prevalence in adults, (using adjusted self-reported height and weight)",E92000001,England,E92000001,England,England,Persons,18+ yrs,Level of education,Level 2 and equivalent,2019/20,30.29737,29.58631,31.01089,29.17573,31.44012,,16075,,,Worse,Not compared,20190000,,,1y
93881,"Obesity prevalence in adults, (using adjusted self-reported height and weight)",E92000001,England,E92000001,England,England,Persons,18+ yrs,Level of education,Level 3 and equivalent,2019/20,26.99818,26.31868,27.67399,25.91573,28.06473,,16380,,,Worse,Not compared,20190000,,,1y
93881,"Obesity prevalence in adults, (using adjusted self-reported height and weight)",E92000001,England,E92000001,England,England,Persons,18+ yrs,Level of education,Level 4 and above,2019/20,19.90064,19.58472,20.22021,19.4148,20.40373,,58852,,,Better,Not compared,20190000,,,1y
93881,"Obesity prevalence in adults, (using adjusted self-reported height and weight)",E92000001,England,E92000001,England,England,Persons,18+ yrs,Socioeconomic class,"Managerial, administrative and professional occupations",2019/20,19.23269,18.95679,19.51098,18.8163,19.67381,,76152,People aged 75 and over are excluded from NS-SeC (National Statistics Socio-economic Classification) economic activity questions in the Active Lives Adult Survey,,Better,Not compared,20190000,,,1y
93881,"Obesity prevalence in adults, (using adjusted self-reported height and weight)",E92000001,England,E92000001,England,England,Persons,18+ yrs,Socioeconomic class,Intermediate occupations,2019/20,22.9247,22.24894,23.62275,21.85739,23.99371,,14558,People aged 75 and over are excluded from NS-SeC (National Statistics Socio-economic Classification) economic activity questions in the Active Lives Adult Survey,,Better,Not compared,20190000,,,1y
93881,"Obesity prevalence in adults, (using adjusted self-reported height and weight)",E92000001,England,E92000001,England,England,Persons,18+ yrs,Socioeconomic class,Self-employed and small employers,2019/20,21.72727,20.91218,22.53521,20.45315,23.00469,,9798,People aged 75 and over are excluded from NS-SeC (National Statistics Socio-economic Classification) economic activity questions in the Active Lives Adult Survey,,Better,Not compared,20190000,,,1y
93881,"Obesity prevalence in adults, (using adjusted self-reported height and weight)",E92000001,England,E92000001,England,England,Persons,18+ yrs,Socioeconomic class,Lower supervisory and technical occupations,2019/20,25.67655,24.82658,26.5171,24.33806,26.95654,,10235,People aged 75 and over are excluded from NS-SeC (National Statistics Socio-economic Classification) economic activity questions in the Active Lives Adult Survey,,Worse,Not compared,20190000,,,1y
93881,"Obesity prevalence in adults, (using adjusted self-reported height and weight)",E92000001,England,E92000001,England,England,Persons,18+ yrs,Socioeconomic class,Semi-routine and routine occupations,2019/20,27.39928,26.64154,28.14926,26.13645,28.57897,,13265,People aged 75 and over are excluded from NS-SeC (National Statistics Socio-economic Classification) economic activity questions in the Active Lives Adult Survey,,Worse,Not compared,20190000,,,1y
93881,"Obesity prevalence in adults, (using adjusted self-reported height and weight)",E92000001,England,E92000001,England,England,Persons,18+ yrs,Socioeconomic class,Long term unemployed or never worked,2019/20,32.41423,30.63209,34.27877,29.45701,35.37277,,2468,People aged 75 and over are excluded from NS-SeC (National Statistics Socio-economic Classification) economic activity questions in the Active Lives Adult Survey,,Worse,Not compared,20190000,,,1y
93881,"Obesity prevalence in adults, (using adjusted self-reported height and weight)",E92000001,England,E92000001,England,England,Persons,18+ yrs,Socioeconomic class,Students,2019/20,22.40011,20.97964,23.81233,20.21245,24.60906,,3389,People aged 75 and over are excluded from NS-SeC (National Statistics Socio-economic Classification) economic activity questions in the Active Lives Adult Survey,,Better,Not compared,20190000,,,1y
93881,"Obesity prevalence in adults, (using adjusted self-reported height and weight)",E92000001,England,E92000001,England,England,Persons,18+ yrs,Socioeconomic class,Other/unclassified,2019/20,22.18543,20.90375,23.51421,20.07747,24.26357,,3870,People aged 75 and over are excluded from NS-SeC (National Statistics Socio-economic Classification) economic activity questions in the Active Lives Adult Survey,,Better,Not compared,20190000,,,1y
93881,"Obesity prevalence in adults, (using adjusted self-reported height and weight)",E92000001,England,E92000001,England,England,Persons,18-24 yrs,,,2019/20,12.34732,11.62127,13.13275,11.22194,13.63183,,7013,,,Similar,Not compared,20190000,,,1y
93881,"Obesity prevalence in adults, (using adjusted self-reported height and weight)",,,E92000001,England,England,Male,18+ yrs,,,2020/21,25.17961,24.86389,25.50967,24.6829,25.69501,,69064,,,Not compared,Not compared,20200000,,,1y
93881,"Obesity prevalence in adults, (using adjusted self-reported height and weight)",,,E92000001,England,England,Female,18+ yrs,,,2020/21,25.28771,24.984,25.58379,24.82841,25.74813,,79699,,,Not compared,Not compared,20200000,,,1y
93881,"Obesity prevalence in adults, (using adjusted self-reported height and weight)",,,E92000001,England,England,Persons,85+ yrs,,,2020/21,20.081,18.63561,21.53078,17.90349,22.32945,,3005,,,Not compared,Not compared,20200000,,,1y
93881,"Obesity prevalence in adults, (using adjusted self-reported height and weight)",,,E92000001,England,England,Persons,25-34 yrs,,,2020/21,21.74584,21.14264,22.34686,20.79621,22.69879,,18186,,,Not compared,Not compared,20200000,,,1y
93881,"Obesity prevalence in adults, (using adjusted self-reported height and weight)",,,E92000001,England,England,Persons,35-44 yrs,,,2020/21,25.22104,24.66012,25.77736,24.33257,26.07798,,22287,,,Not compared,Not compared,20200000,,,1y
93881,"Obesity prevalence in adults, (using adjusted self-reported height and weight)",,,E92000001,England,England,Persons,45-54 yrs,,,2020/21,29.43822,28.872,30.0,28.54798,30.28,,25000,,,Not compared,Not compared,20200000,,,1y
93881,"Obesity prevalence in adults, (using adjusted self-reported height and weight)",,,E92000001,England,England,Persons,55-64 yrs,,,2020/21,30.12982,29.60963,30.66307,29.31626,30.93976,,29997,,,Not compared,Not compared,20200000,,,1y
93881,"Obesity prevalence in adults, (using adjusted self-reported height and weight)",,,E92000001,England,England,Persons,65-74 yrs,,,2020/21,29.07153,28.55656,29.58095,28.26101,29.87977,,29776,,,Not compared,Not compared,20200000,,,1y
93881,"Obesity prevalence in adults, (using adjusted self-reported height and weight)",,,E92000001,England,England,Persons,75-84 yrs,,,2020/21,26.10743,25.38941,26.84084,25.03539,27.21611,,14124,,,Not compared,Not compared,20200000,,,1y
93881,"Obesity prevalence in adults, (using adjusted self-reported height and weight)",,,E92000001,England,England,Persons,18+ yrs,,,2020/21,25.20737,24.99072,25.42366,24.88387,25.56079,,148763,,,Not compared,Not compared,20200000,,,1y
93881,"Obesity prevalence in adults, (using adjusted self-reported height and weight)",,,E92000001,England,England,Persons,18+ yrs,Working status,Inactive,2020/21,32.43955,32.03157,32.84549,31.78985,33.08155,,52954,,,Worse,Not compared,20200000,,,1y
93881,"Obesity prevalence in adults, (using adjusted self-reported height and weight)",,,E92000001,England,England,Persons,18+ yrs,Working status,Unemployed,2020/21,34.55845,33.20559,35.97836,32.43913,36.69975,,4436,,,Worse,Not compared,20200000,,,1y
93881,"Obesity prevalence in adults, (using adjusted self-reported height and weight)",,,E92000001,England,England,Persons,18+ yrs,Working status,Working,2020/21,24.35161,24.05844,24.63993,23.91184,24.80974,,81859,,,Better,Not compared,20200000,,,1y
93881,"Obesity prevalence in adults, (using adjusted self-reported height and weight)",,,E92000001,England,England,Persons,18+ yrs,Disability,Disabled,2020/21,40.50118,39.92149,41.09543,39.603,41.42133,,27003,,,Worse,Not compared,20200000,,,1y
93881,"Obesity prevalence in adults, (using adjusted self-reported height and weight)",,,E92000001,England,England,Persons,18+ yrs,Disability,Not disabled,2020/21,21.39543,21.15866,21.631,21.04035,21.78039,,115806,,,Better,Not compared,20200000,,,1y
93881,"Obesity prevalence in adults, (using adjusted self-reported height and weight)",,,E92000001,England,England,Persons,18+ yrs,Ethnic groups,White British,2020/21,26.35108,26.11283,26.5928,25.99223,26.73558,,126053,,,Worse,Not compared,20200000,,,1y
93881,"Obesity prevalence in adults, (using adjusted self-reported height and weight)",,,E92000001,England,England,Persons,18+ yrs,Ethnic groups,White Other,2020/21,20.3486,19.50626,21.19773,18.98527,21.719,,8633,,,Better,Not compared,20200000,,,1y
93881,"Obesity prevalence in adults, (using adjusted self-reported height and weight)",,,E92000001,England,England,Persons,18+ yrs,Ethnic groups,Asian,2020/21,18.01529,17.07438,18.99174,16.59501,19.52068,,6050,,,Better,Not compared,20200000,,,1y
93881,"Obesity prevalence in adults, (using adjusted self-reported height and weight)",,,E92000001,England,England,Persons,18+ yrs,Ethnic groups,Black,2020/21,30.96223,28.85979,33.06056,27.55046,34.31538,,1833,,,Worse,Not compared,20200000,,,1y
93881,"Obesity prevalence in adults, (using adjusted self-reported height and weight)",,,E92000001,England,England,Persons,18+ yrs,Ethnic groups,Chinese,2020/21,6.72124,5.17928,8.26693,4.38247,9.36255,,1004,,,Better,Not compared,20200000,,,1y
93881,"Obesity prevalence in adults, (using adjusted self-reported height and weight)",,,E92000001,England,England,Persons,18+ yrs,Ethnic groups,Mixed,2020/21,23.53991,21.63617,25.5113,20.61351,26.69543,,1858,,,Similar,Not compared,20200000,,,1y
93881,"Obesity prevalence in adults, (using adjusted self-reported height and weight)",,,E92000001,England,England,Persons,18+ yrs,Ethnic groups,Other,2020/21,27.46148,24.86957,30.08696,23.39122,31.47826,,1150,,,Similar,Not compared,20200000,,,1y
93881,"Obesity prevalence in adults, (using adjusted self-reported height and weight)",,,E92000001,England,England,Persons,18+ yrs,LSOA11 deprivation deciles within area (IMD  trend),Most deprived decile,2020/21,36.67602,35.67063,37.67085,35.13722,38.22648,,8999,,,Worse,Not compared,20200000,,,1y
93881,"Obesity prevalence in adults, (using adjusted self-reported height and weight)",,,E92000001,England,England,Persons,18+ yrs,LSOA11 deprivation deciles within area (IMD  trend),Second most deprived decile,2020/21,31.41865,30.50231,32.32085,29.98131,32.80253,,10173,,,Worse,Not compared,20200000,,,1y
93881,"Obesity prevalence in adults, (using adjusted self-reported height and weight)",,,E92000001,England,England,Persons,18+ yrs,LSOA11 deprivation deciles within area (IMD  trend),Third more deprived decile,2020/21,28.48548,27.65609,29.31329,27.1609,29.79162,,11708,,,Worse,Not compared,20200000,,,1y
93881,"Obesity prevalence in adults, (using adjusted self-reported height and weight)",,,E92000001,England,England,Persons,18+ yrs,LSOA11 deprivation deciles within area (IMD  trend),Fourth more deprived decile,2020/21,26.32362,25.56797,27.07505,25.14058,27.40502,,13337,,,Worse,Not compared,20200000,,,1y
93881,"Obesity prevalence in adults, (using adjusted self-reported height and weight)",,,E92000001,England,England,Persons,18+ yrs,LSOA11 deprivation deciles within area (IMD  trend),Fifth more deprived decile,2020/21,25.81488,25.11661,26.52476,24.74975,26.95183,,14986,,,Similar,Not compared,20200000,,,1y
93881,"Obesity prevalence in adults, (using adjusted self-reported height and weight)",,,E92000001,England,England,Persons,18+ yrs,LSOA11 deprivation deciles within area (IMD  trend),Fifth less deprived decile,2020/21,23.65504,22.98781,24.32726,22.60165,24.68324,,16574,,,Better,Not compared,20200000,,,1y
93881,"Obesity prevalence in adults, (using adjusted self-reported height and weight)",,,E92000001,England,England,Persons,18+ yrs,LSOA11 deprivation deciles within area (IMD  trend),Fourth less deprived decile,2020/21,24.2046,23.56106,24.85104,23.20239,25.29647,,17287,,,Better,Not compared,20200000,,,1y
93881,"Obesity prevalence in adults, (using adjusted self-reported height and weight)",,,E92000001,England,England,Persons,18+ yrs,LSOA11 deprivation deciles within area (IMD  trend),Third less deprived decile,2020/21,22.31322,21.70052,22.91597,21.37307,23.29337,,18018,,,Better,Not compared,20200000,,,1y
93881,"Obesity prevalence in adults, (using adjusted self-reported height and weight)",,,E92000001,England,England,Persons,18+ yrs,LSOA11 deprivation deciles within area (IMD  trend),Second least deprived decile,2020/21,21.73921,21.15714,22.32927,20.86275,22.63434,,18684,,,Better,Not compared,20200000,,,1y
93881,"Obesity prevalence in adults, (using adjusted self-reported height and weight)",,,E92000001,England,England,Persons,18+ yrs,LSOA11 deprivation deciles within area (IMD  trend),Least deprived decile,2020/21,19.12123,18.57135,19.68206,18.24499,19.96633,,18997,,,Better,Not compared,20200000,,,1y
93881,"Obesity prevalence in adults, (using adjusted self-reported height and weight)",,,E92000001,England,England,Persons,18+ yrs,Level of education,No qualification,2020/21,36.03748,35.15199,36.91794,34.60725,37.42753,,11382,,,Worse,Not compared,20200000,,,1y
93881,"Obesity prevalence in adults, (using adjusted self-reported height and weight)",,,E92000001,England,England,Persons,18+ yrs,Level of education,Another type of qualification,2020/21,27.20551,26.15974,28.24514,25.54971,28.85516,,7049,,,Worse,Not compared,20200000,,,1y
93881,"Obesity prevalence in adults, (using adjusted self-reported height and weight)",,,E92000001,England,England,Persons,18+ yrs,Level of education,Level 1 and below,2020/21,30.70057,29.04244,32.37461,28.2006,33.49705,,2851,,,Worse,Not compared,20200000,,,1y
93881,"Obesity prevalence in adults, (using adjusted self-reported height and weight)",,,E92000001,England,England,Persons,18+ yrs,Level of education,Level 2 and equivalent,2020/21,30.66461,30.08416,31.25664,29.78182,31.62024,,24478,,,Worse,Not compared,20200000,,,1y
93881,"Obesity prevalence in adults, (using adjusted self-reported height and weight)",,,E92000001,England,England,Persons,18+ yrs,Level of education,Level 3 and equivalent,2020/21,28.98398,28.38558,29.56221,28.09253,29.95294,,22522,,,Worse,Not compared,20200000,,,1y
93881,"Obesity prevalence in adults, (using adjusted self-reported height and weight)",,,E92000001,England,England,Persons,18+ yrs,Level of education,Level 4 and above,2020/21,20.46134,20.18302,20.75122,20.00693,20.92091,,77793,,,Better,Not compared,20200000,,,1y
93881,"Obesity prevalence in adults, (using adjusted self-reported height and weight)",,,E92000001,England,England,Persons,18+ yrs,Socioeconomic class,"Managerial, administrative and professional occupations",2020/21,20.26263,19.97351,20.55099,19.81722,20.69405,,75500,People aged 75 and over are excluded from NS-SeC (National Statistics Socio-economic Classification) economic activity questions in the Active Lives Adult Survey,,Better,Not compared,20200000,,,1y
93881,"Obesity prevalence in adults, (using adjusted self-reported height and weight)",,,E92000001,England,England,Persons,18+ yrs,Socioeconomic class,Intermediate occupations,2020/21,24.31529,23.63246,25.01731,23.19623,25.41201,,14442,People aged 75 and over are excluded from NS-SeC (National Statistics Socio-economic Classification) economic activity questions in the Active Lives Adult Survey,,Better,Not compared,20200000,,,1y
93881,"Obesity prevalence in adults, (using adjusted self-reported height and weight)",,,E92000001,England,England,Persons,18+ yrs,Socioeconomic class,Self-employed and small employers,2020/21,21.27532,20.42452,22.12476,19.96968,22.5796,,9234,People aged 75 and over are excluded from NS-SeC (National Statistics Socio-economic Classification) economic activity questions in the Active Lives Adult Survey,,Better,Not compared,20200000,,,1y
93881,"Obesity prevalence in adults, (using adjusted self-reported height and weight)",,,E92000001,England,England,Persons,18+ yrs,Socioeconomic class,Lower supervisory and technical occupations,2020/21,26.74075,25.8566,27.63325,25.39128,28.16201,,9456,People aged 75 and over are excluded from NS-SeC (National Statistics Socio-economic Classification) economic activity questions in the Active Lives Adult Survey,,Worse,Not compared,20200000,,,1y
93881,"Obesity prevalence in adults, (using adjusted self-reported height and weight)",,,E92000001,England,England,Persons,18+ yrs,Socioeconomic class,Semi-routine and routine occupations,2020/21,27.29104,26.55128,28.05532,26.0978,28.52392,,13231,People aged 75 and over are excluded from NS-SeC (National Statistics Socio-economic Classification) economic activity questions in the Active Lives Adult Survey,,Worse,Not compared,20200000,,,1y
93881,"Obesity prevalence in adults, (using adjusted self-reported height and weight)",,,E92000001,England,England,Persons,18+ yrs,Socioeconomic class,Long term unemployed or never worked,2020/21,31.9715,30.21785,33.66216,29.26915,34.60998,,2846,People aged 75 and over are excluded from NS-SeC (National Statistics Socio-economic Classification) economic activity questions in the Active Lives Adult Survey,,Worse,Not compared,20200000,,,1y
93881,"Obesity prevalence in adults, (using adjusted self-reported height and weight)",,,E92000001,England,England,Persons,18+ yrs,Socioeconomic class,Students,2020/21,22.11748,20.64638,23.5331,19.95604,24.38033,,3187,People aged 75 and over are excluded from NS-SeC (National Statistics Socio-economic Classification) economic activity questions in the Active Lives Adult Survey,,Better,Not compared,20200000,,,1y
93881,"Obesity prevalence in adults, (using adjusted self-reported height and weight)",,,E92000001,England,England,Persons,18+ yrs,Socioeconomic class,Other/unclassified,2020/21,23.78392,22.44516,25.14714,21.64259,25.81597,,3738,People aged 75 and over are excluded from NS-SeC (National Statistics Socio-economic Classification) economic activity questions in the Active Lives Adult Survey,,Better,Not compared,20200000,,,1y
93881,"Obesity prevalence in adults, (using adjusted self-reported height and weight)",,,E92000001,England,England,Persons,18-24 yrs,,,2020/21,12.02031,11.22417,12.82091,10.84843,13.27491,,6388,,,Not compared,Not compared,20200000,,,1y
93881,"Obesity prevalence in adults, (using adjusted self-reported height and weight)",E92000001,England,E92000001,England,England,Male,18+ yrs,,,2020/21,25.17961,24.86389,25.50967,24.6829,25.69501,,69064,,,Similar,Not compared,20200000,,,1y
93881,"Obesity prevalence in adults, (using adjusted self-reported height and weight)",E92000001,England,E92000001,England,England,Female,18+ yrs,,,2020/21,25.28771,24.984,25.58379,24.82841,25.74813,,79699,,,Similar,Not compared,20200000,,,1y
93881,"Obesity prevalence in adults, (using adjusted self-reported height and weight)",E92000001,England,E92000001,England,England,Persons,85+ yrs,,,2020/21,20.081,18.63561,21.53078,17.90349,22.32945,,3005,,,Similar,Not compared,20200000,,,1y
93881,"Obesity prevalence in adults, (using adjusted self-reported height and weight)",E92000001,England,E92000001,England,England,Persons,25-34 yrs,,,2020/21,21.74584,21.14264,22.34686,20.79621,22.69879,,18186,,,Similar,Not compared,20200000,,,1y
93881,"Obesity prevalence in adults, (using adjusted self-reported height and weight)",E92000001,England,E92000001,England,England,Persons,35-44 yrs,,,2020/21,25.22104,24.66012,25.77736,24.33257,26.07798,,22287,,,Similar,Not compared,20200000,,,1y
93881,"Obesity prevalence in adults, (using adjusted self-reported height and weight)",E92000001,England,E92000001,England,England,Persons,45-54 yrs,,,2020/21,29.43822,28.872,30.0,28.54798,30.28,,25000,,,Similar,Not compared,20200000,,,1y
93881,"Obesity prevalence in adults, (using adjusted self-reported height and weight)",E92000001,England,E92000001,England,England,Persons,55-64 yrs,,,2020/21,30.12982,29.60963,30.66307,29.31626,30.93976,,29997,,,Similar,Not compared,20200000,,,1y
93881,"Obesity prevalence in adults, (using adjusted self-reported height and weight)",E92000001,England,E92000001,England,England,Persons,65-74 yrs,,,2020/21,29.07153,28.55656,29.58095,28.26101,29.87977,,29776,,,Similar,Not compared,20200000,,,1y
93881,"Obesity prevalence in adults, (using adjusted self-reported height and weight)",E92000001,England,E92000001,England,England,Persons,75-84 yrs,,,2020/21,26.10743,25.38941,26.84084,25.03539,27.21611,,14124,,,Similar,Not compared,20200000,,,1y
93881,"Obesity prevalence in adults, (using adjusted self-reported height and weight)",E92000001,England,E92000001,England,England,Persons,18+ yrs,,,2020/21,25.20737,24.99072,25.42366,24.88387,25.56079,,148763,,,Similar,Not compared,20200000,,,1y
93881,"Obesity prevalence in adults, (using adjusted self-reported height and weight)",E92000001,England,E92000001,England,England,Persons,18+ yrs,Working status,Inactive,2020/21,32.43955,32.03157,32.84549,31.78985,33.08155,,52954,,,Worse,Not compared,20200000,,,1y
93881,"Obesity prevalence in adults, (using adjusted self-reported height and weight)",E92000001,England,E92000001,England,England,Persons,18+ yrs,Working status,Unemployed,2020/21,34.55845,33.20559,35.97836,32.43913,36.69975,,4436,,,Worse,Not compared,20200000,,,1y
93881,"Obesity prevalence in adults, (using adjusted self-reported height and weight)",E92000001,England,E92000001,England,England,Persons,18+ yrs,Working status,Working,2020/21,24.35161,24.05844,24.63993,23.91184,24.80974,,81859,,,Better,Not compared,20200000,,,1y
93881,"Obesity prevalence in adults, (using adjusted self-reported height and weight)",E92000001,England,E92000001,England,England,Persons,18+ yrs,Disability,Disabled,2020/21,40.50118,39.92149,41.09543,39.603,41.42133,,27003,,,Worse,Not compared,20200000,,,1y
93881,"Obesity prevalence in adults, (using adjusted self-reported height and weight)",E92000001,England,E92000001,England,England,Persons,18+ yrs,Disability,Not disabled,2020/21,21.39543,21.15866,21.631,21.04035,21.78039,,115806,,,Better,Not compared,20200000,,,1y
93881,"Obesity prevalence in adults, (using adjusted self-reported height and weight)",E92000001,England,E92000001,England,England,Persons,18+ yrs,Ethnic groups,White British,2020/21,26.35108,26.11283,26.5928,25.99223,26.73558,,126053,,,Worse,Not compared,20200000,,,1y
93881,"Obesity prevalence in adults, (using adjusted self-reported height and weight)",E92000001,England,E92000001,England,England,Persons,18+ yrs,Ethnic groups,White Other,2020/21,20.3486,19.50626,21.19773,18.98527,21.719,,8633,,,Better,Not compared,20200000,,,1y
93881,"Obesity prevalence in adults, (using adjusted self-reported height and weight)",E92000001,England,E92000001,England,England,Persons,18+ yrs,Ethnic groups,Asian,2020/21,18.01529,17.07438,18.99174,16.59501,19.52068,,6050,,,Better,Not compared,20200000,,,1y
93881,"Obesity prevalence in adults, (using adjusted self-reported height and weight)",E92000001,England,E92000001,England,England,Persons,18+ yrs,Ethnic groups,Black,2020/21,30.96223,28.85979,33.06056,27.55046,34.31538,,1833,,,Worse,Not compared,20200000,,,1y
93881,"Obesity prevalence in adults, (using adjusted self-reported height and weight)",E92000001,England,E92000001,England,England,Persons,18+ yrs,Ethnic groups,Chinese,2020/21,6.72124,5.17928,8.26693,4.38247,9.36255,,1004,,,Better,Not compared,20200000,,,1y
93881,"Obesity prevalence in adults, (using adjusted self-reported height and weight)",E92000001,England,E92000001,England,England,Persons,18+ yrs,Ethnic groups,Mixed,2020/21,23.53991,21.63617,25.5113,20.61351,26.69543,,1858,,,Similar,Not compared,20200000,,,1y
93881,"Obesity prevalence in adults, (using adjusted self-reported height and weight)",E92000001,England,E92000001,England,England,Persons,18+ yrs,Ethnic groups,Other,2020/21,27.46148,24.86957,30.08696,23.39122,31.47826,,1150,,,Similar,Not compared,20200000,,,1y
93881,"Obesity prevalence in adults, (using adjusted self-reported height and weight)",E92000001,England,E92000001,England,England,Persons,18+ yrs,LSOA11 deprivation deciles within area (IMD  trend),Most deprived decile,2020/21,36.67602,35.67063,37.67085,35.13722,38.22648,,8999,,,Worse,Not compared,20200000,,,1y
93881,"Obesity prevalence in adults, (using adjusted self-reported height and weight)",E92000001,England,E92000001,England,England,Persons,18+ yrs,LSOA11 deprivation deciles within area (IMD  trend),Second most deprived decile,2020/21,31.41865,30.50231,32.32085,29.98131,32.80253,,10173,,,Worse,Not compared,20200000,,,1y
93881,"Obesity prevalence in adults, (using adjusted self-reported height and weight)",E92000001,England,E92000001,England,England,Persons,18+ yrs,LSOA11 deprivation deciles within area (IMD  trend),Third more deprived decile,2020/21,28.48548,27.65609,29.31329,27.1609,29.79162,,11708,,,Worse,Not compared,20200000,,,1y
93881,"Obesity prevalence in adults, (using adjusted self-reported height and weight)",E92000001,England,E92000001,England,England,Persons,18+ yrs,LSOA11 deprivation deciles within area (IMD  trend),Fourth more deprived decile,2020/21,26.32362,25.56797,27.07505,25.14058,27.40502,,13337,,,Worse,Not compared,20200000,,,1y
93881,"Obesity prevalence in adults, (using adjusted self-reported height and weight)",E92000001,England,E92000001,England,England,Persons,18+ yrs,LSOA11 deprivation deciles within area (IMD  trend),Fifth more deprived decile,2020/21,25.81488,25.11661,26.52476,24.74975,26.95183,,14986,,,Similar,Not compared,20200000,,,1y
93881,"Obesity prevalence in adults, (using adjusted self-reported height and weight)",E92000001,England,E92000001,England,England,Persons,18+ yrs,LSOA11 deprivation deciles within area (IMD  trend),Fifth less deprived decile,2020/21,23.65504,22.98781,24.32726,22.60165,24.68324,,16574,,,Better,Not compared,20200000,,,1y
93881,"Obesity prevalence in adults, (using adjusted self-reported height and weight)",E92000001,England,E92000001,England,England,Persons,18+ yrs,LSOA11 deprivation deciles within area (IMD  trend),Fourth less deprived decile,2020/21,24.2046,23.56106,24.85104,23.20239,25.29647,,17287,,,Better,Not compared,20200000,,,1y
93881,"Obesity prevalence in adults, (using adjusted self-reported height and weight)",E92000001,England,E92000001,England,England,Persons,18+ yrs,LSOA11 deprivation deciles within area (IMD  trend),Third less deprived decile,2020/21,22.31322,21.70052,22.91597,21.37307,23.29337,,18018,,,Better,Not compared,20200000,,,1y
93881,"Obesity prevalence in adults, (using adjusted self-reported height and weight)",E92000001,England,E92000001,England,England,Persons,18+ yrs,LSOA11 deprivation deciles within area (IMD  trend),Second least deprived decile,2020/21,21.73921,21.15714,22.32927,20.86275,22.63434,,18684,,,Better,Not compared,20200000,,,1y
93881,"Obesity prevalence in adults, (using adjusted self-reported height and weight)",E92000001,England,E92000001,England,England,Persons,18+ yrs,LSOA11 deprivation deciles within area (IMD  trend),Least deprived decile,2020/21,19.12123,18.57135,19.68206,18.24499,19.96633,,18997,,,Better,Not compared,20200000,,,1y
93881,"Obesity prevalence in adults, (using adjusted self-reported height and weight)",E92000001,England,E92000001,England,England,Persons,18+ yrs,Level of education,No qualification,2020/21,36.03748,35.15199,36.91794,34.60725,37.42753,,11382,,,Worse,Not compared,20200000,,,1y
93881,"Obesity prevalence in adults, (using adjusted self-reported height and weight)",E92000001,England,E92000001,England,England,Persons,18+ yrs,Level of education,Another type of qualification,2020/21,27.20551,26.15974,28.24514,25.54971,28.85516,,7049,,,Worse,Not compared,20200000,,,1y
93881,"Obesity prevalence in adults, (using adjusted self-reported height and weight)",E92000001,England,E92000001,England,England,Persons,18+ yrs,Level of education,Level 1 and below,2020/21,30.70057,29.04244,32.37461,28.2006,33.49705,,2851,,,Worse,Not compared,20200000,,,1y
93881,"Obesity prevalence in adults, (using adjusted self-reported height and weight)",E92000001,England,E92000001,England,England,Persons,18+ yrs,Level of education,Level 2 and equivalent,2020/21,30.66461,30.08416,31.25664,29.78182,31.62024,,24478,,,Worse,Not compared,20200000,,,1y
93881,"Obesity prevalence in adults, (using adjusted self-reported height and weight)",E92000001,England,E92000001,England,England,Persons,18+ yrs,Level of education,Level 3 and equivalent,2020/21,28.98398,28.38558,29.56221,28.09253,29.95294,,22522,,,Worse,Not compared,20200000,,,1y
93881,"Obesity prevalence in adults, (using adjusted self-reported height and weight)",E92000001,England,E92000001,England,England,Persons,18+ yrs,Level of education,Level 4 and above,2020/21,20.46134,20.18302,20.75122,20.00693,20.92091,,77793,,,Better,Not compared,20200000,,,1y
93881,"Obesity prevalence in adults, (using adjusted self-reported height and weight)",E92000001,England,E92000001,England,England,Persons,18+ yrs,Socioeconomic class,"Managerial, administrative and professional occupations",2020/21,20.26263,19.97351,20.55099,19.81722,20.69405,,75500,People aged 75 and over are excluded from NS-SeC (National Statistics Socio-economic Classification) economic activity questions in the Active Lives Adult Survey,,Better,Not compared,20200000,,,1y
93881,"Obesity prevalence in adults, (using adjusted self-reported height and weight)",E92000001,England,E92000001,England,England,Persons,18+ yrs,Socioeconomic class,Intermediate occupations,2020/21,24.31529,23.63246,25.01731,23.19623,25.41201,,14442,People aged 75 and over are excluded from NS-SeC (National Statistics Socio-economic Classification) economic activity questions in the Active Lives Adult Survey,,Better,Not compared,20200000,,,1y
93881,"Obesity prevalence in adults, (using adjusted self-reported height and weight)",E92000001,England,E92000001,England,England,Persons,18+ yrs,Socioeconomic class,Self-employed and small employers,2020/21,21.27532,20.42452,22.12476,19.96968,22.5796,,9234,People aged 75 and over are excluded from NS-SeC (National Statistics Socio-economic Classification) economic activity questions in the Active Lives Adult Survey,,Better,Not compared,20200000,,,1y
93881,"Obesity prevalence in adults, (using adjusted self-reported height and weight)",E92000001,England,E92000001,England,England,Persons,18+ yrs,Socioeconomic class,Lower supervisory and technical occupations,2020/21,26.74075,25.8566,27.63325,25.39128,28.16201,,9456,People aged 75 and over are excluded from NS-SeC (National Statistics Socio-economic Classification) economic activity questions in the Active Lives Adult Survey,,Worse,Not compared,20200000,,,1y
93881,"Obesity prevalence in adults, (using adjusted self-reported height and weight)",E92000001,England,E92000001,England,England,Persons,18+ yrs,Socioeconomic class,Semi-routine and routine occupations,2020/21,27.29104,26.55128,28.05532,26.0978,28.52392,,13231,People aged 75 and over are excluded from NS-SeC (National Statistics Socio-economic Classification) economic activity questions in the Active Lives Adult Survey,,Worse,Not compared,20200000,,,1y
93881,"Obesity prevalence in adults, (using adjusted self-reported height and weight)",E92000001,England,E92000001,England,England,Persons,18+ yrs,Socioeconomic class,Long term unemployed or never worked,2020/21,31.9715,30.21785,33.66216,29.26915,34.60998,,2846,People aged 75 and over are excluded from NS-SeC (National Statistics Socio-economic Classification) economic activity questions in the Active Lives Adult Survey,,Worse,Not compared,20200000,,,1y
93881,"Obesity prevalence in adults, (using adjusted self-reported height and weight)",E92000001,England,E92000001,England,England,Persons,18+ yrs,Socioeconomic class,Students,2020/21,22.11748,20.64638,23.5331,19.95604,24.38033,,3187,People aged 75 and over are excluded from NS-SeC (National Statistics Socio-economic Classification) economic activity questions in the Active Lives Adult Survey,,Better,Not compared,20200000,,,1y
93881,"Obesity prevalence in adults, (using adjusted self-reported height and weight)",E92000001,England,E92000001,England,England,Persons,18+ yrs,Socioeconomic class,Other/unclassified,2020/21,23.78392,22.44516,25.14714,21.64259,25.81597,,3738,People aged 75 and over are excluded from NS-SeC (National Statistics Socio-economic Classification) economic activity questions in the Active Lives Adult Survey,,Better,Not compared,20200000,,,1y
93881,"Obesity prevalence in adults, (using adjusted self-reported height and weight)",E92000001,England,E92000001,England,England,Persons,18-24 yrs,,,2020/21,12.02031,11.22417,12.82091,10.84843,13.27491,,6388,,,Similar,Not compared,20200000,,,1y
93881,"Obesity prevalence in adults, (using adjusted self-reported height and weight)",,,E92000001,England,England,Male,18+ yrs,,,2021/22,25.7925,25.47248,26.1167,25.2823,26.29213,,67834,,,Not compared,Not compared,20210000,,,1y
93881,"Obesity prevalence in adults, (using adjusted self-reported height and weight)",,,E92000001,England,England,Female,18+ yrs,,,2021/22,26.09338,25.78281,26.3916,25.60562,26.56626,,79010,,,Not compared,Not compared,20210000,,,1y
93881,"Obesity prevalence in adults, (using adjusted self-reported height and weight)",,,E92000001,England,England,Persons,85+ yrs,,,2021/22,21.00381,19.55041,22.51362,18.69891,23.43324,,2936,,,Not compared,Not compared,20210000,,,1y
93881,"Obesity prevalence in adults, (using adjusted self-reported height and weight)",,,E92000001,England,England,Persons,25-34 yrs,,,2021/22,22.71927,22.10959,23.33151,21.76436,23.68221,,18250,,,Not compared,Not compared,20210000,,,1y
93881,"Obesity prevalence in adults, (using adjusted self-reported height and weight)",,,E92000001,England,England,Persons,35-44 yrs,,,2021/22,26.71471,26.12633,27.27719,25.79175,27.61174,,22418,,,Not compared,Not compared,20210000,,,1y
93881,"Obesity prevalence in adults, (using adjusted self-reported height and weight)",,,E92000001,England,England,Persons,45-54 yrs,,,2021/22,29.61431,29.04389,30.18831,28.76304,30.56548,,23857,,,Not compared,Not compared,20210000,,,1y
93881,"Obesity prevalence in adults, (using adjusted self-reported height and weight)",,,E92000001,England,England,Persons,55-64 yrs,,,2021/22,31.84551,31.31838,32.38872,31.02955,32.68094,,29430,,,Not compared,Not compared,20210000,,,1y
93881,"Obesity prevalence in adults, (using adjusted self-reported height and weight)",,,E92000001,England,England,Persons,65-74 yrs,,,2021/22,28.75653,28.2315,29.27038,27.96063,29.57211,,29166,,,Not compared,Not compared,20210000,,,1y
93881,"Obesity prevalence in adults, (using adjusted self-reported height and weight)",,,E92000001,England,England,Persons,75-84 yrs,,,2021/22,26.44818,25.74451,27.16615,25.32678,27.55694,,14842,,,Not compared,Not compared,20210000,,,1y
93881,"Obesity prevalence in adults, (using adjusted self-reported height and weight)",,,E92000001,England,England,Persons,18+ yrs,,,2021/22,25.92851,25.70006,26.15701,25.555,26.29321,,146844,,,Not compared,Not compared,20210000,,,1y
93881,"Obesity prevalence in adults, (using adjusted self-reported height and weight)",,,E92000001,England,England,Persons,18+ yrs,Working status,Inactive,2021/22,34.16957,33.76701,34.57805,33.5605,34.79771,,53265,,,Worse,Not compared,20210000,,,1y
93881,"Obesity prevalence in adults, (using adjusted self-reported height and weight)",,,E92000001,England,England,Persons,18+ yrs,Working status,Unemployed,2021/22,33.4791,31.89756,35.06985,30.93711,35.97206,,3436,,,Worse,Not compared,20210000,,,1y
93881,"Obesity prevalence in adults, (using adjusted self-reported height and weight)",,,E92000001,England,England,Persons,18+ yrs,Working status,Working,2021/22,25.40773,25.10643,25.70289,24.93219,25.87103,,81485,,,Better,Not compared,20210000,,,1y
93881,"Obesity prevalence in adults, (using adjusted self-reported height and weight)",,,E92000001,England,England,Persons,18+ yrs,Disability,Disabled,2021/22,41.3968,40.81539,41.97071,40.50284,42.32191,,28477,,,Worse,Not compared,20210000,,,1y
93881,"Obesity prevalence in adults, (using adjusted self-reported height and weight)",,,E92000001,England,England,Persons,18+ yrs,Disability,Not disabled,2021/22,21.90103,21.66308,22.13814,21.52709,22.26707,,113248,,,Better,Not compared,20210000,,,1y
93881,"Obesity prevalence in adults, (using adjusted self-reported height and weight)",,,E92000001,England,England,Persons,18+ yrs,Ethnic groups,White British,2021/22,27.313,27.06475,27.56148,26.93224,27.70051,,123005,,,Worse,Not compared,20210000,,,1y
93881,"Obesity prevalence in adults, (using adjusted self-reported height and weight)",,,E92000001,England,England,Persons,18+ yrs,Ethnic groups,White Other,2021/22,21.50452,20.62471,22.3795,20.15676,22.92935,,8548,,,Better,Not compared,20210000,,,1y
93881,"Obesity prevalence in adults, (using adjusted self-reported height and weight)",,,E92000001,England,England,Persons,18+ yrs,Ethnic groups,Asian,2021/22,17.99388,17.07133,18.94134,16.63399,19.45409,,6631,,,Better,Not compared,20210000,,,1y
93881,"Obesity prevalence in adults, (using adjusted self-reported height and weight)",,,E92000001,England,England,Persons,18+ yrs,Ethnic groups,Black,2021/22,33.65952,31.59705,35.72482,30.56506,36.85504,,2035,,,Worse,Not compared,20210000,,,1y
93881,"Obesity prevalence in adults, (using adjusted self-reported height and weight)",,,E92000001,England,England,Persons,18+ yrs,Ethnic groups,Chinese,2021/22,7.57792,6.06601,9.18822,5.17395,10.08037,,1121,,,Better,Not compared,20210000,,,1y
93881,"Obesity prevalence in adults, (using adjusted self-reported height and weight)",,,E92000001,England,England,Persons,18+ yrs,Ethnic groups,Mixed,2021/22,24.77641,22.8437,26.71197,21.7459,27.862,,1913,,,Similar,Not compared,20210000,,,1y
93881,"Obesity prevalence in adults, (using adjusted self-reported height and weight)",,,E92000001,England,England,Persons,18+ yrs,Ethnic groups,Other,2021/22,21.40432,19.08272,23.66912,17.85422,24.97961,,1221,,,Better,Not compared,20210000,,,1y
93881,"Obesity prevalence in adults, (using adjusted self-reported height and weight)",,,E92000001,England,England,Persons,18+ yrs,LSOA11 deprivation deciles within area (IMD  trend),Most deprived decile,2021/22,36.10914,35.13484,37.08738,34.54151,37.59439,,9270,,,Worse,Not compared,20210000,,,1y
93881,"Obesity prevalence in adults, (using adjusted self-reported height and weight)",,,E92000001,England,England,Persons,18+ yrs,LSOA11 deprivation deciles within area (IMD  trend),Second most deprived decile,2021/22,33.83378,32.92048,34.75892,32.39948,35.28952,,10173,,,Worse,Not compared,20210000,,,1y
93881,"Obesity prevalence in adults, (using adjusted self-reported height and weight)",,,E92000001,England,England,Persons,18+ yrs,LSOA11 deprivation deciles within area (IMD  trend),Third more deprived decile,2021/22,29.68824,28.87132,30.51164,28.42937,30.92811,,11766,,,Worse,Not compared,20210000,,,1y
93881,"Obesity prevalence in adults, (using adjusted self-reported height and weight)",,,E92000001,England,England,Persons,18+ yrs,LSOA11 deprivation deciles within area (IMD  trend),Fourth more deprived decile,2021/22,27.95271,27.18556,28.72125,26.75855,29.21569,,13349,,,Worse,Not compared,20210000,,,1y
93881,"Obesity prevalence in adults, (using adjusted self-reported height and weight)",,,E92000001,England,England,Persons,18+ yrs,LSOA11 deprivation deciles within area (IMD  trend),Fifth more deprived decile,2021/22,26.40727,25.70961,27.11576,25.3499,27.48855,,15290,,,Similar,Not compared,20210000,,,1y
93881,"Obesity prevalence in adults, (using adjusted self-reported height and weight)",,,E92000001,England,England,Persons,18+ yrs,LSOA11 deprivation deciles within area (IMD  trend),Fifth less deprived decile,2021/22,24.64977,23.97188,25.32832,23.62044,25.66127,,16219,,,Better,Not compared,20210000,,,1y
93881,"Obesity prevalence in adults, (using adjusted self-reported height and weight)",,,E92000001,England,England,Persons,18+ yrs,LSOA11 deprivation deciles within area (IMD  trend),Fourth less deprived decile,2021/22,23.897,23.26533,24.53446,22.85611,24.9081,,16862,,,Better,Not compared,20210000,,,1y
93881,"Obesity prevalence in adults, (using adjusted self-reported height and weight)",,,E92000001,England,England,Persons,18+ yrs,LSOA11 deprivation deciles within area (IMD  trend),Third less deprived decile,2021/22,23.56996,22.93372,24.21902,22.61094,24.54179,,17350,,,Better,Not compared,20210000,,,1y
93881,"Obesity prevalence in adults, (using adjusted self-reported height and weight)",,,E92000001,England,England,Persons,18+ yrs,LSOA11 deprivation deciles within area (IMD  trend),Second least deprived decile,2021/22,21.67994,21.07186,22.28435,20.74519,22.6553,,18062,,,Better,Not compared,20210000,,,1y
93881,"Obesity prevalence in adults, (using adjusted self-reported height and weight)",,,E92000001,England,England,Persons,18+ yrs,LSOA11 deprivation deciles within area (IMD  trend),Least deprived decile,2021/22,19.86626,19.29944,20.44547,18.98611,20.7534,,18503,,,Better,Not compared,20210000,,,1y
93881,"Obesity prevalence in adults, (using adjusted self-reported height and weight)",,,E92000001,England,England,Persons,18+ yrs,Level of education,No qualification,2021/22,34.92997,34.01079,35.83125,33.48102,36.38027,,10382,,,Worse,Not compared,20210000,,,1y
93881,"Obesity prevalence in adults, (using adjusted self-reported height and weight)",,,E92000001,England,England,Persons,18+ yrs,Level of education,Another type of qualification,2021/22,28.73453,27.63559,29.82937,27.0871,30.37782,,6564,,,Worse,Not compared,20210000,,,1y
93881,"Obesity prevalence in adults, (using adjusted self-reported height and weight)",,,E92000001,England,England,Persons,18+ yrs,Level of education,Level 1 and below,2021/22,33.65552,31.87739,35.47893,30.76621,36.51345,,2610,,,Worse,Not compared,20210000,,,1y
93881,"Obesity prevalence in adults, (using adjusted self-reported height and weight)",,,E92000001,England,England,Persons,18+ yrs,Level of education,Level 2 and equivalent,2021/22,31.45451,30.85314,32.03746,30.50933,32.33447,,23560,,,Worse,Not compared,20210000,,,1y
93881,"Obesity prevalence in adults, (using adjusted self-reported height and weight)",,,E92000001,England,England,Persons,18+ yrs,Level of education,Level 3 and equivalent,2021/22,30.20636,29.60538,30.80795,29.28024,31.12864,,22452,,,Worse,Not compared,20210000,,,1y
93881,"Obesity prevalence in adults, (using adjusted self-reported height and weight)",,,E92000001,England,England,Persons,18+ yrs,Level of education,Level 4 and above,2021/22,21.12786,20.83709,21.41833,20.68353,21.58458,,78797,,,Better,Not compared,20210000,,,1y
93881,"Obesity prevalence in adults, (using adjusted self-reported height and weight)",,,E92000001,England,England,Persons,18+ yrs,Socioeconomic class,"Managerial, administrative and professional occupations",2021/22,20.75258,20.46606,21.04013,20.2915,21.21469,,75608,People aged 75 and over are excluded from NS-SeC (National Statistics Socio-economic Classification) economic activity questions in the Active Lives Adult Survey,,Better,Not compared,20210000,,,1y
93881,"Obesity prevalence in adults, (using adjusted self-reported height and weight)",,,E92000001,England,England,Persons,18+ yrs,Socioeconomic class,Intermediate occupations,2021/22,25.62217,24.8702,26.36107,24.49191,26.7542,,13482,People aged 75 and over are excluded from NS-SeC (National Statistics Socio-economic Classification) economic activity questions in the Active Lives Adult Survey,,Similar,Not compared,20210000,,,1y
93881,"Obesity prevalence in adults, (using adjusted self-reported height and weight)",,,E92000001,England,England,Persons,18+ yrs,Socioeconomic class,Self-employed and small employers,2021/22,21.67917,20.8241,22.51883,20.38103,22.99514,,9028,People aged 75 and over are excluded from NS-SeC (National Statistics Socio-economic Classification) economic activity questions in the Active Lives Adult Survey,,Better,Not compared,20210000,,,1y
93881,"Obesity prevalence in adults, (using adjusted self-reported height and weight)",,,E92000001,England,England,Persons,18+ yrs,Socioeconomic class,Lower supervisory and technical occupations,2021/22,27.81936,26.90247,28.71383,26.33439,29.21759,,9330,People aged 75 and over are excluded from NS-SeC (National Statistics Socio-economic Classification) economic activity questions in the Active Lives Adult Survey,,Worse,Not compared,20210000,,,1y
93881,"Obesity prevalence in adults, (using adjusted self-reported height and weight)",,,E92000001,England,England,Persons,18+ yrs,Socioeconomic class,Semi-routine and routine occupations,2021/22,29.0414,28.25434,29.84992,27.80411,30.30806,,12660,People aged 75 and over are excluded from NS-SeC (National Statistics Socio-economic Classification) economic activity questions in the Active Lives Adult Survey,,Worse,Not compared,20210000,,,1y
93881,"Obesity prevalence in adults, (using adjusted self-reported height and weight)",,,E92000001,England,England,Persons,18+ yrs,Socioeconomic class,Long term unemployed or never worked,2021/22,31.04184,29.25117,32.87832,28.23709,34.04836,,2564,People aged 75 and over are excluded from NS-SeC (National Statistics Socio-economic Classification) economic activity questions in the Active Lives Adult Survey,,Worse,Not compared,20210000,,,1y
93881,"Obesity prevalence in adults, (using adjusted self-reported height and weight)",,,E92000001,England,England,Persons,18+ yrs,Socioeconomic class,Students,2021/22,26.06707,24.53427,27.69772,23.62032,28.64678,,2845,People aged 75 and over are excluded from NS-SeC (National Statistics Socio-economic Classification) economic activity questions in the Active Lives Adult Survey,,Similar,Not compared,20210000,,,1y
93881,"Obesity prevalence in adults, (using adjusted self-reported height and weight)",,,E92000001,England,England,Persons,18+ yrs,Socioeconomic class,Other/unclassified,2021/22,24.22456,22.82333,25.61285,22.03438,26.45816,,3549,People aged 75 and over are excluded from NS-SeC (National Statistics Socio-economic Classification) economic activity questions in the Active Lives Adult Survey,,Better,Not compared,20210000,,,1y
93881,"Obesity prevalence in adults, (using adjusted self-reported height and weight)",,,E92000001,England,England,Persons,18-24 yrs,,,2021/22,12.45103,11.60639,13.27166,11.16903,13.77628,,5945,,,Not compared,Not compared,20210000,,,1y
93881,"Obesity prevalence in adults, (using adjusted self-reported height and weight)",E92000001,England,E92000001,England,England,Male,18+ yrs,,,2021/22,25.7925,25.47248,26.1167,25.2823,26.29213,,67834,,,Similar,Not compared,20210000,,,1y
93881,"Obesity prevalence in adults, (using adjusted self-reported height and weight)",E92000001,England,E92000001,England,England,Female,18+ yrs,,,2021/22,26.09338,25.78281,26.3916,25.60562,26.56626,,79010,,,Similar,Not compared,20210000,,,1y
93881,"Obesity prevalence in adults, (using adjusted self-reported height and weight)",E92000001,England,E92000001,England,England,Persons,85+ yrs,,,2021/22,21.00381,19.55041,22.51362,18.69891,23.43324,,2936,,,Similar,Not compared,20210000,,,1y
93881,"Obesity prevalence in adults, (using adjusted self-reported height and weight)",E92000001,England,E92000001,England,England,Persons,25-34 yrs,,,2021/22,22.71927,22.10959,23.33151,21.76436,23.68221,,18250,,,Similar,Not compared,20210000,,,1y
93881,"Obesity prevalence in adults, (using adjusted self-reported height and weight)",E92000001,England,E92000001,England,England,Persons,35-44 yrs,,,2021/22,26.71471,26.12633,27.27719,25.79175,27.61174,,22418,,,Similar,Not compared,20210000,,,1y
93881,"Obesity prevalence in adults, (using adjusted self-reported height and weight)",E92000001,England,E92000001,England,England,Persons,45-54 yrs,,,2021/22,29.61431,29.04389,30.18831,28.76304,30.56548,,23857,,,Similar,Not compared,20210000,,,1y
93881,"Obesity prevalence in adults, (using adjusted self-reported height and weight)",E92000001,England,E92000001,England,England,Persons,55-64 yrs,,,2021/22,31.84551,31.31838,32.38872,31.02955,32.68094,,29430,,,Similar,Not compared,20210000,,,1y
93881,"Obesity prevalence in adults, (using adjusted self-reported height and weight)",E92000001,England,E92000001,England,England,Persons,65-74 yrs,,,2021/22,28.75653,28.2315,29.27038,27.96063,29.57211,,29166,,,Similar,Not compared,20210000,,,1y
93881,"Obesity prevalence in adults, (using adjusted self-reported height and weight)",E92000001,England,E92000001,England,England,Persons,75-84 yrs,,,2021/22,26.44818,25.74451,27.16615,25.32678,27.55694,,14842,,,Similar,Not compared,20210000,,,1y
93881,"Obesity prevalence in adults, (using adjusted self-reported height and weight)",E92000001,England,E92000001,England,England,Persons,18+ yrs,,,2021/22,25.92851,25.70006,26.15701,25.555,26.29321,,146844,,,Similar,Not compared,20210000,,,1y
93881,"Obesity prevalence in adults, (using adjusted self-reported height and weight)",E92000001,England,E92000001,England,England,Persons,18+ yrs,Working status,Inactive,2021/22,34.16957,33.76701,34.57805,33.5605,34.79771,,53265,,,Worse,Not compared,20210000,,,1y
93881,"Obesity prevalence in adults, (using adjusted self-reported height and weight)",E92000001,England,E92000001,England,England,Persons,18+ yrs,Working status,Unemployed,2021/22,33.4791,31.89756,35.06985,30.93711,35.97206,,3436,,,Worse,Not compared,20210000,,,1y
93881,"Obesity prevalence in adults, (using adjusted self-reported height and weight)",E92000001,England,E92000001,England,England,Persons,18+ yrs,Working status,Working,2021/22,25.40773,25.10643,25.70289,24.93219,25.87103,,81485,,,Better,Not compared,20210000,,,1y
93881,"Obesity prevalence in adults, (using adjusted self-reported height and weight)",E92000001,England,E92000001,England,England,Persons,18+ yrs,Disability,Disabled,2021/22,41.3968,40.81539,41.97071,40.50284,42.32191,,28477,,,Worse,Not compared,20210000,,,1y
93881,"Obesity prevalence in adults, (using adjusted self-reported height and weight)",E92000001,England,E92000001,England,England,Persons,18+ yrs,Disability,Not disabled,2021/22,21.90103,21.66308,22.13814,21.52709,22.26707,,113248,,,Better,Not compared,20210000,,,1y
93881,"Obesity prevalence in adults, (using adjusted self-reported height and weight)",E92000001,England,E92000001,England,England,Persons,18+ yrs,Ethnic groups,White British,2021/22,27.313,27.06475,27.56148,26.93224,27.70051,,123005,,,Worse,Not compared,20210000,,,1y
93881,"Obesity prevalence in adults, (using adjusted self-reported height and weight)",E92000001,England,E92000001,England,England,Persons,18+ yrs,Ethnic groups,White Other,2021/22,21.50452,20.62471,22.3795,20.15676,22.92935,,8548,,,Better,Not compared,20210000,,,1y
93881,"Obesity prevalence in adults, (using adjusted self-reported height and weight)",E92000001,England,E92000001,England,England,Persons,18+ yrs,Ethnic groups,Asian,2021/22,17.99388,17.07133,18.94134,16.63399,19.45409,,6631,,,Better,Not compared,20210000,,,1y
93881,"Obesity prevalence in adults, (using adjusted self-reported height and weight)",E92000001,England,E92000001,England,England,Persons,18+ yrs,Ethnic groups,Black,2021/22,33.65952,31.59705,35.72482,30.56506,36.85504,,2035,,,Worse,Not compared,20210000,,,1y
93881,"Obesity prevalence in adults, (using adjusted self-reported height and weight)",E92000001,England,E92000001,England,England,Persons,18+ yrs,Ethnic groups,Chinese,2021/22,7.57792,6.06601,9.18822,5.17395,10.08037,,1121,,,Better,Not compared,20210000,,,1y
93881,"Obesity prevalence in adults, (using adjusted self-reported height and weight)",E92000001,England,E92000001,England,England,Persons,18+ yrs,Ethnic groups,Mixed,2021/22,24.77641,22.8437,26.71197,21.7459,27.862,,1913,,,Similar,Not compared,20210000,,,1y
93881,"Obesity prevalence in adults, (using adjusted self-reported height and weight)",E92000001,England,E92000001,England,England,Persons,18+ yrs,Ethnic groups,Other,2021/22,21.40432,19.08272,23.66912,17.85422,24.97961,,1221,,,Better,Not compared,20210000,,,1y
93881,"Obesity prevalence in adults, (using adjusted self-reported height and weight)",E92000001,England,E92000001,England,England,Persons,18+ yrs,LSOA11 deprivation deciles within area (IMD  trend),Most deprived decile,2021/22,36.10914,35.13484,37.08738,34.54151,37.59439,,9270,,,Worse,Not compared,20210000,,,1y
93881,"Obesity prevalence in adults, (using adjusted self-reported height and weight)",E92000001,England,E92000001,England,England,Persons,18+ yrs,LSOA11 deprivation deciles within area (IMD  trend),Second most deprived decile,2021/22,33.83378,32.92048,34.75892,32.39948,35.28952,,10173,,,Worse,Not compared,20210000,,,1y
93881,"Obesity prevalence in adults, (using adjusted self-reported height and weight)",E92000001,England,E92000001,England,England,Persons,18+ yrs,LSOA11 deprivation deciles within area (IMD  trend),Third more deprived decile,2021/22,29.68824,28.87132,30.51164,28.42937,30.92811,,11766,,,Worse,Not compared,20210000,,,1y
93881,"Obesity prevalence in adults, (using adjusted self-reported height and weight)",E92000001,England,E92000001,England,England,Persons,18+ yrs,LSOA11 deprivation deciles within area (IMD  trend),Fourth more deprived decile,2021/22,27.95271,27.18556,28.72125,26.75855,29.21569,,13349,,,Worse,Not compared,20210000,,,1y
93881,"Obesity prevalence in adults, (using adjusted self-reported height and weight)",E92000001,England,E92000001,England,England,Persons,18+ yrs,LSOA11 deprivation deciles within area (IMD  trend),Fifth more deprived decile,2021/22,26.40727,25.70961,27.11576,25.3499,27.48855,,15290,,,Similar,Not compared,20210000,,,1y
93881,"Obesity prevalence in adults, (using adjusted self-reported height and weight)",E92000001,England,E92000001,England,England,Persons,18+ yrs,LSOA11 deprivation deciles within area (IMD  trend),Fifth less deprived decile,2021/22,24.64977,23.97188,25.32832,23.62044,25.66127,,16219,,,Better,Not compared,20210000,,,1y
93881,"Obesity prevalence in adults, (using adjusted self-reported height and weight)",E92000001,England,E92000001,England,England,Persons,18+ yrs,LSOA11 deprivation deciles within area (IMD  trend),Fourth less deprived decile,2021/22,23.897,23.26533,24.53446,22.85611,24.9081,,16862,,,Better,Not compared,20210000,,,1y
93881,"Obesity prevalence in adults, (using adjusted self-reported height and weight)",E92000001,England,E92000001,England,England,Persons,18+ yrs,LSOA11 deprivation deciles within area (IMD  trend),Third less deprived decile,2021/22,23.56996,22.93372,24.21902,22.61094,24.54179,,17350,,,Better,Not compared,20210000,,,1y
93881,"Obesity prevalence in adults, (using adjusted self-reported height and weight)",E92000001,England,E92000001,England,England,Persons,18+ yrs,LSOA11 deprivation deciles within area (IMD  trend),Second least deprived decile,2021/22,21.67994,21.07186,22.28435,20.74519,22.6553,,18062,,,Better,Not compared,20210000,,,1y
93881,"Obesity prevalence in adults, (using adjusted self-reported height and weight)",E92000001,England,E92000001,England,England,Persons,18+ yrs,LSOA11 deprivation deciles within area (IMD  trend),Least deprived decile,2021/22,19.86626,19.29944,20.44547,18.98611,20.7534,,18503,,,Better,Not compared,20210000,,,1y
93881,"Obesity prevalence in adults, (using adjusted self-reported height and weight)",E92000001,England,E92000001,England,England,Persons,18+ yrs,Level of education,No qualification,2021/22,34.92997,34.01079,35.83125,33.48102,36.38027,,10382,,,Worse,Not compared,20210000,,,1y
93881,"Obesity prevalence in adults, (using adjusted self-reported height and weight)",E92000001,England,E92000001,England,England,Persons,18+ yrs,Level of education,Another type of qualification,2021/22,28.73453,27.63559,29.82937,27.0871,30.37782,,6564,,,Worse,Not compared,20210000,,,1y
93881,"Obesity prevalence in adults, (using adjusted self-reported height and weight)",E92000001,England,E92000001,England,England,Persons,18+ yrs,Level of education,Level 1 and below,2021/22,33.65552,31.87739,35.47893,30.76621,36.51345,,2610,,,Worse,Not compared,20210000,,,1y
93881,"Obesity prevalence in adults, (using adjusted self-reported height and weight)",E92000001,England,E92000001,England,England,Persons,18+ yrs,Level of education,Level 2 and equivalent,2021/22,31.45451,30.85314,32.03746,30.50933,32.33447,,23560,,,Worse,Not compared,20210000,,,1y
93881,"Obesity prevalence in adults, (using adjusted self-reported height and weight)",E92000001,England,E92000001,England,England,Persons,18+ yrs,Level of education,Level 3 and equivalent,2021/22,30.20636,29.60538,30.80795,29.28024,31.12864,,22452,,,Worse,Not compared,20210000,,,1y
93881,"Obesity prevalence in adults, (using adjusted self-reported height and weight)",E92000001,England,E92000001,England,England,Persons,18+ yrs,Level of education,Level 4 and above,2021/22,21.12786,20.83709,21.41833,20.68353,21.58458,,78797,,,Better,Not compared,20210000,,,1y
93881,"Obesity prevalence in adults, (using adjusted self-reported height and weight)",E92000001,England,E92000001,England,England,Persons,18+ yrs,Socioeconomic class,"Managerial, administrative and professional occupations",2021/22,20.75258,20.46606,21.04013,20.2915,21.21469,,75608,People aged 75 and over are excluded from NS-SeC (National Statistics Socio-economic Classification) economic activity questions in the Active Lives Adult Survey,,Better,Not compared,20210000,,,1y
93881,"Obesity prevalence in adults, (using adjusted self-reported height and weight)",E92000001,England,E92000001,England,England,Persons,18+ yrs,Socioeconomic class,Intermediate occupations,2021/22,25.62217,24.8702,26.36107,24.49191,26.7542,,13482,People aged 75 and over are excluded from NS-SeC (National Statistics Socio-economic Classification) economic activity questions in the Active Lives Adult Survey,,Similar,Not compared,20210000,,,1y
93881,"Obesity prevalence in adults, (using adjusted self-reported height and weight)",E92000001,England,E92000001,England,England,Persons,18+ yrs,Socioeconomic class,Self-employed and small employers,2021/22,21.67917,20.8241,22.51883,20.38103,22.99514,,9028,People aged 75 and over are excluded from NS-SeC (National Statistics Socio-economic Classification) economic activity questions in the Active Lives Adult Survey,,Better,Not compared,20210000,,,1y
93881,"Obesity prevalence in adults, (using adjusted self-reported height and weight)",E92000001,England,E92000001,England,England,Persons,18+ yrs,Socioeconomic class,Lower supervisory and technical occupations,2021/22,27.81936,26.90247,28.71383,26.33439,29.21759,,9330,People aged 75 and over are excluded from NS-SeC (National Statistics Socio-economic Classification) economic activity questions in the Active Lives Adult Survey,,Worse,Not compared,20210000,,,1y
93881,"Obesity prevalence in adults, (using adjusted self-reported height and weight)",E92000001,England,E92000001,England,England,Persons,18+ yrs,Socioeconomic class,Semi-routine and routine occupations,2021/22,29.0414,28.25434,29.84992,27.80411,30.30806,,12660,People aged 75 and over are excluded from NS-SeC (National Statistics Socio-economic Classification) economic activity questions in the Active Lives Adult Survey,,Worse,Not compared,20210000,,,1y
93881,"Obesity prevalence in adults, (using adjusted self-reported height and weight)",E92000001,England,E92000001,England,England,Persons,18+ yrs,Socioeconomic class,Long term unemployed or never worked,2021/22,31.04184,29.25117,32.87832,28.23709,34.04836,,2564,People aged 75 and over are excluded from NS-SeC (National Statistics Socio-economic Classification) economic activity questions in the Active Lives Adult Survey,,Worse,Not compared,20210000,,,1y
93881,"Obesity prevalence in adults, (using adjusted self-reported height and weight)",E92000001,England,E92000001,England,England,Persons,18+ yrs,Socioeconomic class,Students,2021/22,26.06707,24.53427,27.69772,23.62032,28.64678,,2845,People aged 75 and over are excluded from NS-SeC (National Statistics Socio-economic Classification) economic activity questions in the Active Lives Adult Survey,,Similar,Not compared,20210000,,,1y
93881,"Obesity prevalence in adults, (using adjusted self-reported height and weight)",E92000001,England,E92000001,England,England,Persons,18+ yrs,Socioeconomic class,Other/unclassified,2021/22,24.22456,22.82333,25.61285,22.03438,26.45816,,3549,People aged 75 and over are excluded from NS-SeC (National Statistics Socio-economic Classification) economic activity questions in the Active Lives Adult Survey,,Better,Not compared,20210000,,,1y
93881,"Obesity prevalence in adults, (using adjusted self-reported height and weight)",E92000001,England,E92000001,England,England,Persons,18-24 yrs,,,2021/22,12.45103,11.60639,13.27166,11.16903,13.77628,,5945,,,Similar,Not compared,20210000,,,1y
93881,"Obesity prevalence in adults, (using adjusted self-reported height and weight)",,,E92000001,England,England,Male,18+ yrs,,,2022/23,26.35076,26.0103,26.68711,25.8411,26.89409,,66193,,,Not compared,Not compared,20220000,,,1y
93881,"Obesity prevalence in adults, (using adjusted self-reported height and weight)",,,E92000001,England,England,Female,18+ yrs,,,2022/23,26.17054,25.86029,26.48634,25.68515,26.65098,,76515,,,Not compared,Not compared,20220000,,,1y
93881,"Obesity prevalence in adults, (using adjusted self-reported height and weight)",,,E92000001,England,England,Persons,85+ yrs,,,2022/23,19.65001,18.22076,21.08731,17.42998,21.87812,,3035,,,Not compared,Not compared,20220000,,,1y
93881,"Obesity prevalence in adults, (using adjusted self-reported height and weight)",,,E92000001,England,England,Persons,25-34 yrs,,,2022/23,22.72167,22.07957,23.3695,21.73598,23.72514,,16590,,,Not compared,Not compared,20220000,,,1y
93881,"Obesity prevalence in adults, (using adjusted self-reported height and weight)",,,E92000001,England,England,Persons,35-44 yrs,,,2022/23,27.37713,26.7823,27.97839,26.39453,28.34319,,21656,,,Not compared,Not compared,20220000,,,1y
93881,"Obesity prevalence in adults, (using adjusted self-reported height and weight)",,,E92000001,England,England,Persons,45-54 yrs,,,2022/23,30.64738,30.0388,31.25082,29.74669,31.59524,,22937,,,Not compared,Not compared,20220000,,,1y
93881,"Obesity prevalence in adults, (using adjusted self-reported height and weight)",,,E92000001,England,England,Persons,55-64 yrs,,,2022/23,32.36448,31.82588,32.90724,31.55638,33.26309,,28945,,,Not compared,Not compared,20220000,,,1y
93881,"Obesity prevalence in adults, (using adjusted self-reported height and weight)",,,E92000001,England,England,Persons,65-74 yrs,,,2022/23,29.01255,28.49082,29.55122,28.14569,29.79428,,28388,,,Not compared,Not compared,20220000,,,1y
93881,"Obesity prevalence in adults, (using adjusted self-reported height and weight)",,,E92000001,England,England,Persons,75-84 yrs,,,2022/23,26.75869,26.07129,27.45464,25.69811,27.88574,,15542,,,Not compared,Not compared,20220000,,,1y
93881,"Obesity prevalence in adults, (using adjusted self-reported height and weight)",,,E92000001,England,England,Persons,18+ yrs,,,2022/23,26.23816,26.01254,26.46943,25.88012,26.59907,,142708,,,Not compared,Not compared,20220000,,,1y
93881,"Obesity prevalence in adults, (using adjusted self-reported height and weight)",,,E92000001,England,England,Persons,18+ yrs,Working status,Inactive,2022/23,32.82167,32.4169,33.24015,32.18554,33.44451,,51868,,,Worse,Not compared,20220000,,,1y
93881,"Obesity prevalence in adults, (using adjusted self-reported height and weight)",,,E92000001,England,England,Persons,18+ yrs,Working status,Unemployed,2022/23,30.61685,29.01443,32.17685,28.0012,33.03657,,3257,,,Worse,Not compared,20220000,,,1y
93881,"Obesity prevalence in adults, (using adjusted self-reported height and weight)",,,E92000001,England,England,Persons,18+ yrs,Working status,Working,2022/23,25.62749,25.32774,25.93348,25.17284,26.09846,,79407,,,Better,Not compared,20220000,,,1y
93881,"Obesity prevalence in adults, (using adjusted self-reported height and weight)",,,E92000001,England,England,Persons,18+ yrs,Disability,Disabled,2022/23,40.74762,40.17665,41.33192,39.85514,41.66755,,28305,,,Worse,Not compared,20220000,,,1y
93881,"Obesity prevalence in adults, (using adjusted self-reported height and weight)",,,E92000001,England,England,Persons,18+ yrs,Disability,Not disabled,2022/23,22.25879,22.01172,22.50412,21.85886,22.64141,,109260,,,Better,Not compared,20220000,,,1y
93881,"Obesity prevalence in adults, (using adjusted self-reported height and weight)",,,E92000001,England,England,Persons,18+ yrs,Ethnic groups,White British,2022/23,27.5657,27.30969,27.82061,27.17501,27.97718,,118804,,,Worse,Not compared,20220000,,,1y
93881,"Obesity prevalence in adults, (using adjusted self-reported height and weight)",,,E92000001,England,England,Persons,18+ yrs,Ethnic groups,White Other,2022/23,22.23641,21.34168,23.14248,20.80181,23.61066,,8331,,,Better,Not compared,20220000,,,1y
93881,"Obesity prevalence in adults, (using adjusted self-reported height and weight)",,,E92000001,England,England,Persons,18+ yrs,Ethnic groups,Asian,2022/23,19.7127,18.75745,20.67938,18.20618,21.14124,,6712,,,Better,Not compared,20220000,,,1y
93881,"Obesity prevalence in adults, (using adjusted self-reported height and weight)",,,E92000001,England,England,Persons,18+ yrs,Ethnic groups,Black,2022/23,34.77021,32.80255,36.76069,31.71065,37.89809,,2198,,,Worse,Not compared,20220000,,,1y
93881,"Obesity prevalence in adults, (using adjusted self-reported height and weight)",,,E92000001,England,England,Persons,18+ yrs,Ethnic groups,Chinese,2022/23,6.27234,4.95868,7.68595,4.21488,8.5124,,1210,,,Better,Not compared,20220000,,,1y
93881,"Obesity prevalence in adults, (using adjusted self-reported height and weight)",,,E92000001,England,England,Persons,18+ yrs,Ethnic groups,Mixed,2022/23,21.77388,19.97956,23.60756,18.95759,24.57849,,1957,,,Better,Not compared,20220000,,,1y
93881,"Obesity prevalence in adults, (using adjusted self-reported height and weight)",,,E92000001,England,England,Persons,18+ yrs,Ethnic groups,Other,2022/23,22.84803,20.39356,25.31306,19.05188,26.65474,,1118,,,Better,Not compared,20220000,,,1y
93881,"Obesity prevalence in adults, (using adjusted self-reported height and weight)",,,E92000001,England,England,Persons,18+ yrs,LSOA11 deprivation deciles within area (IMD  trend),Most deprived decile,2022/23,35.86171,34.87162,36.85132,34.35131,37.43925,,8841,,,Worse,Not compared,20220000,,,1y
93881,"Obesity prevalence in adults, (using adjusted self-reported height and weight)",,,E92000001,England,England,Persons,18+ yrs,LSOA11 deprivation deciles within area (IMD  trend),Second most deprived decile,2022/23,33.12844,32.19497,34.06972,31.70854,34.62713,,9868,,,Worse,Not compared,20220000,,,1y
93881,"Obesity prevalence in adults, (using adjusted self-reported height and weight)",,,E92000001,England,England,Persons,18+ yrs,LSOA11 deprivation deciles within area (IMD  trend),Third more deprived decile,2022/23,30.6391,29.80976,31.50574,29.33417,32.00829,,11144,,,Worse,Not compared,20220000,,,1y
93881,"Obesity prevalence in adults, (using adjusted self-reported height and weight)",,,E92000001,England,England,Persons,18+ yrs,LSOA11 deprivation deciles within area (IMD  trend),Fourth more deprived decile,2022/23,28.24592,27.44553,29.01406,27.02826,29.43132,,12942,,,Worse,Not compared,20220000,,,1y
93881,"Obesity prevalence in adults, (using adjusted self-reported height and weight)",,,E92000001,England,England,Persons,18+ yrs,LSOA11 deprivation deciles within area (IMD  trend),Fifth more deprived decile,2022/23,26.49051,25.75705,27.21942,25.39834,27.68161,,14497,,,Similar,Not compared,20220000,,,1y
93881,"Obesity prevalence in adults, (using adjusted self-reported height and weight)",,,E92000001,England,England,Persons,18+ yrs,LSOA11 deprivation deciles within area (IMD  trend),Fifth less deprived decile,2022/23,25.6282,24.94512,26.31249,24.59382,26.6951,,15943,,,Similar,Not compared,20220000,,,1y
93881,"Obesity prevalence in adults, (using adjusted self-reported height and weight)",,,E92000001,England,England,Persons,18+ yrs,LSOA11 deprivation deciles within area (IMD  trend),Fourth less deprived decile,2022/23,24.31831,23.67566,24.97592,23.3265,25.30701,,16612,,,Better,Not compared,20220000,,,1y
93881,"Obesity prevalence in adults, (using adjusted self-reported height and weight)",,,E92000001,England,England,Persons,18+ yrs,LSOA11 deprivation deciles within area (IMD  trend),Third less deprived decile,2022/23,23.86202,23.23062,24.5005,22.89275,24.83836,,17167,,,Better,Not compared,20220000,,,1y
93881,"Obesity prevalence in adults, (using adjusted self-reported height and weight)",,,E92000001,England,England,Persons,18+ yrs,LSOA11 deprivation deciles within area (IMD  trend),Second least deprived decile,2022/23,22.47268,21.85972,23.08173,21.49595,23.40573,,17594,,,Better,Not compared,20220000,,,1y
93881,"Obesity prevalence in adults, (using adjusted self-reported height and weight)",,,E92000001,England,England,Persons,18+ yrs,LSOA11 deprivation deciles within area (IMD  trend),Least deprived decile,2022/23,20.53087,19.94461,21.13812,19.66848,21.45304,,18100,,,Better,Not compared,20220000,,,1y
93881,"Obesity prevalence in adults, (using adjusted self-reported height and weight)",,,E92000001,England,England,Persons,18+ yrs,Level of education,No qualification,2022/23,35.639,34.70766,36.60282,34.1834,37.25807,,9920,,,Worse,Not compared,20220000,,,1y
93881,"Obesity prevalence in adults, (using adjusted self-reported height and weight)",,,E92000001,England,England,Persons,18+ yrs,Level of education,Another type of qualification,2022/23,28.30208,27.18493,29.41735,26.55161,30.06651,,6316,,,Worse,Not compared,20220000,,,1y
93881,"Obesity prevalence in adults, (using adjusted self-reported height and weight)",,,E92000001,England,England,Persons,18+ yrs,Level of education,Level 1 and below,2022/23,32.59896,30.69921,34.42284,29.66487,35.53997,,2417,,,Worse,Not compared,20220000,,,1y
93881,"Obesity prevalence in adults, (using adjusted self-reported height and weight)",,,E92000001,England,England,Persons,18+ yrs,Level of education,Level 2 and equivalent,2022/23,32.03355,31.4282,32.64573,31.12161,33.00487,,22833,,,Worse,Not compared,20220000,,,1y
93881,"Obesity prevalence in adults, (using adjusted self-reported height and weight)",,,E92000001,England,England,Persons,18+ yrs,Level of education,Level 3 and equivalent,2022/23,30.23994,29.64291,30.8484,29.32777,31.17294,,21570,,,Worse,Not compared,20220000,,,1y
93881,"Obesity prevalence in adults, (using adjusted self-reported height and weight)",,,E92000001,England,England,Persons,18+ yrs,Level of education,Level 4 and above,2022/23,21.87338,21.58656,22.16344,21.4197,22.31737,,77312,,,Better,Not compared,20220000,,,1y
93881,"Obesity prevalence in adults, (using adjusted self-reported height and weight)",,,E92000001,England,England,Persons,18+ yrs,Socioeconomic class,"Managerial, administrative and professional occupations",2022/23,21.24032,20.94306,21.53825,20.75961,21.71627,,73590,People aged 75 and over are excluded from NS-SeC (National Statistics Socio-economic Classification) economic activity questions in the Active Lives Adult Survey,,Better,Not compared,20220000,,,1y
93881,"Obesity prevalence in adults, (using adjusted self-reported height and weight)",,,E92000001,England,England,Persons,18+ yrs,Socioeconomic class,Intermediate occupations,2022/23,25.64761,24.88534,26.41151,24.4425,26.87016,,12646,People aged 75 and over are excluded from NS-SeC (National Statistics Socio-economic Classification) economic activity questions in the Active Lives Adult Survey,,Similar,Not compared,20220000,,,1y
93881,"Obesity prevalence in adults, (using adjusted self-reported height and weight)",,,E92000001,England,England,Persons,18+ yrs,Socioeconomic class,Self-employed and small employers,2022/23,23.29996,22.42787,24.18669,21.96802,24.73849,,8699,People aged 75 and over are excluded from NS-SeC (National Statistics Socio-economic Classification) economic activity questions in the Active Lives Adult Survey,,Better,Not compared,20220000,,,1y
93881,"Obesity prevalence in adults, (using adjusted self-reported height and weight)",,,E92000001,England,England,Persons,18+ yrs,Socioeconomic class,Lower supervisory and technical occupations,2022/23,27.93841,27.0213,28.87253,26.53061,29.3521,,8967,People aged 75 and over are excluded from NS-SeC (National Statistics Socio-economic Classification) economic activity questions in the Active Lives Adult Survey,,Worse,Not compared,20220000,,,1y
93881,"Obesity prevalence in adults, (using adjusted self-reported height and weight)",,,E92000001,England,England,Persons,18+ yrs,Socioeconomic class,Semi-routine and routine occupations,2022/23,28.24768,27.4419,29.04176,26.96193,29.53857,,11876,People aged 75 and over are excluded from NS-SeC (National Statistics Socio-economic Classification) economic activity questions in the Active Lives Adult Survey,,Worse,Not compared,20220000,,,1y
93881,"Obesity prevalence in adults, (using adjusted self-reported height and weight)",,,E92000001,England,England,Persons,18+ yrs,Socioeconomic class,Long term unemployed or never worked,2022/23,31.15816,29.28082,33.00514,28.16781,34.16109,,2336,People aged 75 and over are excluded from NS-SeC (National Statistics Socio-economic Classification) economic activity questions in the Active Lives Adult Survey,,Worse,Not compared,20220000,,,1y
93881,"Obesity prevalence in adults, (using adjusted self-reported height and weight)",,,E92000001,England,England,Persons,18+ yrs,Socioeconomic class,Students,2022/23,19.86781,18.35658,21.37203,17.60271,22.3144,,2653,People aged 75 and over are excluded from NS-SeC (National Statistics Socio-economic Classification) economic activity questions in the Active Lives Adult Survey,,Better,Not compared,20220000,,,1y
93881,"Obesity prevalence in adults, (using adjusted self-reported height and weight)",,,E92000001,England,England,Persons,18+ yrs,Socioeconomic class,Other/unclassified,2022/23,27.21382,25.74316,28.74554,24.94049,29.60761,,3364,People aged 75 and over are excluded from NS-SeC (National Statistics Socio-economic Classification) economic activity questions in the Active Lives Adult Survey,,Similar,Not compared,20220000,,,1y
93881,"Obesity prevalence in adults, (using adjusted self-reported height and weight)",,,E92000001,England,England,Persons,18-24 yrs,,,2022/23,11.67591,10.84595,12.52004,10.36508,13.01875,,5615,,,Not compared,Not compared,20220000,,,1y
93881,"Obesity prevalence in adults, (using adjusted self-reported height and weight)",E92000001,England,E92000001,England,England,Male,18+ yrs,,,2022/23,26.35076,26.0103,26.68711,25.8411,26.89409,,66193,,,Similar,Not compared,20220000,,,1y
93881,"Obesity prevalence in adults, (using adjusted self-reported height and weight)",E92000001,England,E92000001,England,England,Female,18+ yrs,,,2022/23,26.17054,25.86029,26.48634,25.68515,26.65098,,76515,,,Similar,Not compared,20220000,,,1y
93881,"Obesity prevalence in adults, (using adjusted self-reported height and weight)",E92000001,England,E92000001,England,England,Persons,85+ yrs,,,2022/23,19.65001,18.22076,21.08731,17.42998,21.87812,,3035,,,Similar,Not compared,20220000,,,1y
93881,"Obesity prevalence in adults, (using adjusted self-reported height and weight)",E92000001,England,E92000001,England,England,Persons,25-34 yrs,,,2022/23,22.72167,22.07957,23.3695,21.73598,23.72514,,16590,,,Similar,Not compared,20220000,,,1y
93881,"Obesity prevalence in adults, (using adjusted self-reported height and weight)",E92000001,England,E92000001,England,England,Persons,35-44 yrs,,,2022/23,27.37713,26.7823,27.97839,26.39453,28.34319,,21656,,,Similar,Not compared,20220000,,,1y
93881,"Obesity prevalence in adults, (using adjusted self-reported height and weight)",E92000001,England,E92000001,England,England,Persons,45-54 yrs,,,2022/23,30.64738,30.0388,31.25082,29.74669,31.59524,,22937,,,Similar,Not compared,20220000,,,1y
93881,"Obesity prevalence in adults, (using adjusted self-reported height and weight)",E92000001,England,E92000001,England,England,Persons,55-64 yrs,,,2022/23,32.36448,31.82588,32.90724,31.55638,33.26309,,28945,,,Similar,Not compared,20220000,,,1y
93881,"Obesity prevalence in adults, (using adjusted self-reported height and weight)",E92000001,England,E92000001,England,England,Persons,65-74 yrs,,,2022/23,29.01255,28.49082,29.55122,28.14569,29.79428,,28388,,,Similar,Not compared,20220000,,,1y
93881,"Obesity prevalence in adults, (using adjusted self-reported height and weight)",E92000001,England,E92000001,England,England,Persons,75-84 yrs,,,2022/23,26.75869,26.07129,27.45464,25.69811,27.88574,,15542,,,Similar,Not compared,20220000,,,1y
93881,"Obesity prevalence in adults, (using adjusted self-reported height and weight)",E92000001,England,E92000001,England,England,Persons,18+ yrs,,,2022/23,26.23816,26.01254,26.46943,25.88012,26.59907,,142708,,,Similar,Not compared,20220000,,,1y
93881,"Obesity prevalence in adults, (using adjusted self-reported height and weight)",E92000001,England,E92000001,England,England,Persons,18+ yrs,Working status,Inactive,2022/23,32.82167,32.4169,33.24015,32.18554,33.44451,,51868,,,Worse,Not compared,20220000,,,1y
93881,"Obesity prevalence in adults, (using adjusted self-reported height and weight)",E92000001,England,E92000001,England,England,Persons,18+ yrs,Working status,Unemployed,2022/23,30.61685,29.01443,32.17685,28.0012,33.03657,,3257,,,Worse,Not compared,20220000,,,1y
93881,"Obesity prevalence in adults, (using adjusted self-reported height and weight)",E92000001,England,E92000001,England,England,Persons,18+ yrs,Working status,Working,2022/23,25.62749,25.32774,25.93348,25.17284,26.09846,,79407,,,Better,Not compared,20220000,,,1y
93881,"Obesity prevalence in adults, (using adjusted self-reported height and weight)",E92000001,England,E92000001,England,England,Persons,18+ yrs,Disability,Disabled,2022/23,40.74762,40.17665,41.33192,39.85514,41.66755,,28305,,,Worse,Not compared,20220000,,,1y
93881,"Obesity prevalence in adults, (using adjusted self-reported height and weight)",E92000001,England,E92000001,England,England,Persons,18+ yrs,Disability,Not disabled,2022/23,22.25879,22.01172,22.50412,21.85886,22.64141,,109260,,,Better,Not compared,20220000,,,1y
93881,"Obesity prevalence in adults, (using adjusted self-reported height and weight)",E92000001,England,E92000001,England,England,Persons,18+ yrs,Ethnic groups,White British,2022/23,27.5657,27.30969,27.82061,27.17501,27.97718,,118804,,,Worse,Not compared,20220000,,,1y
93881,"Obesity prevalence in adults, (using adjusted self-reported height and weight)",E92000001,England,E92000001,England,England,Persons,18+ yrs,Ethnic groups,White Other,2022/23,22.23641,21.34168,23.14248,20.80181,23.61066,,8331,,,Better,Not compared,20220000,,,1y
93881,"Obesity prevalence in adults, (using adjusted self-reported height and weight)",E92000001,England,E92000001,England,England,Persons,18+ yrs,Ethnic groups,Asian,2022/23,19.7127,18.75745,20.67938,18.20618,21.14124,,6712,,,Better,Not compared,20220000,,,1y
93881,"Obesity prevalence in adults, (using adjusted self-reported height and weight)",E92000001,England,E92000001,England,England,Persons,18+ yrs,Ethnic groups,Black,2022/23,34.77021,32.80255,36.76069,31.71065,37.89809,,2198,,,Worse,Not compared,20220000,,,1y
93881,"Obesity prevalence in adults, (using adjusted self-reported height and weight)",E92000001,England,E92000001,England,England,Persons,18+ yrs,Ethnic groups,Chinese,2022/23,6.27234,4.95868,7.68595,4.21488,8.5124,,1210,,,Better,Not compared,20220000,,,1y
93881,"Obesity prevalence in adults, (using adjusted self-reported height and weight)",E92000001,England,E92000001,England,England,Persons,18+ yrs,Ethnic groups,Mixed,2022/23,21.77388,19.97956,23.60756,18.95759,24.57849,,1957,,,Better,Not compared,20220000,,,1y
93881,"Obesity prevalence in adults, (using adjusted self-reported height and weight)",E92000001,England,E92000001,England,England,Persons,18+ yrs,Ethnic groups,Other,2022/23,22.84803,20.39356,25.31306,19.05188,26.65474,,1118,,,Better,Not compared,20220000,,,1y
93881,"Obesity prevalence in adults, (using adjusted self-reported height and weight)",E92000001,England,E92000001,England,England,Persons,18+ yrs,LSOA11 deprivation deciles within area (IMD  trend),Most deprived decile,2022/23,35.86171,34.87162,36.85132,34.35131,37.43925,,8841,,,Worse,Not compared,20220000,,,1y
93881,"Obesity prevalence in adults, (using adjusted self-reported height and weight)",E92000001,England,E92000001,England,England,Persons,18+ yrs,LSOA11 deprivation deciles within area (IMD  trend),Second most deprived decile,2022/23,33.12844,32.19497,34.06972,31.70854,34.62713,,9868,,,Worse,Not compared,20220000,,,1y
93881,"Obesity prevalence in adults, (using adjusted self-reported height and weight)",E92000001,England,E92000001,England,England,Persons,18+ yrs,LSOA11 deprivation deciles within area (IMD  trend),Third more deprived decile,2022/23,30.6391,29.80976,31.50574,29.33417,32.00829,,11144,,,Worse,Not compared,20220000,,,1y
93881,"Obesity prevalence in adults, (using adjusted self-reported height and weight)",E92000001,England,E92000001,England,England,Persons,18+ yrs,LSOA11 deprivation deciles within area (IMD  trend),Fourth more deprived decile,2022/23,28.24592,27.44553,29.01406,27.02826,29.43132,,12942,,,Worse,Not compared,20220000,,,1y
93881,"Obesity prevalence in adults, (using adjusted self-reported height and weight)",E92000001,England,E92000001,England,England,Persons,18+ yrs,LSOA11 deprivation deciles within area (IMD  trend),Fifth more deprived decile,2022/23,26.49051,25.75705,27.21942,25.39834,27.68161,,14497,,,Similar,Not compared,20220000,,,1y
93881,"Obesity prevalence in adults, (using adjusted self-reported height and weight)",E92000001,England,E92000001,England,England,Persons,18+ yrs,LSOA11 deprivation deciles within area (IMD  trend),Fifth less deprived decile,2022/23,25.6282,24.94512,26.31249,24.59382,26.6951,,15943,,,Similar,Not compared,20220000,,,1y
93881,"Obesity prevalence in adults, (using adjusted self-reported height and weight)",E92000001,England,E92000001,England,England,Persons,18+ yrs,LSOA11 deprivation deciles within area (IMD  trend),Fourth less deprived decile,2022/23,24.31831,23.67566,24.97592,23.3265,25.30701,,16612,,,Better,Not compared,20220000,,,1y
93881,"Obesity prevalence in adults, (using adjusted self-reported height and weight)",E92000001,England,E92000001,England,England,Persons,18+ yrs,LSOA11 deprivation deciles within area (IMD  trend),Third less deprived decile,2022/23,23.86202,23.23062,24.5005,22.89275,24.83836,,17167,,,Better,Not compared,20220000,,,1y
93881,"Obesity prevalence in adults, (using adjusted self-reported height and weight)",E92000001,England,E92000001,England,England,Persons,18+ yrs,LSOA11 deprivation deciles within area (IMD  trend),Second least deprived decile,2022/23,22.47268,21.85972,23.08173,21.49595,23.40573,,17594,,,Better,Not compared,20220000,,,1y
93881,"Obesity prevalence in adults, (using adjusted self-reported height and weight)",E92000001,England,E92000001,England,England,Persons,18+ yrs,LSOA11 deprivation deciles within area (IMD  trend),Least deprived decile,2022/23,20.53087,19.94461,21.13812,19.66848,21.45304,,18100,,,Better,Not compared,20220000,,,1y
93881,"Obesity prevalence in adults, (using adjusted self-reported height and weight)",E92000001,England,E92000001,England,England,Persons,18+ yrs,Level of education,No qualification,2022/23,35.639,34.70766,36.60282,34.1834,37.25807,,9920,,,Worse,Not compared,20220000,,,1y
93881,"Obesity prevalence in adults, (using adjusted self-reported height and weight)",E92000001,England,E92000001,England,England,Persons,18+ yrs,Level of education,Another type of qualification,2022/23,28.30208,27.18493,29.41735,26.55161,30.06651,,6316,,,Worse,Not compared,20220000,,,1y
93881,"Obesity prevalence in adults, (using adjusted self-reported height and weight)",E92000001,England,E92000001,England,England,Persons,18+ yrs,Level of education,Level 1 and below,2022/23,32.59896,30.69921,34.42284,29.66487,35.53997,,2417,,,Worse,Not compared,20220000,,,1y
93881,"Obesity prevalence in adults, (using adjusted self-reported height and weight)",E92000001,England,E92000001,England,England,Persons,18+ yrs,Level of education,Level 2 and equivalent,2022/23,32.03355,31.4282,32.64573,31.12161,33.00487,,22833,,,Worse,Not compared,20220000,,,1y
93881,"Obesity prevalence in adults, (using adjusted self-reported height and weight)",E92000001,England,E92000001,England,England,Persons,18+ yrs,Level of education,Level 3 and equivalent,2022/23,30.23994,29.64291,30.8484,29.32777,31.17294,,21570,,,Worse,Not compared,20220000,,,1y
93881,"Obesity prevalence in adults, (using adjusted self-reported height and weight)",E92000001,England,E92000001,England,England,Persons,18+ yrs,Level of education,Level 4 and above,2022/23,21.87338,21.58656,22.16344,21.4197,22.31737,,77312,,,Better,Not compared,20220000,,,1y
93881,"Obesity prevalence in adults, (using adjusted self-reported height and weight)",E92000001,England,E92000001,England,England,Persons,18+ yrs,Socioeconomic class,"Managerial, administrative and professional occupations",2022/23,21.24032,20.94306,21.53825,20.75961,21.71627,,73590,People aged 75 and over are excluded from NS-SeC (National Statistics Socio-economic Classification) economic activity questions in the Active Lives Adult Survey,,Better,Not compared,20220000,,,1y
93881,"Obesity prevalence in adults, (using adjusted self-reported height and weight)",E92000001,England,E92000001,England,England,Persons,18+ yrs,Socioeconomic class,Intermediate occupations,2022/23,25.64761,24.88534,26.41151,24.4425,26.87016,,12646,People aged 75 and over are excluded from NS-SeC (National Statistics Socio-economic Classification) economic activity questions in the Active Lives Adult Survey,,Similar,Not compared,20220000,,,1y
93881,"Obesity prevalence in adults, (using adjusted self-reported height and weight)",E92000001,England,E92000001,England,England,Persons,18+ yrs,Socioeconomic class,Self-employed and small employers,2022/23,23.29996,22.42787,24.18669,21.96802,24.73849,,8699,People aged 75 and over are excluded from NS-SeC (National Statistics Socio-economic Classification) economic activity questions in the Active Lives Adult Survey,,Better,Not compared,20220000,,,1y
93881,"Obesity prevalence in adults, (using adjusted self-reported height and weight)",E92000001,England,E92000001,England,England,Persons,18+ yrs,Socioeconomic class,Lower supervisory and technical occupations,2022/23,27.93841,27.0213,28.87253,26.53061,29.3521,,8967,People aged 75 and over are excluded from NS-SeC (National Statistics Socio-economic Classification) economic activity questions in the Active Lives Adult Survey,,Worse,Not compared,20220000,,,1y
93881,"Obesity prevalence in adults, (using adjusted self-reported height and weight)",E92000001,England,E92000001,England,England,Persons,18+ yrs,Socioeconomic class,Semi-routine and routine occupations,2022/23,28.24768,27.4419,29.04176,26.96193,29.53857,,11876,People aged 75 and over are excluded from NS-SeC (National Statistics Socio-economic Classification) economic activity questions in the Active Lives Adult Survey,,Worse,Not compared,20220000,,,1y
93881,"Obesity prevalence in adults, (using adjusted self-reported height and weight)",E92000001,England,E92000001,England,England,Persons,18+ yrs,Socioeconomic class,Long term unemployed or never worked,2022/23,31.15816,29.28082,33.00514,28.16781,34.16109,,2336,People aged 75 and over are excluded from NS-SeC (National Statistics Socio-economic Classification) economic activity questions in the Active Lives Adult Survey,,Worse,Not compared,20220000,,,1y
93881,"Obesity prevalence in adults, (using adjusted self-reported height and weight)",E92000001,England,E92000001,England,England,Persons,18+ yrs,Socioeconomic class,Students,2022/23,19.86781,18.35658,21.37203,17.60271,22.3144,,2653,People aged 75 and over are excluded from NS-SeC (National Statistics Socio-economic Classification) economic activity questions in the Active Lives Adult Survey,,Better,Not compared,20220000,,,1y
93881,"Obesity prevalence in adults, (using adjusted self-reported height and weight)",E92000001,England,E92000001,England,England,Persons,18+ yrs,Socioeconomic class,Other/unclassified,2022/23,27.21382,25.74316,28.74554,24.94049,29.60761,,3364,People aged 75 and over are excluded from NS-SeC (National Statistics Socio-economic Classification) economic activity questions in the Active Lives Adult Survey,,Similar,Not compared,20220000,,,1y
93881,"Obesity prevalence in adults, (using adjusted self-reported height and weight)",E92000001,England,E92000001,England,England,Persons,18-24 yrs,,,2022/23,11.67591,10.84595,12.52004,10.36508,13.01875,,5615,,,Similar,Not compared,20220000,,,1y
93881,"Obesity prevalence in adults, (using adjusted self-reported height and weight)",E92000001,England,E54000008,NHS Cheshire and Merseyside Integrated Care Board - QYG,ICBs,Persons,18+ yrs,,,2022/23,30.30063,29.00641,31.57051,28.32532,32.21154,,4992,,,Worse,Not compared,20220000,,,1y
93881,"Obesity prevalence in adults, (using adjusted self-reported height and weight)",E92000001,England,E54000010,NHS Staffordshire and Stoke-on-Trent Integrated Care Board - QNC,ICBs,Persons,18+ yrs,,,2022/23,30.66299,29.20592,32.13997,28.4253,32.94754,,3715,,,Worse,Not compared,20220000,,,1y
93881,"Obesity prevalence in adults, (using adjusted self-reported height and weight)",E92000001,England,E54000011,"NHS Shropshire, Telford and Wrekin Integrated Care Board - QOC",ICBs,Persons,18+ yrs,,,2022/23,28.3395,25.40416,31.40878,23.55647,33.25647,,866,,,Similar,Not compared,20220000,,,1y
93881,"Obesity prevalence in adults, (using adjusted self-reported height and weight)",E92000001,England,E54000013,NHS Lincolnshire Integrated Care Board - QJM,ICBs,Persons,18+ yrs,,,2022/23,29.4388,27.77778,31.11111,26.80545,32.18753,,2880,,,Worse,Not compared,20220000,,,1y
93881,"Obesity prevalence in adults, (using adjusted self-reported height and weight)",E92000001,England,E54000015,"NHS Leicester, Leicestershire and Rutland Integrated Care Board - QK1",ICBs,Persons,18+ yrs,,,2022/23,25.61534,24.18478,27.03804,23.39671,27.82614,,3680,,,Similar,Not compared,20220000,,,1y
93881,"Obesity prevalence in adults, (using adjusted self-reported height and weight)",E92000001,England,E54000018,NHS Coventry and Warwickshire Integrated Care Board - QWU,ICBs,Persons,18+ yrs,,,2022/23,26.78045,25.19407,28.44037,24.24135,29.25198,,2834,,,Similar,Not compared,20220000,,,1y
93881,"Obesity prevalence in adults, (using adjusted self-reported height and weight)",E92000001,England,E54000019,NHS Herefordshire and Worcestershire Integrated Care Board - QGH,ICBs,Persons,18+ yrs,,,2022/23,27.18086,25.54217,28.77797,24.71597,29.74182,,2905,,,Similar,Not compared,20220000,,,1y
93881,"Obesity prevalence in adults, (using adjusted self-reported height and weight)",E92000001,England,E54000022,NHS Norfolk and Waveney Integrated Care Board - QMM,ICBs,Persons,18+ yrs,,,2022/23,27.31306,25.75855,28.88961,24.95155,29.76117,,3098,,,Similar,Not compared,20220000,,,1y
93881,"Obesity prevalence in adults, (using adjusted self-reported height and weight)",E92000001,England,E54000023,NHS Suffolk and North East Essex Integrated Care Board - QJG,ICBs,Persons,18+ yrs,,,2022/23,27.90146,26.23928,29.55647,25.38196,30.48826,,2683,,,Worse,Not compared,20220000,,,1y
93881,"Obesity prevalence in adults, (using adjusted self-reported height and weight)",E92000001,England,E54000024,"NHS Bedfordshire, Luton and Milton Keynes Integrated Care Board - QHG",ICBs,Persons,18+ yrs,,,2022/23,24.74776,22.66414,26.83081,21.33832,28.2197,,1584,,,Similar,Not compared,20220000,,,1y
93881,"Obesity prevalence in adults, (using adjusted self-reported height and weight)",E92000001,England,E54000025,NHS Hertfordshire and West Essex Integrated Care Board - QM7,ICBs,Persons,18+ yrs,,,2022/23,23.65254,22.5315,24.80722,21.83562,25.4467,,5317,,,Better,Not compared,20220000,,,1y
93881,"Obesity prevalence in adults, (using adjusted self-reported height and weight)",E92000001,England,E54000026,NHS Mid and South Essex Integrated Care Board - QH8,ICBs,Persons,18+ yrs,,,2022/23,29.06668,27.60686,30.57446,26.92616,31.55461,,3673,,,Worse,Not compared,20220000,,,1y
93881,"Obesity prevalence in adults, (using adjusted self-reported height and weight)",E92000001,England,E54000027,NHS North West London Integrated Care Board - QRV,ICBs,Persons,18+ yrs,,,2022/23,20.15987,18.78827,21.59201,17.78924,22.4622,,3103,,,Better,Not compared,20220000,,,1y
93881,"Obesity prevalence in adults, (using adjusted self-reported height and weight)",E92000001,England,E54000028,NHS North Central London Integrated Care Board - QMJ,ICBs,Persons,18+ yrs,,,2022/23,18.09425,16.43287,19.78958,15.48091,20.79158,,1996,,,Better,Not compared,20220000,,,1y
93881,"Obesity prevalence in adults, (using adjusted self-reported height and weight)",E92000001,England,E54000029,NHS North East London Integrated Care Board - QMF,ICBs,Persons,18+ yrs,,,2022/23,23.11605,21.57351,24.7063,20.75472,25.56073,,2809,,,Better,Not compared,20220000,,,1y
93881,"Obesity prevalence in adults, (using adjusted self-reported height and weight)",E92000001,England,E54000030,NHS South East London Integrated Care Board - QKK,ICBs,Persons,18+ yrs,,,2022/23,23.01707,21.47459,24.5884,20.68715,25.44739,,2794,,,Better,Not compared,20220000,,,1y
93881,"Obesity prevalence in adults, (using adjusted self-reported height and weight)",E92000001,England,E54000031,NHS South West London Integrated Care Board - QWE,ICBs,Persons,18+ yrs,,,2022/23,19.84798,18.30645,21.41129,17.45968,22.25806,,2480,,,Better,Not compared,20220000,,,1y
93881,"Obesity prevalence in adults, (using adjusted self-reported height and weight)",E92000001,England,E54000032,NHS Kent and Medway Integrated Care Board - QKS,ICBs,Persons,18+ yrs,,,2022/23,28.20074,26.99916,29.44048,26.3049,30.09765,,5326,,,Worse,Not compared,20220000,,,1y
93881,"Obesity prevalence in adults, (using adjusted self-reported height and weight)",E92000001,England,E54000034,NHS Frimley Integrated Care Board - QNQ,ICBs,Persons,18+ yrs,,,2022/23,24.50924,22.83307,26.16372,21.82982,27.2071,,2492,,,Better,Not compared,20220000,,,1y
93881,"Obesity prevalence in adults, (using adjusted self-reported height and weight)",E92000001,England,E54000036,NHS Cornwall and the Isles of Scilly Integrated Care Board - QT6,ICBs,Persons,18+ yrs,,,2022/23,27.4989,24.05892,31.09656,21.93126,32.89689,,611,,,Similar,Not compared,20220000,,,1y
93881,"Obesity prevalence in adults, (using adjusted self-reported height and weight)",E92000001,England,E54000037,NHS Devon Integrated Care Board - QJK,ICBs,Persons,18+ yrs,,,2022/23,25.4208,24.10354,26.71574,23.22486,27.40442,,4211,,,Similar,Not compared,20220000,,,1y
93881,"Obesity prevalence in adults, (using adjusted self-reported height and weight)",E92000001,England,E54000038,NHS Somerset Integrated Care Board - QSL,ICBs,Persons,18+ yrs,,,2022/23,27.84361,25.69403,30.06497,24.6899,31.06929,,1693,,,Similar,Not compared,20220000,,,1y
93881,"Obesity prevalence in adults, (using adjusted self-reported height and weight)",E92000001,England,E54000039,"NHS Bristol, North Somerset and South Gloucestershire Integrated Care Board - QUY",ICBs,Persons,18+ yrs,,,2022/23,23.65902,22.03922,25.33333,21.13722,26.23533,,2550,,,Better,Not compared,20220000,,,1y
93881,"Obesity prevalence in adults, (using adjusted self-reported height and weight)",E92000001,England,E54000040,"NHS Bath and North East Somerset, Swindon and Wiltshire Integrated Care Board - QOX",ICBs,Persons,18+ yrs,,,2022/23,26.08707,23.69852,28.51593,22.53287,29.91461,,1287,,,Similar,Not compared,20220000,,,1y
93881,"Obesity prevalence in adults, (using adjusted self-reported height and weight)",E92000001,England,E54000041,NHS Dorset Integrated Care Board - QVV,ICBs,Persons,18+ yrs,,,2022/23,25.89339,23.02326,28.83721,21.39535,30.46512,,860,,,Similar,Not compared,20220000,,,1y
93881,"Obesity prevalence in adults, (using adjusted self-reported height and weight)",E92000001,England,E54000042,NHS Hampshire and Isle of Wight Integrated Care Board - QRL,ICBs,Persons,18+ yrs,,,2022/23,25.93067,24.76726,27.11404,24.10784,27.7347,,5156,,,Similar,Not compared,20220000,,,1y
93881,"Obesity prevalence in adults, (using adjusted self-reported height and weight)",E92000001,England,E54000043,NHS Gloucestershire Integrated Care Board - QR1,ICBs,Persons,18+ yrs,,,2022/23,25.89741,24.22942,27.58486,23.29302,28.63835,,2563,,,Similar,Not compared,20220000,,,1y
93881,"Obesity prevalence in adults, (using adjusted self-reported height and weight)",E92000001,England,E54000044,"NHS Buckinghamshire, Oxfordshire and Berkshire West Integrated Care Board - QU9",ICBs,Persons,18+ yrs,,,2022/23,22.90976,21.5397,24.24893,20.8154,24.97318,,3728,,,Better,Not compared,20220000,,,1y
93881,"Obesity prevalence in adults, (using adjusted self-reported height and weight)",E92000001,England,E54000048,NHS Lancashire and South Cumbria Integrated Care Board - QE1,ICBs,Persons,18+ yrs,,,2022/23,28.15439,27.09301,29.24966,26.50888,29.89366,,6677,,,Worse,Not compared,20220000,,,1y
93881,"Obesity prevalence in adults, (using adjusted self-reported height and weight)",E92000001,England,E54000050,NHS North East and North Cumbria Integrated Care Board - QHM,ICBs,Persons,18+ yrs,,,2022/23,31.43081,30.4074,32.47655,29.77765,33.0292,,7781,,,Worse,Not compared,20220000,,,1y
93881,"Obesity prevalence in adults, (using adjusted self-reported height and weight)",E92000001,England,E54000051,NHS Humber and North Yorkshire Integrated Care Board - QOQ,ICBs,Persons,18+ yrs,,,2022/23,29.46824,28.12837,30.79905,27.50377,31.5529,,4643,,,Worse,Not compared,20220000,,,1y
93881,"Obesity prevalence in adults, (using adjusted self-reported height and weight)",E92000001,England,E54000052,NHS Surrey Heartlands Integrated Care Board - QXU,ICBs,Persons,18+ yrs,,,2022/23,20.04499,18.83309,21.29493,18.16839,21.95963,,4062,,,Better,Not compared,20220000,,,1y
93881,"Obesity prevalence in adults, (using adjusted self-reported height and weight)",E92000001,England,E54000053,NHS Sussex Integrated Care Board - QNX,ICBs,Persons,18+ yrs,,,2022/23,22.72091,21.6097,23.85153,20.98491,24.43954,,5442,,,Better,Not compared,20220000,,,1y
93881,"Obesity prevalence in adults, (using adjusted self-reported height and weight)",E92000001,England,E54000054,NHS West Yorkshire Integrated Care Board - QWO,ICBs,Persons,18+ yrs,,,2022/23,28.27015,26.90058,29.654,25.999,30.45811,,4104,,,Worse,Not compared,20220000,,,1y
93881,"Obesity prevalence in adults, (using adjusted self-reported height and weight)",E92000001,England,E54000055,NHS Birmingham and Solihull Integrated Care Board - QHL,ICBs,Persons,18+ yrs,,,2022/23,25.50544,23.85496,27.1374,23.01527,28.01531,,2620,,,Similar,Not compared,20220000,,,1y
93881,"Obesity prevalence in adults, (using adjusted self-reported height and weight)",E92000001,England,E54000056,NHS Cambridgeshire and Peterborough Integrated Care Board - QUE,ICBs,Persons,18+ yrs,,,2022/23,24.46224,22.8211,26.10856,21.98012,26.98781,,2616,,,Better,Not compared,20220000,,,1y
93881,"Obesity prevalence in adults, (using adjusted self-reported height and weight)",E92000001,England,E54000057,NHS Greater Manchester Integrated Care Board - QOP,ICBs,Persons,18+ yrs,,,2022/23,29.5491,28.61714,30.50286,28.10285,30.96001,,8750,,,Worse,Not compared,20220000,,,1y
93881,"Obesity prevalence in adults, (using adjusted self-reported height and weight)",E92000001,England,E54000058,NHS Derby and Derbyshire Integrated Care Board - QJ2,ICBs,Persons,18+ yrs,,,2022/23,30.91893,29.4452,32.36806,28.68739,33.15294,,3695,,,Worse,Not compared,20220000,,,1y
93881,"Obesity prevalence in adults, (using adjusted self-reported height and weight)",E92000001,England,E54000059,NHS Northamptonshire Integrated Care Board - QPM,ICBs,Persons,18+ yrs,,,2022/23,28.3178,25.33013,31.45258,23.64946,33.25354,,833,,,Similar,Not compared,20220000,,,1y
93881,"Obesity prevalence in adults, (using adjusted self-reported height and weight)",E92000001,England,E54000060,NHS Nottingham and Nottinghamshire Integrated Care Board - QT1,ICBs,Persons,18+ yrs,,,2022/23,27.78578,26.42156,29.11624,25.73647,30.05252,,4379,,,Worse,Not compared,20220000,,,1y
93881,"Obesity prevalence in adults, (using adjusted self-reported height and weight)",E92000001,England,E54000061,NHS South Yorkshire Integrated Care Board - QF7,ICBs,Persons,18+ yrs,,,2022/23,29.65814,27.95889,31.36074,27.10843,32.2821,,2822,,,Worse,Not compared,20220000,,,1y
93881,"Obesity prevalence in adults, (using adjusted self-reported height and weight)",E92000001,England,E54000062,NHS Black Country Integrated Care Board - QUA,ICBs,Persons,18+ yrs,,,2022/23,32.26746,30.40033,34.19516,29.4829,35.11264,,2398,,,Worse,Not compared,20220000,,,1y
93881,"Obesity prevalence in adults, (using adjusted self-reported height and weight)",,,E92000001,England,England,Male,18+ yrs,,,2023/24,26.21001,25.86855,26.54821,25.66287,26.74785,,65624,,,Not compared,Not compared,20230000,,,1y
93881,"Obesity prevalence in adults, (using adjusted self-reported height and weight)",,,E92000001,England,England,Female,18+ yrs,,,2023/24,26.88272,26.56954,27.20187,26.3707,27.37288,,75436,,,Not compared,Not compared,20230000,,,1y
93881,"Obesity prevalence in adults, (using adjusted self-reported height and weight)",,,E92000001,England,England,Persons,85+ yrs,,,2023/24,20.69716,19.22417,22.17645,18.46893,23.00038,,2913,,,Not compared,Not compared,20230000,,,1y
93881,"Obesity prevalence in adults, (using adjusted self-reported height and weight)",,,E92000001,England,England,Persons,25-34 yrs,,,2023/24,23.70798,23.07604,24.33286,22.73745,24.70589,,17425,,,Not compared,Not compared,20230000,,,1y
93881,"Obesity prevalence in adults, (using adjusted self-reported height and weight)",,,E92000001,England,England,Persons,35-44 yrs,,,2023/24,27.66296,27.08221,28.24699,26.78089,28.54381,,22236,,,Not compared,Not compared,20230000,,,1y
93881,"Obesity prevalence in adults, (using adjusted self-reported height and weight)",,,E92000001,England,England,Persons,45-54 yrs,,,2023/24,30.10316,29.50318,30.69231,29.18787,31.03916,,22201,,,Not compared,Not compared,20230000,,,1y
93881,"Obesity prevalence in adults, (using adjusted self-reported height and weight)",,,E92000001,England,England,Persons,55-64 yrs,,,2023/24,32.47713,31.93042,33.03929,31.6222,33.35105,,28227,,,Not compared,Not compared,20230000,,,1y
93881,"Obesity prevalence in adults, (using adjusted self-reported height and weight)",,,E92000001,England,England,Persons,65-74 yrs,,,2023/24,29.65593,29.10905,30.20211,28.8046,30.49555,,27263,,,Not compared,Not compared,20230000,,,1y
93881,"Obesity prevalence in adults, (using adjusted self-reported height and weight)",,,E92000001,England,England,Persons,75-84 yrs,,,2023/24,25.84383,25.14214,26.54386,24.7653,26.90732,,15126,,,Not compared,Not compared,20230000,,,1y
93881,"Obesity prevalence in adults, (using adjusted self-reported height and weight)",,,E92000001,England,England,Persons,18+ yrs,,,2023/24,26.50162,26.27533,26.73189,26.14206,26.86729,,141060,,,Not compared,Not compared,20230000,,,1y
93881,"Obesity prevalence in adults, (using adjusted self-reported height and weight)",,,E92000001,England,England,Persons,18+ yrs,Working status,Inactive,2023/24,33.78106,33.36987,34.19495,33.14267,34.41218,,50177,,,Worse,Not compared,20230000,,,1y
93881,"Obesity prevalence in adults, (using adjusted self-reported height and weight)",,,E92000001,England,England,Persons,18+ yrs,Working status,Unemployed,2023/24,35.03705,33.5049,36.60593,32.58091,37.5034,,3677,,,Worse,Not compared,20230000,,,1y
93881,"Obesity prevalence in adults, (using adjusted self-reported height and weight)",,,E92000001,England,England,Persons,18+ yrs,Working status,Working,2023/24,26.33733,26.02722,26.6423,25.84825,26.81876,,79340,,,Similar,Not compared,20230000,,,1y
93881,"Obesity prevalence in adults, (using adjusted self-reported height and weight)",,,E92000001,England,England,Persons,18+ yrs,Disability,Disabled,2023/24,40.62438,40.05737,41.19088,39.72152,41.53374,,28584,,,Worse,Not compared,20230000,,,1y
93881,"Obesity prevalence in adults, (using adjusted self-reported height and weight)",,,E92000001,England,England,Persons,18+ yrs,Disability,Not disabled,2023/24,22.34668,22.10255,22.59171,21.9544,22.73054,,107327,,,Better,Not compared,20230000,,,1y
93881,"Obesity prevalence in adults, (using adjusted self-reported height and weight)",,,E92000001,England,England,Persons,18+ yrs,Ethnic groups,White British,2023/24,27.83829,27.57711,28.10112,27.42025,28.26061,,114120,,,Worse,Not compared,20230000,,,1y
93881,"Obesity prevalence in adults, (using adjusted self-reported height and weight)",,,E92000001,England,England,Persons,18+ yrs,Ethnic groups,White Other,2023/24,22.24075,21.39309,23.09306,20.90737,23.63399,,9059,,,Better,Not compared,20230000,,,1y
93881,"Obesity prevalence in adults, (using adjusted self-reported height and weight)",,,E92000001,England,England,Persons,18+ yrs,Ethnic groups,Asian,2023/24,20.64658,19.76176,21.52978,19.32287,22.04389,,7975,,,Better,Not compared,20230000,,,1y
93881,"Obesity prevalence in adults, (using adjusted self-reported height and weight)",,,E92000001,England,England,Persons,18+ yrs,Ethnic groups,Black,2023/24,33.10232,31.29973,34.89958,30.23873,35.99852,,2639,,,Worse,Not compared,20230000,,,1y
93881,"Obesity prevalence in adults, (using adjusted self-reported height and weight)",,,E92000001,England,England,Persons,18+ yrs,Ethnic groups,Chinese,2023/24,5.61209,4.41948,6.89139,3.82015,7.64052,,1335,,,Better,Not compared,20230000,,,1y
93881,"Obesity prevalence in adults, (using adjusted self-reported height and weight)",,,E92000001,England,England,Persons,18+ yrs,Ethnic groups,Mixed,2023/24,22.98792,21.24542,24.77106,20.23805,25.91575,,2184,,,Better,Not compared,20230000,,,1y
93881,"Obesity prevalence in adults, (using adjusted self-reported height and weight)",,,E92000001,England,England,Persons,18+ yrs,Ethnic groups,Other,2023/24,22.30069,20.0,24.64,18.48,26.08,,1250,,,Better,Not compared,20230000,,,1y
93881,"Obesity prevalence in adults, (using adjusted self-reported height and weight)",,,E92000001,England,England,Persons,18+ yrs,LSOA11 deprivation deciles within area (IMD  trend),Most deprived decile,2023/24,37.43512,36.48014,38.41307,35.90346,38.9791,,9364,,,Worse,Not compared,20230000,,,1y
93881,"Obesity prevalence in adults, (using adjusted self-reported height and weight)",,,E92000001,England,England,Persons,18+ yrs,LSOA11 deprivation deciles within area (IMD  trend),Second most deprived decile,2023/24,33.75074,32.85404,34.6177,32.32953,35.12391,,11058,,,Worse,Not compared,20230000,,,1y
93881,"Obesity prevalence in adults, (using adjusted self-reported height and weight)",,,E92000001,England,England,Persons,18+ yrs,LSOA11 deprivation deciles within area (IMD  trend),Third more deprived decile,2023/24,29.41546,28.62075,30.20231,28.16312,30.68402,,12456,,,Worse,Not compared,20230000,,,1y
93881,"Obesity prevalence in adults, (using adjusted self-reported height and weight)",,,E92000001,England,England,Persons,18+ yrs,LSOA11 deprivation deciles within area (IMD  trend),Fourth more deprived decile,2023/24,28.22779,27.48241,28.97459,27.03216,29.38279,,14209,,,Worse,Not compared,20230000,,,1y
93881,"Obesity prevalence in adults, (using adjusted self-reported height and weight)",,,E92000001,England,England,Persons,18+ yrs,LSOA11 deprivation deciles within area (IMD  trend),Fifth more deprived decile,2023/24,27.19203,26.45698,27.92286,26.08694,28.32136,,14053,,,Similar,Not compared,20230000,,,1y
93881,"Obesity prevalence in adults, (using adjusted self-reported height and weight)",,,E92000001,England,England,Persons,18+ yrs,LSOA11 deprivation deciles within area (IMD  trend),Fifth less deprived decile,2023/24,25.62715,24.9297,26.30305,24.54384,26.70198,,15291,,,Better,Not compared,20230000,,,1y
93881,"Obesity prevalence in adults, (using adjusted self-reported height and weight)",,,E92000001,England,England,Persons,18+ yrs,LSOA11 deprivation deciles within area (IMD  trend),Fourth less deprived decile,2023/24,25.08371,24.41132,25.77029,24.01676,26.10847,,15968,,,Better,Not compared,20230000,,,1y
93881,"Obesity prevalence in adults, (using adjusted self-reported height and weight)",,,E92000001,England,England,Persons,18+ yrs,LSOA11 deprivation deciles within area (IMD  trend),Third less deprived decile,2023/24,24.05863,23.40518,24.7182,23.09546,25.12077,,16146,,,Better,Not compared,20230000,,,1y
93881,"Obesity prevalence in adults, (using adjusted self-reported height and weight)",,,E92000001,England,England,Persons,18+ yrs,LSOA11 deprivation deciles within area (IMD  trend),Second least deprived decile,2023/24,22.76191,22.11476,23.40059,21.74582,23.7943,,16256,,,Better,Not compared,20230000,,,1y
93881,"Obesity prevalence in adults, (using adjusted self-reported height and weight)",,,E92000001,England,England,Persons,18+ yrs,LSOA11 deprivation deciles within area (IMD  trend),Least deprived decile,2023/24,19.84349,19.22715,20.45041,18.86958,20.77661,,15941,,,Better,Not compared,20230000,,,1y
93881,"Obesity prevalence in adults, (using adjusted self-reported height and weight)",,,E92000001,England,England,Persons,18+ yrs,Level of education,No qualification,2023/24,35.89053,34.90659,36.87316,34.34939,37.56146,,9153,,,Worse,Not compared,20230000,,,1y
93881,"Obesity prevalence in adults, (using adjusted self-reported height and weight)",,,E92000001,England,England,Persons,18+ yrs,Level of education,Another type of qualification,2023/24,29.3296,28.20513,30.46953,27.48916,31.13555,,6006,,,Worse,Not compared,20230000,,,1y
93881,"Obesity prevalence in adults, (using adjusted self-reported height and weight)",,,E92000001,England,England,Persons,18+ yrs,Level of education,Level 1 and below,2023/24,34.61514,32.72881,36.52467,31.6744,37.49481,,2371,,,Worse,Not compared,20230000,,,1y
93881,"Obesity prevalence in adults, (using adjusted self-reported height and weight)",,,E92000001,England,England,Persons,18+ yrs,Level of education,Level 2 and equivalent,2023/24,32.01097,31.40083,32.63078,31.05337,32.96055,,22442,,,Worse,Not compared,20230000,,,1y
93881,"Obesity prevalence in adults, (using adjusted self-reported height and weight)",,,E92000001,England,England,Persons,18+ yrs,Level of education,Level 3 and equivalent,2023/24,30.80328,30.17768,31.42751,29.8419,31.75396,,21443,,,Worse,Not compared,20230000,,,1y
93881,"Obesity prevalence in adults, (using adjusted self-reported height and weight)",,,E92000001,England,England,Persons,18+ yrs,Level of education,Level 4 and above,2023/24,21.86669,21.58041,22.14892,21.39347,22.32292,,77575,,,Better,Not compared,20230000,,,1y
93881,"Obesity prevalence in adults, (using adjusted self-reported height and weight)",,,E92000001,England,England,Persons,18+ yrs,Socioeconomic class,"Managerial, administrative and professional occupations",2023/24,21.78361432,21.47951657,22.077745,21.30357699,22.24147302,,73889,People aged 75 and over are excluded from NS-SeC (National Statistics Socio-economic Classification) economic activity questions in the Active Lives Adult Survey,,Better,Not compared,20230000,,,1y
93881,"Obesity prevalence in adults, (using adjusted self-reported height and weight)",,,E92000001,England,England,Persons,18+ yrs,Socioeconomic class,Intermediate occupations,2023/24,26.42743909,25.64777494,27.20243481,25.23648104,27.58082586,,12157,People aged 75 and over are excluded from NS-SeC (National Statistics Socio-economic Classification) economic activity questions in the Active Lives Adult Survey,,Similar,Not compared,20230000,,,1y
93881,"Obesity prevalence in adults, (using adjusted self-reported height and weight)",,,E92000001,England,England,Persons,18+ yrs,Socioeconomic class,Self-employed and small employers,2023/24,22.33111338,21.42771157,23.2334176,20.87393764,23.69086313,,8307,People aged 75 and over are excluded from NS-SeC (National Statistics Socio-economic Classification) economic activity questions in the Active Lives Adult Survey,,Better,Not compared,20230000,,,1y
93881,"Obesity prevalence in adults, (using adjusted self-reported height and weight)",,,E92000001,England,England,Persons,18+ yrs,Socioeconomic class,Lower supervisory and technical occupations,2023/24,27.81805008,26.89153286,28.73974818,26.26774864,29.30576412,,8657,People aged 75 and over are excluded from NS-SeC (National Statistics Socio-economic Classification) economic activity questions in the Active Lives Adult Survey,,Worse,Not compared,20230000,,,1y
93881,"Obesity prevalence in adults, (using adjusted self-reported height and weight)",,,E92000001,England,England,Persons,18+ yrs,Socioeconomic class,Semi-routine and routine occupations,2023/24,28.96437027,28.14125147,29.78527093,27.73023822,30.23824023,,11922,People aged 75 and over are excluded from NS-SeC (National Statistics Socio-economic Classification) economic activity questions in the Active Lives Adult Survey,,Worse,Not compared,20230000,,,1y
93881,"Obesity prevalence in adults, (using adjusted self-reported height and weight)",,,E92000001,England,England,Persons,18+ yrs,Socioeconomic class,Long term unemployed or never worked,2023/24,31.30630546,29.46023898,33.16852081,28.47136382,34.23980222,,2427,People aged 75 and over are excluded from NS-SeC (National Statistics Socio-economic Classification) economic activity questions in the Active Lives Adult Survey,,Worse,Not compared,20230000,,,1y
93881,"Obesity prevalence in adults, (using adjusted self-reported height and weight)",,,E92000001,England,England,Persons,18+ yrs,Socioeconomic class,Students,2023/24,20.76461916,19.1796875,22.3046875,18.39839844,23.32035156,,2560,People aged 75 and over are excluded from NS-SeC (National Statistics Socio-economic Classification) economic activity questions in the Active Lives Adult Survey,,Better,Not compared,20230000,,,1y
93881,"Obesity prevalence in adults, (using adjusted self-reported height and weight)",,,E92000001,England,England,Persons,18+ yrs,Socioeconomic class,Other/unclassified,2023/24,25.50284755,23.98452611,27.01482914,23.08181818,27.94977434,,3102,People aged 75 and over are excluded from NS-SeC (National Statistics Socio-economic Classification) economic activity questions in the Active Lives Adult Survey,,Similar,Not compared,20230000,,,1y
93881,"Obesity prevalence in adults, (using adjusted self-reported height and weight)",,,E92000001,England,England,Persons,18-24 yrs,,,2023/24,12.17111,11.32475,13.01817,10.84846,13.49446,,5669,,,Not compared,Not compared,20230000,,,1y
93881,"Obesity prevalence in adults, (using adjusted self-reported height and weight)",E92000001,England,E92000001,England,England,Male,18+ yrs,,,2023/24,26.21001,25.86855,26.54821,25.66287,26.74785,,65624,,,Similar,Not compared,20230000,,,1y
93881,"Obesity prevalence in adults, (using adjusted self-reported height and weight)",E92000001,England,E92000001,England,England,Female,18+ yrs,,,2023/24,26.88272,26.56954,27.20187,26.3707,27.37288,,75436,,,Similar,Not compared,20230000,,,1y
93881,"Obesity prevalence in adults, (using adjusted self-reported height and weight)",E92000001,England,E92000001,England,England,Persons,85+ yrs,,,2023/24,20.69716,19.22417,22.17645,18.46893,23.00038,,2913,,,Similar,Not compared,20230000,,,1y
93881,"Obesity prevalence in adults, (using adjusted self-reported height and weight)",E92000001,England,E92000001,England,England,Persons,25-34 yrs,,,2023/24,23.70798,23.07604,24.33286,22.73745,24.70589,,17425,,,Similar,Not compared,20230000,,,1y
93881,"Obesity prevalence in adults, (using adjusted self-reported height and weight)",E92000001,England,E92000001,England,England,Persons,35-44 yrs,,,2023/24,27.66296,27.08221,28.24699,26.78089,28.54381,,22236,,,Similar,Not compared,20230000,,,1y
93881,"Obesity prevalence in adults, (using adjusted self-reported height and weight)",E92000001,England,E92000001,England,England,Persons,45-54 yrs,,,2023/24,30.10316,29.50318,30.69231,29.18787,31.03916,,22201,,,Similar,Not compared,20230000,,,1y
93881,"Obesity prevalence in adults, (using adjusted self-reported height and weight)",E92000001,England,E92000001,England,England,Persons,55-64 yrs,,,2023/24,32.47713,31.93042,33.03929,31.6222,33.35105,,28227,,,Similar,Not compared,20230000,,,1y
93881,"Obesity prevalence in adults, (using adjusted self-reported height and weight)",E92000001,England,E92000001,England,England,Persons,65-74 yrs,,,2023/24,29.65593,29.10905,30.20211,28.8046,30.49555,,27263,,,Similar,Not compared,20230000,,,1y
93881,"Obesity prevalence in adults, (using adjusted self-reported height and weight)",E92000001,England,E92000001,England,England,Persons,75-84 yrs,,,2023/24,25.84383,25.14214,26.54386,24.7653,26.90732,,15126,,,Similar,Not compared,20230000,,,1y
93881,"Obesity prevalence in adults, (using adjusted self-reported height and weight)",E92000001,England,E92000001,England,England,Persons,18+ yrs,,,2023/24,26.50162,26.27533,26.73189,26.14206,26.86729,,141060,,,Similar,Not compared,20230000,,,1y
93881,"Obesity prevalence in adults, (using adjusted self-reported height and weight)",E92000001,England,E92000001,England,England,Persons,18+ yrs,Working status,Inactive,2023/24,33.78106,33.36987,34.19495,33.14267,34.41218,,50177,,,Worse,Not compared,20230000,,,1y
93881,"Obesity prevalence in adults, (using adjusted self-reported height and weight)",E92000001,England,E92000001,England,England,Persons,18+ yrs,Working status,Unemployed,2023/24,35.03705,33.5049,36.60593,32.58091,37.5034,,3677,,,Worse,Not compared,20230000,,,1y
93881,"Obesity prevalence in adults, (using adjusted self-reported height and weight)",E92000001,England,E92000001,England,England,Persons,18+ yrs,Working status,Working,2023/24,26.33733,26.02722,26.6423,25.84825,26.81876,,79340,,,Similar,Not compared,20230000,,,1y
93881,"Obesity prevalence in adults, (using adjusted self-reported height and weight)",E92000001,England,E92000001,England,England,Persons,18+ yrs,Disability,Disabled,2023/24,40.62438,40.05737,41.19088,39.72152,41.53374,,28584,,,Worse,Not compared,20230000,,,1y
93881,"Obesity prevalence in adults, (using adjusted self-reported height and weight)",E92000001,England,E92000001,England,England,Persons,18+ yrs,Disability,Not disabled,2023/24,22.34668,22.10255,22.59171,21.9544,22.73054,,107327,,,Better,Not compared,20230000,,,1y
93881,"Obesity prevalence in adults, (using adjusted self-reported height and weight)",E92000001,England,E92000001,England,England,Persons,18+ yrs,Ethnic groups,White British,2023/24,27.83829,27.57711,28.10112,27.42025,28.26061,,114120,,,Worse,Not compared,20230000,,,1y
93881,"Obesity prevalence in adults, (using adjusted self-reported height and weight)",E92000001,England,E92000001,England,England,Persons,18+ yrs,Ethnic groups,White Other,2023/24,22.24075,21.39309,23.09306,20.90737,23.63399,,9059,,,Better,Not compared,20230000,,,1y
93881,"Obesity prevalence in adults, (using adjusted self-reported height and weight)",E92000001,England,E92000001,England,England,Persons,18+ yrs,Ethnic groups,Asian,2023/24,20.64658,19.76176,21.52978,19.32287,22.04389,,7975,,,Better,Not compared,20230000,,,1y
93881,"Obesity prevalence in adults, (using adjusted self-reported height and weight)",E92000001,England,E92000001,England,England,Persons,18+ yrs,Ethnic groups,Black,2023/24,33.10232,31.29973,34.89958,30.23873,35.99852,,2639,,,Worse,Not compared,20230000,,,1y
93881,"Obesity prevalence in adults, (using adjusted self-reported height and weight)",E92000001,England,E92000001,England,England,Persons,18+ yrs,Ethnic groups,Chinese,2023/24,5.61209,4.41948,6.89139,3.82015,7.64052,,1335,,,Better,Not compared,20230000,,,1y
93881,"Obesity prevalence in adults, (using adjusted self-reported height and weight)",E92000001,England,E92000001,England,England,Persons,18+ yrs,Ethnic groups,Mixed,2023/24,22.98792,21.24542,24.77106,20.23805,25.91575,,2184,,,Better,Not compared,20230000,,,1y
93881,"Obesity prevalence in adults, (using adjusted self-reported height and weight)",E92000001,England,E92000001,England,England,Persons,18+ yrs,Ethnic groups,Other,2023/24,22.30069,20.0,24.64,18.48,26.08,,1250,,,Better,Not compared,20230000,,,1y
93881,"Obesity prevalence in adults, (using adjusted self-reported height and weight)",E92000001,England,E92000001,England,England,Persons,18+ yrs,LSOA11 deprivation deciles within area (IMD  trend),Most deprived decile,2023/24,37.43512,36.48014,38.41307,35.90346,38.9791,,9364,,,Worse,Not compared,20230000,,,1y
93881,"Obesity prevalence in adults, (using adjusted self-reported height and weight)",E92000001,England,E92000001,England,England,Persons,18+ yrs,LSOA11 deprivation deciles within area (IMD  trend),Second most deprived decile,2023/24,33.75074,32.85404,34.6177,32.32953,35.12391,,11058,,,Worse,Not compared,20230000,,,1y
93881,"Obesity prevalence in adults, (using adjusted self-reported height and weight)",E92000001,England,E92000001,England,England,Persons,18+ yrs,LSOA11 deprivation deciles within area (IMD  trend),Third more deprived decile,2023/24,29.41546,28.62075,30.20231,28.16312,30.68402,,12456,,,Worse,Not compared,20230000,,,1y
93881,"Obesity prevalence in adults, (using adjusted self-reported height and weight)",E92000001,England,E92000001,England,England,Persons,18+ yrs,LSOA11 deprivation deciles within area (IMD  trend),Fourth more deprived decile,2023/24,28.22779,27.48241,28.97459,27.03216,29.38279,,14209,,,Worse,Not compared,20230000,,,1y
93881,"Obesity prevalence in adults, (using adjusted self-reported height and weight)",E92000001,England,E92000001,England,England,Persons,18+ yrs,LSOA11 deprivation deciles within area (IMD  trend),Fifth more deprived decile,2023/24,27.19203,26.45698,27.92286,26.08694,28.32136,,14053,,,Similar,Not compared,20230000,,,1y
93881,"Obesity prevalence in adults, (using adjusted self-reported height and weight)",E92000001,England,E92000001,England,England,Persons,18+ yrs,LSOA11 deprivation deciles within area (IMD  trend),Fifth less deprived decile,2023/24,25.62715,24.9297,26.30305,24.54384,26.70198,,15291,,,Better,Not compared,20230000,,,1y
93881,"Obesity prevalence in adults, (using adjusted self-reported height and weight)",E92000001,England,E92000001,England,England,Persons,18+ yrs,LSOA11 deprivation deciles within area (IMD  trend),Fourth less deprived decile,2023/24,25.08371,24.41132,25.77029,24.01676,26.10847,,15968,,,Better,Not compared,20230000,,,1y
93881,"Obesity prevalence in adults, (using adjusted self-reported height and weight)",E92000001,England,E92000001,England,England,Persons,18+ yrs,LSOA11 deprivation deciles within area (IMD  trend),Third less deprived decile,2023/24,24.05863,23.40518,24.7182,23.09546,25.12077,,16146,,,Better,Not compared,20230000,,,1y
93881,"Obesity prevalence in adults, (using adjusted self-reported height and weight)",E92000001,England,E92000001,England,England,Persons,18+ yrs,LSOA11 deprivation deciles within area (IMD  trend),Second least deprived decile,2023/24,22.76191,22.11476,23.40059,21.74582,23.7943,,16256,,,Better,Not compared,20230000,,,1y
93881,"Obesity prevalence in adults, (using adjusted self-reported height and weight)",E92000001,England,E92000001,England,England,Persons,18+ yrs,LSOA11 deprivation deciles within area (IMD  trend),Least deprived decile,2023/24,19.84349,19.22715,20.45041,18.86958,20.77661,,15941,,,Better,Not compared,20230000,,,1y
93881,"Obesity prevalence in adults, (using adjusted self-reported height and weight)",E92000001,England,E92000001,England,England,Persons,18+ yrs,Level of education,No qualification,2023/24,35.89053,34.90659,36.87316,34.34939,37.56146,,9153,,,Worse,Not compared,20230000,,,1y
93881,"Obesity prevalence in adults, (using adjusted self-reported height and weight)",E92000001,England,E92000001,England,England,Persons,18+ yrs,Level of education,Another type of qualification,2023/24,29.3296,28.20513,30.46953,27.48916,31.13555,,6006,,,Worse,Not compared,20230000,,,1y
93881,"Obesity prevalence in adults, (using adjusted self-reported height and weight)",E92000001,England,E92000001,England,England,Persons,18+ yrs,Level of education,Level 1 and below,2023/24,34.61514,32.72881,36.52467,31.6744,37.49481,,2371,,,Worse,Not compared,20230000,,,1y
93881,"Obesity prevalence in adults, (using adjusted self-reported height and weight)",E92000001,England,E92000001,England,England,Persons,18+ yrs,Level of education,Level 2 and equivalent,2023/24,32.01097,31.40083,32.63078,31.05337,32.96055,,22442,,,Worse,Not compared,20230000,,,1y
93881,"Obesity prevalence in adults, (using adjusted self-reported height and weight)",E92000001,England,E92000001,England,England,Persons,18+ yrs,Level of education,Level 3 and equivalent,2023/24,30.80328,30.17768,31.42751,29.8419,31.75396,,21443,,,Worse,Not compared,20230000,,,1y
93881,"Obesity prevalence in adults, (using adjusted self-reported height and weight)",E92000001,England,E92000001,England,England,Persons,18+ yrs,Level of education,Level 4 and above,2023/24,21.86669,21.58041,22.14892,21.39347,22.32292,,77575,,,Better,Not compared,20230000,,,1y
93881,"Obesity prevalence in adults, (using adjusted self-reported height and weight)",E92000001,England,E92000001,England,England,Persons,18+ yrs,Socioeconomic class,"Managerial, administrative and professional occupations",2023/24,21.78361432,21.47951657,22.077745,21.30357699,22.24147302,,73889,People aged 75 and over are excluded from NS-SeC (National Statistics Socio-economic Classification) economic activity questions in the Active Lives Adult Survey,,Better,Not compared,20230000,,,1y
93881,"Obesity prevalence in adults, (using adjusted self-reported height and weight)",E92000001,England,E92000001,England,England,Persons,18+ yrs,Socioeconomic class,Intermediate occupations,2023/24,26.42743909,25.64777494,27.20243481,25.23648104,27.58082586,,12157,People aged 75 and over are excluded from NS-SeC (National Statistics Socio-economic Classification) economic activity questions in the Active Lives Adult Survey,,Similar,Not compared,20230000,,,1y
93881,"Obesity prevalence in adults, (using adjusted self-reported height and weight)",E92000001,England,E92000001,England,England,Persons,18+ yrs,Socioeconomic class,Self-employed and small employers,2023/24,22.33111338,21.42771157,23.2334176,20.87393764,23.69086313,,8307,People aged 75 and over are excluded from NS-SeC (National Statistics Socio-economic Classification) economic activity questions in the Active Lives Adult Survey,,Better,Not compared,20230000,,,1y
93881,"Obesity prevalence in adults, (using adjusted self-reported height and weight)",E92000001,England,E92000001,England,England,Persons,18+ yrs,Socioeconomic class,Lower supervisory and technical occupations,2023/24,27.81805008,26.89153286,28.73974818,26.26774864,29.30576412,,8657,People aged 75 and over are excluded from NS-SeC (National Statistics Socio-economic Classification) economic activity questions in the Active Lives Adult Survey,,Worse,Not compared,20230000,,,1y
93881,"Obesity prevalence in adults, (using adjusted self-reported height and weight)",E92000001,England,E92000001,England,England,Persons,18+ yrs,Socioeconomic class,Semi-routine and routine occupations,2023/24,28.96437027,28.14125147,29.78527093,27.73023822,30.23824023,,11922,People aged 75 and over are excluded from NS-SeC (National Statistics Socio-economic Classification) economic activity questions in the Active Lives Adult Survey,,Worse,Not compared,20230000,,,1y
93881,"Obesity prevalence in adults, (using adjusted self-reported height and weight)",E92000001,England,E92000001,England,England,Persons,18+ yrs,Socioeconomic class,Long term unemployed or never worked,2023/24,31.30630546,29.46023898,33.16852081,28.47136382,34.23980222,,2427,People aged 75 and over are excluded from NS-SeC (National Statistics Socio-economic Classification) economic activity questions in the Active Lives Adult Survey,,Worse,Not compared,20230000,,,1y
93881,"Obesity prevalence in adults, (using adjusted self-reported height and weight)",E92000001,England,E92000001,England,England,Persons,18+ yrs,Socioeconomic class,Students,2023/24,20.76461916,19.1796875,22.3046875,18.39839844,23.32035156,,2560,People aged 75 and over are excluded from NS-SeC (National Statistics Socio-economic Classification) economic activity questions in the Active Lives Adult Survey,,Better,Not compared,20230000,,,1y
93881,"Obesity prevalence in adults, (using adjusted self-reported height and weight)",E92000001,England,E92000001,England,England,Persons,18+ yrs,Socioeconomic class,Other/unclassified,2023/24,25.50284755,23.98452611,27.01482914,23.08181818,27.94977434,,3102,People aged 75 and over are excluded from NS-SeC (National Statistics Socio-economic Classification) economic activity questions in the Active Lives Adult Survey,,Similar,Not compared,20230000,,,1y
93881,"Obesity prevalence in adults, (using adjusted self-reported height and weight)",E92000001,England,E92000001,England,England,Persons,18-24 yrs,,,2023/24,12.17111,11.32475,13.01817,10.84846,13.49446,,5669,,,Similar,Not compared,20230000,,,1y
93881,"Obesity prevalence in adults, (using adjusted self-reported height and weight)",E92000001,England,E54000008,NHS Cheshire and Merseyside Integrated Care Board - QYG,ICBs,Persons,18+ yrs,,,2023/24,29.60556,28.38235,30.84559,27.70219,31.50735,,5440,,,Worse,Not compared,20230000,,,1y
93881,"Obesity prevalence in adults, (using adjusted self-reported height and weight)",E92000001,England,E54000010,NHS Staffordshire and Stoke-on-Trent Integrated Care Board - QNC,ICBs,Persons,18+ yrs,,,2023/24,30.75212,29.21884,32.31962,28.29454,33.12463,,3354,,,Worse,Not compared,20230000,,,1y
93881,"Obesity prevalence in adults, (using adjusted self-reported height and weight)",E92000001,England,E54000011,"NHS Shropshire, Telford and Wrekin Integrated Care Board - QOC",ICBs,Persons,18+ yrs,,,2023/24,31.48562,28.54188,34.4364,26.88718,36.091,,967,,,Worse,Not compared,20230000,,,1y
93881,"Obesity prevalence in adults, (using adjusted self-reported height and weight)",E92000001,England,E54000013,NHS Lincolnshire Integrated Care Board - QJM,ICBs,Persons,18+ yrs,,,2023/24,31.92801,30.40115,33.4957,29.62748,34.32668,,3490,,,Worse,Not compared,20230000,,,1y
93881,"Obesity prevalence in adults, (using adjusted self-reported height and weight)",E92000001,England,E54000015,"NHS Leicester, Leicestershire and Rutland Integrated Care Board - QK1",ICBs,Persons,18+ yrs,,,2023/24,26.93189,25.47496,28.38227,24.6114,29.15947,,3474,,,Similar,Not compared,20230000,,,1y
93881,"Obesity prevalence in adults, (using adjusted self-reported height and weight)",E92000001,England,E54000018,NHS Coventry and Warwickshire Integrated Care Board - QWU,ICBs,Persons,18+ yrs,,,2023/24,26.80695,25.0,28.66071,23.97317,29.82143,,2240,,,Similar,Not compared,20230000,,,1y
93881,"Obesity prevalence in adults, (using adjusted self-reported height and weight)",E92000001,England,E54000019,NHS Herefordshire and Worcestershire Integrated Care Board - QGH,ICBs,Persons,18+ yrs,,,2023/24,28.9824,27.16367,30.84833,26.00686,31.87661,,2334,,,Worse,Not compared,20230000,,,1y
93881,"Obesity prevalence in adults, (using adjusted self-reported height and weight)",E92000001,England,E54000022,NHS Norfolk and Waveney Integrated Care Board - QMM,ICBs,Persons,18+ yrs,,,2023/24,29.85079,28.27225,31.44441,27.50231,32.46079,,3247,,,Worse,Not compared,20230000,,,1y
93881,"Obesity prevalence in adults, (using adjusted self-reported height and weight)",E92000001,England,E54000023,NHS Suffolk and North East Essex Integrated Care Board - QJG,ICBs,Persons,18+ yrs,,,2023/24,29.92051,28.2699,31.6263,27.23173,32.52599,,2890,,,Worse,Not compared,20230000,,,1y
93881,"Obesity prevalence in adults, (using adjusted self-reported height and weight)",E92000001,England,E54000024,"NHS Bedfordshire, Luton and Milton Keynes Integrated Care Board - QHG",ICBs,Persons,18+ yrs,,,2023/24,28.6215,26.76444,30.52246,25.66453,31.71412,,2182,,,Worse,Not compared,20230000,,,1y
93881,"Obesity prevalence in adults, (using adjusted self-reported height and weight)",E92000001,England,E54000025,NHS Hertfordshire and West Essex Integrated Care Board - QM7,ICBs,Persons,18+ yrs,,,2023/24,24.53942,23.26044,25.82284,22.55357,26.48555,,4527,,,Better,Not compared,20230000,,,1y
93881,"Obesity prevalence in adults, (using adjusted self-reported height and weight)",E92000001,England,E54000026,NHS Mid and South Essex Integrated Care Board - QH8,ICBs,Persons,18+ yrs,,,2023/24,29.24772,27.62672,30.88285,26.82108,31.78926,,2979,,,Worse,Not compared,20230000,,,1y
93881,"Obesity prevalence in adults, (using adjusted self-reported height and weight)",E92000001,England,E54000027,NHS North West London Integrated Care Board - QRV,ICBs,Persons,18+ yrs,,,2023/24,19.31766,18.12424,20.48721,17.53959,21.16933,,4105,,,Better,Not compared,20230000,,,1y
93881,"Obesity prevalence in adults, (using adjusted self-reported height and weight)",E92000001,England,E54000028,NHS North Central London Integrated Care Board - QMJ,ICBs,Persons,18+ yrs,,,2023/24,17.88575,16.41434,19.40239,15.61753,20.11956,,2510,,,Better,Not compared,20230000,,,1y
93881,"Obesity prevalence in adults, (using adjusted self-reported height and weight)",E92000001,England,E54000029,NHS North East London Integrated Care Board - QMF,ICBs,Persons,18+ yrs,,,2023/24,24.01567,22.78367,25.26506,22.03923,26.0095,,4433,,,Better,Not compared,20230000,,,1y
93881,"Obesity prevalence in adults, (using adjusted self-reported height and weight)",E92000001,England,E54000030,NHS South East London Integrated Care Board - QKK,ICBs,Persons,18+ yrs,,,2023/24,21.10988,19.75,22.5625,18.9375,23.34381,,3200,,,Better,Not compared,20230000,,,1y
93881,"Obesity prevalence in adults, (using adjusted self-reported height and weight)",E92000001,England,E54000031,NHS South West London Integrated Care Board - QWE,ICBs,Persons,18+ yrs,,,2023/24,19.31692,17.84777,20.8099,17.06033,21.67237,,2667,,,Better,Not compared,20230000,,,1y
93881,"Obesity prevalence in adults, (using adjusted self-reported height and weight)",E92000001,England,E54000032,NHS Kent and Medway Integrated Care Board - QKS,ICBs,Persons,18+ yrs,,,2023/24,26.82741,25.56936,28.11594,24.92752,28.79919,,4830,,,Similar,Not compared,20230000,,,1y
93881,"Obesity prevalence in adults, (using adjusted self-reported height and weight)",E92000001,England,E54000034,NHS Frimley Integrated Care Board - QNQ,ICBs,Persons,18+ yrs,,,2023/24,24.19931,22.44541,25.98253,21.52834,27.03061,,2290,,,Better,Not compared,20230000,,,1y
93881,"Obesity prevalence in adults, (using adjusted self-reported height and weight)",E92000001,England,E54000036,NHS Cornwall and the Isles of Scilly Integrated Care Board - QT6,ICBs,Persons,18+ yrs,,,2023/24,24.0381,21.51431,26.5928,20.12909,27.8856,,1083,,,Similar,Not compared,20230000,,,1y
93881,"Obesity prevalence in adults, (using adjusted self-reported height and weight)",E92000001,England,E54000037,NHS Devon Integrated Care Board - QJK,ICBs,Persons,18+ yrs,,,2023/24,25.64113,24.29648,27.03518,23.51759,27.73872,,3980,,,Similar,Not compared,20230000,,,1y
93881,"Obesity prevalence in adults, (using adjusted self-reported height and weight)",E92000001,England,E54000038,NHS Somerset Integrated Care Board - QSL,ICBs,Persons,18+ yrs,,,2023/24,25.80214,23.0444,28.54123,21.56448,30.02125,,946,,,Similar,Not compared,20230000,,,1y
93881,"Obesity prevalence in adults, (using adjusted self-reported height and weight)",E92000001,England,E54000039,"NHS Bristol, North Somerset and South Gloucestershire Integrated Care Board - QUY",ICBs,Persons,18+ yrs,,,2023/24,22.24364,20.34539,24.12304,19.32002,25.14852,,1853,,,Better,Not compared,20230000,,,1y
93881,"Obesity prevalence in adults, (using adjusted self-reported height and weight)",E92000001,England,E54000040,"NHS Bath and North East Somerset, Swindon and Wiltshire Integrated Care Board - QOX",ICBs,Persons,18+ yrs,,,2023/24,27.59293,25.31312,29.79565,24.12657,31.04819,,1517,,,Similar,Not compared,20230000,,,1y
93881,"Obesity prevalence in adults, (using adjusted self-reported height and weight)",E92000001,England,E54000041,NHS Dorset Integrated Care Board - QVV,ICBs,Persons,18+ yrs,,,2023/24,24.23509,22.06667,26.40167,20.86667,27.66673,,1500,,,Better,Not compared,20230000,,,1y
93881,"Obesity prevalence in adults, (using adjusted self-reported height and weight)",E92000001,England,E54000042,NHS Hampshire and Isle of Wight Integrated Care Board - QRL,ICBs,Persons,18+ yrs,,,2023/24,27.61708,26.30643,28.95264,25.52813,29.68648,,4497,,,Similar,Not compared,20230000,,,1y
93881,"Obesity prevalence in adults, (using adjusted self-reported height and weight)",E92000001,England,E54000043,NHS Gloucestershire Integrated Care Board - QR1,ICBs,Persons,18+ yrs,,,2023/24,24.86939,22.95567,26.74877,21.87187,27.93103,,2030,,,Similar,Not compared,20230000,,,1y
93881,"Obesity prevalence in adults, (using adjusted self-reported height and weight)",E92000001,England,E54000044,"NHS Buckinghamshire, Oxfordshire and Berkshire West Integrated Care Board - QU9",ICBs,Persons,18+ yrs,,,2023/24,21.69034,20.42236,22.98137,19.77637,23.67702,,4025,,,Better,Not compared,20230000,,,1y
93881,"Obesity prevalence in adults, (using adjusted self-reported height and weight)",E92000001,England,E54000048,NHS Lancashire and South Cumbria Integrated Care Board - QE1,ICBs,Persons,18+ yrs,,,2023/24,28.19734,27.18072,29.23159,26.59474,29.72436,,7509,,,Worse,Not compared,20230000,,,1y
93881,"Obesity prevalence in adults, (using adjusted self-reported height and weight)",E92000001,England,E54000050,NHS North East and North Cumbria Integrated Care Board - QHM,ICBs,Persons,18+ yrs,,,2023/24,32.20952,31.19555,33.22846,30.61468,33.78513,,8264,,,Worse,Not compared,20230000,,,1y
93881,"Obesity prevalence in adults, (using adjusted self-reported height and weight)",E92000001,England,E54000051,NHS Humber and North Yorkshire Integrated Care Board - QOQ,ICBs,Persons,18+ yrs,,,2023/24,30.41587,28.99335,31.79916,28.25498,32.56215,,4063,,,Worse,Not compared,20230000,,,1y
93881,"Obesity prevalence in adults, (using adjusted self-reported height and weight)",E92000001,England,E54000052,NHS Surrey Heartlands Integrated Care Board - QXU,ICBs,Persons,18+ yrs,,,2023/24,18.78912,17.43003,20.16539,16.73025,21.02417,,3144,Value for successor ICB applied to this area,,Better,Not compared,20230000,,,1y
93881,"Obesity prevalence in adults, (using adjusted self-reported height and weight)",E92000001,England,E54000053,NHS Sussex Integrated Care Board - QNX,ICBs,Persons,18+ yrs,,,2023/24,25.17688,23.94305,26.42364,23.23121,27.07079,,4636,Value for successor ICB applied to this area,,Better,Not compared,20230000,,,1y
93881,"Obesity prevalence in adults, (using adjusted self-reported height and weight)",E92000001,England,E54000054,NHS West Yorkshire Integrated Care Board - QWO,ICBs,Persons,18+ yrs,,,2023/24,29.04906,27.75879,30.36939,27.0294,31.0772,,4521,,,Worse,Not compared,20230000,,,1y
93881,"Obesity prevalence in adults, (using adjusted self-reported height and weight)",E92000001,England,E54000055,NHS Birmingham and Solihull Integrated Care Board - QHL,ICBs,Persons,18+ yrs,,,2023/24,28.86412,26.7455,30.96847,25.67568,31.98198,,1776,,,Worse,Not compared,20230000,,,1y
93881,"Obesity prevalence in adults, (using adjusted self-reported height and weight)",E92000001,England,E54000056,NHS Cambridgeshire and Peterborough Integrated Care Board - QUE,ICBs,Persons,18+ yrs,,,2023/24,25.74023,24.12801,27.36426,23.19306,28.19133,,2781,,,Similar,Not compared,20230000,,,1y
93881,"Obesity prevalence in adults, (using adjusted self-reported height and weight)",E92000001,England,E54000057,NHS Greater Manchester Integrated Care Board - QOP,ICBs,Persons,18+ yrs,,,2023/24,27.18656,26.12639,28.25279,25.45725,28.96654,,6725,,,Similar,Not compared,20230000,,,1y
93881,"Obesity prevalence in adults, (using adjusted self-reported height and weight)",E92000001,England,E54000058,NHS Derby and Derbyshire Integrated Care Board - QJ2,ICBs,Persons,18+ yrs,,,2023/24,31.44422,29.92505,32.92291,29.1488,33.88651,,3736,,,Worse,Not compared,20230000,,,1y
93881,"Obesity prevalence in adults, (using adjusted self-reported height and weight)",E92000001,England,E54000059,NHS Northamptonshire Integrated Care Board - QPM,ICBs,Persons,18+ yrs,,,2023/24,27.41272,25.10854,29.81187,23.87844,31.04197,,1382,,,Similar,Not compared,20230000,,,1y
93881,"Obesity prevalence in adults, (using adjusted self-reported height and weight)",E92000001,England,E54000060,NHS Nottingham and Nottinghamshire Integrated Care Board - QT1,ICBs,Persons,18+ yrs,,,2023/24,29.06737,27.49004,30.64664,26.78514,31.44349,,3263,,,Worse,Not compared,20230000,,,1y
93881,"Obesity prevalence in adults, (using adjusted self-reported height and weight)",E92000001,England,E54000061,NHS South Yorkshire Integrated Care Board - QF7,ICBs,Persons,18+ yrs,,,2023/24,32.81725,31.27446,34.37675,30.32415,35.24315,,3578,,,Worse,Not compared,20230000,,,1y
93881,"Obesity prevalence in adults, (using adjusted self-reported height and weight)",E92000001,England,E54000062,NHS Black Country Integrated Care Board - QUA,ICBs,Persons,18+ yrs,,,2023/24,32.68188,31.08021,34.37904,30.17464,35.34932,,3092,,,Worse,Not compared,20230000,,,1y
93881,"Obesity prevalence in adults, (using adjusted self-reported height and weight)",,,E92000001,England,England,Male,18+ yrs,,,2024/25,26.34455,26.01386,26.6816,25.79127,26.86413,,67391,,Cannot be calculated,Not compared,Not compared,20240000,,,1y
93881,"Obesity prevalence in adults, (using adjusted self-reported height and weight)",,,E92000001,England,England,Female,18+ yrs,,,2024/25,26.98744,26.67535,27.30062,26.51419,27.47596,,77566,,Cannot be calculated,Not compared,Not compared,20240000,,,1y
93881,"Obesity prevalence in adults, (using adjusted self-reported height and weight)",,,E92000001,England,England,Persons,85+ yrs,,,2024/25,20.98122,19.54647,22.42095,18.77988,23.15557,,3131,,Cannot be calculated,Not compared,Not compared,20240000,,,1y
93881,"Obesity prevalence in adults, (using adjusted self-reported height and weight)",,,E92000001,England,England,Persons,25-34 yrs,,,2024/25,23.76608,23.14162,24.40908,22.82345,24.84527,,16965,,Cannot be calculated,Not compared,Not compared,20240000,,,1y
93881,"Obesity prevalence in adults, (using adjusted self-reported height and weight)",,,E92000001,England,England,Persons,35-44 yrs,,,2024/25,26.88478,26.31079,27.45887,25.99437,27.82951,,22124,,Cannot be calculated,Not compared,Not compared,20240000,,,1y
93881,"Obesity prevalence in adults, (using adjusted self-reported height and weight)",,,E92000001,England,England,Persons,45-54 yrs,,,2024/25,29.50765,28.90422,30.10857,28.52621,30.46899,,22751,,Cannot be calculated,Not compared,Not compared,20240000,,,1y
93881,"Obesity prevalence in adults, (using adjusted self-reported height and weight)",,,E92000001,England,England,Persons,55-64 yrs,,,2024/25,32.97652,32.4301,33.52228,32.12246,33.82992,,28933,,Cannot be calculated,Not compared,Not compared,20240000,,,1y
93881,"Obesity prevalence in adults, (using adjusted self-reported height and weight)",,,E92000001,England,England,Persons,65-74 yrs,,,2024/25,30.49449,29.96451,31.02927,29.63769,31.34204,,28457,,Cannot be calculated,Not compared,Not compared,20240000,,,1y
93881,"Obesity prevalence in adults, (using adjusted self-reported height and weight)",,,E92000001,England,England,Persons,75-84 yrs,,,2024/25,27.44992,26.77766,28.13608,26.42901,28.51476,,16637,,Cannot be calculated,Not compared,Not compared,20240000,,,1y
93881,"Obesity prevalence in adults, (using adjusted self-reported height and weight)",,,E92000001,England,England,Persons,18+ yrs,,,2024/25,26.64292,26.41749,26.87557,26.31608,27.01146,,144957,,Cannot be calculated,Not compared,Not compared,20240000,,,1y
93881,"Obesity prevalence in adults, (using adjusted self-reported height and weight)",,,E92000001,England,England,Persons,18+ yrs,Working status,Inactive,2024/25,34.4079,33.99213,34.81784,33.78951,35.06825,,52318,,Cannot be calculated,Worse,Not compared,20240000,,,1y
93881,"Obesity prevalence in adults, (using adjusted self-reported height and weight)",,,E92000001,England,England,Persons,18+ yrs,Working status,Unemployed,2024/25,33.59011,32.12822,35.04459,31.33285,35.83996,,4149,,Cannot be calculated,Worse,Not compared,20240000,,,1y
93881,"Obesity prevalence in adults, (using adjusted self-reported height and weight)",,,E92000001,England,England,Persons,18+ yrs,Working status,Working,2024/25,26.17346,25.8647,26.47666,25.67323,26.65057,,79912,,Cannot be calculated,Better,Not compared,20240000,,,1y
93881,"Obesity prevalence in adults, (using adjusted self-reported height and weight)",,,E92000001,England,England,Persons,18+ yrs,Disability,Disabled,2024/25,41.24397,40.68167,41.792,40.37549,42.10827,,29721,,Cannot be calculated,Worse,Not compared,20240000,,,1y
93881,"Obesity prevalence in adults, (using adjusted self-reported height and weight)",,,E92000001,England,England,Persons,18+ yrs,Disability,Not disabled,2024/25,22.37552,22.12436,22.61973,21.9871,22.75334,,110019,,Cannot be calculated,Better,Not compared,20240000,,,1y
93881,"Obesity prevalence in adults, (using adjusted self-reported height and weight)",,,E92000001,England,England,Persons,18+ yrs,Ethnic groups,White British,2024/25,28.08573,27.82597,28.33914,27.6932,28.47964,,116729,,Cannot be calculated,Worse,Not compared,20240000,,,1y
93881,"Obesity prevalence in adults, (using adjusted self-reported height and weight)",,,E92000001,England,England,Persons,18+ yrs,Ethnic groups,White Other,2024/25,22.97634,22.13551,23.85477,21.58127,24.35246,,8841,,Cannot be calculated,Better,Not compared,20240000,,,1y
93881,"Obesity prevalence in adults, (using adjusted self-reported height and weight)",,,E92000001,England,England,Persons,18+ yrs,Ethnic groups,Asian,2024/25,18.77201,17.95203,19.60969,17.45825,20.05643,,8506,,Cannot be calculated,Better,Not compared,20240000,,,1y
93881,"Obesity prevalence in adults, (using adjusted self-reported height and weight)",,,E92000001,England,England,Persons,18+ yrs,Ethnic groups,Black,2024/25,36.34494,34.61022,38.07208,33.66929,39.0457,,2976,,Cannot be calculated,Worse,Not compared,20240000,,,1y
93881,"Obesity prevalence in adults, (using adjusted self-reported height and weight)",,,E92000001,England,England,Persons,18+ yrs,Ethnic groups,Chinese,2024/25,8.31748,6.94538,9.71005,6.27107,10.51929,,1483,,Cannot be calculated,Better,Not compared,20240000,,,1y
93881,"Obesity prevalence in adults, (using adjusted self-reported height and weight)",,,E92000001,England,England,Persons,18+ yrs,Ethnic groups,Mixed,2024/25,24.58562,22.87854,26.33111,21.96339,27.37105,,2404,,Cannot be calculated,Better,Not compared,20240000,,,1y
93881,"Obesity prevalence in adults, (using adjusted self-reported height and weight)",,,E92000001,England,England,Persons,18+ yrs,Ethnic groups,Other,2024/25,26.11278,23.65854,28.53659,22.27634,29.91878,,1230,,Cannot be calculated,Similar,Not compared,20240000,,,1y
93881,"Obesity prevalence in adults, (using adjusted self-reported height and weight)",,,E92000001,England,England,Persons,18+ yrs,LSOA11 deprivation deciles within area (IMD  trend),Most deprived decile,2024/25,37.55219,36.57697,38.52733,35.98246,39.1114,,9588,,Cannot be calculated,Worse,Not compared,20240000,,,1y
93881,"Obesity prevalence in adults, (using adjusted self-reported height and weight)",,,E92000001,England,England,Persons,18+ yrs,LSOA11 deprivation deciles within area (IMD  trend),Second most deprived decile,2024/25,33.84162,32.98486,34.73324,32.39004,35.22893,,11096,,Cannot be calculated,Worse,Not compared,20240000,,,1y
93881,"Obesity prevalence in adults, (using adjusted self-reported height and weight)",,,E92000001,England,England,Persons,18+ yrs,LSOA11 deprivation deciles within area (IMD  trend),Third more deprived decile,2024/25,29.70711,28.93788,30.48426,28.52207,30.92381,,12741,,Cannot be calculated,Worse,Not compared,20240000,,,1y
93881,"Obesity prevalence in adults, (using adjusted self-reported height and weight)",,,E92000001,England,England,Persons,18+ yrs,LSOA11 deprivation deciles within area (IMD  trend),Fourth more deprived decile,2024/25,28.74044,28.00877,29.47462,27.56352,29.89932,,14599,,Cannot be calculated,Worse,Not compared,20240000,,,1y
93881,"Obesity prevalence in adults, (using adjusted self-reported height and weight)",,,E92000001,England,England,Persons,18+ yrs,LSOA11 deprivation deciles within area (IMD  trend),Fifth more deprived decile,2024/25,27.61134,26.90806,28.33124,26.48439,28.70857,,15107,,Cannot be calculated,Worse,Not compared,20240000,,,1y
93881,"Obesity prevalence in adults, (using adjusted self-reported height and weight)",,,E92000001,England,England,Persons,18+ yrs,LSOA11 deprivation deciles within area (IMD  trend),Fifth less deprived decile,2024/25,25.70886,25.03947,26.39106,24.56582,26.71932,,15835,,Cannot be calculated,Better,Not compared,20240000,,,1y
93881,"Obesity prevalence in adults, (using adjusted self-reported height and weight)",,,E92000001,England,England,Persons,18+ yrs,LSOA11 deprivation deciles within area (IMD  trend),Fourth less deprived decile,2024/25,24.02066,23.3603,24.6598,22.96798,25.01534,,16314,,Cannot be calculated,Better,Not compared,20240000,,,1y
93881,"Obesity prevalence in adults, (using adjusted self-reported height and weight)",,,E92000001,England,England,Persons,18+ yrs,LSOA11 deprivation deciles within area (IMD  trend),Third less deprived decile,2024/25,24.77353,24.13161,25.43938,23.74696,25.85954,,16899,,Cannot be calculated,Better,Not compared,20240000,,,1y
93881,"Obesity prevalence in adults, (using adjusted self-reported height and weight)",,,E92000001,England,England,Persons,18+ yrs,LSOA11 deprivation deciles within area (IMD  trend),Second least deprived decile,2024/25,22.73181,22.08739,23.37439,21.73806,23.78502,,16317,,Cannot be calculated,Better,Not compared,20240000,,,1y
93881,"Obesity prevalence in adults, (using adjusted self-reported height and weight)",,,E92000001,England,England,Persons,18+ yrs,LSOA11 deprivation deciles within area (IMD  trend),Least deprived decile,2024/25,19.98071,19.39129,20.58821,19.06931,20.92826,,16461,,Cannot be calculated,Better,Not compared,20240000,,,1y
93881,"Obesity prevalence in adults, (using adjusted self-reported height and weight)",,,E92000001,England,England,Persons,18+ yrs,Level of education,No qualification,2024/25,38.15249,37.16619,39.1525,36.5482,39.64911,,9062,,Cannot be calculated,Worse,Not compared,20240000,,,1y
93881,"Obesity prevalence in adults, (using adjusted self-reported height and weight)",,,E92000001,England,England,Persons,18+ yrs,Level of education,Another type of qualification,2024/25,29.1691,27.98824,30.3585,27.31361,31.03275,,5781,,Cannot be calculated,Worse,Not compared,20240000,,,1y
93881,"Obesity prevalence in adults, (using adjusted self-reported height and weight)",,,E92000001,England,England,Persons,18+ yrs,Level of education,Level 1 and below,2024/25,36.39138,34.56221,38.24885,33.60215,39.36252,,2604,,Cannot be calculated,Worse,Not compared,20240000,,,1y
93881,"Obesity prevalence in adults, (using adjusted self-reported height and weight)",,,E92000001,England,England,Persons,18+ yrs,Level of education,Level 2 and equivalent,2024/25,33.20424,32.59536,33.81388,32.26498,34.15712,,23307,,Cannot be calculated,Worse,Not compared,20240000,,,1y
93881,"Obesity prevalence in adults, (using adjusted self-reported height and weight)",,,E92000001,England,England,Persons,18+ yrs,Level of education,Level 3 and equivalent,2024/25,30.68236,30.08455,31.3035,29.76831,31.61984,,21496,,Cannot be calculated,Worse,Not compared,20240000,,,1y
93881,"Obesity prevalence in adults, (using adjusted self-reported height and weight)",,,E92000001,England,England,Persons,18+ yrs,Level of education,Level 4 and above,2024/25,22.06161,21.76954,22.34818,21.59283,22.49378,,80360,,Cannot be calculated,Better,Not compared,20240000,,,1y
93881,"Obesity prevalence in adults, (using adjusted self-reported height and weight)",,,E92000001,England,England,Persons,18+ yrs,Socioeconomic class,"Managerial, administrative and professional occupations",2024/25,21.61947,21.32473,21.9073,21.19039,22.09883,,75185,People aged 75 and over are excluded from NS-SeC (National Statistics Socio-economic Classification) economic activity questions in the Active Lives Adult Survey,Cannot be calculated,Better,Not compared,20240000,,,1y
93881,"Obesity prevalence in adults, (using adjusted self-reported height and weight)",,,E92000001,England,England,Persons,18+ yrs,Socioeconomic class,Intermediate occupations,2024/25,26.87874,26.1117,27.6319,25.67269,28.10341,,12301,People aged 75 and over are excluded from NS-SeC (National Statistics Socio-economic Classification) economic activity questions in the Active Lives Adult Survey,Cannot be calculated,Similar,Not compared,20240000,,,1y
93881,"Obesity prevalence in adults, (using adjusted self-reported height and weight)",,,E92000001,England,England,Persons,18+ yrs,Socioeconomic class,Self-employed and small employers,2024/25,23.22771,22.33466,24.14167,21.79254,24.73198,,8301,People aged 75 and over are excluded from NS-SeC (National Statistics Socio-economic Classification) economic activity questions in the Active Lives Adult Survey,Cannot be calculated,Better,Not compared,20240000,,,1y
93881,"Obesity prevalence in adults, (using adjusted self-reported height and weight)",,,E92000001,England,England,Persons,18+ yrs,Socioeconomic class,Lower supervisory and technical occupations,2024/25,27.94221,26.99752,28.85438,26.43483,29.37208,,8886,People aged 75 and over are excluded from NS-SeC (National Statistics Socio-economic Classification) economic activity questions in the Active Lives Adult Survey,Cannot be calculated,Worse,Not compared,20240000,,,1y
93881,"Obesity prevalence in adults, (using adjusted self-reported height and weight)",,,E92000001,England,England,Persons,18+ yrs,Socioeconomic class,Semi-routine and routine occupations,2024/25,29.67157,28.86008,30.51861,28.32127,31.04059,,11878,People aged 75 and over are excluded from NS-SeC (National Statistics Socio-economic Classification) economic activity questions in the Active Lives Adult Survey,Cannot be calculated,Worse,Not compared,20240000,,,1y
93881,"Obesity prevalence in adults, (using adjusted self-reported height and weight)",,,E92000001,England,England,Persons,18+ yrs,Socioeconomic class,Long term unemployed or never worked,2024/25,33.61381,31.8944,35.39065,30.93111,36.38958,,2803,People aged 75 and over are excluded from NS-SeC (National Statistics Socio-economic Classification) economic activity questions in the Active Lives Adult Survey,Cannot be calculated,Worse,Not compared,20240000,,,1y
93881,"Obesity prevalence in adults, (using adjusted self-reported height and weight)",,,E92000001,England,England,Persons,18+ yrs,Socioeconomic class,Students,2024/25,27.37652,25.71007,29.02988,24.75094,30.02589,,2711,People aged 75 and over are excluded from NS-SeC (National Statistics Socio-economic Classification) economic activity questions in the Active Lives Adult Survey,Cannot be calculated,Similar,Not compared,20240000,,,1y
93881,"Obesity prevalence in adults, (using adjusted self-reported height and weight)",,,E92000001,England,England,Persons,18+ yrs,Socioeconomic class,Other/unclassified,2024/25,24.57351,23.07939,26.08835,22.34312,27.04872,,3124,People aged 75 and over are excluded from NS-SeC (National Statistics Socio-economic Classification) economic activity questions in the Active Lives Adult Survey,Cannot be calculated,Better,Not compared,20240000,,,1y
93881,"Obesity prevalence in adults, (using adjusted self-reported height and weight)",,,E92000001,England,England,Persons,18-24 yrs,,,2024/25,12.85134,12.01544,13.69357,11.51198,14.16345,,5959,,Cannot be calculated,Not compared,Not compared,20240000,,,1y
93881,"Obesity prevalence in adults, (using adjusted self-reported height and weight)",E92000001,England,E92000001,England,England,Male,18+ yrs,,,2024/25,26.34455,26.01386,26.6816,25.79127,26.86413,,67391,,Cannot be calculated,Similar,Not compared,20240000,,,1y
93881,"Obesity prevalence in adults, (using adjusted self-reported height and weight)",E92000001,England,E92000001,England,England,Female,18+ yrs,,,2024/25,26.98744,26.67535,27.30062,26.51419,27.47596,,77566,,Cannot be calculated,Similar,Not compared,20240000,,,1y
93881,"Obesity prevalence in adults, (using adjusted self-reported height and weight)",E92000001,England,E92000001,England,England,Persons,85+ yrs,,,2024/25,20.98122,19.54647,22.42095,18.77988,23.15557,,3131,,Cannot be calculated,Similar,Not compared,20240000,,,1y
93881,"Obesity prevalence in adults, (using adjusted self-reported height and weight)",E92000001,England,E92000001,England,England,Persons,25-34 yrs,,,2024/25,23.76608,23.14162,24.40908,22.82345,24.84527,,16965,,Cannot be calculated,Similar,Not compared,20240000,,,1y
93881,"Obesity prevalence in adults, (using adjusted self-reported height and weight)",E92000001,England,E92000001,England,England,Persons,35-44 yrs,,,2024/25,26.88478,26.31079,27.45887,25.99437,27.82951,,22124,,Cannot be calculated,Similar,Not compared,20240000,,,1y
93881,"Obesity prevalence in adults, (using adjusted self-reported height and weight)",E92000001,England,E92000001,England,England,Persons,45-54 yrs,,,2024/25,29.50765,28.90422,30.10857,28.52621,30.46899,,22751,,Cannot be calculated,Similar,Not compared,20240000,,,1y
93881,"Obesity prevalence in adults, (using adjusted self-reported height and weight)",E92000001,England,E92000001,England,England,Persons,55-64 yrs,,,2024/25,32.97652,32.4301,33.52228,32.12246,33.82992,,28933,,Cannot be calculated,Similar,Not compared,20240000,,,1y
93881,"Obesity prevalence in adults, (using adjusted self-reported height and weight)",E92000001,England,E92000001,England,England,Persons,65-74 yrs,,,2024/25,30.49449,29.96451,31.02927,29.63769,31.34204,,28457,,Cannot be calculated,Similar,Not compared,20240000,,,1y
93881,"Obesity prevalence in adults, (using adjusted self-reported height and weight)",E92000001,England,E92000001,England,England,Persons,75-84 yrs,,,2024/25,27.44992,26.77766,28.13608,26.42901,28.51476,,16637,,Cannot be calculated,Similar,Not compared,20240000,,,1y
93881,"Obesity prevalence in adults, (using adjusted self-reported height and weight)",E92000001,England,E92000001,England,England,Persons,18+ yrs,,,2024/25,26.64292,26.41749,26.87557,26.31608,27.01146,,144957,,Cannot be calculated,Similar,Not compared,20240000,,,1y
93881,"Obesity prevalence in adults, (using adjusted self-reported height and weight)",E92000001,England,E92000001,England,England,Persons,18+ yrs,Working status,Inactive,2024/25,34.4079,33.99213,34.81784,33.78951,35.06825,,52318,,Cannot be calculated,Worse,Not compared,20240000,,,1y
93881,"Obesity prevalence in adults, (using adjusted self-reported height and weight)",E92000001,England,E92000001,England,England,Persons,18+ yrs,Working status,Unemployed,2024/25,33.59011,32.12822,35.04459,31.33285,35.83996,,4149,,Cannot be calculated,Worse,Not compared,20240000,,,1y
93881,"Obesity prevalence in adults, (using adjusted self-reported height and weight)",E92000001,England,E92000001,England,England,Persons,18+ yrs,Working status,Working,2024/25,26.17346,25.8647,26.47666,25.67323,26.65057,,79912,,Cannot be calculated,Better,Not compared,20240000,,,1y
93881,"Obesity prevalence in adults, (using adjusted self-reported height and weight)",E92000001,England,E92000001,England,England,Persons,18+ yrs,Disability,Disabled,2024/25,41.24397,40.68167,41.792,40.37549,42.10827,,29721,,Cannot be calculated,Worse,Not compared,20240000,,,1y
93881,"Obesity prevalence in adults, (using adjusted self-reported height and weight)",E92000001,England,E92000001,England,England,Persons,18+ yrs,Disability,Not disabled,2024/25,22.37552,22.12436,22.61973,21.9871,22.75334,,110019,,Cannot be calculated,Better,Not compared,20240000,,,1y
93881,"Obesity prevalence in adults, (using adjusted self-reported height and weight)",E92000001,England,E92000001,England,England,Persons,18+ yrs,Ethnic groups,White British,2024/25,28.08573,27.82597,28.33914,27.6932,28.47964,,116729,,Cannot be calculated,Worse,Not compared,20240000,,,1y
93881,"Obesity prevalence in adults, (using adjusted self-reported height and weight)",E92000001,England,E92000001,England,England,Persons,18+ yrs,Ethnic groups,White Other,2024/25,22.97634,22.13551,23.85477,21.58127,24.35246,,8841,,Cannot be calculated,Better,Not compared,20240000,,,1y
93881,"Obesity prevalence in adults, (using adjusted self-reported height and weight)",E92000001,England,E92000001,England,England,Persons,18+ yrs,Ethnic groups,Asian,2024/25,18.77201,17.95203,19.60969,17.45825,20.05643,,8506,,Cannot be calculated,Better,Not compared,20240000,,,1y
93881,"Obesity prevalence in adults, (using adjusted self-reported height and weight)",E92000001,England,E92000001,England,England,Persons,18+ yrs,Ethnic groups,Black,2024/25,36.34494,34.61022,38.07208,33.66929,39.0457,,2976,,Cannot be calculated,Worse,Not compared,20240000,,,1y
93881,"Obesity prevalence in adults, (using adjusted self-reported height and weight)",E92000001,England,E92000001,England,England,Persons,18+ yrs,Ethnic groups,Chinese,2024/25,8.31748,6.94538,9.71005,6.27107,10.51929,,1483,,Cannot be calculated,Better,Not compared,20240000,,,1y
93881,"Obesity prevalence in adults, (using adjusted self-reported height and weight)",E92000001,England,E92000001,England,England,Persons,18+ yrs,Ethnic groups,Mixed,2024/25,24.58562,22.87854,26.33111,21.96339,27.37105,,2404,,Cannot be calculated,Better,Not compared,20240000,,,1y
93881,"Obesity prevalence in adults, (using adjusted self-reported height and weight)",E92000001,England,E92000001,England,England,Persons,18+ yrs,Ethnic groups,Other,2024/25,26.11278,23.65854,28.53659,22.27634,29.91878,,1230,,Cannot be calculated,Similar,Not compared,20240000,,,1y
93881,"Obesity prevalence in adults, (using adjusted self-reported height and weight)",E92000001,England,E92000001,England,England,Persons,18+ yrs,LSOA11 deprivation deciles within area (IMD  trend),Most deprived decile,2024/25,37.55219,36.57697,38.52733,35.98246,39.1114,,9588,,Cannot be calculated,Worse,Not compared,20240000,,,1y
93881,"Obesity prevalence in adults, (using adjusted self-reported height and weight)",E92000001,England,E92000001,England,England,Persons,18+ yrs,LSOA11 deprivation deciles within area (IMD  trend),Second most deprived decile,2024/25,33.84162,32.98486,34.73324,32.39004,35.22893,,11096,,Cannot be calculated,Worse,Not compared,20240000,,,1y
93881,"Obesity prevalence in adults, (using adjusted self-reported height and weight)",E92000001,England,E92000001,England,England,Persons,18+ yrs,LSOA11 deprivation deciles within area (IMD  trend),Third more deprived decile,2024/25,29.70711,28.93788,30.48426,28.52207,30.92381,,12741,,Cannot be calculated,Worse,Not compared,20240000,,,1y
93881,"Obesity prevalence in adults, (using adjusted self-reported height and weight)",E92000001,England,E92000001,England,England,Persons,18+ yrs,LSOA11 deprivation deciles within area (IMD  trend),Fourth more deprived decile,2024/25,28.74044,28.00877,29.47462,27.56352,29.89932,,14599,,Cannot be calculated,Worse,Not compared,20240000,,,1y
93881,"Obesity prevalence in adults, (using adjusted self-reported height and weight)",E92000001,England,E92000001,England,England,Persons,18+ yrs,LSOA11 deprivation deciles within area (IMD  trend),Fifth more deprived decile,2024/25,27.61134,26.90806,28.33124,26.48439,28.70857,,15107,,Cannot be calculated,Worse,Not compared,20240000,,,1y
93881,"Obesity prevalence in adults, (using adjusted self-reported height and weight)",E92000001,England,E92000001,England,England,Persons,18+ yrs,LSOA11 deprivation deciles within area (IMD  trend),Fifth less deprived decile,2024/25,25.70886,25.03947,26.39106,24.56582,26.71932,,15835,,Cannot be calculated,Better,Not compared,20240000,,,1y
93881,"Obesity prevalence in adults, (using adjusted self-reported height and weight)",E92000001,England,E92000001,England,England,Persons,18+ yrs,LSOA11 deprivation deciles within area (IMD  trend),Fourth less deprived decile,2024/25,24.02066,23.3603,24.6598,22.96798,25.01534,,16314,,Cannot be calculated,Better,Not compared,20240000,,,1y
93881,"Obesity prevalence in adults, (using adjusted self-reported height and weight)",E92000001,England,E92000001,England,England,Persons,18+ yrs,LSOA11 deprivation deciles within area (IMD  trend),Third less deprived decile,2024/25,24.77353,24.13161,25.43938,23.74696,25.85954,,16899,,Cannot be calculated,Better,Not compared,20240000,,,1y
93881,"Obesity prevalence in adults, (using adjusted self-reported height and weight)",E92000001,England,E92000001,England,England,Persons,18+ yrs,LSOA11 deprivation deciles within area (IMD  trend),Second least deprived decile,2024/25,22.73181,22.08739,23.37439,21.73806,23.78502,,16317,,Cannot be calculated,Better,Not compared,20240000,,,1y
93881,"Obesity prevalence in adults, (using adjusted self-reported height and weight)",E92000001,England,E92000001,England,England,Persons,18+ yrs,LSOA11 deprivation deciles within area (IMD  trend),Least deprived decile,2024/25,19.98071,19.39129,20.58821,19.06931,20.92826,,16461,,Cannot be calculated,Better,Not compared,20240000,,,1y
93881,"Obesity prevalence in adults, (using adjusted self-reported height and weight)",E92000001,England,E92000001,England,England,Persons,18+ yrs,Level of education,No qualification,2024/25,38.15249,37.16619,39.1525,36.5482,39.64911,,9062,,Cannot be calculated,Worse,Not compared,20240000,,,1y
93881,"Obesity prevalence in adults, (using adjusted self-reported height and weight)",E92000001,England,E92000001,England,England,Persons,18+ yrs,Level of education,Another type of qualification,2024/25,29.1691,27.98824,30.3585,27.31361,31.03275,,5781,,Cannot be calculated,Worse,Not compared,20240000,,,1y
93881,"Obesity prevalence in adults, (using adjusted self-reported height and weight)",E92000001,England,E92000001,England,England,Persons,18+ yrs,Level of education,Level 1 and below,2024/25,36.39138,34.56221,38.24885,33.60215,39.36252,,2604,,Cannot be calculated,Worse,Not compared,20240000,,,1y
93881,"Obesity prevalence in adults, (using adjusted self-reported height and weight)",E92000001,England,E92000001,England,England,Persons,18+ yrs,Level of education,Level 2 and equivalent,2024/25,33.20424,32.59536,33.81388,32.26498,34.15712,,23307,,Cannot be calculated,Worse,Not compared,20240000,,,1y
93881,"Obesity prevalence in adults, (using adjusted self-reported height and weight)",E92000001,England,E92000001,England,England,Persons,18+ yrs,Level of education,Level 3 and equivalent,2024/25,30.68236,30.08455,31.3035,29.76831,31.61984,,21496,,Cannot be calculated,Worse,Not compared,20240000,,,1y
93881,"Obesity prevalence in adults, (using adjusted self-reported height and weight)",E92000001,England,E92000001,England,England,Persons,18+ yrs,Level of education,Level 4 and above,2024/25,22.06161,21.76954,22.34818,21.59283,22.49378,,80360,,Cannot be calculated,Better,Not compared,20240000,,,1y
93881,"Obesity prevalence in adults, (using adjusted self-reported height and weight)",E92000001,England,E92000001,England,England,Persons,18+ yrs,Socioeconomic class,"Managerial, administrative and professional occupations",2024/25,21.61947,21.32473,21.9073,21.19039,22.09883,,75185,People aged 75 and over are excluded from NS-SeC (National Statistics Socio-economic Classification) economic activity questions in the Active Lives Adult Survey,Cannot be calculated,Better,Not compared,20240000,,,1y
93881,"Obesity prevalence in adults, (using adjusted self-reported height and weight)",E92000001,England,E92000001,England,England,Persons,18+ yrs,Socioeconomic class,Intermediate occupations,2024/25,26.87874,26.1117,27.6319,25.67269,28.10341,,12301,People aged 75 and over are excluded from NS-SeC (National Statistics Socio-economic Classification) economic activity questions in the Active Lives Adult Survey,Cannot be calculated,Similar,Not compared,20240000,,,1y
93881,"Obesity prevalence in adults, (using adjusted self-reported height and weight)",E92000001,England,E92000001,England,England,Persons,18+ yrs,Socioeconomic class,Self-employed and small employers,2024/25,23.22771,22.33466,24.14167,21.79254,24.73198,,8301,People aged 75 and over are excluded from NS-SeC (National Statistics Socio-economic Classification) economic activity questions in the Active Lives Adult Survey,Cannot be calculated,Better,Not compared,20240000,,,1y
93881,"Obesity prevalence in adults, (using adjusted self-reported height and weight)",E92000001,England,E92000001,England,England,Persons,18+ yrs,Socioeconomic class,Lower supervisory and technical occupations,2024/25,27.94221,26.99752,28.85438,26.43483,29.37208,,8886,People aged 75 and over are excluded from NS-SeC (National Statistics Socio-economic Classification) economic activity questions in the Active Lives Adult Survey,Cannot be calculated,Worse,Not compared,20240000,,,1y
93881,"Obesity prevalence in adults, (using adjusted self-reported height and weight)",E92000001,England,E92000001,England,England,Persons,18+ yrs,Socioeconomic class,Semi-routine and routine occupations,2024/25,29.67157,28.86008,30.51861,28.32127,31.04059,,11878,People aged 75 and over are excluded from NS-SeC (National Statistics Socio-economic Classification) economic activity questions in the Active Lives Adult Survey,Cannot be calculated,Worse,Not compared,20240000,,,1y
93881,"Obesity prevalence in adults, (using adjusted self-reported height and weight)",E92000001,England,E92000001,England,England,Persons,18+ yrs,Socioeconomic class,Long term unemployed or never worked,2024/25,33.61381,31.8944,35.39065,30.93111,36.38958,,2803,People aged 75 and over are excluded from NS-SeC (National Statistics Socio-economic Classification) economic activity questions in the Active Lives Adult Survey,Cannot be calculated,Worse,Not compared,20240000,,,1y
93881,"Obesity prevalence in adults, (using adjusted self-reported height and weight)",E92000001,England,E92000001,England,England,Persons,18+ yrs,Socioeconomic class,Students,2024/25,27.37652,25.71007,29.02988,24.75094,30.02589,,2711,People aged 75 and over are excluded from NS-SeC (National Statistics Socio-economic Classification) economic activity questions in the Active Lives Adult Survey,Cannot be calculated,Similar,Not compared,20240000,,,1y
93881,"Obesity prevalence in adults, (using adjusted self-reported height and weight)",E92000001,England,E92000001,England,England,Persons,18+ yrs,Socioeconomic class,Other/unclassified,2024/25,24.57351,23.07939,26.08835,22.34312,27.04872,,3124,People aged 75 and over are excluded from NS-SeC (National Statistics Socio-economic Classification) economic activity questions in the Active Lives Adult Survey,Cannot be calculated,Better,Not compared,20240000,,,1y
93881,"Obesity prevalence in adults, (using adjusted self-reported height and weight)",E92000001,England,E92000001,England,England,Persons,18-24 yrs,,,2024/25,12.85134,12.01544,13.69357,11.51198,14.16345,,5959,,Cannot be calculated,Similar,Not compared,20240000,,,1y
93881,"Obesity prevalence in adults, (using adjusted self-reported height and weight)",E92000001,England,E54000008,NHS Cheshire and Merseyside Integrated Care Board - QYG,ICBs,Persons,18+ yrs,,,2024/25,29.34895,28.21481,30.49762,27.5907,31.23667,,6089,,Cannot be calculated,Worse,Not compared,20240000,,,1y
93881,"Obesity prevalence in adults, (using adjusted self-reported height and weight)",E92000001,England,E54000010,NHS Staffordshire and Stoke-on-Trent Integrated Care Board - QNC,ICBs,Persons,18+ yrs,,,2024/25,31.50558,29.90093,33.11318,28.85017,34.04392,,3331,,Cannot be calculated,Worse,Not compared,20240000,,,1y
93881,"Obesity prevalence in adults, (using adjusted self-reported height and weight)",E92000001,England,E54000011,"NHS Shropshire, Telford and Wrekin Integrated Care Board - QOC",ICBs,Persons,18+ yrs,,,2024/25,31.85816,29.39899,34.32295,28.09551,35.62643,,1381,,Cannot be calculated,Worse,Not compared,20240000,,,1y
93881,"Obesity prevalence in adults, (using adjusted self-reported height and weight)",E92000001,England,E54000013,NHS Lincolnshire Integrated Care Board - QJM,ICBs,Persons,18+ yrs,,,2024/25,31.72354,30.16194,33.28514,29.26541,34.26842,,3458,,Cannot be calculated,Worse,Not compared,20240000,,,1y
93881,"Obesity prevalence in adults, (using adjusted self-reported height and weight)",E92000001,England,E54000015,"NHS Leicester, Leicestershire and Rutland Integrated Care Board - QK1",ICBs,Persons,18+ yrs,,,2024/25,28.66684,27.21502,30.14077,26.46978,30.96881,,3623,,Cannot be calculated,Worse,Not compared,20240000,,,1y
93881,"Obesity prevalence in adults, (using adjusted self-reported height and weight)",E92000001,England,E54000018,NHS Coventry and Warwickshire Integrated Care Board - QWU,ICBs,Persons,18+ yrs,,,2024/25,25.9712,24.31281,27.64228,23.38366,28.57147,,2583,,Cannot be calculated,Similar,Not compared,20240000,,,1y
93881,"Obesity prevalence in adults, (using adjusted self-reported height and weight)",E92000001,England,E54000019,NHS Herefordshire and Worcestershire Integrated Care Board - QGH,ICBs,Persons,18+ yrs,,,2024/25,25.77786,24.03135,27.55768,22.9865,28.73313,,2297,,Cannot be calculated,Similar,Not compared,20240000,,,1y
93881,"Obesity prevalence in adults, (using adjusted self-reported height and weight)",E92000001,England,E54000022,NHS Norfolk and Waveney Integrated Care Board - QMM,ICBs,Persons,18+ yrs,,,2024/25,29.2948,27.74674,30.91248,26.81564,31.78153,,3222,,Cannot be calculated,Worse,Not compared,20240000,,,1y
93881,"Obesity prevalence in adults, (using adjusted self-reported height and weight)",E92000001,England,E54000023,NHS Suffolk and North East Essex Integrated Care Board - QJG,ICBs,Persons,18+ yrs,,,2024/25,28.90303,27.21382,30.63355,26.38589,31.74953,,2778,,Cannot be calculated,Worse,Not compared,20240000,,,1y
93881,"Obesity prevalence in adults, (using adjusted self-reported height and weight)",E92000001,England,E54000024,"NHS Bedfordshire, Luton and Milton Keynes Integrated Care Board - QHG",ICBs,Persons,18+ yrs,,,2024/25,29.42061,27.52294,31.37615,26.19266,32.38537,,2180,,Cannot be calculated,Worse,Not compared,20240000,,,1y
93881,"Obesity prevalence in adults, (using adjusted self-reported height and weight)",E92000001,England,E54000025,NHS Hertfordshire and West Essex Integrated Care Board - QM7,ICBs,Persons,18+ yrs,,,2024/25,24.77179,23.54098,26.03279,22.81967,26.81972,,4575,,Cannot be calculated,Better,Not compared,20240000,,,1y
93881,"Obesity prevalence in adults, (using adjusted self-reported height and weight)",E92000001,England,E54000026,NHS Mid and South Essex Integrated Care Board - QH8,ICBs,Persons,18+ yrs,,,2024/25,29.25554,27.73371,30.7932,26.88385,31.5864,,3530,,Cannot be calculated,Worse,Not compared,20240000,,,1y
93881,"Obesity prevalence in adults, (using adjusted self-reported height and weight)",E92000001,England,E54000027,NHS North West London Integrated Care Board - QRV,ICBs,Persons,18+ yrs,,,2024/25,19.10527,17.92019,20.31439,17.3156,20.96735,,4135,,Cannot be calculated,Better,Not compared,20240000,,,1y
93881,"Obesity prevalence in adults, (using adjusted self-reported height and weight)",E92000001,England,E54000028,NHS North Central London Integrated Care Board - QMJ,ICBs,Persons,18+ yrs,,,2024/25,18.31499,16.87667,19.77854,16.07484,20.65674,,2619,,Cannot be calculated,Better,Not compared,20240000,,,1y
93881,"Obesity prevalence in adults, (using adjusted self-reported height and weight)",E92000001,England,E54000029,NHS North East London Integrated Care Board - QMF,ICBs,Persons,18+ yrs,,,2024/25,22.98309,21.78855,24.21188,21.08083,24.85526,,4663,,Cannot be calculated,Better,Not compared,20240000,,,1y
93881,"Obesity prevalence in adults, (using adjusted self-reported height and weight)",E92000001,England,E54000030,NHS South East London Integrated Care Board - QKK,ICBs,Persons,18+ yrs,,,2024/25,23.25257,21.9443,24.57452,21.2222,25.3739,,3878,,Cannot be calculated,Better,Not compared,20240000,,,1y
93881,"Obesity prevalence in adults, (using adjusted self-reported height and weight)",E92000001,England,E54000031,NHS South West London Integrated Care Board - QWE,ICBs,Persons,18+ yrs,,,2024/25,18.33227,16.91395,19.80712,16.13501,20.7345,,2696,,Cannot be calculated,Better,Not compared,20240000,,,1y
93881,"Obesity prevalence in adults, (using adjusted self-reported height and weight)",E92000001,England,E54000032,NHS Kent and Medway Integrated Care Board - QKS,ICBs,Persons,18+ yrs,,,2024/25,28.20896,26.96964,29.45029,26.33459,30.16472,,5039,,Cannot be calculated,Worse,Not compared,20240000,,,1y
93881,"Obesity prevalence in adults, (using adjusted self-reported height and weight)",E92000001,England,E54000034,NHS Frimley Integrated Care Board - QNQ,ICBs,Persons,18+ yrs,,,2024/25,23.99939,22.27827,25.76713,21.35351,26.69193,,2379,,Cannot be calculated,Better,Not compared,20240000,,,1y
93881,"Obesity prevalence in adults, (using adjusted self-reported height and weight)",E92000001,England,E54000036,NHS Cornwall and the Isles of Scilly Integrated Care Board - QT6,ICBs,Persons,18+ yrs,,,2024/25,27.72117,24.95362,30.42672,23.56206,32.18924,,1078,,Cannot be calculated,Similar,Not compared,20240000,,,1y
93881,"Obesity prevalence in adults, (using adjusted self-reported height and weight)",E92000001,England,E54000037,NHS Devon Integrated Care Board - QJK,ICBs,Persons,18+ yrs,,,2024/25,26.48351,25.12677,27.86511,24.3661,28.65112,,3944,,Cannot be calculated,Similar,Not compared,20240000,,,1y
93881,"Obesity prevalence in adults, (using adjusted self-reported height and weight)",E92000001,England,E54000038,NHS Somerset Integrated Care Board - QSL,ICBs,Persons,18+ yrs,,,2024/25,33.24217,30.32191,36.24091,28.76428,37.79865,,963,,Cannot be calculated,Worse,Not compared,20240000,,,1y
93881,"Obesity prevalence in adults, (using adjusted self-reported height and weight)",E92000001,England,E54000039,"NHS Bristol, North Somerset and South Gloucestershire Integrated Care Board - QUY",ICBs,Persons,18+ yrs,,,2024/25,22.18553,20.28509,24.06798,19.24342,25.10965,,1824,,Cannot be calculated,Better,Not compared,20240000,,,1y
93881,"Obesity prevalence in adults, (using adjusted self-reported height and weight)",E92000001,England,E54000040,"NHS Bath and North East Somerset, Swindon and Wiltshire Integrated Care Board - QOX",ICBs,Persons,18+ yrs,,,2024/25,26.66055,24.6788,28.64026,23.55455,29.76451,,1868,,Cannot be calculated,Similar,Not compared,20240000,,,1y
93881,"Obesity prevalence in adults, (using adjusted self-reported height and weight)",E92000001,England,E54000041,NHS Dorset Integrated Care Board - QVV,ICBs,Persons,18+ yrs,,,2024/25,27.58613,25.35576,29.7542,24.12671,31.17723,,1546,,Cannot be calculated,Similar,Not compared,20240000,,,1y
93881,"Obesity prevalence in adults, (using adjusted self-reported height and weight)",E92000001,England,E54000042,NHS Hampshire and Isle of Wight Integrated Care Board - QRL,ICBs,Persons,18+ yrs,,,2024/25,25.59566,24.37137,26.88588,23.72658,27.5951,,4653,,Cannot be calculated,Similar,Not compared,20240000,,,1y
93881,"Obesity prevalence in adults, (using adjusted self-reported height and weight)",E92000001,England,E54000043,NHS Gloucestershire Integrated Care Board - QR1,ICBs,Persons,18+ yrs,,,2024/25,26.96607,25.15311,28.7839,24.05949,29.74633,,2286,,Cannot be calculated,Similar,Not compared,20240000,,,1y
93881,"Obesity prevalence in adults, (using adjusted self-reported height and weight)",E92000001,England,E54000044,"NHS Buckinghamshire, Oxfordshire and Berkshire West Integrated Care Board - QU9",ICBs,Persons,18+ yrs,,,2024/25,21.38832,20.03886,22.75881,19.34496,23.42492,,3603,,Cannot be calculated,Better,Not compared,20240000,,,1y
93881,"Obesity prevalence in adults, (using adjusted self-reported height and weight)",E92000001,England,E54000048,NHS Lancashire and South Cumbria Integrated Care Board - QE1,ICBs,Persons,18+ yrs,,,2024/25,28.98664,27.90354,30.07841,27.31172,30.67022,,6759,,Cannot be calculated,Worse,Not compared,20240000,,,1y
93881,"Obesity prevalence in adults, (using adjusted self-reported height and weight)",E92000001,England,E54000050,NHS North East and North Cumbria Integrated Care Board - QHM,ICBs,Persons,18+ yrs,,,2024/25,32.30481,31.34893,33.29892,30.79834,33.80364,,8718,,Cannot be calculated,Worse,Not compared,20240000,,,1y
93881,"Obesity prevalence in adults, (using adjusted self-reported height and weight)",E92000001,England,E54000051,NHS Humber and North Yorkshire Integrated Care Board - QOQ,ICBs,Persons,18+ yrs,,,2024/25,27.89873,26.53305,29.27702,25.65018,30.04059,,4191,,Cannot be calculated,Similar,Not compared,20240000,,,1y
93881,"Obesity prevalence in adults, (using adjusted self-reported height and weight)",E92000001,England,E54000052,NHS Surrey Heartlands Integrated Care Board - QXU,ICBs,Persons,18+ yrs,,,2024/25,19.02408,17.62669,20.3966,16.80831,21.1836,,3177,Value for successor ICB applied to this area,Cannot be calculated,Better,Not compared,20240000,,,1y
93881,"Obesity prevalence in adults, (using adjusted self-reported height and weight)",E92000001,England,E54000053,NHS Sussex Integrated Care Board - QNX,ICBs,Persons,18+ yrs,,,2024/25,25.34322,24.14953,26.5625,23.39792,27.29432,,5056,Value for successor ICB applied to this area,Cannot be calculated,Better,Not compared,20240000,,,1y
93881,"Obesity prevalence in adults, (using adjusted self-reported height and weight)",E92000001,England,E54000054,NHS West Yorkshire Integrated Care Board - QWO,ICBs,Persons,18+ yrs,,,2024/25,28.33507,27.0816,29.57952,26.39467,30.24563,,4804,,Cannot be calculated,Worse,Not compared,20240000,,,1y
93881,"Obesity prevalence in adults, (using adjusted self-reported height and weight)",E92000001,England,E54000055,NHS Birmingham and Solihull Integrated Care Board - QHL,ICBs,Persons,18+ yrs,,,2024/25,25.78393,23.8255,27.74049,22.76281,28.91499,,1788,,Cannot be calculated,Similar,Not compared,20240000,,,1y
93881,"Obesity prevalence in adults, (using adjusted self-reported height and weight)",E92000001,England,E54000056,NHS Cambridgeshire and Peterborough Integrated Care Board - QUE,ICBs,Persons,18+ yrs,,,2024/25,25.99322,24.3964,27.63964,23.53153,28.46847,,2775,,Cannot be calculated,Similar,Not compared,20240000,,,1y
93881,"Obesity prevalence in adults, (using adjusted self-reported height and weight)",E92000001,England,E54000057,NHS Greater Manchester Integrated Care Board - QOP,ICBs,Persons,18+ yrs,,,2024/25,28.07087,26.99849,29.12519,26.44042,29.7436,,6630,,Cannot be calculated,Worse,Not compared,20240000,,,1y
93881,"Obesity prevalence in adults, (using adjusted self-reported height and weight)",E92000001,England,E54000058,NHS Derby and Derbyshire Integrated Care Board - QJ2,ICBs,Persons,18+ yrs,,,2024/25,28.54532,27.09883,29.99469,26.22208,30.95112,,3764,,Cannot be calculated,Worse,Not compared,20240000,,,1y
93881,"Obesity prevalence in adults, (using adjusted self-reported height and weight)",E92000001,England,E54000059,NHS Northamptonshire Integrated Care Board - QPM,ICBs,Persons,18+ yrs,,,2024/25,30.7847,28.36676,33.16619,26.86246,34.45573,,1396,,Cannot be calculated,Worse,Not compared,20240000,,,1y
93881,"Obesity prevalence in adults, (using adjusted self-reported height and weight)",E92000001,England,E54000060,NHS Nottingham and Nottinghamshire Integrated Care Board - QT1,ICBs,Persons,18+ yrs,,,2024/25,28.98807,27.45038,30.53511,26.59542,31.48095,,3275,,Cannot be calculated,Worse,Not compared,20240000,,,1y
93881,"Obesity prevalence in adults, (using adjusted self-reported height and weight)",E92000001,England,E54000061,NHS South Yorkshire Integrated Care Board - QF7,ICBs,Persons,18+ yrs,,,2024/25,32.27437,30.66066,33.87462,29.87985,34.71474,,3330,,Cannot be calculated,Worse,Not compared,20240000,,,1y
93881,"Obesity prevalence in adults, (using adjusted self-reported height and weight)",E92000001,England,E54000062,NHS Black Country Integrated Care Board - QUA,ICBs,Persons,18+ yrs,,,2024/25,34.85657,33.15978,36.57664,32.15099,37.45526,,3073,,Cannot be calculated,Worse,Not compared,20240000,,,1y
