AreaCode,AreaName,CategoryAttribute,Denominator,Factor,HighestPriorityNotificationType,IndicatorCode,IndicatorName,IndicatorShortName,LowerConfidenceLimit,MetricCategoryName,MetricCategoryTypeName,NotificationCount,Numerator,TimePeriodName,UpperConfidenceLimit,Value,ValueNote
E54000040,"NHS Bath and North East Somerset, Swindon and Wiltshire Integrated Care Board",Persons,36780.0,,Red,CVDP003HYP,"Patients with GP recorded hypertension aged 80 and over, whose last blood pressure reading is to the appropriate treatment threshold, in the preceding 12 months.",Hypertension: Treated to appropriate threshold (age  >= 80) (CVDP003HYP),81.94,Persons,Sex,1,30280.0,To March 2026,82.71,82.33,
E54000040,"NHS Bath and North East Somerset, Swindon and Wiltshire Integrated Care Board",Female,21635.0,,Red,CVDP003HYP,"Patients with GP recorded hypertension aged 80 and over, whose last blood pressure reading is to the appropriate treatment threshold, in the preceding 12 months.",Hypertension: Treated to appropriate threshold (age  >= 80) (CVDP003HYP),79.75,Female,Sex,1,17370.0,To March 2026,80.81,80.28,
E54000040,"NHS Bath and North East Somerset, Swindon and Wiltshire Integrated Care Board",Male,15150.0,,Red,CVDP003HYP,"Patients with GP recorded hypertension aged 80 and over, whose last blood pressure reading is to the appropriate treatment threshold, in the preceding 12 months.",Hypertension: Treated to appropriate threshold (age  >= 80) (CVDP003HYP),84.68,Male,Sex,1,12915.0,To March 2026,85.8,85.25,
E54000040,"NHS Bath and North East Somerset, Swindon and Wiltshire Integrated Care Board",Male,15150.0,,Red,CVDP003HYP,"Patients with GP recorded hypertension aged 80 and over, whose last blood pressure reading is to the appropriate treatment threshold, in the preceding 12 months.",Hypertension: Treated to appropriate threshold (age  >= 80) (CVDP003HYP),84.68,80+,Age group,1,12915.0,To March 2026,85.8,85.25,
E54000040,"NHS Bath and North East Somerset, Swindon and Wiltshire Integrated Care Board",Female,21635.0,,Red,CVDP003HYP,"Patients with GP recorded hypertension aged 80 and over, whose last blood pressure reading is to the appropriate treatment threshold, in the preceding 12 months.",Hypertension: Treated to appropriate threshold (age  >= 80) (CVDP003HYP),79.75,80+,Age group,1,17370.0,To March 2026,80.81,80.28,
E54000040,"NHS Bath and North East Somerset, Swindon and Wiltshire Integrated Care Board",Persons,36780.0,,Red,CVDP003HYP,"Patients with GP recorded hypertension aged 80 and over, whose last blood pressure reading is to the appropriate treatment threshold, in the preceding 12 months.",Hypertension: Treated to appropriate threshold (age  >= 80) (CVDP003HYP),81.94,80+,Age group,1,30280.0,To March 2026,82.71,82.33,
E54000040,"NHS Bath and North East Somerset, Swindon and Wiltshire Integrated Care Board",Persons,1500.0,,Red,CVDP003HYP,"Patients with GP recorded hypertension aged 80 and over, whose last blood pressure reading is to the appropriate treatment threshold, in the preceding 12 months.",Hypertension: Treated to appropriate threshold (age  >= 80) (CVDP003HYP),80.64,1 - most deprived,Deprivation quintile,1,1240.0,To March 2026,84.43,82.6,
E54000040,"NHS Bath and North East Somerset, Swindon and Wiltshire Integrated Care Board",Persons,3625.0,,Red,CVDP003HYP,"Patients with GP recorded hypertension aged 80 and over, whose last blood pressure reading is to the appropriate treatment threshold, in the preceding 12 months.",Hypertension: Treated to appropriate threshold (age  >= 80) (CVDP003HYP),80.76,2,Deprivation quintile,1,2975.0,To March 2026,83.24,82.04,
E54000040,"NHS Bath and North East Somerset, Swindon and Wiltshire Integrated Care Board",Persons,8290.0,,Red,CVDP003HYP,"Patients with GP recorded hypertension aged 80 and over, whose last blood pressure reading is to the appropriate treatment threshold, in the preceding 12 months.",Hypertension: Treated to appropriate threshold (age  >= 80) (CVDP003HYP),81.17,3,Deprivation quintile,1,6800.0,To March 2026,82.82,82.01,
E54000040,"NHS Bath and North East Somerset, Swindon and Wiltshire Integrated Care Board",Persons,11265.0,,Red,CVDP003HYP,"Patients with GP recorded hypertension aged 80 and over, whose last blood pressure reading is to the appropriate treatment threshold, in the preceding 12 months.",Hypertension: Treated to appropriate threshold (age  >= 80) (CVDP003HYP),82.05,4,Deprivation quintile,1,9320.0,To March 2026,83.45,82.76,
E54000040,"NHS Bath and North East Somerset, Swindon and Wiltshire Integrated Care Board",Persons,11595.0,,Red,CVDP003HYP,"Patients with GP recorded hypertension aged 80 and over, whose last blood pressure reading is to the appropriate treatment threshold, in the preceding 12 months.",Hypertension: Treated to appropriate threshold (age  >= 80) (CVDP003HYP),81.71,5 - least deprived,Deprivation quintile,1,9555.0,To March 2026,83.09,82.42,
E54000040,"NHS Bath and North East Somerset, Swindon and Wiltshire Integrated Care Board",Persons,405.0,,Red,CVDP003HYP,"Patients with GP recorded hypertension aged 80 and over, whose last blood pressure reading is to the appropriate treatment threshold, in the preceding 12 months.",Hypertension: Treated to appropriate threshold (age  >= 80) (CVDP003HYP),71.15,Asian,Ethnicity,1,305.0,To March 2026,79.46,75.62,
E54000040,"NHS Bath and North East Somerset, Swindon and Wiltshire Integrated Care Board",Persons,155.0,,Red,CVDP003HYP,"Patients with GP recorded hypertension aged 80 and over, whose last blood pressure reading is to the appropriate treatment threshold, in the preceding 12 months.",Hypertension: Treated to appropriate threshold (age  >= 80) (CVDP003HYP),66.88,Black,Ethnicity,1,115.0,To March 2026,80.0,73.89,
E54000040,"NHS Bath and North East Somerset, Swindon and Wiltshire Integrated Care Board",Persons,1640.0,,Red,CVDP003HYP,"Patients with GP recorded hypertension aged 80 and over, whose last blood pressure reading is to the appropriate treatment threshold, in the preceding 12 months.",Hypertension: Treated to appropriate threshold (age  >= 80) (CVDP003HYP),75.73,Missing,Ethnicity,1,1275.0,To March 2026,79.74,77.82,
E54000040,"NHS Bath and North East Somerset, Swindon and Wiltshire Integrated Care Board",Persons,125.0,,Red,CVDP003HYP,"Patients with GP recorded hypertension aged 80 and over, whose last blood pressure reading is to the appropriate treatment threshold, in the preceding 12 months.",Hypertension: Treated to appropriate threshold (age  >= 80) (CVDP003HYP),73.02,Mixed,Ethnicity,1,100.0,To March 2026,86.51,80.49,
E54000040,"NHS Bath and North East Somerset, Swindon and Wiltshire Integrated Care Board",Persons,2890.0,,Red,CVDP003HYP,"Patients with GP recorded hypertension aged 80 and over, whose last blood pressure reading is to the appropriate treatment threshold, in the preceding 12 months.",Hypertension: Treated to appropriate threshold (age  >= 80) (CVDP003HYP),77.83,Not stated,Ethnicity,1,2290.0,To March 2026,80.77,79.33,
E54000040,"NHS Bath and North East Somerset, Swindon and Wiltshire Integrated Care Board",Persons,95.0,,Red,CVDP003HYP,"Patients with GP recorded hypertension aged 80 and over, whose last blood pressure reading is to the appropriate treatment threshold, in the preceding 12 months.",Hypertension: Treated to appropriate threshold (age  >= 80) (CVDP003HYP),70.1,Other,Ethnicity,1,75.0,To March 2026,85.57,78.72,
E54000040,"NHS Bath and North East Somerset, Swindon and Wiltshire Integrated Care Board",Persons,31475.0,,Red,CVDP003HYP,"Patients with GP recorded hypertension aged 80 and over, whose last blood pressure reading is to the appropriate treatment threshold, in the preceding 12 months.",Hypertension: Treated to appropriate threshold (age  >= 80) (CVDP003HYP),82.57,White,Ethnicity,1,26120.0,To March 2026,83.4,82.99,
E54000040,"NHS Bath and North East Somerset, Swindon and Wiltshire Integrated Care Board",Persons,36460.0,,Red,CVDP003HYP,"Patients with GP recorded hypertension aged 80 and over, whose last blood pressure reading is to the appropriate treatment threshold, in the preceding 12 months.",Hypertension: Treated to appropriate threshold (age  >= 80) (CVDP003HYP),81.94,People without SMI,Mental Health,1,30015.0,To March 2026,82.72,82.33,
E54000040,"NHS Bath and North East Somerset, Swindon and Wiltshire Integrated Care Board",Persons,325.0,,Red,CVDP003HYP,"Patients with GP recorded hypertension aged 80 and over, whose last blood pressure reading is to the appropriate treatment threshold, in the preceding 12 months.",Hypertension: Treated to appropriate threshold (age  >= 80) (CVDP003HYP),77.61,People with SMI,Mental Health,1,265.0,To March 2026,85.89,82.04,
E54000040,"NHS Bath and North East Somerset, Swindon and Wiltshire Integrated Care Board",Persons,36745.0,,Red,CVDP003HYP,"Patients with GP recorded hypertension aged 80 and over, whose last blood pressure reading is to the appropriate treatment threshold, in the preceding 12 months.",Hypertension: Treated to appropriate threshold (age  >= 80) (CVDP003HYP),81.94,People without a diagnosed learning disability,Learning Disability,1,30255.0,To March 2026,82.72,82.33,
E54000040,"NHS Bath and North East Somerset, Swindon and Wiltshire Integrated Care Board",Persons,40.0,,Red,CVDP003HYP,"Patients with GP recorded hypertension aged 80 and over, whose last blood pressure reading is to the appropriate treatment threshold, in the preceding 12 months.",Hypertension: Treated to appropriate threshold (age  >= 80) (CVDP003HYP),60.98,People with a diagnosed learning disability,Learning Disability,1,30.0,To March 2026,85.37,76.32,
E54000024,"NHS Bedfordshire, Luton and Milton Keynes Integrated Care Board",Persons,29135.0,,Red,CVDP003HYP,"Patients with GP recorded hypertension aged 80 and over, whose last blood pressure reading is to the appropriate treatment threshold, in the preceding 12 months.",Hypertension: Treated to appropriate threshold (age  >= 80) (CVDP003HYP),82.56,Persons,Sex,1,24180.0,To March 2026,83.42,82.99,
E54000024,"NHS Bedfordshire, Luton and Milton Keynes Integrated Care Board",Female,17285.0,,Red,CVDP003HYP,"Patients with GP recorded hypertension aged 80 and over, whose last blood pressure reading is to the appropriate treatment threshold, in the preceding 12 months.",Hypertension: Treated to appropriate threshold (age  >= 80) (CVDP003HYP),81.3,Female,Sex,1,14150.0,To March 2026,82.44,81.88,
E54000024,"NHS Bedfordshire, Luton and Milton Keynes Integrated Care Board",Male,11855.0,,Red,CVDP003HYP,"Patients with GP recorded hypertension aged 80 and over, whose last blood pressure reading is to the appropriate treatment threshold, in the preceding 12 months.",Hypertension: Treated to appropriate threshold (age  >= 80) (CVDP003HYP),83.97,Male,Sex,1,10030.0,To March 2026,85.26,84.62,
E54000024,"NHS Bedfordshire, Luton and Milton Keynes Integrated Care Board",Male,11855.0,,Red,CVDP003HYP,"Patients with GP recorded hypertension aged 80 and over, whose last blood pressure reading is to the appropriate treatment threshold, in the preceding 12 months.",Hypertension: Treated to appropriate threshold (age  >= 80) (CVDP003HYP),83.97,80+,Age group,1,10030.0,To March 2026,85.26,84.62,
E54000024,"NHS Bedfordshire, Luton and Milton Keynes Integrated Care Board",Female,17285.0,,Red,CVDP003HYP,"Patients with GP recorded hypertension aged 80 and over, whose last blood pressure reading is to the appropriate treatment threshold, in the preceding 12 months.",Hypertension: Treated to appropriate threshold (age  >= 80) (CVDP003HYP),81.3,80+,Age group,1,14150.0,To March 2026,82.44,81.88,
E54000024,"NHS Bedfordshire, Luton and Milton Keynes Integrated Care Board",Persons,29135.0,,Red,CVDP003HYP,"Patients with GP recorded hypertension aged 80 and over, whose last blood pressure reading is to the appropriate treatment threshold, in the preceding 12 months.",Hypertension: Treated to appropriate threshold (age  >= 80) (CVDP003HYP),82.56,80+,Age group,1,24180.0,To March 2026,83.42,82.99,
E54000024,"NHS Bedfordshire, Luton and Milton Keynes Integrated Care Board",Persons,2145.0,,Red,CVDP003HYP,"Patients with GP recorded hypertension aged 80 and over, whose last blood pressure reading is to the appropriate treatment threshold, in the preceding 12 months.",Hypertension: Treated to appropriate threshold (age  >= 80) (CVDP003HYP),79.91,1 - most deprived,Deprivation quintile,1,1750.0,To March 2026,83.16,81.6,
E54000024,"NHS Bedfordshire, Luton and Milton Keynes Integrated Care Board",Persons,4805.0,,Red,CVDP003HYP,"Patients with GP recorded hypertension aged 80 and over, whose last blood pressure reading is to the appropriate treatment threshold, in the preceding 12 months.",Hypertension: Treated to appropriate threshold (age  >= 80) (CVDP003HYP),82.01,2,Deprivation quintile,1,3990.0,To March 2026,84.11,83.08,
E54000024,"NHS Bedfordshire, Luton and Milton Keynes Integrated Care Board",Persons,5590.0,,Red,CVDP003HYP,"Patients with GP recorded hypertension aged 80 and over, whose last blood pressure reading is to the appropriate treatment threshold, in the preceding 12 months.",Hypertension: Treated to appropriate threshold (age  >= 80) (CVDP003HYP),80.51,3,Deprivation quintile,1,4560.0,To March 2026,82.53,81.54,
E54000024,"NHS Bedfordshire, Luton and Milton Keynes Integrated Care Board",Persons,8085.0,,Red,CVDP003HYP,"Patients with GP recorded hypertension aged 80 and over, whose last blood pressure reading is to the appropriate treatment threshold, in the preceding 12 months.",Hypertension: Treated to appropriate threshold (age  >= 80) (CVDP003HYP),82.17,4,Deprivation quintile,1,6710.0,To March 2026,83.8,83.01,
E54000024,"NHS Bedfordshire, Luton and Milton Keynes Integrated Care Board",Persons,8615.0,,Red,CVDP003HYP,"Patients with GP recorded hypertension aged 80 and over, whose last blood pressure reading is to the appropriate treatment threshold, in the preceding 12 months.",Hypertension: Treated to appropriate threshold (age  >= 80) (CVDP003HYP),83.6,5 - least deprived,Deprivation quintile,1,7270.0,To March 2026,85.13,84.38,
E54000024,"NHS Bedfordshire, Luton and Milton Keynes Integrated Care Board",Persons,1695.0,,Red,CVDP003HYP,"Patients with GP recorded hypertension aged 80 and over, whose last blood pressure reading is to the appropriate treatment threshold, in the preceding 12 months.",Hypertension: Treated to appropriate threshold (age  >= 80) (CVDP003HYP),78.66,Asian,Ethnicity,1,1365.0,To March 2026,82.37,80.57,
E54000024,"NHS Bedfordshire, Luton and Milton Keynes Integrated Care Board",Persons,890.0,,Red,CVDP003HYP,"Patients with GP recorded hypertension aged 80 and over, whose last blood pressure reading is to the appropriate treatment threshold, in the preceding 12 months.",Hypertension: Treated to appropriate threshold (age  >= 80) (CVDP003HYP),74.41,Black,Ethnicity,1,690.0,To March 2026,79.89,77.24,
E54000024,"NHS Bedfordshire, Luton and Milton Keynes Integrated Care Board",Persons,940.0,,Red,CVDP003HYP,"Patients with GP recorded hypertension aged 80 and over, whose last blood pressure reading is to the appropriate treatment threshold, in the preceding 12 months.",Hypertension: Treated to appropriate threshold (age  >= 80) (CVDP003HYP),71.63,Missing,Ethnicity,1,700.0,To March 2026,77.15,74.52,
E54000024,"NHS Bedfordshire, Luton and Milton Keynes Integrated Care Board",Persons,165.0,,Red,CVDP003HYP,"Patients with GP recorded hypertension aged 80 and over, whose last blood pressure reading is to the appropriate treatment threshold, in the preceding 12 months.",Hypertension: Treated to appropriate threshold (age  >= 80) (CVDP003HYP),71.43,Mixed,Ethnicity,1,130.0,To March 2026,83.93,78.18,
E54000024,"NHS Bedfordshire, Luton and Milton Keynes Integrated Care Board",Persons,1545.0,,Red,CVDP003HYP,"Patients with GP recorded hypertension aged 80 and over, whose last blood pressure reading is to the appropriate treatment threshold, in the preceding 12 months.",Hypertension: Treated to appropriate threshold (age  >= 80) (CVDP003HYP),79.41,Not stated,Ethnicity,1,1260.0,To March 2026,83.28,81.44,
E54000024,"NHS Bedfordshire, Luton and Milton Keynes Integrated Care Board",Persons,305.0,,Red,CVDP003HYP,"Patients with GP recorded hypertension aged 80 and over, whose last blood pressure reading is to the appropriate treatment threshold, in the preceding 12 months.",Hypertension: Treated to appropriate threshold (age  >= 80) (CVDP003HYP),79.41,Other,Ethnicity,1,255.0,To March 2026,87.58,83.83,
E54000024,"NHS Bedfordshire, Luton and Milton Keynes Integrated Care Board",Persons,23600.0,,Red,CVDP003HYP,"Patients with GP recorded hypertension aged 80 and over, whose last blood pressure reading is to the appropriate treatment threshold, in the preceding 12 months.",Hypertension: Treated to appropriate threshold (age  >= 80) (CVDP003HYP),83.37,White,Ethnicity,1,19790.0,To March 2026,84.31,83.85,
E54000024,"NHS Bedfordshire, Luton and Milton Keynes Integrated Care Board",Persons,28825.0,,Red,CVDP003HYP,"Patients with GP recorded hypertension aged 80 and over, whose last blood pressure reading is to the appropriate treatment threshold, in the preceding 12 months.",Hypertension: Treated to appropriate threshold (age  >= 80) (CVDP003HYP),82.52,People without SMI,Mental Health,1,23915.0,To March 2026,83.39,82.96,
E54000024,"NHS Bedfordshire, Luton and Milton Keynes Integrated Care Board",Persons,310.0,,Red,CVDP003HYP,"Patients with GP recorded hypertension aged 80 and over, whose last blood pressure reading is to the appropriate treatment threshold, in the preceding 12 months.",Hypertension: Treated to appropriate threshold (age  >= 80) (CVDP003HYP),81.53,People with SMI,Mental Health,1,265.0,To March 2026,89.17,85.85,
E54000024,"NHS Bedfordshire, Luton and Milton Keynes Integrated Care Board",Persons,29110.0,,Red,CVDP003HYP,"Patients with GP recorded hypertension aged 80 and over, whose last blood pressure reading is to the appropriate treatment threshold, in the preceding 12 months.",Hypertension: Treated to appropriate threshold (age  >= 80) (CVDP003HYP),82.56,People without a diagnosed learning disability,Learning Disability,1,24155.0,To March 2026,83.42,82.99,
E54000024,"NHS Bedfordshire, Luton and Milton Keynes Integrated Care Board",Persons,30.0,,Red,CVDP003HYP,"Patients with GP recorded hypertension aged 80 and over, whose last blood pressure reading is to the appropriate treatment threshold, in the preceding 12 months.",Hypertension: Treated to appropriate threshold (age  >= 80) (CVDP003HYP),68.75,People with a diagnosed learning disability,Learning Disability,1,25.0,To March 2026,93.75,86.21,
E54000055,NHS Birmingham and Solihull Integrated Care Board,Persons,39155.0,,Red,CVDP003HYP,"Patients with GP recorded hypertension aged 80 and over, whose last blood pressure reading is to the appropriate treatment threshold, in the preceding 12 months.",Hypertension: Treated to appropriate threshold (age  >= 80) (CVDP003HYP),82.73,Persons,Sex,1,32540.0,To March 2026,83.47,83.1,
E54000055,NHS Birmingham and Solihull Integrated Care Board,Female,23560.0,,Red,CVDP003HYP,"Patients with GP recorded hypertension aged 80 and over, whose last blood pressure reading is to the appropriate treatment threshold, in the preceding 12 months.",Hypertension: Treated to appropriate threshold (age  >= 80) (CVDP003HYP),80.82,Female,Sex,1,19160.0,To March 2026,81.82,81.33,
E54000055,NHS Birmingham and Solihull Integrated Care Board,Male,15595.0,,Red,CVDP003HYP,"Patients with GP recorded hypertension aged 80 and over, whose last blood pressure reading is to the appropriate treatment threshold, in the preceding 12 months.",Hypertension: Treated to appropriate threshold (age  >= 80) (CVDP003HYP),85.23,Male,Sex,1,13380.0,To March 2026,86.32,85.78,
E54000055,NHS Birmingham and Solihull Integrated Care Board,Male,15595.0,,Red,CVDP003HYP,"Patients with GP recorded hypertension aged 80 and over, whose last blood pressure reading is to the appropriate treatment threshold, in the preceding 12 months.",Hypertension: Treated to appropriate threshold (age  >= 80) (CVDP003HYP),85.23,80+,Age group,1,13380.0,To March 2026,86.32,85.78,
E54000055,NHS Birmingham and Solihull Integrated Care Board,Female,23560.0,,Red,CVDP003HYP,"Patients with GP recorded hypertension aged 80 and over, whose last blood pressure reading is to the appropriate treatment threshold, in the preceding 12 months.",Hypertension: Treated to appropriate threshold (age  >= 80) (CVDP003HYP),80.82,80+,Age group,1,19160.0,To March 2026,81.82,81.33,
E54000055,NHS Birmingham and Solihull Integrated Care Board,Persons,39155.0,,Red,CVDP003HYP,"Patients with GP recorded hypertension aged 80 and over, whose last blood pressure reading is to the appropriate treatment threshold, in the preceding 12 months.",Hypertension: Treated to appropriate threshold (age  >= 80) (CVDP003HYP),82.73,80+,Age group,1,32540.0,To March 2026,83.47,83.1,
E54000055,NHS Birmingham and Solihull Integrated Care Board,Persons,14285.0,,Red,CVDP003HYP,"Patients with GP recorded hypertension aged 80 and over, whose last blood pressure reading is to the appropriate treatment threshold, in the preceding 12 months.",Hypertension: Treated to appropriate threshold (age  >= 80) (CVDP003HYP),83.44,1 - most deprived,Deprivation quintile,1,12010.0,To March 2026,84.64,84.05,
E54000055,NHS Birmingham and Solihull Integrated Care Board,Persons,7845.0,,Red,CVDP003HYP,"Patients with GP recorded hypertension aged 80 and over, whose last blood pressure reading is to the appropriate treatment threshold, in the preceding 12 months.",Hypertension: Treated to appropriate threshold (age  >= 80) (CVDP003HYP),83.06,2,Deprivation quintile,1,6580.0,To March 2026,84.68,83.89,
E54000055,NHS Birmingham and Solihull Integrated Care Board,Persons,6010.0,,Red,CVDP003HYP,"Patients with GP recorded hypertension aged 80 and over, whose last blood pressure reading is to the appropriate treatment threshold, in the preceding 12 months.",Hypertension: Treated to appropriate threshold (age  >= 80) (CVDP003HYP),80.82,3,Deprivation quintile,1,4915.0,To March 2026,82.77,81.81,
E54000055,NHS Birmingham and Solihull Integrated Care Board,Persons,4100.0,,Red,CVDP003HYP,"Patients with GP recorded hypertension aged 80 and over, whose last blood pressure reading is to the appropriate treatment threshold, in the preceding 12 months.",Hypertension: Treated to appropriate threshold (age  >= 80) (CVDP003HYP),80.95,4,Deprivation quintile,1,3370.0,To March 2026,83.29,82.16,
E54000055,NHS Birmingham and Solihull Integrated Care Board,Persons,5230.0,,Red,CVDP003HYP,"Patients with GP recorded hypertension aged 80 and over, whose last blood pressure reading is to the appropriate treatment threshold, in the preceding 12 months.",Hypertension: Treated to appropriate threshold (age  >= 80) (CVDP003HYP),80.46,5 - least deprived,Deprivation quintile,1,4265.0,To March 2026,82.57,81.54,
E54000055,NHS Birmingham and Solihull Integrated Care Board,Persons,5135.0,,Red,CVDP003HYP,"Patients with GP recorded hypertension aged 80 and over, whose last blood pressure reading is to the appropriate treatment threshold, in the preceding 12 months.",Hypertension: Treated to appropriate threshold (age  >= 80) (CVDP003HYP),80.87,Asian,Ethnicity,1,4210.0,To March 2026,82.97,81.95,
E54000055,NHS Birmingham and Solihull Integrated Care Board,Persons,2505.0,,Red,CVDP003HYP,"Patients with GP recorded hypertension aged 80 and over, whose last blood pressure reading is to the appropriate treatment threshold, in the preceding 12 months.",Hypertension: Treated to appropriate threshold (age  >= 80) (CVDP003HYP),79.2,Black,Ethnicity,1,2025.0,To March 2026,82.27,80.77,
E54000055,NHS Birmingham and Solihull Integrated Care Board,Persons,495.0,,Red,CVDP003HYP,"Patients with GP recorded hypertension aged 80 and over, whose last blood pressure reading is to the appropriate treatment threshold, in the preceding 12 months.",Hypertension: Treated to appropriate threshold (age  >= 80) (CVDP003HYP),71.23,Missing,Ethnicity,1,370.0,To March 2026,78.67,75.1,
E54000055,NHS Birmingham and Solihull Integrated Care Board,Persons,275.0,,Red,CVDP003HYP,"Patients with GP recorded hypertension aged 80 and over, whose last blood pressure reading is to the appropriate treatment threshold, in the preceding 12 months.",Hypertension: Treated to appropriate threshold (age  >= 80) (CVDP003HYP),72.4,Mixed,Ethnicity,1,215.0,To March 2026,82.08,77.54,
E54000055,NHS Birmingham and Solihull Integrated Care Board,Persons,910.0,,Red,CVDP003HYP,"Patients with GP recorded hypertension aged 80 and over, whose last blood pressure reading is to the appropriate treatment threshold, in the preceding 12 months.",Hypertension: Treated to appropriate threshold (age  >= 80) (CVDP003HYP),79.54,Not stated,Ethnicity,1,750.0,To March 2026,84.46,82.11,
E54000055,NHS Birmingham and Solihull Integrated Care Board,Persons,265.0,,Red,CVDP003HYP,"Patients with GP recorded hypertension aged 80 and over, whose last blood pressure reading is to the appropriate treatment threshold, in the preceding 12 months.",Hypertension: Treated to appropriate threshold (age  >= 80) (CVDP003HYP),73.78,Other,Ethnicity,1,210.0,To March 2026,83.52,79.17,
E54000055,NHS Birmingham and Solihull Integrated Care Board,Persons,29570.0,,Red,CVDP003HYP,"Patients with GP recorded hypertension aged 80 and over, whose last blood pressure reading is to the appropriate treatment threshold, in the preceding 12 months.",Hypertension: Treated to appropriate threshold (age  >= 80) (CVDP003HYP),83.33,White,Ethnicity,1,24765.0,To March 2026,84.16,83.75,
E54000055,NHS Birmingham and Solihull Integrated Care Board,Persons,38755.0,,Red,CVDP003HYP,"Patients with GP recorded hypertension aged 80 and over, whose last blood pressure reading is to the appropriate treatment threshold, in the preceding 12 months.",Hypertension: Treated to appropriate threshold (age  >= 80) (CVDP003HYP),82.7,People without SMI,Mental Health,1,32195.0,To March 2026,83.45,83.08,
E54000055,NHS Birmingham and Solihull Integrated Care Board,Persons,400.0,,Red,CVDP003HYP,"Patients with GP recorded hypertension aged 80 and over, whose last blood pressure reading is to the appropriate treatment threshold, in the preceding 12 months.",Hypertension: Treated to appropriate threshold (age  >= 80) (CVDP003HYP),81.73,People with SMI,Mental Health,1,345.0,To March 2026,88.4,85.32,
E54000055,NHS Birmingham and Solihull Integrated Care Board,Persons,39105.0,,Red,CVDP003HYP,"Patients with GP recorded hypertension aged 80 and over, whose last blood pressure reading is to the appropriate treatment threshold, in the preceding 12 months.",Hypertension: Treated to appropriate threshold (age  >= 80) (CVDP003HYP),82.72,People without a diagnosed learning disability,Learning Disability,1,32490.0,To March 2026,83.46,83.09,
E54000055,NHS Birmingham and Solihull Integrated Care Board,Persons,55.0,,Red,CVDP003HYP,"Patients with GP recorded hypertension aged 80 and over, whose last blood pressure reading is to the appropriate treatment threshold, in the preceding 12 months.",Hypertension: Treated to appropriate threshold (age  >= 80) (CVDP003HYP),80.36,People with a diagnosed learning disability,Learning Disability,1,50.0,To March 2026,94.64,90.57,
E54000062,NHS Black Country Integrated Care Board,Persons,41480.0,,Red,CVDP003HYP,"Patients with GP recorded hypertension aged 80 and over, whose last blood pressure reading is to the appropriate treatment threshold, in the preceding 12 months.",Hypertension: Treated to appropriate threshold (age  >= 80) (CVDP003HYP),84.75,Persons,Sex,1,35300.0,To March 2026,85.44,85.1,
E54000062,NHS Black Country Integrated Care Board,Female,24775.0,,Red,CVDP003HYP,"Patients with GP recorded hypertension aged 80 and over, whose last blood pressure reading is to the appropriate treatment threshold, in the preceding 12 months.",Hypertension: Treated to appropriate threshold (age  >= 80) (CVDP003HYP),83.25,Female,Sex,1,20740.0,To March 2026,84.17,83.71,
E54000062,NHS Black Country Integrated Care Board,Male,16710.0,,Red,CVDP003HYP,"Patients with GP recorded hypertension aged 80 and over, whose last blood pressure reading is to the appropriate treatment threshold, in the preceding 12 months.",Hypertension: Treated to appropriate threshold (age  >= 80) (CVDP003HYP),86.64,Male,Sex,1,14560.0,To March 2026,87.65,87.15,
E54000062,NHS Black Country Integrated Care Board,Male,16710.0,,Red,CVDP003HYP,"Patients with GP recorded hypertension aged 80 and over, whose last blood pressure reading is to the appropriate treatment threshold, in the preceding 12 months.",Hypertension: Treated to appropriate threshold (age  >= 80) (CVDP003HYP),86.64,80+,Age group,1,14560.0,To March 2026,87.65,87.15,
E54000062,NHS Black Country Integrated Care Board,Female,24775.0,,Red,CVDP003HYP,"Patients with GP recorded hypertension aged 80 and over, whose last blood pressure reading is to the appropriate treatment threshold, in the preceding 12 months.",Hypertension: Treated to appropriate threshold (age  >= 80) (CVDP003HYP),83.25,80+,Age group,1,20740.0,To March 2026,84.17,83.71,
E54000062,NHS Black Country Integrated Care Board,Persons,41480.0,,Red,CVDP003HYP,"Patients with GP recorded hypertension aged 80 and over, whose last blood pressure reading is to the appropriate treatment threshold, in the preceding 12 months.",Hypertension: Treated to appropriate threshold (age  >= 80) (CVDP003HYP),84.75,80+,Age group,1,35300.0,To March 2026,85.44,85.1,
E54000062,NHS Black Country Integrated Care Board,Persons,14835.0,,Red,CVDP003HYP,"Patients with GP recorded hypertension aged 80 and over, whose last blood pressure reading is to the appropriate treatment threshold, in the preceding 12 months.",Hypertension: Treated to appropriate threshold (age  >= 80) (CVDP003HYP),83.27,1 - most deprived,Deprivation quintile,1,12440.0,To March 2026,84.45,83.87,
E54000062,NHS Black Country Integrated Care Board,Persons,8255.0,,Red,CVDP003HYP,"Patients with GP recorded hypertension aged 80 and over, whose last blood pressure reading is to the appropriate treatment threshold, in the preceding 12 months.",Hypertension: Treated to appropriate threshold (age  >= 80) (CVDP003HYP),83.84,2,Deprivation quintile,1,6990.0,To March 2026,85.39,84.63,
E54000062,NHS Black Country Integrated Care Board,Persons,6805.0,,Red,CVDP003HYP,"Patients with GP recorded hypertension aged 80 and over, whose last blood pressure reading is to the appropriate treatment threshold, in the preceding 12 months.",Hypertension: Treated to appropriate threshold (age  >= 80) (CVDP003HYP),85.95,3,Deprivation quintile,1,5905.0,To March 2026,87.56,86.77,
E54000062,NHS Black Country Integrated Care Board,Persons,6365.0,,Red,CVDP003HYP,"Patients with GP recorded hypertension aged 80 and over, whose last blood pressure reading is to the appropriate treatment threshold, in the preceding 12 months.",Hypertension: Treated to appropriate threshold (age  >= 80) (CVDP003HYP),85.13,4,Deprivation quintile,1,5475.0,To March 2026,86.83,86.0,
E54000062,NHS Black Country Integrated Care Board,Persons,5285.0,,Red,CVDP003HYP,"Patients with GP recorded hypertension aged 80 and over, whose last blood pressure reading is to the appropriate treatment threshold, in the preceding 12 months.",Hypertension: Treated to appropriate threshold (age  >= 80) (CVDP003HYP),84.15,5 - least deprived,Deprivation quintile,1,4500.0,To March 2026,86.06,85.12,
E54000062,NHS Black Country Integrated Care Board,Persons,3645.0,,Red,CVDP003HYP,"Patients with GP recorded hypertension aged 80 and over, whose last blood pressure reading is to the appropriate treatment threshold, in the preceding 12 months.",Hypertension: Treated to appropriate threshold (age  >= 80) (CVDP003HYP),79.98,Asian,Ethnicity,1,2960.0,To March 2026,82.5,81.28,
E54000062,NHS Black Country Integrated Care Board,Persons,1275.0,,Red,CVDP003HYP,"Patients with GP recorded hypertension aged 80 and over, whose last blood pressure reading is to the appropriate treatment threshold, in the preceding 12 months.",Hypertension: Treated to appropriate threshold (age  >= 80) (CVDP003HYP),75.1,Black,Ethnicity,1,985.0,To March 2026,79.64,77.47,
E54000062,NHS Black Country Integrated Care Board,Persons,675.0,,Red,CVDP003HYP,"Patients with GP recorded hypertension aged 80 and over, whose last blood pressure reading is to the appropriate treatment threshold, in the preceding 12 months.",Hypertension: Treated to appropriate threshold (age  >= 80) (CVDP003HYP),75.7,Missing,Ethnicity,1,535.0,To March 2026,81.74,78.85,
E54000062,NHS Black Country Integrated Care Board,Persons,495.0,,Red,CVDP003HYP,"Patients with GP recorded hypertension aged 80 and over, whose last blood pressure reading is to the appropriate treatment threshold, in the preceding 12 months.",Hypertension: Treated to appropriate threshold (age  >= 80) (CVDP003HYP),73.59,Mixed,Ethnicity,1,380.0,To March 2026,80.85,77.48,
E54000062,NHS Black Country Integrated Care Board,Persons,390.0,,Red,CVDP003HYP,"Patients with GP recorded hypertension aged 80 and over, whose last blood pressure reading is to the appropriate treatment threshold, in the preceding 12 months.",Hypertension: Treated to appropriate threshold (age  >= 80) (CVDP003HYP),76.4,Not stated,Ethnicity,1,315.0,To March 2026,84.01,80.56,
E54000062,NHS Black Country Integrated Care Board,Persons,315.0,,Red,CVDP003HYP,"Patients with GP recorded hypertension aged 80 and over, whose last blood pressure reading is to the appropriate treatment threshold, in the preceding 12 months.",Hypertension: Treated to appropriate threshold (age  >= 80) (CVDP003HYP),79.0,Other,Ethnicity,1,265.0,To March 2026,87.15,83.54,
E54000062,NHS Black Country Integrated Care Board,Persons,34690.0,,Red,CVDP003HYP,"Patients with GP recorded hypertension aged 80 and over, whose last blood pressure reading is to the appropriate treatment threshold, in the preceding 12 months.",Hypertension: Treated to appropriate threshold (age  >= 80) (CVDP003HYP),85.71,White,Ethnicity,1,29855.0,To March 2026,86.43,86.07,
E54000062,NHS Black Country Integrated Care Board,Persons,41105.0,,Red,CVDP003HYP,"Patients with GP recorded hypertension aged 80 and over, whose last blood pressure reading is to the appropriate treatment threshold, in the preceding 12 months.",Hypertension: Treated to appropriate threshold (age  >= 80) (CVDP003HYP),84.76,People without SMI,Mental Health,1,34985.0,To March 2026,85.44,85.1,
E54000062,NHS Black Country Integrated Care Board,Persons,375.0,,Red,CVDP003HYP,"Patients with GP recorded hypertension aged 80 and over, whose last blood pressure reading is to the appropriate treatment threshold, in the preceding 12 months.",Hypertension: Treated to appropriate threshold (age  >= 80) (CVDP003HYP),80.37,People with SMI,Mental Health,1,315.0,To March 2026,87.53,84.22,
E54000062,NHS Black Country Integrated Care Board,Persons,41440.0,,Red,CVDP003HYP,"Patients with GP recorded hypertension aged 80 and over, whose last blood pressure reading is to the appropriate treatment threshold, in the preceding 12 months.",Hypertension: Treated to appropriate threshold (age  >= 80) (CVDP003HYP),84.75,People without a diagnosed learning disability,Learning Disability,1,35265.0,To March 2026,85.43,85.09,
E54000062,NHS Black Country Integrated Care Board,Persons,40.0,,Red,CVDP003HYP,"Patients with GP recorded hypertension aged 80 and over, whose last blood pressure reading is to the appropriate treatment threshold, in the preceding 12 months.",Hypertension: Treated to appropriate threshold (age  >= 80) (CVDP003HYP),76.19,People with a diagnosed learning disability,Learning Disability,1,35.0,To March 2026,95.24,89.74,
E54000039,"NHS Bristol, North Somerset and South Gloucestershire Integrated Care Board",Persons,32560.0,,Red,CVDP003HYP,"Patients with GP recorded hypertension aged 80 and over, whose last blood pressure reading is to the appropriate treatment threshold, in the preceding 12 months.",Hypertension: Treated to appropriate threshold (age  >= 80) (CVDP003HYP),83.3,Persons,Sex,1,27255.0,To March 2026,84.1,83.71,
E54000039,"NHS Bristol, North Somerset and South Gloucestershire Integrated Care Board",Female,19380.0,,Red,CVDP003HYP,"Patients with GP recorded hypertension aged 80 and over, whose last blood pressure reading is to the appropriate treatment threshold, in the preceding 12 months.",Hypertension: Treated to appropriate threshold (age  >= 80) (CVDP003HYP),81.21,Female,Sex,1,15845.0,To March 2026,82.3,81.76,
E54000039,"NHS Bristol, North Somerset and South Gloucestershire Integrated Care Board",Male,13180.0,,Red,CVDP003HYP,"Patients with GP recorded hypertension aged 80 and over, whose last blood pressure reading is to the appropriate treatment threshold, in the preceding 12 months.",Hypertension: Treated to appropriate threshold (age  >= 80) (CVDP003HYP),85.97,Male,Sex,1,11410.0,To March 2026,87.13,86.56,
E54000039,"NHS Bristol, North Somerset and South Gloucestershire Integrated Care Board",Male,13180.0,,Red,CVDP003HYP,"Patients with GP recorded hypertension aged 80 and over, whose last blood pressure reading is to the appropriate treatment threshold, in the preceding 12 months.",Hypertension: Treated to appropriate threshold (age  >= 80) (CVDP003HYP),85.97,80+,Age group,1,11410.0,To March 2026,87.13,86.56,
E54000039,"NHS Bristol, North Somerset and South Gloucestershire Integrated Care Board",Female,19380.0,,Red,CVDP003HYP,"Patients with GP recorded hypertension aged 80 and over, whose last blood pressure reading is to the appropriate treatment threshold, in the preceding 12 months.",Hypertension: Treated to appropriate threshold (age  >= 80) (CVDP003HYP),81.21,80+,Age group,1,15845.0,To March 2026,82.3,81.76,
E54000039,"NHS Bristol, North Somerset and South Gloucestershire Integrated Care Board",Persons,32560.0,,Red,CVDP003HYP,"Patients with GP recorded hypertension aged 80 and over, whose last blood pressure reading is to the appropriate treatment threshold, in the preceding 12 months.",Hypertension: Treated to appropriate threshold (age  >= 80) (CVDP003HYP),83.3,80+,Age group,1,27255.0,To March 2026,84.1,83.71,
E54000039,"NHS Bristol, North Somerset and South Gloucestershire Integrated Care Board",Persons,3770.0,,Red,CVDP003HYP,"Patients with GP recorded hypertension aged 80 and over, whose last blood pressure reading is to the appropriate treatment threshold, in the preceding 12 months.",Hypertension: Treated to appropriate threshold (age  >= 80) (CVDP003HYP),79.79,1 - most deprived,Deprivation quintile,1,3055.0,To March 2026,82.29,81.08,
E54000039,"NHS Bristol, North Somerset and South Gloucestershire Integrated Care Board",Persons,4580.0,,Red,CVDP003HYP,"Patients with GP recorded hypertension aged 80 and over, whose last blood pressure reading is to the appropriate treatment threshold, in the preceding 12 months.",Hypertension: Treated to appropriate threshold (age  >= 80) (CVDP003HYP),82.7,2,Deprivation quintile,1,3840.0,To March 2026,84.82,83.78,
E54000039,"NHS Bristol, North Somerset and South Gloucestershire Integrated Care Board",Persons,5565.0,,Red,CVDP003HYP,"Patients with GP recorded hypertension aged 80 and over, whose last blood pressure reading is to the appropriate treatment threshold, in the preceding 12 months.",Hypertension: Treated to appropriate threshold (age  >= 80) (CVDP003HYP),83.98,3,Deprivation quintile,1,4725.0,To March 2026,85.85,84.94,
E54000039,"NHS Bristol, North Somerset and South Gloucestershire Integrated Care Board",Persons,8190.0,,Red,CVDP003HYP,"Patients with GP recorded hypertension aged 80 and over, whose last blood pressure reading is to the appropriate treatment threshold, in the preceding 12 months.",Hypertension: Treated to appropriate threshold (age  >= 80) (CVDP003HYP),82.48,4,Deprivation quintile,1,6820.0,To March 2026,84.09,83.3,
E54000039,"NHS Bristol, North Somerset and South Gloucestershire Integrated Care Board",Persons,10620.0,,Red,CVDP003HYP,"Patients with GP recorded hypertension aged 80 and over, whose last blood pressure reading is to the appropriate treatment threshold, in the preceding 12 months.",Hypertension: Treated to appropriate threshold (age  >= 80) (CVDP003HYP),83.46,5 - least deprived,Deprivation quintile,1,8935.0,To March 2026,84.84,84.16,
E54000039,"NHS Bristol, North Somerset and South Gloucestershire Integrated Care Board",Persons,415.0,,Red,CVDP003HYP,"Patients with GP recorded hypertension aged 80 and over, whose last blood pressure reading is to the appropriate treatment threshold, in the preceding 12 months.",Hypertension: Treated to appropriate threshold (age  >= 80) (CVDP003HYP),70.98,Asian,Ethnicity,1,310.0,To March 2026,79.14,75.36,
E54000039,"NHS Bristol, North Somerset and South Gloucestershire Integrated Care Board",Persons,465.0,,Red,CVDP003HYP,"Patients with GP recorded hypertension aged 80 and over, whose last blood pressure reading is to the appropriate treatment threshold, in the preceding 12 months.",Hypertension: Treated to appropriate threshold (age  >= 80) (CVDP003HYP),69.74,Black,Ethnicity,1,340.0,To March 2026,77.68,73.87,
E54000039,"NHS Bristol, North Somerset and South Gloucestershire Integrated Care Board",Persons,220.0,,Red,CVDP003HYP,"Patients with GP recorded hypertension aged 80 and over, whose last blood pressure reading is to the appropriate treatment threshold, in the preceding 12 months.",Hypertension: Treated to appropriate threshold (age  >= 80) (CVDP003HYP),69.33,Missing,Ethnicity,1,165.0,To March 2026,80.44,75.23,
E54000039,"NHS Bristol, North Somerset and South Gloucestershire Integrated Care Board",Persons,135.0,,Red,CVDP003HYP,"Patients with GP recorded hypertension aged 80 and over, whose last blood pressure reading is to the appropriate treatment threshold, in the preceding 12 months.",Hypertension: Treated to appropriate threshold (age  >= 80) (CVDP003HYP),70.0,Mixed,Ethnicity,1,105.0,To March 2026,83.57,77.37,
E54000039,"NHS Bristol, North Somerset and South Gloucestershire Integrated Care Board",Persons,1065.0,,Red,CVDP003HYP,"Patients with GP recorded hypertension aged 80 and over, whose last blood pressure reading is to the appropriate treatment threshold, in the preceding 12 months.",Hypertension: Treated to appropriate threshold (age  >= 80) (CVDP003HYP),76.94,Not stated,Ethnicity,1,845.0,To March 2026,81.72,79.42,
E54000039,"NHS Bristol, North Somerset and South Gloucestershire Integrated Care Board",Persons,90.0,,Red,CVDP003HYP,"Patients with GP recorded hypertension aged 80 and over, whose last blood pressure reading is to the appropriate treatment threshold, in the preceding 12 months.",Hypertension: Treated to appropriate threshold (age  >= 80) (CVDP003HYP),72.04,Other,Ethnicity,1,75.0,To March 2026,87.1,81.11,
E54000039,"NHS Bristol, North Somerset and South Gloucestershire Integrated Care Board",Persons,30170.0,,Red,CVDP003HYP,"Patients with GP recorded hypertension aged 80 and over, whose last blood pressure reading is to the appropriate treatment threshold, in the preceding 12 months.",Hypertension: Treated to appropriate threshold (age  >= 80) (CVDP003HYP),83.81,White,Ethnicity,1,25410.0,To March 2026,84.63,84.22,
E54000039,"NHS Bristol, North Somerset and South Gloucestershire Integrated Care Board",Persons,32265.0,,Red,CVDP003HYP,"Patients with GP recorded hypertension aged 80 and over, whose last blood pressure reading is to the appropriate treatment threshold, in the preceding 12 months.",Hypertension: Treated to appropriate threshold (age  >= 80) (CVDP003HYP),83.28,People without SMI,Mental Health,1,27005.0,To March 2026,84.09,83.69,
E54000039,"NHS Bristol, North Somerset and South Gloucestershire Integrated Care Board",Persons,295.0,,Red,CVDP003HYP,"Patients with GP recorded hypertension aged 80 and over, whose last blood pressure reading is to the appropriate treatment threshold, in the preceding 12 months.",Hypertension: Treated to appropriate threshold (age  >= 80) (CVDP003HYP),80.74,People with SMI,Mental Health,1,250.0,To March 2026,88.85,85.32,
E54000039,"NHS Bristol, North Somerset and South Gloucestershire Integrated Care Board",Persons,32515.0,,Red,CVDP003HYP,"Patients with GP recorded hypertension aged 80 and over, whose last blood pressure reading is to the appropriate treatment threshold, in the preceding 12 months.",Hypertension: Treated to appropriate threshold (age  >= 80) (CVDP003HYP),83.29,People without a diagnosed learning disability,Learning Disability,1,27215.0,To March 2026,84.09,83.69,
E54000039,"NHS Bristol, North Somerset and South Gloucestershire Integrated Care Board",Persons,40.0,,Red,CVDP003HYP,"Patients with GP recorded hypertension aged 80 and over, whose last blood pressure reading is to the appropriate treatment threshold, in the preceding 12 months.",Hypertension: Treated to appropriate threshold (age  >= 80) (CVDP003HYP),81.82,People with a diagnosed learning disability,Learning Disability,1,40.0,To March 2026,97.73,92.68,
E54000044,"NHS Buckinghamshire, Oxfordshire and Berkshire West Integrated Care Board",Persons,60625.0,,Red,CVDP003HYP,"Patients with GP recorded hypertension aged 80 and over, whose last blood pressure reading is to the appropriate treatment threshold, in the preceding 12 months.",Hypertension: Treated to appropriate threshold (age  >= 80) (CVDP003HYP),82.92,Persons,Sex,1,50450.0,To March 2026,83.51,83.22,
E54000044,"NHS Buckinghamshire, Oxfordshire and Berkshire West Integrated Care Board",Female,35580.0,,Red,CVDP003HYP,"Patients with GP recorded hypertension aged 80 and over, whose last blood pressure reading is to the appropriate treatment threshold, in the preceding 12 months.",Hypertension: Treated to appropriate threshold (age  >= 80) (CVDP003HYP),80.94,Female,Sex,1,28945.0,To March 2026,81.75,81.35,
E54000044,"NHS Buckinghamshire, Oxfordshire and Berkshire West Integrated Care Board",Male,25040.0,,Red,CVDP003HYP,"Patients with GP recorded hypertension aged 80 and over, whose last blood pressure reading is to the appropriate treatment threshold, in the preceding 12 months.",Hypertension: Treated to appropriate threshold (age  >= 80) (CVDP003HYP),85.43,Male,Sex,1,21505.0,To March 2026,86.29,85.87,
E54000044,"NHS Buckinghamshire, Oxfordshire and Berkshire West Integrated Care Board",Male,25040.0,,Red,CVDP003HYP,"Patients with GP recorded hypertension aged 80 and over, whose last blood pressure reading is to the appropriate treatment threshold, in the preceding 12 months.",Hypertension: Treated to appropriate threshold (age  >= 80) (CVDP003HYP),85.43,80+,Age group,1,21505.0,To March 2026,86.29,85.87,
E54000044,"NHS Buckinghamshire, Oxfordshire and Berkshire West Integrated Care Board",Female,35580.0,,Red,CVDP003HYP,"Patients with GP recorded hypertension aged 80 and over, whose last blood pressure reading is to the appropriate treatment threshold, in the preceding 12 months.",Hypertension: Treated to appropriate threshold (age  >= 80) (CVDP003HYP),80.94,80+,Age group,1,28945.0,To March 2026,81.75,81.35,
E54000044,"NHS Buckinghamshire, Oxfordshire and Berkshire West Integrated Care Board",Persons,60625.0,,Red,CVDP003HYP,"Patients with GP recorded hypertension aged 80 and over, whose last blood pressure reading is to the appropriate treatment threshold, in the preceding 12 months.",Hypertension: Treated to appropriate threshold (age  >= 80) (CVDP003HYP),82.92,80+,Age group,1,50450.0,To March 2026,83.51,83.22,
E54000044,"NHS Buckinghamshire, Oxfordshire and Berkshire West Integrated Care Board",Persons,1060.0,,Red,CVDP003HYP,"Patients with GP recorded hypertension aged 80 and over, whose last blood pressure reading is to the appropriate treatment threshold, in the preceding 12 months.",Hypertension: Treated to appropriate threshold (age  >= 80) (CVDP003HYP),79.15,1 - most deprived,Deprivation quintile,1,865.0,To March 2026,83.76,81.54,
E54000044,"NHS Buckinghamshire, Oxfordshire and Berkshire West Integrated Care Board",Persons,3485.0,,Red,CVDP003HYP,"Patients with GP recorded hypertension aged 80 and over, whose last blood pressure reading is to the appropriate treatment threshold, in the preceding 12 months.",Hypertension: Treated to appropriate threshold (age  >= 80) (CVDP003HYP),79.18,2,Deprivation quintile,1,2805.0,To March 2026,81.79,80.51,
E54000044,"NHS Buckinghamshire, Oxfordshire and Berkshire West Integrated Care Board",Persons,7515.0,,Red,CVDP003HYP,"Patients with GP recorded hypertension aged 80 and over, whose last blood pressure reading is to the appropriate treatment threshold, in the preceding 12 months.",Hypertension: Treated to appropriate threshold (age  >= 80) (CVDP003HYP),82.04,3,Deprivation quintile,1,6230.0,To March 2026,83.73,82.9,
E54000044,"NHS Buckinghamshire, Oxfordshire and Berkshire West Integrated Care Board",Persons,15350.0,,Red,CVDP003HYP,"Patients with GP recorded hypertension aged 80 and over, whose last blood pressure reading is to the appropriate treatment threshold, in the preceding 12 months.",Hypertension: Treated to appropriate threshold (age  >= 80) (CVDP003HYP),82.7,4,Deprivation quintile,1,12785.0,To March 2026,83.88,83.3,
E54000044,"NHS Buckinghamshire, Oxfordshire and Berkshire West Integrated Care Board",Persons,32835.0,,Red,CVDP003HYP,"Patients with GP recorded hypertension aged 80 and over, whose last blood pressure reading is to the appropriate treatment threshold, in the preceding 12 months.",Hypertension: Treated to appropriate threshold (age  >= 80) (CVDP003HYP),83.27,5 - least deprived,Deprivation quintile,1,27475.0,To March 2026,84.07,83.68,
E54000044,"NHS Buckinghamshire, Oxfordshire and Berkshire West Integrated Care Board",Persons,1985.0,,Red,CVDP003HYP,"Patients with GP recorded hypertension aged 80 and over, whose last blood pressure reading is to the appropriate treatment threshold, in the preceding 12 months.",Hypertension: Treated to appropriate threshold (age  >= 80) (CVDP003HYP),75.53,Asian,Ethnicity,1,1535.0,To March 2026,79.2,77.41,
E54000044,"NHS Buckinghamshire, Oxfordshire and Berkshire West Integrated Care Board",Persons,710.0,,Red,CVDP003HYP,"Patients with GP recorded hypertension aged 80 and over, whose last blood pressure reading is to the appropriate treatment threshold, in the preceding 12 months.",Hypertension: Treated to appropriate threshold (age  >= 80) (CVDP003HYP),75.67,Black,Ethnicity,1,560.0,To March 2026,81.58,78.81,
E54000044,"NHS Buckinghamshire, Oxfordshire and Berkshire West Integrated Care Board",Persons,845.0,,Red,CVDP003HYP,"Patients with GP recorded hypertension aged 80 and over, whose last blood pressure reading is to the appropriate treatment threshold, in the preceding 12 months.",Hypertension: Treated to appropriate threshold (age  >= 80) (CVDP003HYP),70.2,Missing,Ethnicity,1,620.0,To March 2026,76.09,73.29,
E54000044,"NHS Buckinghamshire, Oxfordshire and Berkshire West Integrated Care Board",Persons,280.0,,Red,CVDP003HYP,"Patients with GP recorded hypertension aged 80 and over, whose last blood pressure reading is to the appropriate treatment threshold, in the preceding 12 months.",Hypertension: Treated to appropriate threshold (age  >= 80) (CVDP003HYP),72.24,Mixed,Ethnicity,1,215.0,To March 2026,81.85,77.34,
E54000044,"NHS Buckinghamshire, Oxfordshire and Berkshire West Integrated Care Board",Persons,2555.0,,Red,CVDP003HYP,"Patients with GP recorded hypertension aged 80 and over, whose last blood pressure reading is to the appropriate treatment threshold, in the preceding 12 months.",Hypertension: Treated to appropriate threshold (age  >= 80) (CVDP003HYP),79.86,Not stated,Ethnicity,1,2080.0,To March 2026,82.87,81.4,
E54000044,"NHS Buckinghamshire, Oxfordshire and Berkshire West Integrated Care Board",Persons,340.0,,Red,CVDP003HYP,"Patients with GP recorded hypertension aged 80 and over, whose last blood pressure reading is to the appropriate treatment threshold, in the preceding 12 months.",Hypertension: Treated to appropriate threshold (age  >= 80) (CVDP003HYP),70.76,Other,Ethnicity,1,255.0,To March 2026,79.82,75.52,
E54000044,"NHS Buckinghamshire, Oxfordshire and Berkshire West Integrated Care Board",Persons,53915.0,,Red,CVDP003HYP,"Patients with GP recorded hypertension aged 80 and over, whose last blood pressure reading is to the appropriate treatment threshold, in the preceding 12 months.",Hypertension: Treated to appropriate threshold (age  >= 80) (CVDP003HYP),83.5,White,Ethnicity,1,45185.0,To March 2026,84.12,83.81,
E54000044,"NHS Buckinghamshire, Oxfordshire and Berkshire West Integrated Care Board",Persons,60065.0,,Red,CVDP003HYP,"Patients with GP recorded hypertension aged 80 and over, whose last blood pressure reading is to the appropriate treatment threshold, in the preceding 12 months.",Hypertension: Treated to appropriate threshold (age  >= 80) (CVDP003HYP),82.91,People without SMI,Mental Health,1,49985.0,To March 2026,83.51,83.22,
E54000044,"NHS Buckinghamshire, Oxfordshire and Berkshire West Integrated Care Board",Persons,555.0,,Red,CVDP003HYP,"Patients with GP recorded hypertension aged 80 and over, whose last blood pressure reading is to the appropriate treatment threshold, in the preceding 12 months.",Hypertension: Treated to appropriate threshold (age  >= 80) (CVDP003HYP),80.14,People with SMI,Mental Health,1,465.0,To March 2026,86.23,83.45,
E54000044,"NHS Buckinghamshire, Oxfordshire and Berkshire West Integrated Care Board",Persons,60545.0,,Red,CVDP003HYP,"Patients with GP recorded hypertension aged 80 and over, whose last blood pressure reading is to the appropriate treatment threshold, in the preceding 12 months.",Hypertension: Treated to appropriate threshold (age  >= 80) (CVDP003HYP),82.92,People without a diagnosed learning disability,Learning Disability,1,50385.0,To March 2026,83.51,83.22,
E54000044,"NHS Buckinghamshire, Oxfordshire and Berkshire West Integrated Care Board",Persons,80.0,,Red,CVDP003HYP,"Patients with GP recorded hypertension aged 80 and over, whose last blood pressure reading is to the appropriate treatment threshold, in the preceding 12 months.",Hypertension: Treated to appropriate threshold (age  >= 80) (CVDP003HYP),72.84,People with a diagnosed learning disability,Learning Disability,1,65.0,To March 2026,88.89,82.05,
E54000056,NHS Cambridgeshire and Peterborough Integrated Care Board,Persons,30850.0,,Red,CVDP003HYP,"Patients with GP recorded hypertension aged 80 and over, whose last blood pressure reading is to the appropriate treatment threshold, in the preceding 12 months.",Hypertension: Treated to appropriate threshold (age  >= 80) (CVDP003HYP),84.4,Persons,Sex,1,26165.0,To March 2026,85.2,84.8,
E54000056,NHS Cambridgeshire and Peterborough Integrated Care Board,Female,18095.0,,Red,CVDP003HYP,"Patients with GP recorded hypertension aged 80 and over, whose last blood pressure reading is to the appropriate treatment threshold, in the preceding 12 months.",Hypertension: Treated to appropriate threshold (age  >= 80) (CVDP003HYP),82.74,Female,Sex,1,15075.0,To March 2026,83.83,83.29,
E54000056,NHS Cambridgeshire and Peterborough Integrated Care Board,Male,12755.0,,Red,CVDP003HYP,"Patients with GP recorded hypertension aged 80 and over, whose last blood pressure reading is to the appropriate treatment threshold, in the preceding 12 months.",Hypertension: Treated to appropriate threshold (age  >= 80) (CVDP003HYP),86.35,Male,Sex,1,11090.0,To March 2026,87.51,86.94,
E54000056,NHS Cambridgeshire and Peterborough Integrated Care Board,Male,12755.0,,Red,CVDP003HYP,"Patients with GP recorded hypertension aged 80 and over, whose last blood pressure reading is to the appropriate treatment threshold, in the preceding 12 months.",Hypertension: Treated to appropriate threshold (age  >= 80) (CVDP003HYP),86.35,80+,Age group,1,11090.0,To March 2026,87.51,86.94,
E54000056,NHS Cambridgeshire and Peterborough Integrated Care Board,Female,18095.0,,Red,CVDP003HYP,"Patients with GP recorded hypertension aged 80 and over, whose last blood pressure reading is to the appropriate treatment threshold, in the preceding 12 months.",Hypertension: Treated to appropriate threshold (age  >= 80) (CVDP003HYP),82.74,80+,Age group,1,15075.0,To March 2026,83.83,83.29,
E54000056,NHS Cambridgeshire and Peterborough Integrated Care Board,Persons,30850.0,,Red,CVDP003HYP,"Patients with GP recorded hypertension aged 80 and over, whose last blood pressure reading is to the appropriate treatment threshold, in the preceding 12 months.",Hypertension: Treated to appropriate threshold (age  >= 80) (CVDP003HYP),84.4,80+,Age group,1,26165.0,To March 2026,85.2,84.8,
E54000056,NHS Cambridgeshire and Peterborough Integrated Care Board,Persons,2625.0,,Red,CVDP003HYP,"Patients with GP recorded hypertension aged 80 and over, whose last blood pressure reading is to the appropriate treatment threshold, in the preceding 12 months.",Hypertension: Treated to appropriate threshold (age  >= 80) (CVDP003HYP),82.08,1 - most deprived,Deprivation quintile,1,2195.0,To March 2026,84.89,83.54,
E54000056,NHS Cambridgeshire and Peterborough Integrated Care Board,Persons,3435.0,,Red,CVDP003HYP,"Patients with GP recorded hypertension aged 80 and over, whose last blood pressure reading is to the appropriate treatment threshold, in the preceding 12 months.",Hypertension: Treated to appropriate threshold (age  >= 80) (CVDP003HYP),84.46,2,Deprivation quintile,1,2940.0,To March 2026,86.79,85.67,
E54000056,NHS Cambridgeshire and Peterborough Integrated Care Board,Persons,7285.0,,Red,CVDP003HYP,"Patients with GP recorded hypertension aged 80 and over, whose last blood pressure reading is to the appropriate treatment threshold, in the preceding 12 months.",Hypertension: Treated to appropriate threshold (age  >= 80) (CVDP003HYP),84.33,3,Deprivation quintile,1,6205.0,To March 2026,85.95,85.16,
E54000056,NHS Cambridgeshire and Peterborough Integrated Care Board,Persons,8120.0,,Red,CVDP003HYP,"Patients with GP recorded hypertension aged 80 and over, whose last blood pressure reading is to the appropriate treatment threshold, in the preceding 12 months.",Hypertension: Treated to appropriate threshold (age  >= 80) (CVDP003HYP),84.86,4,Deprivation quintile,1,6955.0,To March 2026,86.37,85.63,
E54000056,NHS Cambridgeshire and Peterborough Integrated Care Board,Persons,9885.0,,Red,CVDP003HYP,"Patients with GP recorded hypertension aged 80 and over, whose last blood pressure reading is to the appropriate treatment threshold, in the preceding 12 months.",Hypertension: Treated to appropriate threshold (age  >= 80) (CVDP003HYP),83.44,5 - least deprived,Deprivation quintile,1,8320.0,To March 2026,84.87,84.17,
E54000056,NHS Cambridgeshire and Peterborough Integrated Care Board,Persons,695.0,,Red,CVDP003HYP,"Patients with GP recorded hypertension aged 80 and over, whose last blood pressure reading is to the appropriate treatment threshold, in the preceding 12 months.",Hypertension: Treated to appropriate threshold (age  >= 80) (CVDP003HYP),73.6,Asian,Ethnicity,1,535.0,To March 2026,79.77,76.8,
E54000056,NHS Cambridgeshire and Peterborough Integrated Care Board,Persons,165.0,,Red,CVDP003HYP,"Patients with GP recorded hypertension aged 80 and over, whose last blood pressure reading is to the appropriate treatment threshold, in the preceding 12 months.",Hypertension: Treated to appropriate threshold (age  >= 80) (CVDP003HYP),61.76,Black,Ethnicity,1,115.0,To March 2026,75.29,68.86,
E54000056,NHS Cambridgeshire and Peterborough Integrated Care Board,Persons,345.0,,Red,CVDP003HYP,"Patients with GP recorded hypertension aged 80 and over, whose last blood pressure reading is to the appropriate treatment threshold, in the preceding 12 months.",Hypertension: Treated to appropriate threshold (age  >= 80) (CVDP003HYP),75.43,Missing,Ethnicity,1,275.0,To March 2026,83.71,79.83,
E54000056,NHS Cambridgeshire and Peterborough Integrated Care Board,Persons,110.0,,Red,CVDP003HYP,"Patients with GP recorded hypertension aged 80 and over, whose last blood pressure reading is to the appropriate treatment threshold, in the preceding 12 months.",Hypertension: Treated to appropriate threshold (age  >= 80) (CVDP003HYP),68.75,Mixed,Ethnicity,1,85.0,To March 2026,83.93,77.06,
E54000056,NHS Cambridgeshire and Peterborough Integrated Care Board,Persons,400.0,,Red,CVDP003HYP,"Patients with GP recorded hypertension aged 80 and over, whose last blood pressure reading is to the appropriate treatment threshold, in the preceding 12 months.",Hypertension: Treated to appropriate threshold (age  >= 80) (CVDP003HYP),79.16,Not stated,Ethnicity,1,330.0,To March 2026,86.35,83.0,
E54000056,NHS Cambridgeshire and Peterborough Integrated Care Board,Persons,90.0,,Red,CVDP003HYP,"Patients with GP recorded hypertension aged 80 and over, whose last blood pressure reading is to the appropriate treatment threshold, in the preceding 12 months.",Hypertension: Treated to appropriate threshold (age  >= 80) (CVDP003HYP),77.66,Other,Ethnicity,1,80.0,To March 2026,91.49,85.71,
E54000056,NHS Cambridgeshire and Peterborough Integrated Care Board,Persons,29045.0,,Red,CVDP003HYP,"Patients with GP recorded hypertension aged 80 and over, whose last blood pressure reading is to the appropriate treatment threshold, in the preceding 12 months.",Hypertension: Treated to appropriate threshold (age  >= 80) (CVDP003HYP),84.78,White,Ethnicity,1,24745.0,To March 2026,85.6,85.19,
E54000056,NHS Cambridgeshire and Peterborough Integrated Care Board,Persons,30585.0,,Red,CVDP003HYP,"Patients with GP recorded hypertension aged 80 and over, whose last blood pressure reading is to the appropriate treatment threshold, in the preceding 12 months.",Hypertension: Treated to appropriate threshold (age  >= 80) (CVDP003HYP),84.39,People without SMI,Mental Health,1,25935.0,To March 2026,85.2,84.8,
E54000056,NHS Cambridgeshire and Peterborough Integrated Care Board,Persons,265.0,,Red,CVDP003HYP,"Patients with GP recorded hypertension aged 80 and over, whose last blood pressure reading is to the appropriate treatment threshold, in the preceding 12 months.",Hypertension: Treated to appropriate threshold (age  >= 80) (CVDP003HYP),80.3,People with SMI,Mental Health,1,225.0,To March 2026,88.85,84.96,
E54000056,NHS Cambridgeshire and Peterborough Integrated Care Board,Persons,30825.0,,Red,CVDP003HYP,"Patients with GP recorded hypertension aged 80 and over, whose last blood pressure reading is to the appropriate treatment threshold, in the preceding 12 months.",Hypertension: Treated to appropriate threshold (age  >= 80) (CVDP003HYP),84.4,People without a diagnosed learning disability,Learning Disability,1,26140.0,To March 2026,85.2,84.8,
E54000056,NHS Cambridgeshire and Peterborough Integrated Care Board,Persons,25.0,,Red,CVDP003HYP,"Patients with GP recorded hypertension aged 80 and over, whose last blood pressure reading is to the appropriate treatment threshold, in the preceding 12 months.",Hypertension: Treated to appropriate threshold (age  >= 80) (CVDP003HYP),63.33,People with a diagnosed learning disability,Learning Disability,1,20.0,To March 2026,90.0,81.48,
E54000008,NHS Cheshire and Merseyside Integrated Care Board,Persons,91000.0,,Red,CVDP003HYP,"Patients with GP recorded hypertension aged 80 and over, whose last blood pressure reading is to the appropriate treatment threshold, in the preceding 12 months.",Hypertension: Treated to appropriate threshold (age  >= 80) (CVDP003HYP),82.39,Persons,Sex,1,75195.0,To March 2026,82.88,82.63,
E54000008,NHS Cheshire and Merseyside Integrated Care Board,Female,54190.0,,Red,CVDP003HYP,"Patients with GP recorded hypertension aged 80 and over, whose last blood pressure reading is to the appropriate treatment threshold, in the preceding 12 months.",Hypertension: Treated to appropriate threshold (age  >= 80) (CVDP003HYP),80.73,Female,Sex,1,43925.0,To March 2026,81.39,81.06,
E54000008,NHS Cheshire and Merseyside Integrated Care Board,Male,36810.0,,Red,CVDP003HYP,"Patients with GP recorded hypertension aged 80 and over, whose last blood pressure reading is to the appropriate treatment threshold, in the preceding 12 months.",Hypertension: Treated to appropriate threshold (age  >= 80) (CVDP003HYP),84.58,Male,Sex,1,31270.0,To March 2026,85.31,84.95,
E54000008,NHS Cheshire and Merseyside Integrated Care Board,Male,36810.0,,Red,CVDP003HYP,"Patients with GP recorded hypertension aged 80 and over, whose last blood pressure reading is to the appropriate treatment threshold, in the preceding 12 months.",Hypertension: Treated to appropriate threshold (age  >= 80) (CVDP003HYP),84.58,80+,Age group,1,31270.0,To March 2026,85.31,84.95,
E54000008,NHS Cheshire and Merseyside Integrated Care Board,Female,54190.0,,Red,CVDP003HYP,"Patients with GP recorded hypertension aged 80 and over, whose last blood pressure reading is to the appropriate treatment threshold, in the preceding 12 months.",Hypertension: Treated to appropriate threshold (age  >= 80) (CVDP003HYP),80.73,80+,Age group,1,43925.0,To March 2026,81.39,81.06,
E54000008,NHS Cheshire and Merseyside Integrated Care Board,Persons,91000.0,,Red,CVDP003HYP,"Patients with GP recorded hypertension aged 80 and over, whose last blood pressure reading is to the appropriate treatment threshold, in the preceding 12 months.",Hypertension: Treated to appropriate threshold (age  >= 80) (CVDP003HYP),82.39,80+,Age group,1,75195.0,To March 2026,82.88,82.63,
E54000008,NHS Cheshire and Merseyside Integrated Care Board,Persons,21690.0,,Red,CVDP003HYP,"Patients with GP recorded hypertension aged 80 and over, whose last blood pressure reading is to the appropriate treatment threshold, in the preceding 12 months.",Hypertension: Treated to appropriate threshold (age  >= 80) (CVDP003HYP),82.37,1 - most deprived,Deprivation quintile,1,17980.0,To March 2026,83.37,82.88,
E54000008,NHS Cheshire and Merseyside Integrated Care Board,Persons,12895.0,,Red,CVDP003HYP,"Patients with GP recorded hypertension aged 80 and over, whose last blood pressure reading is to the appropriate treatment threshold, in the preceding 12 months.",Hypertension: Treated to appropriate threshold (age  >= 80) (CVDP003HYP),82.17,2,Deprivation quintile,1,10680.0,To March 2026,83.46,82.82,
E54000008,NHS Cheshire and Merseyside Integrated Care Board,Persons,14500.0,,Red,CVDP003HYP,"Patients with GP recorded hypertension aged 80 and over, whose last blood pressure reading is to the appropriate treatment threshold, in the preceding 12 months.",Hypertension: Treated to appropriate threshold (age  >= 80) (CVDP003HYP),81.83,3,Deprivation quintile,1,11955.0,To March 2026,83.07,82.46,
E54000008,NHS Cheshire and Merseyside Integrated Care Board,Persons,20215.0,,Red,CVDP003HYP,"Patients with GP recorded hypertension aged 80 and over, whose last blood pressure reading is to the appropriate treatment threshold, in the preceding 12 months.",Hypertension: Treated to appropriate threshold (age  >= 80) (CVDP003HYP),82.38,4,Deprivation quintile,1,16760.0,To March 2026,83.42,82.91,
E54000008,NHS Cheshire and Merseyside Integrated Care Board,Persons,21175.0,,Red,CVDP003HYP,"Patients with GP recorded hypertension aged 80 and over, whose last blood pressure reading is to the appropriate treatment threshold, in the preceding 12 months.",Hypertension: Treated to appropriate threshold (age  >= 80) (CVDP003HYP),81.85,5 - least deprived,Deprivation quintile,1,17440.0,To March 2026,82.87,82.36,
E54000008,NHS Cheshire and Merseyside Integrated Care Board,Persons,765.0,,Red,CVDP003HYP,"Patients with GP recorded hypertension aged 80 and over, whose last blood pressure reading is to the appropriate treatment threshold, in the preceding 12 months.",Hypertension: Treated to appropriate threshold (age  >= 80) (CVDP003HYP),74.19,Asian,Ethnicity,1,590.0,To March 2026,80.05,77.23,
E54000008,NHS Cheshire and Merseyside Integrated Care Board,Persons,305.0,,Red,CVDP003HYP,"Patients with GP recorded hypertension aged 80 and over, whose last blood pressure reading is to the appropriate treatment threshold, in the preceding 12 months.",Hypertension: Treated to appropriate threshold (age  >= 80) (CVDP003HYP),64.72,Black,Ethnicity,1,215.0,To March 2026,74.76,69.93,
E54000008,NHS Cheshire and Merseyside Integrated Care Board,Persons,810.0,,Red,CVDP003HYP,"Patients with GP recorded hypertension aged 80 and over, whose last blood pressure reading is to the appropriate treatment threshold, in the preceding 12 months.",Hypertension: Treated to appropriate threshold (age  >= 80) (CVDP003HYP),69.41,Missing,Ethnicity,1,590.0,To March 2026,75.43,72.5,
E54000008,NHS Cheshire and Merseyside Integrated Care Board,Persons,305.0,,Red,CVDP003HYP,"Patients with GP recorded hypertension aged 80 and over, whose last blood pressure reading is to the appropriate treatment threshold, in the preceding 12 months.",Hypertension: Treated to appropriate threshold (age  >= 80) (CVDP003HYP),76.14,Mixed,Ethnicity,1,245.0,To March 2026,84.97,80.86,
E54000008,NHS Cheshire and Merseyside Integrated Care Board,Persons,2190.0,,Red,CVDP003HYP,"Patients with GP recorded hypertension aged 80 and over, whose last blood pressure reading is to the appropriate treatment threshold, in the preceding 12 months.",Hypertension: Treated to appropriate threshold (age  >= 80) (CVDP003HYP),77.14,Not stated,Ethnicity,1,1725.0,To March 2026,80.52,78.89,
E54000008,NHS Cheshire and Merseyside Integrated Care Board,Persons,545.0,,Red,CVDP003HYP,"Patients with GP recorded hypertension aged 80 and over, whose last blood pressure reading is to the appropriate treatment threshold, in the preceding 12 months.",Hypertension: Treated to appropriate threshold (age  >= 80) (CVDP003HYP),77.96,Other,Ethnicity,1,445.0,To March 2026,84.34,81.32,
E54000008,NHS Cheshire and Merseyside Integrated Care Board,Persons,86080.0,,Red,CVDP003HYP,"Patients with GP recorded hypertension aged 80 and over, whose last blood pressure reading is to the appropriate treatment threshold, in the preceding 12 months.",Hypertension: Treated to appropriate threshold (age  >= 80) (CVDP003HYP),82.68,White,Ethnicity,1,71385.0,To March 2026,83.18,82.93,
E54000008,NHS Cheshire and Merseyside Integrated Care Board,Persons,90140.0,,Red,CVDP003HYP,"Patients with GP recorded hypertension aged 80 and over, whose last blood pressure reading is to the appropriate treatment threshold, in the preceding 12 months.",Hypertension: Treated to appropriate threshold (age  >= 80) (CVDP003HYP),82.38,People without SMI,Mental Health,1,74480.0,To March 2026,82.87,82.63,
E54000008,NHS Cheshire and Merseyside Integrated Care Board,Persons,855.0,,Red,CVDP003HYP,"Patients with GP recorded hypertension aged 80 and over, whose last blood pressure reading is to the appropriate treatment threshold, in the preceding 12 months.",Hypertension: Treated to appropriate threshold (age  >= 80) (CVDP003HYP),80.7,People with SMI,Mental Health,1,715.0,To March 2026,85.58,83.31,
E54000008,NHS Cheshire and Merseyside Integrated Care Board,Persons,90885.0,,Red,CVDP003HYP,"Patients with GP recorded hypertension aged 80 and over, whose last blood pressure reading is to the appropriate treatment threshold, in the preceding 12 months.",Hypertension: Treated to appropriate threshold (age  >= 80) (CVDP003HYP),82.38,People without a diagnosed learning disability,Learning Disability,1,75090.0,To March 2026,82.87,82.62,
E54000008,NHS Cheshire and Merseyside Integrated Care Board,Persons,110.0,,Red,CVDP003HYP,"Patients with GP recorded hypertension aged 80 and over, whose last blood pressure reading is to the appropriate treatment threshold, in the preceding 12 months.",Hypertension: Treated to appropriate threshold (age  >= 80) (CVDP003HYP),84.35,People with a diagnosed learning disability,Learning Disability,1,100.0,To March 2026,94.78,91.07,
E54000036,NHS Cornwall and the Isles of Scilly Integrated Care Board,Persons,24685.0,,Red,CVDP003HYP,"Patients with GP recorded hypertension aged 80 and over, whose last blood pressure reading is to the appropriate treatment threshold, in the preceding 12 months.",Hypertension: Treated to appropriate threshold (age  >= 80) (CVDP003HYP),81.8,Persons,Sex,1,20310.0,To March 2026,82.75,82.28,
E54000036,NHS Cornwall and the Isles of Scilly Integrated Care Board,Female,14510.0,,Red,CVDP003HYP,"Patients with GP recorded hypertension aged 80 and over, whose last blood pressure reading is to the appropriate treatment threshold, in the preceding 12 months.",Hypertension: Treated to appropriate threshold (age  >= 80) (CVDP003HYP),79.54,Female,Sex,1,11640.0,To March 2026,80.83,80.2,
E54000036,NHS Cornwall and the Isles of Scilly Integrated Care Board,Male,10170.0,,Red,CVDP003HYP,"Patients with GP recorded hypertension aged 80 and over, whose last blood pressure reading is to the appropriate treatment threshold, in the preceding 12 months.",Hypertension: Treated to appropriate threshold (age  >= 80) (CVDP003HYP),84.54,Male,Sex,1,8670.0,To March 2026,85.92,85.24,
E54000036,NHS Cornwall and the Isles of Scilly Integrated Care Board,Male,10170.0,,Red,CVDP003HYP,"Patients with GP recorded hypertension aged 80 and over, whose last blood pressure reading is to the appropriate treatment threshold, in the preceding 12 months.",Hypertension: Treated to appropriate threshold (age  >= 80) (CVDP003HYP),84.54,80+,Age group,1,8670.0,To March 2026,85.92,85.24,
E54000036,NHS Cornwall and the Isles of Scilly Integrated Care Board,Female,14510.0,,Red,CVDP003HYP,"Patients with GP recorded hypertension aged 80 and over, whose last blood pressure reading is to the appropriate treatment threshold, in the preceding 12 months.",Hypertension: Treated to appropriate threshold (age  >= 80) (CVDP003HYP),79.54,80+,Age group,1,11640.0,To March 2026,80.83,80.2,
E54000036,NHS Cornwall and the Isles of Scilly Integrated Care Board,Persons,24685.0,,Red,CVDP003HYP,"Patients with GP recorded hypertension aged 80 and over, whose last blood pressure reading is to the appropriate treatment threshold, in the preceding 12 months.",Hypertension: Treated to appropriate threshold (age  >= 80) (CVDP003HYP),81.8,80+,Age group,1,20310.0,To March 2026,82.75,82.28,
E54000036,NHS Cornwall and the Isles of Scilly Integrated Care Board,Persons,2415.0,,Red,CVDP003HYP,"Patients with GP recorded hypertension aged 80 and over, whose last blood pressure reading is to the appropriate treatment threshold, in the preceding 12 months.",Hypertension: Treated to appropriate threshold (age  >= 80) (CVDP003HYP),80.69,1 - most deprived,Deprivation quintile,1,1985.0,To March 2026,83.71,82.24,
E54000036,NHS Cornwall and the Isles of Scilly Integrated Care Board,Persons,9960.0,,Red,CVDP003HYP,"Patients with GP recorded hypertension aged 80 and over, whose last blood pressure reading is to the appropriate treatment threshold, in the preceding 12 months.",Hypertension: Treated to appropriate threshold (age  >= 80) (CVDP003HYP),80.78,2,Deprivation quintile,1,8120.0,To March 2026,82.29,81.55,
E54000036,NHS Cornwall and the Isles of Scilly Integrated Care Board,Persons,8005.0,,Red,CVDP003HYP,"Patients with GP recorded hypertension aged 80 and over, whose last blood pressure reading is to the appropriate treatment threshold, in the preceding 12 months.",Hypertension: Treated to appropriate threshold (age  >= 80) (CVDP003HYP),81.68,3,Deprivation quintile,1,6605.0,To March 2026,83.34,82.52,
E54000036,NHS Cornwall and the Isles of Scilly Integrated Care Board,Persons,3945.0,,Red,CVDP003HYP,"Patients with GP recorded hypertension aged 80 and over, whose last blood pressure reading is to the appropriate treatment threshold, in the preceding 12 months.",Hypertension: Treated to appropriate threshold (age  >= 80) (CVDP003HYP),82.3,4,Deprivation quintile,1,3295.0,To March 2026,84.6,83.48,
E54000036,NHS Cornwall and the Isles of Scilly Integrated Care Board,Persons,430.0,,Red,CVDP003HYP,"Patients with GP recorded hypertension aged 80 and over, whose last blood pressure reading is to the appropriate treatment threshold, in the preceding 12 months.",Hypertension: Treated to appropriate threshold (age  >= 80) (CVDP003HYP),79.54,5 - least deprived,Deprivation quintile,1,360.0,To March 2026,86.44,83.33,
E54000036,NHS Cornwall and the Isles of Scilly Integrated Care Board,Persons,40.0,,Red,CVDP003HYP,"Patients with GP recorded hypertension aged 80 and over, whose last blood pressure reading is to the appropriate treatment threshold, in the preceding 12 months.",Hypertension: Treated to appropriate threshold (age  >= 80) (CVDP003HYP),68.29,Asian,Ethnicity,1,30.0,To March 2026,90.24,81.58,
E54000036,NHS Cornwall and the Isles of Scilly Integrated Care Board,Persons,20.0,,Red,CVDP003HYP,"Patients with GP recorded hypertension aged 80 and over, whose last blood pressure reading is to the appropriate treatment threshold, in the preceding 12 months.",Hypertension: Treated to appropriate threshold (age  >= 80) (CVDP003HYP),63.64,Black,Ethnicity,1,15.0,To March 2026,95.45,84.21,
E54000036,NHS Cornwall and the Isles of Scilly Integrated Care Board,Persons,1430.0,,Red,CVDP003HYP,"Patients with GP recorded hypertension aged 80 and over, whose last blood pressure reading is to the appropriate treatment threshold, in the preceding 12 months.",Hypertension: Treated to appropriate threshold (age  >= 80) (CVDP003HYP),77.84,Missing,Ethnicity,1,1145.0,To March 2026,81.95,79.96,
E54000036,NHS Cornwall and the Isles of Scilly Integrated Care Board,Persons,30.0,,Red,CVDP003HYP,"Patients with GP recorded hypertension aged 80 and over, whose last blood pressure reading is to the appropriate treatment threshold, in the preceding 12 months.",Hypertension: Treated to appropriate threshold (age  >= 80) (CVDP003HYP),61.76,Mixed,Ethnicity,1,25.0,To March 2026,88.24,77.42,
E54000036,NHS Cornwall and the Isles of Scilly Integrated Care Board,Persons,1835.0,,Red,CVDP003HYP,"Patients with GP recorded hypertension aged 80 and over, whose last blood pressure reading is to the appropriate treatment threshold, in the preceding 12 months.",Hypertension: Treated to appropriate threshold (age  >= 80) (CVDP003HYP),79.41,Not stated,Ethnicity,1,1490.0,To March 2026,82.95,81.23,
E54000036,NHS Cornwall and the Isles of Scilly Integrated Care Board,Persons,25.0,,Red,CVDP003HYP,"Patients with GP recorded hypertension aged 80 and over, whose last blood pressure reading is to the appropriate treatment threshold, in the preceding 12 months.",Hypertension: Treated to appropriate threshold (age  >= 80) (CVDP003HYP),44.83,Other,Ethnicity,1,15.0,To March 2026,79.31,65.38,
E54000036,NHS Cornwall and the Isles of Scilly Integrated Care Board,Persons,21305.0,,Red,CVDP003HYP,"Patients with GP recorded hypertension aged 80 and over, whose last blood pressure reading is to the appropriate treatment threshold, in the preceding 12 months.",Hypertension: Treated to appropriate threshold (age  >= 80) (CVDP003HYP),82.03,White,Ethnicity,1,17585.0,To March 2026,83.05,82.55,
E54000036,NHS Cornwall and the Isles of Scilly Integrated Care Board,Persons,24530.0,,Red,CVDP003HYP,"Patients with GP recorded hypertension aged 80 and over, whose last blood pressure reading is to the appropriate treatment threshold, in the preceding 12 months.",Hypertension: Treated to appropriate threshold (age  >= 80) (CVDP003HYP),81.81,People without SMI,Mental Health,1,20185.0,To March 2026,82.76,82.29,
E54000036,NHS Cornwall and the Isles of Scilly Integrated Care Board,Persons,155.0,,Red,CVDP003HYP,"Patients with GP recorded hypertension aged 80 and over, whose last blood pressure reading is to the appropriate treatment threshold, in the preceding 12 months.",Hypertension: Treated to appropriate threshold (age  >= 80) (CVDP003HYP),72.33,People with SMI,Mental Health,1,125.0,To March 2026,84.91,79.49,
E54000036,NHS Cornwall and the Isles of Scilly Integrated Care Board,Persons,24665.0,,Red,CVDP003HYP,"Patients with GP recorded hypertension aged 80 and over, whose last blood pressure reading is to the appropriate treatment threshold, in the preceding 12 months.",Hypertension: Treated to appropriate threshold (age  >= 80) (CVDP003HYP),81.8,People without a diagnosed learning disability,Learning Disability,1,20295.0,To March 2026,82.76,82.29,
E54000036,NHS Cornwall and the Isles of Scilly Integrated Care Board,Persons,20.0,,Red,CVDP003HYP,"Patients with GP recorded hypertension aged 80 and over, whose last blood pressure reading is to the appropriate treatment threshold, in the preceding 12 months.",Hypertension: Treated to appropriate threshold (age  >= 80) (CVDP003HYP),50.0,People with a diagnosed learning disability,Learning Disability,1,15.0,To March 2026,83.33,71.43,
E54000018,NHS Coventry and Warwickshire Integrated Care Board,Persons,35900.0,,Red,CVDP003HYP,"Patients with GP recorded hypertension aged 80 and over, whose last blood pressure reading is to the appropriate treatment threshold, in the preceding 12 months.",Hypertension: Treated to appropriate threshold (age  >= 80) (CVDP003HYP),84.59,Persons,Sex,1,30500.0,To March 2026,85.33,84.96,
E54000018,NHS Coventry and Warwickshire Integrated Care Board,Female,21120.0,,Red,CVDP003HYP,"Patients with GP recorded hypertension aged 80 and over, whose last blood pressure reading is to the appropriate treatment threshold, in the preceding 12 months.",Hypertension: Treated to appropriate threshold (age  >= 80) (CVDP003HYP),82.87,Female,Sex,1,17610.0,To March 2026,83.88,83.38,
E54000018,NHS Coventry and Warwickshire Integrated Care Board,Male,14780.0,,Red,CVDP003HYP,"Patients with GP recorded hypertension aged 80 and over, whose last blood pressure reading is to the appropriate treatment threshold, in the preceding 12 months.",Hypertension: Treated to appropriate threshold (age  >= 80) (CVDP003HYP),86.67,Male,Sex,1,12890.0,To March 2026,87.74,87.21,
E54000018,NHS Coventry and Warwickshire Integrated Care Board,Male,14780.0,,Red,CVDP003HYP,"Patients with GP recorded hypertension aged 80 and over, whose last blood pressure reading is to the appropriate treatment threshold, in the preceding 12 months.",Hypertension: Treated to appropriate threshold (age  >= 80) (CVDP003HYP),86.67,80+,Age group,1,12890.0,To March 2026,87.74,87.21,
E54000018,NHS Coventry and Warwickshire Integrated Care Board,Female,21120.0,,Red,CVDP003HYP,"Patients with GP recorded hypertension aged 80 and over, whose last blood pressure reading is to the appropriate treatment threshold, in the preceding 12 months.",Hypertension: Treated to appropriate threshold (age  >= 80) (CVDP003HYP),82.87,80+,Age group,1,17610.0,To March 2026,83.88,83.38,
E54000018,NHS Coventry and Warwickshire Integrated Care Board,Persons,35900.0,,Red,CVDP003HYP,"Patients with GP recorded hypertension aged 80 and over, whose last blood pressure reading is to the appropriate treatment threshold, in the preceding 12 months.",Hypertension: Treated to appropriate threshold (age  >= 80) (CVDP003HYP),84.59,80+,Age group,1,30500.0,To March 2026,85.33,84.96,
E54000018,NHS Coventry and Warwickshire Integrated Care Board,Persons,2880.0,,Red,CVDP003HYP,"Patients with GP recorded hypertension aged 80 and over, whose last blood pressure reading is to the appropriate treatment threshold, in the preceding 12 months.",Hypertension: Treated to appropriate threshold (age  >= 80) (CVDP003HYP),82.51,1 - most deprived,Deprivation quintile,1,2415.0,To March 2026,85.18,83.88,
E54000018,NHS Coventry and Warwickshire Integrated Care Board,Persons,5500.0,,Red,CVDP003HYP,"Patients with GP recorded hypertension aged 80 and over, whose last blood pressure reading is to the appropriate treatment threshold, in the preceding 12 months.",Hypertension: Treated to appropriate threshold (age  >= 80) (CVDP003HYP),83.48,2,Deprivation quintile,1,4645.0,To March 2026,85.39,84.45,
E54000018,NHS Coventry and Warwickshire Integrated Care Board,Persons,8120.0,,Red,CVDP003HYP,"Patients with GP recorded hypertension aged 80 and over, whose last blood pressure reading is to the appropriate treatment threshold, in the preceding 12 months.",Hypertension: Treated to appropriate threshold (age  >= 80) (CVDP003HYP),84.02,3,Deprivation quintile,1,6890.0,To March 2026,85.58,84.82,
E54000018,NHS Coventry and Warwickshire Integrated Care Board,Persons,10275.0,,Red,CVDP003HYP,"Patients with GP recorded hypertension aged 80 and over, whose last blood pressure reading is to the appropriate treatment threshold, in the preceding 12 months.",Hypertension: Treated to appropriate threshold (age  >= 80) (CVDP003HYP),83.8,4,Deprivation quintile,1,8680.0,To March 2026,85.19,84.5,
E54000018,NHS Coventry and Warwickshire Integrated Care Board,Persons,8840.0,,Red,CVDP003HYP,"Patients with GP recorded hypertension aged 80 and over, whose last blood pressure reading is to the appropriate treatment threshold, in the preceding 12 months.",Hypertension: Treated to appropriate threshold (age  >= 80) (CVDP003HYP),85.29,5 - least deprived,Deprivation quintile,1,7605.0,To March 2026,86.72,86.02,
E54000018,NHS Coventry and Warwickshire Integrated Care Board,Persons,1835.0,,Red,CVDP003HYP,"Patients with GP recorded hypertension aged 80 and over, whose last blood pressure reading is to the appropriate treatment threshold, in the preceding 12 months.",Hypertension: Treated to appropriate threshold (age  >= 80) (CVDP003HYP),76.84,Asian,Ethnicity,1,1445.0,To March 2026,80.53,78.76,
E54000018,NHS Coventry and Warwickshire Integrated Care Board,Persons,315.0,,Red,CVDP003HYP,"Patients with GP recorded hypertension aged 80 and over, whose last blood pressure reading is to the appropriate treatment threshold, in the preceding 12 months.",Hypertension: Treated to appropriate threshold (age  >= 80) (CVDP003HYP),72.81,Black,Ethnicity,1,245.0,To March 2026,81.88,77.6,
E54000018,NHS Coventry and Warwickshire Integrated Care Board,Persons,345.0,,Red,CVDP003HYP,"Patients with GP recorded hypertension aged 80 and over, whose last blood pressure reading is to the appropriate treatment threshold, in the preceding 12 months.",Hypertension: Treated to appropriate threshold (age  >= 80) (CVDP003HYP),71.63,Missing,Ethnicity,1,265.0,To March 2026,80.52,76.3,
E54000018,NHS Coventry and Warwickshire Integrated Care Board,Persons,155.0,,Red,CVDP003HYP,"Patients with GP recorded hypertension aged 80 and over, whose last blood pressure reading is to the appropriate treatment threshold, in the preceding 12 months.",Hypertension: Treated to appropriate threshold (age  >= 80) (CVDP003HYP),69.38,Mixed,Ethnicity,1,120.0,To March 2026,82.5,76.43,
E54000018,NHS Coventry and Warwickshire Integrated Care Board,Persons,1785.0,,Red,CVDP003HYP,"Patients with GP recorded hypertension aged 80 and over, whose last blood pressure reading is to the appropriate treatment threshold, in the preceding 12 months.",Hypertension: Treated to appropriate threshold (age  >= 80) (CVDP003HYP),74.94,Not stated,Ethnicity,1,1375.0,To March 2026,78.8,76.92,
E54000018,NHS Coventry and Warwickshire Integrated Care Board,Persons,120.0,,Red,CVDP003HYP,"Patients with GP recorded hypertension aged 80 and over, whose last blood pressure reading is to the appropriate treatment threshold, in the preceding 12 months.",Hypertension: Treated to appropriate threshold (age  >= 80) (CVDP003HYP),80.0,Other,Ethnicity,1,105.0,To March 2026,92.0,86.89,
E54000018,NHS Coventry and Warwickshire Integrated Care Board,Persons,31340.0,,Red,CVDP003HYP,"Patients with GP recorded hypertension aged 80 and over, whose last blood pressure reading is to the appropriate treatment threshold, in the preceding 12 months.",Hypertension: Treated to appropriate threshold (age  >= 80) (CVDP003HYP),85.6,White,Ethnicity,1,26945.0,To March 2026,86.36,85.99,
E54000018,NHS Coventry and Warwickshire Integrated Care Board,Persons,35570.0,,Red,CVDP003HYP,"Patients with GP recorded hypertension aged 80 and over, whose last blood pressure reading is to the appropriate treatment threshold, in the preceding 12 months.",Hypertension: Treated to appropriate threshold (age  >= 80) (CVDP003HYP),84.6,People without SMI,Mental Health,1,30225.0,To March 2026,85.34,84.97,
E54000018,NHS Coventry and Warwickshire Integrated Care Board,Persons,330.0,,Red,CVDP003HYP,"Patients with GP recorded hypertension aged 80 and over, whose last blood pressure reading is to the appropriate treatment threshold, in the preceding 12 months.",Hypertension: Treated to appropriate threshold (age  >= 80) (CVDP003HYP),79.1,People with SMI,Mental Health,1,275.0,To March 2026,86.87,83.43,
E54000018,NHS Coventry and Warwickshire Integrated Care Board,Persons,35860.0,,Red,CVDP003HYP,"Patients with GP recorded hypertension aged 80 and over, whose last blood pressure reading is to the appropriate treatment threshold, in the preceding 12 months.",Hypertension: Treated to appropriate threshold (age  >= 80) (CVDP003HYP),84.58,People without a diagnosed learning disability,Learning Disability,1,30465.0,To March 2026,85.31,84.95,
E54000018,NHS Coventry and Warwickshire Integrated Care Board,Persons,40.0,,Red,CVDP003HYP,"Patients with GP recorded hypertension aged 80 and over, whose last blood pressure reading is to the appropriate treatment threshold, in the preceding 12 months.",Hypertension: Treated to appropriate threshold (age  >= 80) (CVDP003HYP),84.09,People with a diagnosed learning disability,Learning Disability,1,40.0,To March 2026,97.73,95.12,
E54000058,NHS Derby and Derbyshire Integrated Care Board,Persons,40845.0,,Red,CVDP003HYP,"Patients with GP recorded hypertension aged 80 and over, whose last blood pressure reading is to the appropriate treatment threshold, in the preceding 12 months.",Hypertension: Treated to appropriate threshold (age  >= 80) (CVDP003HYP),84.35,Persons,Sex,1,34595.0,To March 2026,85.05,84.7,
E54000058,NHS Derby and Derbyshire Integrated Care Board,Female,24065.0,,Red,CVDP003HYP,"Patients with GP recorded hypertension aged 80 and over, whose last blood pressure reading is to the appropriate treatment threshold, in the preceding 12 months.",Hypertension: Treated to appropriate threshold (age  >= 80) (CVDP003HYP),82.49,Female,Sex,1,19965.0,To March 2026,83.43,82.97,
E54000058,NHS Derby and Derbyshire Integrated Care Board,Male,16780.0,,Red,CVDP003HYP,"Patients with GP recorded hypertension aged 80 and over, whose last blood pressure reading is to the appropriate treatment threshold, in the preceding 12 months.",Hypertension: Treated to appropriate threshold (age  >= 80) (CVDP003HYP),86.68,Male,Sex,1,14630.0,To March 2026,87.68,87.19,
E54000058,NHS Derby and Derbyshire Integrated Care Board,Male,16780.0,,Red,CVDP003HYP,"Patients with GP recorded hypertension aged 80 and over, whose last blood pressure reading is to the appropriate treatment threshold, in the preceding 12 months.",Hypertension: Treated to appropriate threshold (age  >= 80) (CVDP003HYP),86.68,80+,Age group,1,14630.0,To March 2026,87.68,87.19,
E54000058,NHS Derby and Derbyshire Integrated Care Board,Female,24065.0,,Red,CVDP003HYP,"Patients with GP recorded hypertension aged 80 and over, whose last blood pressure reading is to the appropriate treatment threshold, in the preceding 12 months.",Hypertension: Treated to appropriate threshold (age  >= 80) (CVDP003HYP),82.49,80+,Age group,1,19965.0,To March 2026,83.43,82.97,
E54000058,NHS Derby and Derbyshire Integrated Care Board,Persons,40845.0,,Red,CVDP003HYP,"Patients with GP recorded hypertension aged 80 and over, whose last blood pressure reading is to the appropriate treatment threshold, in the preceding 12 months.",Hypertension: Treated to appropriate threshold (age  >= 80) (CVDP003HYP),84.35,80+,Age group,1,34595.0,To March 2026,85.05,84.7,
E54000058,NHS Derby and Derbyshire Integrated Care Board,Persons,4910.0,,Red,CVDP003HYP,"Patients with GP recorded hypertension aged 80 and over, whose last blood pressure reading is to the appropriate treatment threshold, in the preceding 12 months.",Hypertension: Treated to appropriate threshold (age  >= 80) (CVDP003HYP),82.48,1 - most deprived,Deprivation quintile,1,4100.0,To March 2026,84.53,83.53,
E54000058,NHS Derby and Derbyshire Integrated Care Board,Persons,6840.0,,Red,CVDP003HYP,"Patients with GP recorded hypertension aged 80 and over, whose last blood pressure reading is to the appropriate treatment threshold, in the preceding 12 months.",Hypertension: Treated to appropriate threshold (age  >= 80) (CVDP003HYP),83.34,2,Deprivation quintile,1,5760.0,To March 2026,85.06,84.22,
E54000058,NHS Derby and Derbyshire Integrated Care Board,Persons,8915.0,,Red,CVDP003HYP,"Patients with GP recorded hypertension aged 80 and over, whose last blood pressure reading is to the appropriate treatment threshold, in the preceding 12 months.",Hypertension: Treated to appropriate threshold (age  >= 80) (CVDP003HYP),83.91,3,Deprivation quintile,1,7550.0,To March 2026,85.4,84.67,
E54000058,NHS Derby and Derbyshire Integrated Care Board,Persons,9075.0,,Red,CVDP003HYP,"Patients with GP recorded hypertension aged 80 and over, whose last blood pressure reading is to the appropriate treatment threshold, in the preceding 12 months.",Hypertension: Treated to appropriate threshold (age  >= 80) (CVDP003HYP),84.27,4,Deprivation quintile,1,7715.0,To March 2026,85.73,85.01,
E54000058,NHS Derby and Derbyshire Integrated Care Board,Persons,10990.0,,Red,CVDP003HYP,"Patients with GP recorded hypertension aged 80 and over, whose last blood pressure reading is to the appropriate treatment threshold, in the preceding 12 months.",Hypertension: Treated to appropriate threshold (age  >= 80) (CVDP003HYP),84.44,5 - least deprived,Deprivation quintile,1,9355.0,To March 2026,85.77,85.12,
E54000058,NHS Derby and Derbyshire Integrated Care Board,Persons,825.0,,Red,CVDP003HYP,"Patients with GP recorded hypertension aged 80 and over, whose last blood pressure reading is to the appropriate treatment threshold, in the preceding 12 months.",Hypertension: Treated to appropriate threshold (age  >= 80) (CVDP003HYP),75.36,Asian,Ethnicity,1,645.0,To March 2026,80.92,78.3,
E54000058,NHS Derby and Derbyshire Integrated Care Board,Persons,240.0,,Red,CVDP003HYP,"Patients with GP recorded hypertension aged 80 and over, whose last blood pressure reading is to the appropriate treatment threshold, in the preceding 12 months.",Hypertension: Treated to appropriate threshold (age  >= 80) (CVDP003HYP),72.43,Black,Ethnicity,1,185.0,To March 2026,82.72,77.92,
E54000058,NHS Derby and Derbyshire Integrated Care Board,Persons,945.0,,Red,CVDP003HYP,"Patients with GP recorded hypertension aged 80 and over, whose last blood pressure reading is to the appropriate treatment threshold, in the preceding 12 months.",Hypertension: Treated to appropriate threshold (age  >= 80) (CVDP003HYP),75.97,Missing,Ethnicity,1,745.0,To March 2026,81.14,78.65,
E54000058,NHS Derby and Derbyshire Integrated Care Board,Persons,80.0,,Red,CVDP003HYP,"Patients with GP recorded hypertension aged 80 and over, whose last blood pressure reading is to the appropriate treatment threshold, in the preceding 12 months.",Hypertension: Treated to appropriate threshold (age  >= 80) (CVDP003HYP),66.67,Mixed,Ethnicity,1,60.0,To March 2026,84.52,76.54,
E54000058,NHS Derby and Derbyshire Integrated Care Board,Persons,625.0,,Red,CVDP003HYP,"Patients with GP recorded hypertension aged 80 and over, whose last blood pressure reading is to the appropriate treatment threshold, in the preceding 12 months.",Hypertension: Treated to appropriate threshold (age  >= 80) (CVDP003HYP),79.21,Not stated,Ethnicity,1,515.0,To March 2026,85.08,82.3,
E54000058,NHS Derby and Derbyshire Integrated Care Board,Persons,225.0,,Red,CVDP003HYP,"Patients with GP recorded hypertension aged 80 and over, whose last blood pressure reading is to the appropriate treatment threshold, in the preceding 12 months.",Hypertension: Treated to appropriate threshold (age  >= 80) (CVDP003HYP),81.14,Other,Ethnicity,1,195.0,To March 2026,89.91,86.22,
E54000058,NHS Derby and Derbyshire Integrated Care Board,Persons,37900.0,,Red,CVDP003HYP,"Patients with GP recorded hypertension aged 80 and over, whose last blood pressure reading is to the appropriate treatment threshold, in the preceding 12 months.",Hypertension: Treated to appropriate threshold (age  >= 80) (CVDP003HYP),84.72,White,Ethnicity,1,32245.0,To March 2026,85.44,85.08,
E54000058,NHS Derby and Derbyshire Integrated Care Board,Persons,40530.0,,Red,CVDP003HYP,"Patients with GP recorded hypertension aged 80 and over, whose last blood pressure reading is to the appropriate treatment threshold, in the preceding 12 months.",Hypertension: Treated to appropriate threshold (age  >= 80) (CVDP003HYP),84.37,People without SMI,Mental Health,1,34335.0,To March 2026,85.06,84.72,
E54000058,NHS Derby and Derbyshire Integrated Care Board,Persons,315.0,,Red,CVDP003HYP,"Patients with GP recorded hypertension aged 80 and over, whose last blood pressure reading is to the appropriate treatment threshold, in the preceding 12 months.",Hypertension: Treated to appropriate threshold (age  >= 80) (CVDP003HYP),77.92,People with SMI,Mental Health,1,260.0,To March 2026,86.12,82.48,
E54000058,NHS Derby and Derbyshire Integrated Care Board,Persons,40785.0,,Red,CVDP003HYP,"Patients with GP recorded hypertension aged 80 and over, whose last blood pressure reading is to the appropriate treatment threshold, in the preceding 12 months.",Hypertension: Treated to appropriate threshold (age  >= 80) (CVDP003HYP),84.36,People without a diagnosed learning disability,Learning Disability,1,34550.0,To March 2026,85.05,84.71,
E54000058,NHS Derby and Derbyshire Integrated Care Board,Persons,60.0,,Red,CVDP003HYP,"Patients with GP recorded hypertension aged 80 and over, whose last blood pressure reading is to the appropriate treatment threshold, in the preceding 12 months.",Hypertension: Treated to appropriate threshold (age  >= 80) (CVDP003HYP),65.57,People with a diagnosed learning disability,Learning Disability,1,45.0,To March 2026,85.25,77.59,
E54000037,NHS Devon Integrated Care Board,Persons,54375.0,,Red,CVDP003HYP,"Patients with GP recorded hypertension aged 80 and over, whose last blood pressure reading is to the appropriate treatment threshold, in the preceding 12 months.",Hypertension: Treated to appropriate threshold (age  >= 80) (CVDP003HYP),81.41,Persons,Sex,1,44445.0,To March 2026,82.06,81.74,
E54000037,NHS Devon Integrated Care Board,Female,32210.0,,Red,CVDP003HYP,"Patients with GP recorded hypertension aged 80 and over, whose last blood pressure reading is to the appropriate treatment threshold, in the preceding 12 months.",Hypertension: Treated to appropriate threshold (age  >= 80) (CVDP003HYP),79.42,Female,Sex,1,25725.0,To March 2026,80.29,79.86,
E54000037,NHS Devon Integrated Care Board,Male,22165.0,,Red,CVDP003HYP,"Patients with GP recorded hypertension aged 80 and over, whose last blood pressure reading is to the appropriate treatment threshold, in the preceding 12 months.",Hypertension: Treated to appropriate threshold (age  >= 80) (CVDP003HYP),84.0,Male,Sex,1,18725.0,To March 2026,84.95,84.48,
E54000037,NHS Devon Integrated Care Board,Male,22165.0,,Red,CVDP003HYP,"Patients with GP recorded hypertension aged 80 and over, whose last blood pressure reading is to the appropriate treatment threshold, in the preceding 12 months.",Hypertension: Treated to appropriate threshold (age  >= 80) (CVDP003HYP),84.0,80+,Age group,1,18725.0,To March 2026,84.95,84.48,
E54000037,NHS Devon Integrated Care Board,Female,32210.0,,Red,CVDP003HYP,"Patients with GP recorded hypertension aged 80 and over, whose last blood pressure reading is to the appropriate treatment threshold, in the preceding 12 months.",Hypertension: Treated to appropriate threshold (age  >= 80) (CVDP003HYP),79.42,80+,Age group,1,25725.0,To March 2026,80.29,79.86,
E54000037,NHS Devon Integrated Care Board,Persons,54375.0,,Red,CVDP003HYP,"Patients with GP recorded hypertension aged 80 and over, whose last blood pressure reading is to the appropriate treatment threshold, in the preceding 12 months.",Hypertension: Treated to appropriate threshold (age  >= 80) (CVDP003HYP),81.41,80+,Age group,1,44445.0,To March 2026,82.06,81.74,
E54000037,NHS Devon Integrated Care Board,Persons,4210.0,,Red,CVDP003HYP,"Patients with GP recorded hypertension aged 80 and over, whose last blood pressure reading is to the appropriate treatment threshold, in the preceding 12 months.",Hypertension: Treated to appropriate threshold (age  >= 80) (CVDP003HYP),79.9,1 - most deprived,Deprivation quintile,1,3415.0,To March 2026,82.25,81.09,
E54000037,NHS Devon Integrated Care Board,Persons,12035.0,,Red,CVDP003HYP,"Patients with GP recorded hypertension aged 80 and over, whose last blood pressure reading is to the appropriate treatment threshold, in the preceding 12 months.",Hypertension: Treated to appropriate threshold (age  >= 80) (CVDP003HYP),81.17,2,Deprivation quintile,1,9850.0,To March 2026,82.54,81.86,
E54000037,NHS Devon Integrated Care Board,Persons,15200.0,,Red,CVDP003HYP,"Patients with GP recorded hypertension aged 80 and over, whose last blood pressure reading is to the appropriate treatment threshold, in the preceding 12 months.",Hypertension: Treated to appropriate threshold (age  >= 80) (CVDP003HYP),80.84,3,Deprivation quintile,1,12380.0,To March 2026,82.07,81.46,
E54000037,NHS Devon Integrated Care Board,Persons,13295.0,,Red,CVDP003HYP,"Patients with GP recorded hypertension aged 80 and over, whose last blood pressure reading is to the appropriate treatment threshold, in the preceding 12 months.",Hypertension: Treated to appropriate threshold (age  >= 80) (CVDP003HYP),81.53,4,Deprivation quintile,1,10930.0,To March 2026,82.83,82.19,
E54000037,NHS Devon Integrated Care Board,Persons,9600.0,,Red,CVDP003HYP,"Patients with GP recorded hypertension aged 80 and over, whose last blood pressure reading is to the appropriate treatment threshold, in the preceding 12 months.",Hypertension: Treated to appropriate threshold (age  >= 80) (CVDP003HYP),80.96,5 - least deprived,Deprivation quintile,1,7850.0,To March 2026,82.5,81.74,
E54000037,NHS Devon Integrated Care Board,Persons,150.0,,Red,CVDP003HYP,"Patients with GP recorded hypertension aged 80 and over, whose last blood pressure reading is to the appropriate treatment threshold, in the preceding 12 months.",Hypertension: Treated to appropriate threshold (age  >= 80) (CVDP003HYP),67.53,Asian,Ethnicity,1,115.0,To March 2026,81.17,74.83,
E54000037,NHS Devon Integrated Care Board,Persons,55.0,,Red,CVDP003HYP,"Patients with GP recorded hypertension aged 80 and over, whose last blood pressure reading is to the appropriate treatment threshold, in the preceding 12 months.",Hypertension: Treated to appropriate threshold (age  >= 80) (CVDP003HYP),53.57,Black,Ethnicity,1,35.0,To March 2026,76.79,66.04,
E54000037,NHS Devon Integrated Care Board,Persons,2970.0,,Red,CVDP003HYP,"Patients with GP recorded hypertension aged 80 and over, whose last blood pressure reading is to the appropriate treatment threshold, in the preceding 12 months.",Hypertension: Treated to appropriate threshold (age  >= 80) (CVDP003HYP),77.51,Missing,Ethnicity,1,2345.0,To March 2026,80.43,79.0,
E54000037,NHS Devon Integrated Care Board,Persons,60.0,,Red,CVDP003HYP,"Patients with GP recorded hypertension aged 80 and over, whose last blood pressure reading is to the appropriate treatment threshold, in the preceding 12 months.",Hypertension: Treated to appropriate threshold (age  >= 80) (CVDP003HYP),72.58,Mixed,Ethnicity,1,50.0,To March 2026,90.32,83.05,
E54000037,NHS Devon Integrated Care Board,Persons,3220.0,,Red,CVDP003HYP,"Patients with GP recorded hypertension aged 80 and over, whose last blood pressure reading is to the appropriate treatment threshold, in the preceding 12 months.",Hypertension: Treated to appropriate threshold (age  >= 80) (CVDP003HYP),77.43,Not stated,Ethnicity,1,2540.0,To March 2026,80.22,78.86,
E54000037,NHS Devon Integrated Care Board,Persons,110.0,,Red,CVDP003HYP,"Patients with GP recorded hypertension aged 80 and over, whose last blood pressure reading is to the appropriate treatment threshold, in the preceding 12 months.",Hypertension: Treated to appropriate threshold (age  >= 80) (CVDP003HYP),75.65,Other,Ethnicity,1,95.0,To March 2026,88.7,83.04,
E54000037,NHS Devon Integrated Care Board,Persons,47805.0,,Red,CVDP003HYP,"Patients with GP recorded hypertension aged 80 and over, whose last blood pressure reading is to the appropriate treatment threshold, in the preceding 12 months.",Hypertension: Treated to appropriate threshold (age  >= 80) (CVDP003HYP),81.79,White,Ethnicity,1,39270.0,To March 2026,82.48,82.14,
E54000037,NHS Devon Integrated Care Board,Persons,53925.0,,Red,CVDP003HYP,"Patients with GP recorded hypertension aged 80 and over, whose last blood pressure reading is to the appropriate treatment threshold, in the preceding 12 months.",Hypertension: Treated to appropriate threshold (age  >= 80) (CVDP003HYP),81.41,People without SMI,Mental Health,1,44080.0,To March 2026,82.06,81.74,
E54000037,NHS Devon Integrated Care Board,Persons,445.0,,Red,CVDP003HYP,"Patients with GP recorded hypertension aged 80 and over, whose last blood pressure reading is to the appropriate treatment threshold, in the preceding 12 months.",Hypertension: Treated to appropriate threshold (age  >= 80) (CVDP003HYP),78.0,People with SMI,Mental Health,1,365.0,To March 2026,85.11,81.88,
E54000037,NHS Devon Integrated Care Board,Persons,54320.0,,Red,CVDP003HYP,"Patients with GP recorded hypertension aged 80 and over, whose last blood pressure reading is to the appropriate treatment threshold, in the preceding 12 months.",Hypertension: Treated to appropriate threshold (age  >= 80) (CVDP003HYP),81.41,People without a diagnosed learning disability,Learning Disability,1,44395.0,To March 2026,82.06,81.73,
E54000037,NHS Devon Integrated Care Board,Persons,55.0,,Red,CVDP003HYP,"Patients with GP recorded hypertension aged 80 and over, whose last blood pressure reading is to the appropriate treatment threshold, in the preceding 12 months.",Hypertension: Treated to appropriate threshold (age  >= 80) (CVDP003HYP),79.31,People with a diagnosed learning disability,Learning Disability,1,50.0,To March 2026,94.83,89.09,
E54000041,NHS Dorset Integrated Care Board,Persons,36815.0,,Red,CVDP003HYP,"Patients with GP recorded hypertension aged 80 and over, whose last blood pressure reading is to the appropriate treatment threshold, in the preceding 12 months.",Hypertension: Treated to appropriate threshold (age  >= 80) (CVDP003HYP),83.06,Persons,Sex,1,30720.0,To March 2026,83.82,83.44,
E54000041,NHS Dorset Integrated Care Board,Female,21700.0,,Red,CVDP003HYP,"Patients with GP recorded hypertension aged 80 and over, whose last blood pressure reading is to the appropriate treatment threshold, in the preceding 12 months.",Hypertension: Treated to appropriate threshold (age  >= 80) (CVDP003HYP),80.95,Female,Sex,1,17680.0,To March 2026,81.99,81.48,
E54000041,NHS Dorset Integrated Care Board,Male,15110.0,,Red,CVDP003HYP,"Patients with GP recorded hypertension aged 80 and over, whose last blood pressure reading is to the appropriate treatment threshold, in the preceding 12 months.",Hypertension: Treated to appropriate threshold (age  >= 80) (CVDP003HYP),85.72,Male,Sex,1,13035.0,To March 2026,86.81,86.27,
E54000041,NHS Dorset Integrated Care Board,Male,15110.0,,Red,CVDP003HYP,"Patients with GP recorded hypertension aged 80 and over, whose last blood pressure reading is to the appropriate treatment threshold, in the preceding 12 months.",Hypertension: Treated to appropriate threshold (age  >= 80) (CVDP003HYP),85.72,80+,Age group,1,13035.0,To March 2026,86.81,86.27,
E54000041,NHS Dorset Integrated Care Board,Female,21700.0,,Red,CVDP003HYP,"Patients with GP recorded hypertension aged 80 and over, whose last blood pressure reading is to the appropriate treatment threshold, in the preceding 12 months.",Hypertension: Treated to appropriate threshold (age  >= 80) (CVDP003HYP),80.95,80+,Age group,1,17680.0,To March 2026,81.99,81.48,
E54000041,NHS Dorset Integrated Care Board,Persons,36815.0,,Red,CVDP003HYP,"Patients with GP recorded hypertension aged 80 and over, whose last blood pressure reading is to the appropriate treatment threshold, in the preceding 12 months.",Hypertension: Treated to appropriate threshold (age  >= 80) (CVDP003HYP),83.06,80+,Age group,1,30720.0,To March 2026,83.82,83.44,
E54000041,NHS Dorset Integrated Care Board,Persons,1535.0,,Red,CVDP003HYP,"Patients with GP recorded hypertension aged 80 and over, whose last blood pressure reading is to the appropriate treatment threshold, in the preceding 12 months.",Hypertension: Treated to appropriate threshold (age  >= 80) (CVDP003HYP),79.55,1 - most deprived,Deprivation quintile,1,1255.0,To March 2026,83.38,81.52,
E54000041,NHS Dorset Integrated Care Board,Persons,4750.0,,Red,CVDP003HYP,"Patients with GP recorded hypertension aged 80 and over, whose last blood pressure reading is to the appropriate treatment threshold, in the preceding 12 months.",Hypertension: Treated to appropriate threshold (age  >= 80) (CVDP003HYP),82.04,2,Deprivation quintile,1,3950.0,To March 2026,84.16,83.12,
E54000041,NHS Dorset Integrated Care Board,Persons,10190.0,,Red,CVDP003HYP,"Patients with GP recorded hypertension aged 80 and over, whose last blood pressure reading is to the appropriate treatment threshold, in the preceding 12 months.",Hypertension: Treated to appropriate threshold (age  >= 80) (CVDP003HYP),82.27,3,Deprivation quintile,1,8460.0,To March 2026,83.72,83.01,
E54000041,NHS Dorset Integrated Care Board,Persons,10755.0,,Red,CVDP003HYP,"Patients with GP recorded hypertension aged 80 and over, whose last blood pressure reading is to the appropriate treatment threshold, in the preceding 12 months.",Hypertension: Treated to appropriate threshold (age  >= 80) (CVDP003HYP),82.7,4,Deprivation quintile,1,8970.0,To March 2026,84.11,83.41,
E54000041,NHS Dorset Integrated Care Board,Persons,10185.0,,Red,CVDP003HYP,"Patients with GP recorded hypertension aged 80 and over, whose last blood pressure reading is to the appropriate treatment threshold, in the preceding 12 months.",Hypertension: Treated to appropriate threshold (age  >= 80) (CVDP003HYP),83.14,5 - least deprived,Deprivation quintile,1,8540.0,To March 2026,84.56,83.86,
E54000041,NHS Dorset Integrated Care Board,Persons,150.0,,Red,CVDP003HYP,"Patients with GP recorded hypertension aged 80 and over, whose last blood pressure reading is to the appropriate treatment threshold, in the preceding 12 months.",Hypertension: Treated to appropriate threshold (age  >= 80) (CVDP003HYP),75.48,Asian,Ethnicity,1,125.0,To March 2026,87.1,82.24,
E54000041,NHS Dorset Integrated Care Board,Persons,55.0,,Red,CVDP003HYP,"Patients with GP recorded hypertension aged 80 and over, whose last blood pressure reading is to the appropriate treatment threshold, in the preceding 12 months.",Hypertension: Treated to appropriate threshold (age  >= 80) (CVDP003HYP),61.4,Black,Ethnicity,1,40.0,To March 2026,84.21,74.07,
E54000041,NHS Dorset Integrated Care Board,Persons,1790.0,,Red,CVDP003HYP,"Patients with GP recorded hypertension aged 80 and over, whose last blood pressure reading is to the appropriate treatment threshold, in the preceding 12 months.",Hypertension: Treated to appropriate threshold (age  >= 80) (CVDP003HYP),79.51,Missing,Ethnicity,1,1455.0,To March 2026,83.08,81.38,
E54000041,NHS Dorset Integrated Care Board,Persons,65.0,,Red,CVDP003HYP,"Patients with GP recorded hypertension aged 80 and over, whose last blood pressure reading is to the appropriate treatment threshold, in the preceding 12 months.",Hypertension: Treated to appropriate threshold (age  >= 80) (CVDP003HYP),71.64,Mixed,Ethnicity,1,55.0,To March 2026,89.55,82.81,
E54000041,NHS Dorset Integrated Care Board,Persons,1565.0,,Red,CVDP003HYP,"Patients with GP recorded hypertension aged 80 and over, whose last blood pressure reading is to the appropriate treatment threshold, in the preceding 12 months.",Hypertension: Treated to appropriate threshold (age  >= 80) (CVDP003HYP),77.59,Not stated,Ethnicity,1,1245.0,To March 2026,81.55,79.65,
E54000041,NHS Dorset Integrated Care Board,Persons,60.0,,Red,CVDP003HYP,"Patients with GP recorded hypertension aged 80 and over, whose last blood pressure reading is to the appropriate treatment threshold, in the preceding 12 months.",Hypertension: Treated to appropriate threshold (age  >= 80) (CVDP003HYP),58.46,Other,Ethnicity,1,45.0,To March 2026,80.0,70.97,
E54000041,NHS Dorset Integrated Care Board,Persons,33130.0,,Red,CVDP003HYP,"Patients with GP recorded hypertension aged 80 and over, whose last blood pressure reading is to the appropriate treatment threshold, in the preceding 12 months.",Hypertension: Treated to appropriate threshold (age  >= 80) (CVDP003HYP),83.38,White,Ethnicity,1,27755.0,To March 2026,84.17,83.78,
E54000041,NHS Dorset Integrated Care Board,Persons,36510.0,,Red,CVDP003HYP,"Patients with GP recorded hypertension aged 80 and over, whose last blood pressure reading is to the appropriate treatment threshold, in the preceding 12 months.",Hypertension: Treated to appropriate threshold (age  >= 80) (CVDP003HYP),83.06,People without SMI,Mental Health,1,30465.0,To March 2026,83.82,83.44,
E54000041,NHS Dorset Integrated Care Board,Persons,300.0,,Red,CVDP003HYP,"Patients with GP recorded hypertension aged 80 and over, whose last blood pressure reading is to the appropriate treatment threshold, in the preceding 12 months.",Hypertension: Treated to appropriate threshold (age  >= 80) (CVDP003HYP),79.28,People with SMI,Mental Health,1,250.0,To March 2026,87.5,83.72,
E54000041,NHS Dorset Integrated Care Board,Persons,36775.0,,Red,CVDP003HYP,"Patients with GP recorded hypertension aged 80 and over, whose last blood pressure reading is to the appropriate treatment threshold, in the preceding 12 months.",Hypertension: Treated to appropriate threshold (age  >= 80) (CVDP003HYP),83.07,People without a diagnosed learning disability,Learning Disability,1,30690.0,To March 2026,83.83,83.45,
E54000041,NHS Dorset Integrated Care Board,Persons,35.0,,Red,CVDP003HYP,"Patients with GP recorded hypertension aged 80 and over, whose last blood pressure reading is to the appropriate treatment threshold, in the preceding 12 months.",Hypertension: Treated to appropriate threshold (age  >= 80) (CVDP003HYP),62.5,People with a diagnosed learning disability,Learning Disability,1,30.0,To March 2026,87.5,78.38,
E54000034,NHS Frimley Integrated Care Board,Persons,24350.0,,Red,CVDP003HYP,"Patients with GP recorded hypertension aged 80 and over, whose last blood pressure reading is to the appropriate treatment threshold, in the preceding 12 months.",Hypertension: Treated to appropriate threshold (age  >= 80) (CVDP003HYP),85.05,Persons,Sex,1,20820.0,To March 2026,85.93,85.49,
E54000034,NHS Frimley Integrated Care Board,Female,14195.0,,Red,CVDP003HYP,"Patients with GP recorded hypertension aged 80 and over, whose last blood pressure reading is to the appropriate treatment threshold, in the preceding 12 months.",Hypertension: Treated to appropriate threshold (age  >= 80) (CVDP003HYP),83.18,Female,Sex,1,11895.0,To March 2026,84.39,83.8,
E54000034,NHS Frimley Integrated Care Board,Male,10155.0,,Red,CVDP003HYP,"Patients with GP recorded hypertension aged 80 and over, whose last blood pressure reading is to the appropriate treatment threshold, in the preceding 12 months.",Hypertension: Treated to appropriate threshold (age  >= 80) (CVDP003HYP),87.21,Male,Sex,1,8925.0,To March 2026,88.48,87.86,
E54000034,NHS Frimley Integrated Care Board,Male,10155.0,,Red,CVDP003HYP,"Patients with GP recorded hypertension aged 80 and over, whose last blood pressure reading is to the appropriate treatment threshold, in the preceding 12 months.",Hypertension: Treated to appropriate threshold (age  >= 80) (CVDP003HYP),87.21,80+,Age group,1,8925.0,To March 2026,88.48,87.86,
E54000034,NHS Frimley Integrated Care Board,Female,14195.0,,Red,CVDP003HYP,"Patients with GP recorded hypertension aged 80 and over, whose last blood pressure reading is to the appropriate treatment threshold, in the preceding 12 months.",Hypertension: Treated to appropriate threshold (age  >= 80) (CVDP003HYP),83.18,80+,Age group,1,11895.0,To March 2026,84.39,83.8,
E54000034,NHS Frimley Integrated Care Board,Persons,24350.0,,Red,CVDP003HYP,"Patients with GP recorded hypertension aged 80 and over, whose last blood pressure reading is to the appropriate treatment threshold, in the preceding 12 months.",Hypertension: Treated to appropriate threshold (age  >= 80) (CVDP003HYP),85.05,80+,Age group,1,20820.0,To March 2026,85.93,85.49,
E54000034,NHS Frimley Integrated Care Board,Persons,415.0,,Red,CVDP003HYP,"Patients with GP recorded hypertension aged 80 and over, whose last blood pressure reading is to the appropriate treatment threshold, in the preceding 12 months.",Hypertension: Treated to appropriate threshold (age  >= 80) (CVDP003HYP),81.86,1 - most deprived,Deprivation quintile,1,355.0,To March 2026,88.54,85.58,
E54000034,NHS Frimley Integrated Care Board,Persons,2535.0,,Red,CVDP003HYP,"Patients with GP recorded hypertension aged 80 and over, whose last blood pressure reading is to the appropriate treatment threshold, in the preceding 12 months.",Hypertension: Treated to appropriate threshold (age  >= 80) (CVDP003HYP),84.48,2,Deprivation quintile,1,2175.0,To March 2026,87.16,85.88,
E54000034,NHS Frimley Integrated Care Board,Persons,3160.0,,Red,CVDP003HYP,"Patients with GP recorded hypertension aged 80 and over, whose last blood pressure reading is to the appropriate treatment threshold, in the preceding 12 months.",Hypertension: Treated to appropriate threshold (age  >= 80) (CVDP003HYP),83.82,3,Deprivation quintile,1,2690.0,To March 2026,86.28,85.1,
E54000034,NHS Frimley Integrated Care Board,Persons,4465.0,,Red,CVDP003HYP,"Patients with GP recorded hypertension aged 80 and over, whose last blood pressure reading is to the appropriate treatment threshold, in the preceding 12 months.",Hypertension: Treated to appropriate threshold (age  >= 80) (CVDP003HYP),84.47,4,Deprivation quintile,1,3820.0,To March 2026,86.53,85.53,
E54000034,NHS Frimley Integrated Care Board,Persons,13575.0,,Red,CVDP003HYP,"Patients with GP recorded hypertension aged 80 and over, whose last blood pressure reading is to the appropriate treatment threshold, in the preceding 12 months.",Hypertension: Treated to appropriate threshold (age  >= 80) (CVDP003HYP),84.72,5 - least deprived,Deprivation quintile,1,11580.0,To March 2026,85.9,85.32,
E54000034,NHS Frimley Integrated Care Board,Persons,2435.0,,Red,CVDP003HYP,"Patients with GP recorded hypertension aged 80 and over, whose last blood pressure reading is to the appropriate treatment threshold, in the preceding 12 months.",Hypertension: Treated to appropriate threshold (age  >= 80) (CVDP003HYP),83.27,Asian,Ethnicity,1,2065.0,To March 2026,86.1,84.73,
E54000034,NHS Frimley Integrated Care Board,Persons,315.0,,Red,CVDP003HYP,"Patients with GP recorded hypertension aged 80 and over, whose last blood pressure reading is to the appropriate treatment threshold, in the preceding 12 months.",Hypertension: Treated to appropriate threshold (age  >= 80) (CVDP003HYP),78.55,Black,Ethnicity,1,260.0,To March 2026,86.75,83.12,
E54000034,NHS Frimley Integrated Care Board,Persons,235.0,,Red,CVDP003HYP,"Patients with GP recorded hypertension aged 80 and over, whose last blood pressure reading is to the appropriate treatment threshold, in the preceding 12 months.",Hypertension: Treated to appropriate threshold (age  >= 80) (CVDP003HYP),76.57,Missing,Ethnicity,1,195.0,To March 2026,86.19,81.78,
E54000034,NHS Frimley Integrated Care Board,Persons,140.0,,Red,CVDP003HYP,"Patients with GP recorded hypertension aged 80 and over, whose last blood pressure reading is to the appropriate treatment threshold, in the preceding 12 months.",Hypertension: Treated to appropriate threshold (age  >= 80) (CVDP003HYP),82.64,Mixed,Ethnicity,1,125.0,To March 2026,93.06,88.65,
E54000034,NHS Frimley Integrated Care Board,Persons,780.0,,Red,CVDP003HYP,"Patients with GP recorded hypertension aged 80 and over, whose last blood pressure reading is to the appropriate treatment threshold, in the preceding 12 months.",Hypertension: Treated to appropriate threshold (age  >= 80) (CVDP003HYP),76.18,Not stated,Ethnicity,1,620.0,To March 2026,81.78,79.16,
E54000034,NHS Frimley Integrated Care Board,Persons,155.0,,Red,CVDP003HYP,"Patients with GP recorded hypertension aged 80 and over, whose last blood pressure reading is to the appropriate treatment threshold, in the preceding 12 months.",Hypertension: Treated to appropriate threshold (age  >= 80) (CVDP003HYP),75.63,Other,Ethnicity,1,130.0,To March 2026,87.5,82.17,
E54000034,NHS Frimley Integrated Care Board,Persons,20285.0,,Red,CVDP003HYP,"Patients with GP recorded hypertension aged 80 and over, whose last blood pressure reading is to the appropriate treatment threshold, in the preceding 12 months.",Hypertension: Treated to appropriate threshold (age  >= 80) (CVDP003HYP),85.42,White,Ethnicity,1,17425.0,To March 2026,86.38,85.91,
E54000034,NHS Frimley Integrated Care Board,Persons,24145.0,,Red,CVDP003HYP,"Patients with GP recorded hypertension aged 80 and over, whose last blood pressure reading is to the appropriate treatment threshold, in the preceding 12 months.",Hypertension: Treated to appropriate threshold (age  >= 80) (CVDP003HYP),85.06,People without SMI,Mental Health,1,20650.0,To March 2026,85.95,85.51,
E54000034,NHS Frimley Integrated Care Board,Persons,205.0,,Red,CVDP003HYP,"Patients with GP recorded hypertension aged 80 and over, whose last blood pressure reading is to the appropriate treatment threshold, in the preceding 12 months.",Hypertension: Treated to appropriate threshold (age  >= 80) (CVDP003HYP),77.78,People with SMI,Mental Health,1,170.0,To March 2026,87.92,83.33,
E54000034,NHS Frimley Integrated Care Board,Persons,24320.0,,Red,CVDP003HYP,"Patients with GP recorded hypertension aged 80 and over, whose last blood pressure reading is to the appropriate treatment threshold, in the preceding 12 months.",Hypertension: Treated to appropriate threshold (age  >= 80) (CVDP003HYP),85.04,People without a diagnosed learning disability,Learning Disability,1,20790.0,To March 2026,85.92,85.49,
E54000034,NHS Frimley Integrated Care Board,Persons,30.0,,Red,CVDP003HYP,"Patients with GP recorded hypertension aged 80 and over, whose last blood pressure reading is to the appropriate treatment threshold, in the preceding 12 months.",Hypertension: Treated to appropriate threshold (age  >= 80) (CVDP003HYP),75.76,People with a diagnosed learning disability,Learning Disability,1,25.0,To March 2026,96.97,90.0,
E54000043,NHS Gloucestershire Integrated Care Board,Persons,26750.0,,Red,CVDP003HYP,"Patients with GP recorded hypertension aged 80 and over, whose last blood pressure reading is to the appropriate treatment threshold, in the preceding 12 months.",Hypertension: Treated to appropriate threshold (age  >= 80) (CVDP003HYP),81.29,Persons,Sex,1,21865.0,To March 2026,82.21,81.75,
E54000043,NHS Gloucestershire Integrated Care Board,Female,15580.0,,Red,CVDP003HYP,"Patients with GP recorded hypertension aged 80 and over, whose last blood pressure reading is to the appropriate treatment threshold, in the preceding 12 months.",Hypertension: Treated to appropriate threshold (age  >= 80) (CVDP003HYP),78.95,Female,Sex,1,12400.0,To March 2026,80.22,79.59,
E54000043,NHS Gloucestershire Integrated Care Board,Male,11170.0,,Red,CVDP003HYP,"Patients with GP recorded hypertension aged 80 and over, whose last blood pressure reading is to the appropriate treatment threshold, in the preceding 12 months.",Hypertension: Treated to appropriate threshold (age  >= 80) (CVDP003HYP),84.09,Male,Sex,1,9465.0,To March 2026,85.42,84.77,
E54000043,NHS Gloucestershire Integrated Care Board,Male,11170.0,,Red,CVDP003HYP,"Patients with GP recorded hypertension aged 80 and over, whose last blood pressure reading is to the appropriate treatment threshold, in the preceding 12 months.",Hypertension: Treated to appropriate threshold (age  >= 80) (CVDP003HYP),84.09,80+,Age group,1,9465.0,To March 2026,85.42,84.77,
E54000043,NHS Gloucestershire Integrated Care Board,Female,15580.0,,Red,CVDP003HYP,"Patients with GP recorded hypertension aged 80 and over, whose last blood pressure reading is to the appropriate treatment threshold, in the preceding 12 months.",Hypertension: Treated to appropriate threshold (age  >= 80) (CVDP003HYP),78.95,80+,Age group,1,12400.0,To March 2026,80.22,79.59,
E54000043,NHS Gloucestershire Integrated Care Board,Persons,26750.0,,Red,CVDP003HYP,"Patients with GP recorded hypertension aged 80 and over, whose last blood pressure reading is to the appropriate treatment threshold, in the preceding 12 months.",Hypertension: Treated to appropriate threshold (age  >= 80) (CVDP003HYP),81.29,80+,Age group,1,21865.0,To March 2026,82.21,81.75,
E54000043,NHS Gloucestershire Integrated Care Board,Persons,1210.0,,Red,CVDP003HYP,"Patients with GP recorded hypertension aged 80 and over, whose last blood pressure reading is to the appropriate treatment threshold, in the preceding 12 months.",Hypertension: Treated to appropriate threshold (age  >= 80) (CVDP003HYP),74.67,1 - most deprived,Deprivation quintile,1,930.0,To March 2026,79.37,77.09,
E54000043,NHS Gloucestershire Integrated Care Board,Persons,2415.0,,Red,CVDP003HYP,"Patients with GP recorded hypertension aged 80 and over, whose last blood pressure reading is to the appropriate treatment threshold, in the preceding 12 months.",Hypertension: Treated to appropriate threshold (age  >= 80) (CVDP003HYP),80.63,2,Deprivation quintile,1,1985.0,To March 2026,83.65,82.18,
E54000043,NHS Gloucestershire Integrated Care Board,Persons,5715.0,,Red,CVDP003HYP,"Patients with GP recorded hypertension aged 80 and over, whose last blood pressure reading is to the appropriate treatment threshold, in the preceding 12 months.",Hypertension: Treated to appropriate threshold (age  >= 80) (CVDP003HYP),81.2,3,Deprivation quintile,1,4700.0,To March 2026,83.18,82.2,
E54000043,NHS Gloucestershire Integrated Care Board,Persons,7310.0,,Red,CVDP003HYP,"Patients with GP recorded hypertension aged 80 and over, whose last blood pressure reading is to the appropriate treatment threshold, in the preceding 12 months.",Hypertension: Treated to appropriate threshold (age  >= 80) (CVDP003HYP),81.76,4,Deprivation quintile,1,6040.0,To March 2026,83.48,82.64,
E54000043,NHS Gloucestershire Integrated Care Board,Persons,9800.0,,Red,CVDP003HYP,"Patients with GP recorded hypertension aged 80 and over, whose last blood pressure reading is to the appropriate treatment threshold, in the preceding 12 months.",Hypertension: Treated to appropriate threshold (age  >= 80) (CVDP003HYP),80.57,5 - least deprived,Deprivation quintile,1,7970.0,To March 2026,82.11,81.35,
E54000043,NHS Gloucestershire Integrated Care Board,Persons,230.0,,Red,CVDP003HYP,"Patients with GP recorded hypertension aged 80 and over, whose last blood pressure reading is to the appropriate treatment threshold, in the preceding 12 months.",Hypertension: Treated to appropriate threshold (age  >= 80) (CVDP003HYP),66.52,Asian,Ethnicity,1,165.0,To March 2026,77.68,72.61,
E54000043,NHS Gloucestershire Integrated Care Board,Persons,150.0,,Red,CVDP003HYP,"Patients with GP recorded hypertension aged 80 and over, whose last blood pressure reading is to the appropriate treatment threshold, in the preceding 12 months.",Hypertension: Treated to appropriate threshold (age  >= 80) (CVDP003HYP),64.71,Black,Ethnicity,1,110.0,To March 2026,78.43,72.0,
E54000043,NHS Gloucestershire Integrated Care Board,Persons,355.0,,Red,CVDP003HYP,"Patients with GP recorded hypertension aged 80 and over, whose last blood pressure reading is to the appropriate treatment threshold, in the preceding 12 months.",Hypertension: Treated to appropriate threshold (age  >= 80) (CVDP003HYP),66.39,Missing,Ethnicity,1,255.0,To March 2026,75.56,71.15,
E54000043,NHS Gloucestershire Integrated Care Board,Persons,55.0,,Red,CVDP003HYP,"Patients with GP recorded hypertension aged 80 and over, whose last blood pressure reading is to the appropriate treatment threshold, in the preceding 12 months.",Hypertension: Treated to appropriate threshold (age  >= 80) (CVDP003HYP),65.0,Mixed,Ethnicity,1,45.0,To March 2026,85.0,77.19,
E54000043,NHS Gloucestershire Integrated Care Board,Persons,715.0,,Red,CVDP003HYP,"Patients with GP recorded hypertension aged 80 and over, whose last blood pressure reading is to the appropriate treatment threshold, in the preceding 12 months.",Hypertension: Treated to appropriate threshold (age  >= 80) (CVDP003HYP),76.39,Not stated,Ethnicity,1,570.0,To March 2026,82.22,79.5,
E54000043,NHS Gloucestershire Integrated Care Board,Persons,45.0,,Red,CVDP003HYP,"Patients with GP recorded hypertension aged 80 and over, whose last blood pressure reading is to the appropriate treatment threshold, in the preceding 12 months.",Hypertension: Treated to appropriate threshold (age  >= 80) (CVDP003HYP),58.33,Other,Ethnicity,1,35.0,To March 2026,83.33,73.33,
E54000043,NHS Gloucestershire Integrated Care Board,Persons,25190.0,,Red,CVDP003HYP,"Patients with GP recorded hypertension aged 80 and over, whose last blood pressure reading is to the appropriate treatment threshold, in the preceding 12 months.",Hypertension: Treated to appropriate threshold (age  >= 80) (CVDP003HYP),81.66,White,Ethnicity,1,20690.0,To March 2026,82.6,82.13,
E54000043,NHS Gloucestershire Integrated Care Board,Persons,26535.0,,Red,CVDP003HYP,"Patients with GP recorded hypertension aged 80 and over, whose last blood pressure reading is to the appropriate treatment threshold, in the preceding 12 months.",Hypertension: Treated to appropriate threshold (age  >= 80) (CVDP003HYP),81.3,People without SMI,Mental Health,1,21695.0,To March 2026,82.23,81.77,
E54000043,NHS Gloucestershire Integrated Care Board,Persons,215.0,,Red,CVDP003HYP,"Patients with GP recorded hypertension aged 80 and over, whose last blood pressure reading is to the appropriate treatment threshold, in the preceding 12 months.",Hypertension: Treated to appropriate threshold (age  >= 80) (CVDP003HYP),74.07,People with SMI,Mental Health,1,170.0,To March 2026,84.72,79.81,
E54000043,NHS Gloucestershire Integrated Care Board,Persons,26725.0,,Red,CVDP003HYP,"Patients with GP recorded hypertension aged 80 and over, whose last blood pressure reading is to the appropriate treatment threshold, in the preceding 12 months.",Hypertension: Treated to appropriate threshold (age  >= 80) (CVDP003HYP),81.28,People without a diagnosed learning disability,Learning Disability,1,21845.0,To March 2026,82.2,81.74,
E54000043,NHS Gloucestershire Integrated Care Board,Persons,25.0,,Red,CVDP003HYP,"Patients with GP recorded hypertension aged 80 and over, whose last blood pressure reading is to the appropriate treatment threshold, in the preceding 12 months.",Hypertension: Treated to appropriate threshold (age  >= 80) (CVDP003HYP),74.07,People with a diagnosed learning disability,Learning Disability,1,20.0,To March 2026,96.3,91.67,
E54000057,NHS Greater Manchester Integrated Care Board,Persons,80135.0,,Red,CVDP003HYP,"Patients with GP recorded hypertension aged 80 and over, whose last blood pressure reading is to the appropriate treatment threshold, in the preceding 12 months.",Hypertension: Treated to appropriate threshold (age  >= 80) (CVDP003HYP),85.59,Persons,Sex,1,68785.0,To March 2026,86.08,85.84,
E54000057,NHS Greater Manchester Integrated Care Board,Female,47890.0,,Red,CVDP003HYP,"Patients with GP recorded hypertension aged 80 and over, whose last blood pressure reading is to the appropriate treatment threshold, in the preceding 12 months.",Hypertension: Treated to appropriate threshold (age  >= 80) (CVDP003HYP),83.95,Female,Sex,1,40360.0,To March 2026,84.6,84.28,
E54000057,NHS Greater Manchester Integrated Care Board,Male,32245.0,,Red,CVDP003HYP,"Patients with GP recorded hypertension aged 80 and over, whose last blood pressure reading is to the appropriate treatment threshold, in the preceding 12 months.",Hypertension: Treated to appropriate threshold (age  >= 80) (CVDP003HYP),87.8,Male,Sex,1,28425.0,To March 2026,88.5,88.16,
E54000057,NHS Greater Manchester Integrated Care Board,Male,32245.0,,Red,CVDP003HYP,"Patients with GP recorded hypertension aged 80 and over, whose last blood pressure reading is to the appropriate treatment threshold, in the preceding 12 months.",Hypertension: Treated to appropriate threshold (age  >= 80) (CVDP003HYP),87.8,80+,Age group,1,28425.0,To March 2026,88.5,88.16,
E54000057,NHS Greater Manchester Integrated Care Board,Female,47890.0,,Red,CVDP003HYP,"Patients with GP recorded hypertension aged 80 and over, whose last blood pressure reading is to the appropriate treatment threshold, in the preceding 12 months.",Hypertension: Treated to appropriate threshold (age  >= 80) (CVDP003HYP),83.95,80+,Age group,1,40360.0,To March 2026,84.6,84.28,
E54000057,NHS Greater Manchester Integrated Care Board,Persons,80135.0,,Red,CVDP003HYP,"Patients with GP recorded hypertension aged 80 and over, whose last blood pressure reading is to the appropriate treatment threshold, in the preceding 12 months.",Hypertension: Treated to appropriate threshold (age  >= 80) (CVDP003HYP),85.59,80+,Age group,1,68785.0,To March 2026,86.08,85.84,
E54000057,NHS Greater Manchester Integrated Care Board,Persons,22540.0,,Red,CVDP003HYP,"Patients with GP recorded hypertension aged 80 and over, whose last blood pressure reading is to the appropriate treatment threshold, in the preceding 12 months.",Hypertension: Treated to appropriate threshold (age  >= 80) (CVDP003HYP),84.78,1 - most deprived,Deprivation quintile,1,19215.0,To March 2026,85.71,85.25,
E54000057,NHS Greater Manchester Integrated Care Board,Persons,15265.0,,Red,CVDP003HYP,"Patients with GP recorded hypertension aged 80 and over, whose last blood pressure reading is to the appropriate treatment threshold, in the preceding 12 months.",Hypertension: Treated to appropriate threshold (age  >= 80) (CVDP003HYP),84.04,2,Deprivation quintile,1,12920.0,To March 2026,85.18,84.62,
E54000057,NHS Greater Manchester Integrated Care Board,Persons,12935.0,,Red,CVDP003HYP,"Patients with GP recorded hypertension aged 80 and over, whose last blood pressure reading is to the appropriate treatment threshold, in the preceding 12 months.",Hypertension: Treated to appropriate threshold (age  >= 80) (CVDP003HYP),85.53,3,Deprivation quintile,1,11140.0,To March 2026,86.72,86.14,
E54000057,NHS Greater Manchester Integrated Care Board,Persons,15500.0,,Red,CVDP003HYP,"Patients with GP recorded hypertension aged 80 and over, whose last blood pressure reading is to the appropriate treatment threshold, in the preceding 12 months.",Hypertension: Treated to appropriate threshold (age  >= 80) (CVDP003HYP),85.54,4,Deprivation quintile,1,13345.0,To March 2026,86.62,86.09,
E54000057,NHS Greater Manchester Integrated Care Board,Persons,13775.0,,Red,CVDP003HYP,"Patients with GP recorded hypertension aged 80 and over, whose last blood pressure reading is to the appropriate treatment threshold, in the preceding 12 months.",Hypertension: Treated to appropriate threshold (age  >= 80) (CVDP003HYP),86.68,5 - least deprived,Deprivation quintile,1,12020.0,To March 2026,87.79,87.25,
E54000057,NHS Greater Manchester Integrated Care Board,Persons,3625.0,,Red,CVDP003HYP,"Patients with GP recorded hypertension aged 80 and over, whose last blood pressure reading is to the appropriate treatment threshold, in the preceding 12 months.",Hypertension: Treated to appropriate threshold (age  >= 80) (CVDP003HYP),80.69,Asian,Ethnicity,1,2975.0,To March 2026,83.17,81.97,
E54000057,NHS Greater Manchester Integrated Care Board,Persons,1205.0,,Red,CVDP003HYP,"Patients with GP recorded hypertension aged 80 and over, whose last blood pressure reading is to the appropriate treatment threshold, in the preceding 12 months.",Hypertension: Treated to appropriate threshold (age  >= 80) (CVDP003HYP),75.6,Black,Ethnicity,1,940.0,To March 2026,80.23,78.03,
E54000057,NHS Greater Manchester Integrated Care Board,Persons,935.0,,Red,CVDP003HYP,"Patients with GP recorded hypertension aged 80 and over, whose last blood pressure reading is to the appropriate treatment threshold, in the preceding 12 months.",Hypertension: Treated to appropriate threshold (age  >= 80) (CVDP003HYP),75.4,Missing,Ethnicity,1,730.0,To March 2026,80.62,78.1,
E54000057,NHS Greater Manchester Integrated Care Board,Persons,295.0,,Red,CVDP003HYP,"Patients with GP recorded hypertension aged 80 and over, whose last blood pressure reading is to the appropriate treatment threshold, in the preceding 12 months.",Hypertension: Treated to appropriate threshold (age  >= 80) (CVDP003HYP),79.46,Mixed,Ethnicity,1,245.0,To March 2026,87.54,84.01,
E54000057,NHS Greater Manchester Integrated Care Board,Persons,2130.0,,Red,CVDP003HYP,"Patients with GP recorded hypertension aged 80 and over, whose last blood pressure reading is to the appropriate treatment threshold, in the preceding 12 months.",Hypertension: Treated to appropriate threshold (age  >= 80) (CVDP003HYP),76.91,Not stated,Ethnicity,1,1675.0,To March 2026,80.38,78.71,
E54000057,NHS Greater Manchester Integrated Care Board,Persons,405.0,,Red,CVDP003HYP,"Patients with GP recorded hypertension aged 80 and over, whose last blood pressure reading is to the appropriate treatment threshold, in the preceding 12 months.",Hypertension: Treated to appropriate threshold (age  >= 80) (CVDP003HYP),74.82,Other,Ethnicity,1,320.0,To March 2026,82.64,79.06,
E54000057,NHS Greater Manchester Integrated Care Board,Persons,71540.0,,Red,CVDP003HYP,"Patients with GP recorded hypertension aged 80 and over, whose last blood pressure reading is to the appropriate treatment threshold, in the preceding 12 months.",Hypertension: Treated to appropriate threshold (age  >= 80) (CVDP003HYP),86.27,White,Ethnicity,1,61900.0,To March 2026,86.77,86.52,
E54000057,NHS Greater Manchester Integrated Care Board,Persons,79325.0,,Red,CVDP003HYP,"Patients with GP recorded hypertension aged 80 and over, whose last blood pressure reading is to the appropriate treatment threshold, in the preceding 12 months.",Hypertension: Treated to appropriate threshold (age  >= 80) (CVDP003HYP),85.61,People without SMI,Mental Health,1,68100.0,To March 2026,86.09,85.85,
E54000057,NHS Greater Manchester Integrated Care Board,Persons,810.0,,Red,CVDP003HYP,"Patients with GP recorded hypertension aged 80 and over, whose last blood pressure reading is to the appropriate treatment threshold, in the preceding 12 months.",Hypertension: Treated to appropriate threshold (age  >= 80) (CVDP003HYP),81.72,People with SMI,Mental Health,1,685.0,To March 2026,86.63,84.36,
E54000057,NHS Greater Manchester Integrated Care Board,Persons,80040.0,,Red,CVDP003HYP,"Patients with GP recorded hypertension aged 80 and over, whose last blood pressure reading is to the appropriate treatment threshold, in the preceding 12 months.",Hypertension: Treated to appropriate threshold (age  >= 80) (CVDP003HYP),85.6,People without a diagnosed learning disability,Learning Disability,1,68705.0,To March 2026,86.08,85.84,
E54000057,NHS Greater Manchester Integrated Care Board,Persons,100.0,,Red,CVDP003HYP,"Patients with GP recorded hypertension aged 80 and over, whose last blood pressure reading is to the appropriate treatment threshold, in the preceding 12 months.",Hypertension: Treated to appropriate threshold (age  >= 80) (CVDP003HYP),74.26,People with a diagnosed learning disability,Learning Disability,1,80.0,To March 2026,89.11,82.65,
E54000042,Nhs Hampshire And Isle Of Wight Integrated Care Board,Persons,74140.0,,Red,CVDP003HYP,"Patients with GP recorded hypertension aged 80 and over, whose last blood pressure reading is to the appropriate treatment threshold, in the preceding 12 months.",Hypertension: Treated to appropriate threshold (age  >= 80) (CVDP003HYP),81.89,Persons,Sex,1,60915.0,To March 2026,82.44,82.17,
E54000042,Nhs Hampshire And Isle Of Wight Integrated Care Board,Female,43760.0,,Red,CVDP003HYP,"Patients with GP recorded hypertension aged 80 and over, whose last blood pressure reading is to the appropriate treatment threshold, in the preceding 12 months.",Hypertension: Treated to appropriate threshold (age  >= 80) (CVDP003HYP),79.97,Female,Sex,1,35160.0,To March 2026,80.72,80.35,
E54000042,Nhs Hampshire And Isle Of Wight Integrated Care Board,Male,30375.0,,Red,CVDP003HYP,"Patients with GP recorded hypertension aged 80 and over, whose last blood pressure reading is to the appropriate treatment threshold, in the preceding 12 months.",Hypertension: Treated to appropriate threshold (age  >= 80) (CVDP003HYP),84.38,Male,Sex,1,25755.0,To March 2026,85.18,84.78,
E54000042,Nhs Hampshire And Isle Of Wight Integrated Care Board,Male,30375.0,,Red,CVDP003HYP,"Patients with GP recorded hypertension aged 80 and over, whose last blood pressure reading is to the appropriate treatment threshold, in the preceding 12 months.",Hypertension: Treated to appropriate threshold (age  >= 80) (CVDP003HYP),84.38,80+,Age group,1,25755.0,To March 2026,85.18,84.78,
E54000042,Nhs Hampshire And Isle Of Wight Integrated Care Board,Female,43760.0,,Red,CVDP003HYP,"Patients with GP recorded hypertension aged 80 and over, whose last blood pressure reading is to the appropriate treatment threshold, in the preceding 12 months.",Hypertension: Treated to appropriate threshold (age  >= 80) (CVDP003HYP),79.97,80+,Age group,1,35160.0,To March 2026,80.72,80.35,
E54000042,Nhs Hampshire And Isle Of Wight Integrated Care Board,Persons,74140.0,,Red,CVDP003HYP,"Patients with GP recorded hypertension aged 80 and over, whose last blood pressure reading is to the appropriate treatment threshold, in the preceding 12 months.",Hypertension: Treated to appropriate threshold (age  >= 80) (CVDP003HYP),81.89,80+,Age group,1,60915.0,To March 2026,82.44,82.17,
E54000042,Nhs Hampshire And Isle Of Wight Integrated Care Board,Persons,4430.0,,Red,CVDP003HYP,"Patients with GP recorded hypertension aged 80 and over, whose last blood pressure reading is to the appropriate treatment threshold, in the preceding 12 months.",Hypertension: Treated to appropriate threshold (age  >= 80) (CVDP003HYP),80.65,1 - most deprived,Deprivation quintile,1,3625.0,To March 2026,82.91,81.81,
E54000042,Nhs Hampshire And Isle Of Wight Integrated Care Board,Persons,10555.0,,Red,CVDP003HYP,"Patients with GP recorded hypertension aged 80 and over, whose last blood pressure reading is to the appropriate treatment threshold, in the preceding 12 months.",Hypertension: Treated to appropriate threshold (age  >= 80) (CVDP003HYP),81.15,2,Deprivation quintile,1,8645.0,To March 2026,82.62,81.89,
E54000042,Nhs Hampshire And Isle Of Wight Integrated Care Board,Persons,14065.0,,Red,CVDP003HYP,"Patients with GP recorded hypertension aged 80 and over, whose last blood pressure reading is to the appropriate treatment threshold, in the preceding 12 months.",Hypertension: Treated to appropriate threshold (age  >= 80) (CVDP003HYP),81.54,3,Deprivation quintile,1,11555.0,To March 2026,82.8,82.18,
E54000042,Nhs Hampshire And Isle Of Wight Integrated Care Board,Persons,18375.0,,Red,CVDP003HYP,"Patients with GP recorded hypertension aged 80 and over, whose last blood pressure reading is to the appropriate treatment threshold, in the preceding 12 months.",Hypertension: Treated to appropriate threshold (age  >= 80) (CVDP003HYP),81.98,4,Deprivation quintile,1,15165.0,To March 2026,83.08,82.54,
E54000042,Nhs Hampshire And Isle Of Wight Integrated Care Board,Persons,26680.0,,Red,CVDP003HYP,"Patients with GP recorded hypertension aged 80 and over, whose last blood pressure reading is to the appropriate treatment threshold, in the preceding 12 months.",Hypertension: Treated to appropriate threshold (age  >= 80) (CVDP003HYP),81.79,5 - least deprived,Deprivation quintile,1,21945.0,To March 2026,82.7,82.25,
E54000042,Nhs Hampshire And Isle Of Wight Integrated Care Board,Persons,835.0,,Red,CVDP003HYP,"Patients with GP recorded hypertension aged 80 and over, whose last blood pressure reading is to the appropriate treatment threshold, in the preceding 12 months.",Hypertension: Treated to appropriate threshold (age  >= 80) (CVDP003HYP),74.16,Asian,Ethnicity,1,640.0,To March 2026,79.78,77.07,
E54000042,Nhs Hampshire And Isle Of Wight Integrated Care Board,Persons,200.0,,Red,CVDP003HYP,"Patients with GP recorded hypertension aged 80 and over, whose last blood pressure reading is to the appropriate treatment threshold, in the preceding 12 months.",Hypertension: Treated to appropriate threshold (age  >= 80) (CVDP003HYP),68.32,Black,Ethnicity,1,150.0,To March 2026,80.2,74.87,
E54000042,Nhs Hampshire And Isle Of Wight Integrated Care Board,Persons,1815.0,,Red,CVDP003HYP,"Patients with GP recorded hypertension aged 80 and over, whose last blood pressure reading is to the appropriate treatment threshold, in the preceding 12 months.",Hypertension: Treated to appropriate threshold (age  >= 80) (CVDP003HYP),69.05,Missing,Ethnicity,1,1290.0,To March 2026,73.18,71.15,
E54000042,Nhs Hampshire And Isle Of Wight Integrated Care Board,Persons,175.0,,Red,CVDP003HYP,"Patients with GP recorded hypertension aged 80 and over, whose last blood pressure reading is to the appropriate treatment threshold, in the preceding 12 months.",Hypertension: Treated to appropriate threshold (age  >= 80) (CVDP003HYP),71.35,Mixed,Ethnicity,1,135.0,To March 2026,83.15,77.71,
E54000042,Nhs Hampshire And Isle Of Wight Integrated Care Board,Persons,4910.0,,Red,CVDP003HYP,"Patients with GP recorded hypertension aged 80 and over, whose last blood pressure reading is to the appropriate treatment threshold, in the preceding 12 months.",Hypertension: Treated to appropriate threshold (age  >= 80) (CVDP003HYP),75.82,Not stated,Ethnicity,1,3780.0,To March 2026,78.16,77.01,
E54000042,Nhs Hampshire And Isle Of Wight Integrated Care Board,Persons,275.0,,Red,CVDP003HYP,"Patients with GP recorded hypertension aged 80 and over, whose last blood pressure reading is to the appropriate treatment threshold, in the preceding 12 months.",Hypertension: Treated to appropriate threshold (age  >= 80) (CVDP003HYP),73.02,Other,Ethnicity,1,215.0,To March 2026,82.73,78.18,
E54000042,Nhs Hampshire And Isle Of Wight Integrated Care Board,Persons,65930.0,,Red,CVDP003HYP,"Patients with GP recorded hypertension aged 80 and over, whose last blood pressure reading is to the appropriate treatment threshold, in the preceding 12 months.",Hypertension: Treated to appropriate threshold (age  >= 80) (CVDP003HYP),82.68,White,Ethnicity,1,54700.0,To March 2026,83.25,82.97,
E54000042,Nhs Hampshire And Isle Of Wight Integrated Care Board,Persons,73555.0,,Red,CVDP003HYP,"Patients with GP recorded hypertension aged 80 and over, whose last blood pressure reading is to the appropriate treatment threshold, in the preceding 12 months.",Hypertension: Treated to appropriate threshold (age  >= 80) (CVDP003HYP),81.89,People without SMI,Mental Health,1,60440.0,To March 2026,82.44,82.17,
E54000042,Nhs Hampshire And Isle Of Wight Integrated Care Board,Persons,585.0,,Red,CVDP003HYP,"Patients with GP recorded hypertension aged 80 and over, whose last blood pressure reading is to the appropriate treatment threshold, in the preceding 12 months.",Hypertension: Treated to appropriate threshold (age  >= 80) (CVDP003HYP),78.67,People with SMI,Mental Health,1,480.0,To March 2026,84.81,81.99,
E54000042,Nhs Hampshire And Isle Of Wight Integrated Care Board,Persons,74075.0,,Red,CVDP003HYP,"Patients with GP recorded hypertension aged 80 and over, whose last blood pressure reading is to the appropriate treatment threshold, in the preceding 12 months.",Hypertension: Treated to appropriate threshold (age  >= 80) (CVDP003HYP),81.88,People without a diagnosed learning disability,Learning Disability,1,60855.0,To March 2026,82.43,82.16,
E54000042,Nhs Hampshire And Isle Of Wight Integrated Care Board,Persons,65.0,,Red,CVDP003HYP,"Patients with GP recorded hypertension aged 80 and over, whose last blood pressure reading is to the appropriate treatment threshold, in the preceding 12 months.",Hypertension: Treated to appropriate threshold (age  >= 80) (CVDP003HYP),82.35,People with a diagnosed learning disability,Learning Disability,1,60.0,To March 2026,95.59,90.77,
E54000019,NHS Herefordshire and Worcestershire Integrated Care Board,Persons,35900.0,,Red,CVDP003HYP,"Patients with GP recorded hypertension aged 80 and over, whose last blood pressure reading is to the appropriate treatment threshold, in the preceding 12 months.",Hypertension: Treated to appropriate threshold (age  >= 80) (CVDP003HYP),84.91,Persons,Sex,1,30615.0,To March 2026,85.65,85.28,
E54000019,NHS Herefordshire and Worcestershire Integrated Care Board,Female,20755.0,,Red,CVDP003HYP,"Patients with GP recorded hypertension aged 80 and over, whose last blood pressure reading is to the appropriate treatment threshold, in the preceding 12 months.",Hypertension: Treated to appropriate threshold (age  >= 80) (CVDP003HYP),82.64,Female,Sex,1,17260.0,To March 2026,83.66,83.16,
E54000019,NHS Herefordshire and Worcestershire Integrated Care Board,Male,15145.0,,Red,CVDP003HYP,"Patients with GP recorded hypertension aged 80 and over, whose last blood pressure reading is to the appropriate treatment threshold, in the preceding 12 months.",Hypertension: Treated to appropriate threshold (age  >= 80) (CVDP003HYP),87.68,Male,Sex,1,13355.0,To March 2026,88.7,88.2,
E54000019,NHS Herefordshire and Worcestershire Integrated Care Board,Male,15145.0,,Red,CVDP003HYP,"Patients with GP recorded hypertension aged 80 and over, whose last blood pressure reading is to the appropriate treatment threshold, in the preceding 12 months.",Hypertension: Treated to appropriate threshold (age  >= 80) (CVDP003HYP),87.68,80+,Age group,1,13355.0,To March 2026,88.7,88.2,
E54000019,NHS Herefordshire and Worcestershire Integrated Care Board,Female,20755.0,,Red,CVDP003HYP,"Patients with GP recorded hypertension aged 80 and over, whose last blood pressure reading is to the appropriate treatment threshold, in the preceding 12 months.",Hypertension: Treated to appropriate threshold (age  >= 80) (CVDP003HYP),82.64,80+,Age group,1,17260.0,To March 2026,83.66,83.16,
E54000019,NHS Herefordshire and Worcestershire Integrated Care Board,Persons,35900.0,,Red,CVDP003HYP,"Patients with GP recorded hypertension aged 80 and over, whose last blood pressure reading is to the appropriate treatment threshold, in the preceding 12 months.",Hypertension: Treated to appropriate threshold (age  >= 80) (CVDP003HYP),84.91,80+,Age group,1,30615.0,To March 2026,85.65,85.28,
E54000019,NHS Herefordshire and Worcestershire Integrated Care Board,Persons,2475.0,,Red,CVDP003HYP,"Patients with GP recorded hypertension aged 80 and over, whose last blood pressure reading is to the appropriate treatment threshold, in the preceding 12 months.",Hypertension: Treated to appropriate threshold (age  >= 80) (CVDP003HYP),80.04,1 - most deprived,Deprivation quintile,1,2020.0,To March 2026,83.06,81.59,
E54000019,NHS Herefordshire and Worcestershire Integrated Care Board,Persons,5120.0,,Red,CVDP003HYP,"Patients with GP recorded hypertension aged 80 and over, whose last blood pressure reading is to the appropriate treatment threshold, in the preceding 12 months.",Hypertension: Treated to appropriate threshold (age  >= 80) (CVDP003HYP),83.08,2,Deprivation quintile,1,4305.0,To March 2026,85.07,84.1,
E54000019,NHS Herefordshire and Worcestershire Integrated Care Board,Persons,10830.0,,Red,CVDP003HYP,"Patients with GP recorded hypertension aged 80 and over, whose last blood pressure reading is to the appropriate treatment threshold, in the preceding 12 months.",Hypertension: Treated to appropriate threshold (age  >= 80) (CVDP003HYP),84.84,3,Deprivation quintile,1,9260.0,To March 2026,86.16,85.51,
E54000019,NHS Herefordshire and Worcestershire Integrated Care Board,Persons,9960.0,,Red,CVDP003HYP,"Patients with GP recorded hypertension aged 80 and over, whose last blood pressure reading is to the appropriate treatment threshold, in the preceding 12 months.",Hypertension: Treated to appropriate threshold (age  >= 80) (CVDP003HYP),84.51,4,Deprivation quintile,1,8490.0,To March 2026,85.9,85.22,
E54000019,NHS Herefordshire and Worcestershire Integrated Care Board,Persons,7780.0,,Red,CVDP003HYP,"Patients with GP recorded hypertension aged 80 and over, whose last blood pressure reading is to the appropriate treatment threshold, in the preceding 12 months.",Hypertension: Treated to appropriate threshold (age  >= 80) (CVDP003HYP),85.76,5 - least deprived,Deprivation quintile,1,6730.0,To March 2026,87.28,86.54,
E54000019,NHS Herefordshire and Worcestershire Integrated Care Board,Persons,175.0,,Red,CVDP003HYP,"Patients with GP recorded hypertension aged 80 and over, whose last blood pressure reading is to the appropriate treatment threshold, in the preceding 12 months.",Hypertension: Treated to appropriate threshold (age  >= 80) (CVDP003HYP),69.66,Asian,Ethnicity,1,135.0,To March 2026,82.02,76.57,
E54000019,NHS Herefordshire and Worcestershire Integrated Care Board,Persons,85.0,,Red,CVDP003HYP,"Patients with GP recorded hypertension aged 80 and over, whose last blood pressure reading is to the appropriate treatment threshold, in the preceding 12 months.",Hypertension: Treated to appropriate threshold (age  >= 80) (CVDP003HYP),70.11,Black,Ethnicity,1,65.0,To March 2026,86.21,79.76,
E54000019,NHS Herefordshire and Worcestershire Integrated Care Board,Persons,565.0,,Red,CVDP003HYP,"Patients with GP recorded hypertension aged 80 and over, whose last blood pressure reading is to the appropriate treatment threshold, in the preceding 12 months.",Hypertension: Treated to appropriate threshold (age  >= 80) (CVDP003HYP),73.5,Missing,Ethnicity,1,435.0,To March 2026,80.39,77.09,
E54000019,NHS Herefordshire and Worcestershire Integrated Care Board,Persons,60.0,,Red,CVDP003HYP,"Patients with GP recorded hypertension aged 80 and over, whose last blood pressure reading is to the appropriate treatment threshold, in the preceding 12 months.",Hypertension: Treated to appropriate threshold (age  >= 80) (CVDP003HYP),73.85,Mixed,Ethnicity,1,50.0,To March 2026,90.77,83.87,
E54000019,NHS Herefordshire and Worcestershire Integrated Care Board,Persons,525.0,,Red,CVDP003HYP,"Patients with GP recorded hypertension aged 80 and over, whose last blood pressure reading is to the appropriate treatment threshold, in the preceding 12 months.",Hypertension: Treated to appropriate threshold (age  >= 80) (CVDP003HYP),72.64,Not stated,Ethnicity,1,405.0,To March 2026,79.81,76.47,
E54000019,NHS Herefordshire and Worcestershire Integrated Care Board,Persons,55.0,,Red,CVDP003HYP,"Patients with GP recorded hypertension aged 80 and over, whose last blood pressure reading is to the appropriate treatment threshold, in the preceding 12 months.",Hypertension: Treated to appropriate threshold (age  >= 80) (CVDP003HYP),61.4,Other,Ethnicity,1,40.0,To March 2026,84.21,74.07,
E54000019,NHS Herefordshire and Worcestershire Integrated Care Board,Persons,34435.0,,Red,CVDP003HYP,"Patients with GP recorded hypertension aged 80 and over, whose last blood pressure reading is to the appropriate treatment threshold, in the preceding 12 months.",Hypertension: Treated to appropriate threshold (age  >= 80) (CVDP003HYP),85.26,White,Ethnicity,1,29485.0,To March 2026,86.0,85.63,
E54000019,NHS Herefordshire and Worcestershire Integrated Care Board,Persons,35635.0,,Red,CVDP003HYP,"Patients with GP recorded hypertension aged 80 and over, whose last blood pressure reading is to the appropriate treatment threshold, in the preceding 12 months.",Hypertension: Treated to appropriate threshold (age  >= 80) (CVDP003HYP),84.91,People without SMI,Mental Health,1,30390.0,To March 2026,85.65,85.28,
E54000019,NHS Herefordshire and Worcestershire Integrated Care Board,Persons,265.0,,Red,CVDP003HYP,"Patients with GP recorded hypertension aged 80 and over, whose last blood pressure reading is to the appropriate treatment threshold, in the preceding 12 months.",Hypertension: Treated to appropriate threshold (age  >= 80) (CVDP003HYP),80.52,People with SMI,Mental Health,1,225.0,To March 2026,88.76,85.23,
E54000019,NHS Herefordshire and Worcestershire Integrated Care Board,Persons,35875.0,,Red,CVDP003HYP,"Patients with GP recorded hypertension aged 80 and over, whose last blood pressure reading is to the appropriate treatment threshold, in the preceding 12 months.",Hypertension: Treated to appropriate threshold (age  >= 80) (CVDP003HYP),84.92,People without a diagnosed learning disability,Learning Disability,1,30595.0,To March 2026,85.65,85.29,
E54000019,NHS Herefordshire and Worcestershire Integrated Care Board,Persons,25.0,,Red,CVDP003HYP,"Patients with GP recorded hypertension aged 80 and over, whose last blood pressure reading is to the appropriate treatment threshold, in the preceding 12 months.",Hypertension: Treated to appropriate threshold (age  >= 80) (CVDP003HYP),62.07,People with a diagnosed learning disability,Learning Disability,1,20.0,To March 2026,89.66,80.77,
E54000025,NHS Hertfordshire and West Essex Integrated Care Board,Persons,52935.0,,Red,CVDP003HYP,"Patients with GP recorded hypertension aged 80 and over, whose last blood pressure reading is to the appropriate treatment threshold, in the preceding 12 months.",Hypertension: Treated to appropriate threshold (age  >= 80) (CVDP003HYP),83.53,Persons,Sex,1,44380.0,To March 2026,84.15,83.84,
E54000025,NHS Hertfordshire and West Essex Integrated Care Board,Female,31680.0,,Red,CVDP003HYP,"Patients with GP recorded hypertension aged 80 and over, whose last blood pressure reading is to the appropriate treatment threshold, in the preceding 12 months.",Hypertension: Treated to appropriate threshold (age  >= 80) (CVDP003HYP),81.73,Female,Sex,1,26025.0,To March 2026,82.57,82.15,
E54000025,NHS Hertfordshire and West Essex Integrated Care Board,Male,21255.0,,Red,CVDP003HYP,"Patients with GP recorded hypertension aged 80 and over, whose last blood pressure reading is to the appropriate treatment threshold, in the preceding 12 months.",Hypertension: Treated to appropriate threshold (age  >= 80) (CVDP003HYP),85.9,Male,Sex,1,18355.0,To March 2026,86.82,86.36,
E54000025,NHS Hertfordshire and West Essex Integrated Care Board,Male,21255.0,,Red,CVDP003HYP,"Patients with GP recorded hypertension aged 80 and over, whose last blood pressure reading is to the appropriate treatment threshold, in the preceding 12 months.",Hypertension: Treated to appropriate threshold (age  >= 80) (CVDP003HYP),85.9,80+,Age group,1,18355.0,To March 2026,86.82,86.36,
E54000025,NHS Hertfordshire and West Essex Integrated Care Board,Female,31680.0,,Red,CVDP003HYP,"Patients with GP recorded hypertension aged 80 and over, whose last blood pressure reading is to the appropriate treatment threshold, in the preceding 12 months.",Hypertension: Treated to appropriate threshold (age  >= 80) (CVDP003HYP),81.73,80+,Age group,1,26025.0,To March 2026,82.57,82.15,
E54000025,NHS Hertfordshire and West Essex Integrated Care Board,Persons,52935.0,,Red,CVDP003HYP,"Patients with GP recorded hypertension aged 80 and over, whose last blood pressure reading is to the appropriate treatment threshold, in the preceding 12 months.",Hypertension: Treated to appropriate threshold (age  >= 80) (CVDP003HYP),83.53,80+,Age group,1,44380.0,To March 2026,84.15,83.84,
E54000025,NHS Hertfordshire and West Essex Integrated Care Board,Persons,740.0,,Red,CVDP003HYP,"Patients with GP recorded hypertension aged 80 and over, whose last blood pressure reading is to the appropriate treatment threshold, in the preceding 12 months.",Hypertension: Treated to appropriate threshold (age  >= 80) (CVDP003HYP),77.46,1 - most deprived,Deprivation quintile,1,595.0,To March 2026,83.13,80.49,
E54000025,NHS Hertfordshire and West Essex Integrated Care Board,Persons,6165.0,,Red,CVDP003HYP,"Patients with GP recorded hypertension aged 80 and over, whose last blood pressure reading is to the appropriate treatment threshold, in the preceding 12 months.",Hypertension: Treated to appropriate threshold (age  >= 80) (CVDP003HYP),82.02,2,Deprivation quintile,1,5115.0,To March 2026,83.89,82.97,
E54000025,NHS Hertfordshire and West Essex Integrated Care Board,Persons,11010.0,,Red,CVDP003HYP,"Patients with GP recorded hypertension aged 80 and over, whose last blood pressure reading is to the appropriate treatment threshold, in the preceding 12 months.",Hypertension: Treated to appropriate threshold (age  >= 80) (CVDP003HYP),82.79,3,Deprivation quintile,1,9195.0,To March 2026,84.17,83.49,
E54000025,NHS Hertfordshire and West Essex Integrated Care Board,Persons,12190.0,,Red,CVDP003HYP,"Patients with GP recorded hypertension aged 80 and over, whose last blood pressure reading is to the appropriate treatment threshold, in the preceding 12 months.",Hypertension: Treated to appropriate threshold (age  >= 80) (CVDP003HYP),82.93,4,Deprivation quintile,1,10190.0,To March 2026,84.25,83.6,
E54000025,NHS Hertfordshire and West Essex Integrated Care Board,Persons,22390.0,,Red,CVDP003HYP,"Patients with GP recorded hypertension aged 80 and over, whose last blood pressure reading is to the appropriate treatment threshold, in the preceding 12 months.",Hypertension: Treated to appropriate threshold (age  >= 80) (CVDP003HYP),83.92,5 - least deprived,Deprivation quintile,1,18895.0,To March 2026,84.87,84.4,
E54000025,NHS Hertfordshire and West Essex Integrated Care Board,Persons,1745.0,,Red,CVDP003HYP,"Patients with GP recorded hypertension aged 80 and over, whose last blood pressure reading is to the appropriate treatment threshold, in the preceding 12 months.",Hypertension: Treated to appropriate threshold (age  >= 80) (CVDP003HYP),76.53,Asian,Ethnicity,1,1370.0,To March 2026,80.37,78.5,
E54000025,NHS Hertfordshire and West Essex Integrated Care Board,Persons,630.0,,Red,CVDP003HYP,"Patients with GP recorded hypertension aged 80 and over, whose last blood pressure reading is to the appropriate treatment threshold, in the preceding 12 months.",Hypertension: Treated to appropriate threshold (age  >= 80) (CVDP003HYP),74.92,Black,Ethnicity,1,495.0,To March 2026,81.23,78.29,
E54000025,NHS Hertfordshire and West Essex Integrated Care Board,Persons,990.0,,Red,CVDP003HYP,"Patients with GP recorded hypertension aged 80 and over, whose last blood pressure reading is to the appropriate treatment threshold, in the preceding 12 months.",Hypertension: Treated to appropriate threshold (age  >= 80) (CVDP003HYP),72.1,Missing,Ethnicity,1,740.0,To March 2026,77.44,74.85,
E54000025,NHS Hertfordshire and West Essex Integrated Care Board,Persons,265.0,,Red,CVDP003HYP,"Patients with GP recorded hypertension aged 80 and over, whose last blood pressure reading is to the appropriate treatment threshold, in the preceding 12 months.",Hypertension: Treated to appropriate threshold (age  >= 80) (CVDP003HYP),66.3,Mixed,Ethnicity,1,190.0,To March 2026,77.04,71.91,
E54000025,NHS Hertfordshire and West Essex Integrated Care Board,Persons,2375.0,,Red,CVDP003HYP,"Patients with GP recorded hypertension aged 80 and over, whose last blood pressure reading is to the appropriate treatment threshold, in the preceding 12 months.",Hypertension: Treated to appropriate threshold (age  >= 80) (CVDP003HYP),79.71,Not stated,Ethnicity,1,1930.0,To March 2026,82.83,81.33,
E54000025,NHS Hertfordshire and West Essex Integrated Care Board,Persons,335.0,,Red,CVDP003HYP,"Patients with GP recorded hypertension aged 80 and over, whose last blood pressure reading is to the appropriate treatment threshold, in the preceding 12 months.",Hypertension: Treated to appropriate threshold (age  >= 80) (CVDP003HYP),76.99,Other,Ethnicity,1,275.0,To March 2026,85.25,81.55,
E54000025,NHS Hertfordshire and West Essex Integrated Care Board,Persons,46590.0,,Red,CVDP003HYP,"Patients with GP recorded hypertension aged 80 and over, whose last blood pressure reading is to the appropriate treatment threshold, in the preceding 12 months.",Hypertension: Treated to appropriate threshold (age  >= 80) (CVDP003HYP),84.19,White,Ethnicity,1,39380.0,To March 2026,84.85,84.52,
E54000025,NHS Hertfordshire and West Essex Integrated Care Board,Persons,52450.0,,Red,CVDP003HYP,"Patients with GP recorded hypertension aged 80 and over, whose last blood pressure reading is to the appropriate treatment threshold, in the preceding 12 months.",Hypertension: Treated to appropriate threshold (age  >= 80) (CVDP003HYP),83.53,People without SMI,Mental Health,1,43980.0,To March 2026,84.16,83.85,
E54000025,NHS Hertfordshire and West Essex Integrated Care Board,Persons,480.0,,Red,CVDP003HYP,"Patients with GP recorded hypertension aged 80 and over, whose last blood pressure reading is to the appropriate treatment threshold, in the preceding 12 months.",Hypertension: Treated to appropriate threshold (age  >= 80) (CVDP003HYP),79.79,People with SMI,Mental Health,1,400.0,To March 2026,86.39,83.4,
E54000025,NHS Hertfordshire and West Essex Integrated Care Board,Persons,52875.0,,Red,CVDP003HYP,"Patients with GP recorded hypertension aged 80 and over, whose last blood pressure reading is to the appropriate treatment threshold, in the preceding 12 months.",Hypertension: Treated to appropriate threshold (age  >= 80) (CVDP003HYP),83.52,People without a diagnosed learning disability,Learning Disability,1,44330.0,To March 2026,84.15,83.84,
E54000025,NHS Hertfordshire and West Essex Integrated Care Board,Persons,55.0,,Red,CVDP003HYP,"Patients with GP recorded hypertension aged 80 and over, whose last blood pressure reading is to the appropriate treatment threshold, in the preceding 12 months.",Hypertension: Treated to appropriate threshold (age  >= 80) (CVDP003HYP),80.0,People with a diagnosed learning disability,Learning Disability,1,50.0,To March 2026,95.0,89.47,
E54000051,NHS Humber and North Yorkshire Integrated Care Board,Persons,70480.0,,Red,CVDP003HYP,"Patients with GP recorded hypertension aged 80 and over, whose last blood pressure reading is to the appropriate treatment threshold, in the preceding 12 months.",Hypertension: Treated to appropriate threshold (age  >= 80) (CVDP003HYP),84.2,Persons,Sex,1,59530.0,To March 2026,84.73,84.47,
E54000051,NHS Humber and North Yorkshire Integrated Care Board,Female,42125.0,,Red,CVDP003HYP,"Patients with GP recorded hypertension aged 80 and over, whose last blood pressure reading is to the appropriate treatment threshold, in the preceding 12 months.",Hypertension: Treated to appropriate threshold (age  >= 80) (CVDP003HYP),82.61,Female,Sex,1,34955.0,To March 2026,83.33,82.97,
E54000051,NHS Humber and North Yorkshire Integrated Care Board,Male,28350.0,,Red,CVDP003HYP,"Patients with GP recorded hypertension aged 80 and over, whose last blood pressure reading is to the appropriate treatment threshold, in the preceding 12 months.",Hypertension: Treated to appropriate threshold (age  >= 80) (CVDP003HYP),86.29,Male,Sex,1,24580.0,To March 2026,87.08,86.69,
E54000051,NHS Humber and North Yorkshire Integrated Care Board,Male,28350.0,,Red,CVDP003HYP,"Patients with GP recorded hypertension aged 80 and over, whose last blood pressure reading is to the appropriate treatment threshold, in the preceding 12 months.",Hypertension: Treated to appropriate threshold (age  >= 80) (CVDP003HYP),86.29,80+,Age group,1,24580.0,To March 2026,87.08,86.69,
E54000051,NHS Humber and North Yorkshire Integrated Care Board,Female,42125.0,,Red,CVDP003HYP,"Patients with GP recorded hypertension aged 80 and over, whose last blood pressure reading is to the appropriate treatment threshold, in the preceding 12 months.",Hypertension: Treated to appropriate threshold (age  >= 80) (CVDP003HYP),82.61,80+,Age group,1,34955.0,To March 2026,83.33,82.97,
E54000051,NHS Humber and North Yorkshire Integrated Care Board,Persons,70480.0,,Red,CVDP003HYP,"Patients with GP recorded hypertension aged 80 and over, whose last blood pressure reading is to the appropriate treatment threshold, in the preceding 12 months.",Hypertension: Treated to appropriate threshold (age  >= 80) (CVDP003HYP),84.2,80+,Age group,1,59530.0,To March 2026,84.73,84.47,
E54000051,NHS Humber and North Yorkshire Integrated Care Board,Persons,7610.0,,Red,CVDP003HYP,"Patients with GP recorded hypertension aged 80 and over, whose last blood pressure reading is to the appropriate treatment threshold, in the preceding 12 months.",Hypertension: Treated to appropriate threshold (age  >= 80) (CVDP003HYP),82.77,1 - most deprived,Deprivation quintile,1,6360.0,To March 2026,84.43,83.62,
E54000051,NHS Humber and North Yorkshire Integrated Care Board,Persons,9070.0,,Red,CVDP003HYP,"Patients with GP recorded hypertension aged 80 and over, whose last blood pressure reading is to the appropriate treatment threshold, in the preceding 12 months.",Hypertension: Treated to appropriate threshold (age  >= 80) (CVDP003HYP),83.16,2,Deprivation quintile,1,7610.0,To March 2026,84.67,83.92,
E54000051,NHS Humber and North Yorkshire Integrated Care Board,Persons,14125.0,,Red,CVDP003HYP,"Patients with GP recorded hypertension aged 80 and over, whose last blood pressure reading is to the appropriate treatment threshold, in the preceding 12 months.",Hypertension: Treated to appropriate threshold (age  >= 80) (CVDP003HYP),83.66,3,Deprivation quintile,1,11905.0,To March 2026,84.86,84.27,
E54000051,NHS Humber and North Yorkshire Integrated Care Board,Persons,18880.0,,Red,CVDP003HYP,"Patients with GP recorded hypertension aged 80 and over, whose last blood pressure reading is to the appropriate treatment threshold, in the preceding 12 months.",Hypertension: Treated to appropriate threshold (age  >= 80) (CVDP003HYP),84.8,4,Deprivation quintile,1,16105.0,To March 2026,85.8,85.31,
E54000051,NHS Humber and North Yorkshire Integrated Care Board,Persons,21015.0,,Red,CVDP003HYP,"Patients with GP recorded hypertension aged 80 and over, whose last blood pressure reading is to the appropriate treatment threshold, in the preceding 12 months.",Hypertension: Treated to appropriate threshold (age  >= 80) (CVDP003HYP),83.99,5 - least deprived,Deprivation quintile,1,17755.0,To March 2026,84.97,84.49,
E54000051,NHS Humber and North Yorkshire Integrated Care Board,Persons,295.0,,Red,CVDP003HYP,"Patients with GP recorded hypertension aged 80 and over, whose last blood pressure reading is to the appropriate treatment threshold, in the preceding 12 months.",Hypertension: Treated to appropriate threshold (age  >= 80) (CVDP003HYP),71.81,Asian,Ethnicity,1,225.0,To March 2026,81.21,76.95,
E54000051,NHS Humber and North Yorkshire Integrated Care Board,Persons,65.0,,Red,CVDP003HYP,"Patients with GP recorded hypertension aged 80 and over, whose last blood pressure reading is to the appropriate treatment threshold, in the preceding 12 months.",Hypertension: Treated to appropriate threshold (age  >= 80) (CVDP003HYP),54.29,Black,Ethnicity,1,45.0,To March 2026,75.71,65.67,
E54000051,NHS Humber and North Yorkshire Integrated Care Board,Persons,2770.0,,Red,CVDP003HYP,"Patients with GP recorded hypertension aged 80 and over, whose last blood pressure reading is to the appropriate treatment threshold, in the preceding 12 months.",Hypertension: Treated to appropriate threshold (age  >= 80) (CVDP003HYP),79.73,Missing,Ethnicity,1,2250.0,To March 2026,82.61,81.22,
E54000051,NHS Humber and North Yorkshire Integrated Care Board,Persons,85.0,,Red,CVDP003HYP,"Patients with GP recorded hypertension aged 80 and over, whose last blood pressure reading is to the appropriate treatment threshold, in the preceding 12 months.",Hypertension: Treated to appropriate threshold (age  >= 80) (CVDP003HYP),82.76,Mixed,Ethnicity,1,75.0,To March 2026,95.4,90.48,
E54000051,NHS Humber and North Yorkshire Integrated Care Board,Persons,2190.0,,Red,CVDP003HYP,"Patients with GP recorded hypertension aged 80 and over, whose last blood pressure reading is to the appropriate treatment threshold, in the preceding 12 months.",Hypertension: Treated to appropriate threshold (age  >= 80) (CVDP003HYP),81.59,Not stated,Ethnicity,1,1825.0,To March 2026,84.69,83.21,
E54000051,NHS Humber and North Yorkshire Integrated Care Board,Persons,110.0,,Red,CVDP003HYP,"Patients with GP recorded hypertension aged 80 and over, whose last blood pressure reading is to the appropriate treatment threshold, in the preceding 12 months.",Hypertension: Treated to appropriate threshold (age  >= 80) (CVDP003HYP),65.18,Other,Ethnicity,1,80.0,To March 2026,81.25,74.31,
E54000051,NHS Humber and North Yorkshire Integrated Care Board,Persons,64965.0,,Red,CVDP003HYP,"Patients with GP recorded hypertension aged 80 and over, whose last blood pressure reading is to the appropriate treatment threshold, in the preceding 12 months.",Hypertension: Treated to appropriate threshold (age  >= 80) (CVDP003HYP),84.43,White,Ethnicity,1,55030.0,To March 2026,84.98,84.71,
E54000051,NHS Humber and North Yorkshire Integrated Care Board,Persons,69905.0,,Red,CVDP003HYP,"Patients with GP recorded hypertension aged 80 and over, whose last blood pressure reading is to the appropriate treatment threshold, in the preceding 12 months.",Hypertension: Treated to appropriate threshold (age  >= 80) (CVDP003HYP),84.22,People without SMI,Mental Health,1,59065.0,To March 2026,84.76,84.49,
E54000051,NHS Humber and North Yorkshire Integrated Care Board,Persons,575.0,,Red,CVDP003HYP,"Patients with GP recorded hypertension aged 80 and over, whose last blood pressure reading is to the appropriate treatment threshold, in the preceding 12 months.",Hypertension: Treated to appropriate threshold (age  >= 80) (CVDP003HYP),78.16,People with SMI,Mental Health,1,470.0,To March 2026,84.4,81.53,
E54000051,NHS Humber and North Yorkshire Integrated Care Board,Persons,70405.0,,Red,CVDP003HYP,"Patients with GP recorded hypertension aged 80 and over, whose last blood pressure reading is to the appropriate treatment threshold, in the preceding 12 months.",Hypertension: Treated to appropriate threshold (age  >= 80) (CVDP003HYP),84.2,People without a diagnosed learning disability,Learning Disability,1,59470.0,To March 2026,84.73,84.47,
E54000051,NHS Humber and North Yorkshire Integrated Care Board,Persons,75.0,,Red,CVDP003HYP,"Patients with GP recorded hypertension aged 80 and over, whose last blood pressure reading is to the appropriate treatment threshold, in the preceding 12 months.",Hypertension: Treated to appropriate threshold (age  >= 80) (CVDP003HYP),72.37,People with a diagnosed learning disability,Learning Disability,1,60.0,To March 2026,89.47,82.19,
E54000032,NHS Kent and Medway Integrated Care Board,Persons,69240.0,,Red,CVDP003HYP,"Patients with GP recorded hypertension aged 80 and over, whose last blood pressure reading is to the appropriate treatment threshold, in the preceding 12 months.",Hypertension: Treated to appropriate threshold (age  >= 80) (CVDP003HYP),80.92,Persons,Sex,1,56230.0,To March 2026,81.5,81.21,
E54000032,NHS Kent and Medway Integrated Care Board,Female,41130.0,,Red,CVDP003HYP,"Patients with GP recorded hypertension aged 80 and over, whose last blood pressure reading is to the appropriate treatment threshold, in the preceding 12 months.",Hypertension: Treated to appropriate threshold (age  >= 80) (CVDP003HYP),78.94,Female,Sex,1,32630.0,To March 2026,79.72,79.33,
E54000032,NHS Kent and Medway Integrated Care Board,Male,28115.0,,Red,CVDP003HYP,"Patients with GP recorded hypertension aged 80 and over, whose last blood pressure reading is to the appropriate treatment threshold, in the preceding 12 months.",Hypertension: Treated to appropriate threshold (age  >= 80) (CVDP003HYP),83.53,Male,Sex,1,23605.0,To March 2026,84.38,83.96,
E54000032,NHS Kent and Medway Integrated Care Board,Male,28115.0,,Red,CVDP003HYP,"Patients with GP recorded hypertension aged 80 and over, whose last blood pressure reading is to the appropriate treatment threshold, in the preceding 12 months.",Hypertension: Treated to appropriate threshold (age  >= 80) (CVDP003HYP),83.53,80+,Age group,1,23605.0,To March 2026,84.38,83.96,
E54000032,NHS Kent and Medway Integrated Care Board,Female,41130.0,,Red,CVDP003HYP,"Patients with GP recorded hypertension aged 80 and over, whose last blood pressure reading is to the appropriate treatment threshold, in the preceding 12 months.",Hypertension: Treated to appropriate threshold (age  >= 80) (CVDP003HYP),78.94,80+,Age group,1,32630.0,To March 2026,79.72,79.33,
E54000032,NHS Kent and Medway Integrated Care Board,Persons,69240.0,,Red,CVDP003HYP,"Patients with GP recorded hypertension aged 80 and over, whose last blood pressure reading is to the appropriate treatment threshold, in the preceding 12 months.",Hypertension: Treated to appropriate threshold (age  >= 80) (CVDP003HYP),80.92,80+,Age group,1,56230.0,To March 2026,81.5,81.21,
E54000032,NHS Kent and Medway Integrated Care Board,Persons,7140.0,,Red,CVDP003HYP,"Patients with GP recorded hypertension aged 80 and over, whose last blood pressure reading is to the appropriate treatment threshold, in the preceding 12 months.",Hypertension: Treated to appropriate threshold (age  >= 80) (CVDP003HYP),78.74,1 - most deprived,Deprivation quintile,1,5690.0,To March 2026,80.6,79.68,
E54000032,NHS Kent and Medway Integrated Care Board,Persons,12095.0,,Red,CVDP003HYP,"Patients with GP recorded hypertension aged 80 and over, whose last blood pressure reading is to the appropriate treatment threshold, in the preceding 12 months.",Hypertension: Treated to appropriate threshold (age  >= 80) (CVDP003HYP),79.45,2,Deprivation quintile,1,9695.0,To March 2026,80.86,80.16,
E54000032,NHS Kent and Medway Integrated Care Board,Persons,16430.0,,Red,CVDP003HYP,"Patients with GP recorded hypertension aged 80 and over, whose last blood pressure reading is to the appropriate treatment threshold, in the preceding 12 months.",Hypertension: Treated to appropriate threshold (age  >= 80) (CVDP003HYP),80.17,3,Deprivation quintile,1,13270.0,To March 2026,81.37,80.78,
E54000032,NHS Kent and Medway Integrated Care Board,Persons,18585.0,,Red,CVDP003HYP,"Patients with GP recorded hypertension aged 80 and over, whose last blood pressure reading is to the appropriate treatment threshold, in the preceding 12 months.",Hypertension: Treated to appropriate threshold (age  >= 80) (CVDP003HYP),81.36,4,Deprivation quintile,1,15220.0,To March 2026,82.46,81.91,
E54000032,NHS Kent and Medway Integrated Care Board,Persons,14845.0,,Red,CVDP003HYP,"Patients with GP recorded hypertension aged 80 and over, whose last blood pressure reading is to the appropriate treatment threshold, in the preceding 12 months.",Hypertension: Treated to appropriate threshold (age  >= 80) (CVDP003HYP),81.84,5 - least deprived,Deprivation quintile,1,12240.0,To March 2026,83.06,82.46,
E54000032,NHS Kent and Medway Integrated Care Board,Persons,1265.0,,Red,CVDP003HYP,"Patients with GP recorded hypertension aged 80 and over, whose last blood pressure reading is to the appropriate treatment threshold, in the preceding 12 months.",Hypertension: Treated to appropriate threshold (age  >= 80) (CVDP003HYP),69.21,Asian,Ethnicity,1,910.0,To March 2026,74.09,71.74,
E54000032,NHS Kent and Medway Integrated Care Board,Persons,410.0,,Red,CVDP003HYP,"Patients with GP recorded hypertension aged 80 and over, whose last blood pressure reading is to the appropriate treatment threshold, in the preceding 12 months.",Hypertension: Treated to appropriate threshold (age  >= 80) (CVDP003HYP),59.85,Black,Ethnicity,1,265.0,To March 2026,69.1,64.71,
E54000032,NHS Kent and Medway Integrated Care Board,Persons,1080.0,,Red,CVDP003HYP,"Patients with GP recorded hypertension aged 80 and over, whose last blood pressure reading is to the appropriate treatment threshold, in the preceding 12 months.",Hypertension: Treated to appropriate threshold (age  >= 80) (CVDP003HYP),69.57,Missing,Ethnicity,1,780.0,To March 2026,74.84,72.26,
E54000032,NHS Kent and Medway Integrated Care Board,Persons,220.0,,Red,CVDP003HYP,"Patients with GP recorded hypertension aged 80 and over, whose last blood pressure reading is to the appropriate treatment threshold, in the preceding 12 months.",Hypertension: Treated to appropriate threshold (age  >= 80) (CVDP003HYP),72.07,Mixed,Ethnicity,1,170.0,To March 2026,82.88,78.08,
E54000032,NHS Kent and Medway Integrated Care Board,Persons,2155.0,,Red,CVDP003HYP,"Patients with GP recorded hypertension aged 80 and over, whose last blood pressure reading is to the appropriate treatment threshold, in the preceding 12 months.",Hypertension: Treated to appropriate threshold (age  >= 80) (CVDP003HYP),75.88,Not stated,Ethnicity,1,1675.0,To March 2026,79.35,77.65,
E54000032,NHS Kent and Medway Integrated Care Board,Persons,215.0,,Red,CVDP003HYP,"Patients with GP recorded hypertension aged 80 and over, whose last blood pressure reading is to the appropriate treatment threshold, in the preceding 12 months.",Hypertension: Treated to appropriate threshold (age  >= 80) (CVDP003HYP),74.43,Other,Ethnicity,1,175.0,To March 2026,84.93,80.09,
E54000032,NHS Kent and Medway Integrated Care Board,Persons,63895.0,,Red,CVDP003HYP,"Patients with GP recorded hypertension aged 80 and over, whose last blood pressure reading is to the appropriate treatment threshold, in the preceding 12 months.",Hypertension: Treated to appropriate threshold (age  >= 80) (CVDP003HYP),81.49,White,Ethnicity,1,52260.0,To March 2026,82.09,81.79,
E54000032,NHS Kent and Medway Integrated Care Board,Persons,68690.0,,Red,CVDP003HYP,"Patients with GP recorded hypertension aged 80 and over, whose last blood pressure reading is to the appropriate treatment threshold, in the preceding 12 months.",Hypertension: Treated to appropriate threshold (age  >= 80) (CVDP003HYP),80.88,People without SMI,Mental Health,1,55755.0,To March 2026,81.46,81.17,
E54000032,NHS Kent and Medway Integrated Care Board,Persons,555.0,,Red,CVDP003HYP,"Patients with GP recorded hypertension aged 80 and over, whose last blood pressure reading is to the appropriate treatment threshold, in the preceding 12 months.",Hypertension: Treated to appropriate threshold (age  >= 80) (CVDP003HYP),82.73,People with SMI,Mental Health,1,475.0,To March 2026,88.49,85.9,
E54000032,NHS Kent and Medway Integrated Care Board,Persons,69160.0,,Red,CVDP003HYP,"Patients with GP recorded hypertension aged 80 and over, whose last blood pressure reading is to the appropriate treatment threshold, in the preceding 12 months.",Hypertension: Treated to appropriate threshold (age  >= 80) (CVDP003HYP),80.91,People without a diagnosed learning disability,Learning Disability,1,56165.0,To March 2026,81.49,81.2,
E54000032,NHS Kent and Medway Integrated Care Board,Persons,80.0,,Red,CVDP003HYP,"Patients with GP recorded hypertension aged 80 and over, whose last blood pressure reading is to the appropriate treatment threshold, in the preceding 12 months.",Hypertension: Treated to appropriate threshold (age  >= 80) (CVDP003HYP),77.11,People with a diagnosed learning disability,Learning Disability,1,70.0,To March 2026,91.57,86.25,
E54000048,NHS Lancashire and South Cumbria Integrated Care Board,Persons,63235.0,,Red,CVDP003HYP,"Patients with GP recorded hypertension aged 80 and over, whose last blood pressure reading is to the appropriate treatment threshold, in the preceding 12 months.",Hypertension: Treated to appropriate threshold (age  >= 80) (CVDP003HYP),84.53,Persons,Sex,1,53630.0,To March 2026,85.09,84.81,
E54000048,NHS Lancashire and South Cumbria Integrated Care Board,Female,37660.0,,Red,CVDP003HYP,"Patients with GP recorded hypertension aged 80 and over, whose last blood pressure reading is to the appropriate treatment threshold, in the preceding 12 months.",Hypertension: Treated to appropriate threshold (age  >= 80) (CVDP003HYP),83.18,Female,Sex,1,31470.0,To March 2026,83.93,83.56,
E54000048,NHS Lancashire and South Cumbria Integrated Care Board,Male,25575.0,,Red,CVDP003HYP,"Patients with GP recorded hypertension aged 80 and over, whose last blood pressure reading is to the appropriate treatment threshold, in the preceding 12 months.",Hypertension: Treated to appropriate threshold (age  >= 80) (CVDP003HYP),86.23,Male,Sex,1,22160.0,To March 2026,87.06,86.65,
E54000048,NHS Lancashire and South Cumbria Integrated Care Board,Male,25575.0,,Red,CVDP003HYP,"Patients with GP recorded hypertension aged 80 and over, whose last blood pressure reading is to the appropriate treatment threshold, in the preceding 12 months.",Hypertension: Treated to appropriate threshold (age  >= 80) (CVDP003HYP),86.23,80+,Age group,1,22160.0,To March 2026,87.06,86.65,
E54000048,NHS Lancashire and South Cumbria Integrated Care Board,Female,37660.0,,Red,CVDP003HYP,"Patients with GP recorded hypertension aged 80 and over, whose last blood pressure reading is to the appropriate treatment threshold, in the preceding 12 months.",Hypertension: Treated to appropriate threshold (age  >= 80) (CVDP003HYP),83.18,80+,Age group,1,31470.0,To March 2026,83.93,83.56,
E54000048,NHS Lancashire and South Cumbria Integrated Care Board,Persons,63235.0,,Red,CVDP003HYP,"Patients with GP recorded hypertension aged 80 and over, whose last blood pressure reading is to the appropriate treatment threshold, in the preceding 12 months.",Hypertension: Treated to appropriate threshold (age  >= 80) (CVDP003HYP),84.53,80+,Age group,1,53630.0,To March 2026,85.09,84.81,
E54000048,NHS Lancashire and South Cumbria Integrated Care Board,Persons,11785.0,,Red,CVDP003HYP,"Patients with GP recorded hypertension aged 80 and over, whose last blood pressure reading is to the appropriate treatment threshold, in the preceding 12 months.",Hypertension: Treated to appropriate threshold (age  >= 80) (CVDP003HYP),82.98,1 - most deprived,Deprivation quintile,1,9855.0,To March 2026,84.31,83.65,
E54000048,NHS Lancashire and South Cumbria Integrated Care Board,Persons,11775.0,,Red,CVDP003HYP,"Patients with GP recorded hypertension aged 80 and over, whose last blood pressure reading is to the appropriate treatment threshold, in the preceding 12 months.",Hypertension: Treated to appropriate threshold (age  >= 80) (CVDP003HYP),84.34,2,Deprivation quintile,1,10010.0,To March 2026,85.63,84.99,
E54000048,NHS Lancashire and South Cumbria Integrated Care Board,Persons,11215.0,,Red,CVDP003HYP,"Patients with GP recorded hypertension aged 80 and over, whose last blood pressure reading is to the appropriate treatment threshold, in the preceding 12 months.",Hypertension: Treated to appropriate threshold (age  >= 80) (CVDP003HYP),84.48,3,Deprivation quintile,1,9550.0,To March 2026,85.79,85.15,
E54000048,NHS Lancashire and South Cumbria Integrated Care Board,Persons,16410.0,,Red,CVDP003HYP,"Patients with GP recorded hypertension aged 80 and over, whose last blood pressure reading is to the appropriate treatment threshold, in the preceding 12 months.",Hypertension: Treated to appropriate threshold (age  >= 80) (CVDP003HYP),84.53,4,Deprivation quintile,1,13960.0,To March 2026,85.61,85.08,
E54000048,NHS Lancashire and South Cumbria Integrated Care Board,Persons,12465.0,,Red,CVDP003HYP,"Patients with GP recorded hypertension aged 80 and over, whose last blood pressure reading is to the appropriate treatment threshold, in the preceding 12 months.",Hypertension: Treated to appropriate threshold (age  >= 80) (CVDP003HYP),84.55,5 - least deprived,Deprivation quintile,1,10615.0,To March 2026,85.79,85.18,
E54000048,NHS Lancashire and South Cumbria Integrated Care Board,Persons,1375.0,,Red,CVDP003HYP,"Patients with GP recorded hypertension aged 80 and over, whose last blood pressure reading is to the appropriate treatment threshold, in the preceding 12 months.",Hypertension: Treated to appropriate threshold (age  >= 80) (CVDP003HYP),78.26,Asian,Ethnicity,1,1105.0,To March 2026,82.39,80.39,
E54000048,NHS Lancashire and South Cumbria Integrated Care Board,Persons,150.0,,Red,CVDP003HYP,"Patients with GP recorded hypertension aged 80 and over, whose last blood pressure reading is to the appropriate treatment threshold, in the preceding 12 months.",Hypertension: Treated to appropriate threshold (age  >= 80) (CVDP003HYP),75.97,Black,Ethnicity,1,125.0,To March 2026,87.66,82.78,
E54000048,NHS Lancashire and South Cumbria Integrated Care Board,Persons,340.0,,Red,CVDP003HYP,"Patients with GP recorded hypertension aged 80 and over, whose last blood pressure reading is to the appropriate treatment threshold, in the preceding 12 months.",Hypertension: Treated to appropriate threshold (age  >= 80) (CVDP003HYP),66.08,Missing,Ethnicity,1,240.0,To March 2026,75.44,71.09,
E54000048,NHS Lancashire and South Cumbria Integrated Care Board,Persons,110.0,,Red,CVDP003HYP,"Patients with GP recorded hypertension aged 80 and over, whose last blood pressure reading is to the appropriate treatment threshold, in the preceding 12 months.",Hypertension: Treated to appropriate threshold (age  >= 80) (CVDP003HYP),71.93,Mixed,Ethnicity,1,90.0,To March 2026,85.96,80.18,
E54000048,NHS Lancashire and South Cumbria Integrated Care Board,Persons,665.0,,Red,CVDP003HYP,"Patients with GP recorded hypertension aged 80 and over, whose last blood pressure reading is to the appropriate treatment threshold, in the preceding 12 months.",Hypertension: Treated to appropriate threshold (age  >= 80) (CVDP003HYP),74.32,Not stated,Ethnicity,1,515.0,To March 2026,80.63,77.68,
E54000048,NHS Lancashire and South Cumbria Integrated Care Board,Persons,930.0,,Red,CVDP003HYP,"Patients with GP recorded hypertension aged 80 and over, whose last blood pressure reading is to the appropriate treatment threshold, in the preceding 12 months.",Hypertension: Treated to appropriate threshold (age  >= 80) (CVDP003HYP),76.68,Other,Ethnicity,1,740.0,To March 2026,81.82,79.4,
E54000048,NHS Lancashire and South Cumbria Integrated Care Board,Persons,59660.0,,Red,CVDP003HYP,"Patients with GP recorded hypertension aged 80 and over, whose last blood pressure reading is to the appropriate treatment threshold, in the preceding 12 months.",Hypertension: Treated to appropriate threshold (age  >= 80) (CVDP003HYP),84.88,White,Ethnicity,1,50815.0,To March 2026,85.45,85.17,
E54000048,NHS Lancashire and South Cumbria Integrated Care Board,Persons,62620.0,,Red,CVDP003HYP,"Patients with GP recorded hypertension aged 80 and over, whose last blood pressure reading is to the appropriate treatment threshold, in the preceding 12 months.",Hypertension: Treated to appropriate threshold (age  >= 80) (CVDP003HYP),84.54,People without SMI,Mental Health,1,53120.0,To March 2026,85.1,84.82,
E54000048,NHS Lancashire and South Cumbria Integrated Care Board,Persons,615.0,,Red,CVDP003HYP,"Patients with GP recorded hypertension aged 80 and over, whose last blood pressure reading is to the appropriate treatment threshold, in the preceding 12 months.",Hypertension: Treated to appropriate threshold (age  >= 80) (CVDP003HYP),80.19,People with SMI,Mental Health,1,510.0,To March 2026,86.04,83.36,
E54000048,NHS Lancashire and South Cumbria Integrated Care Board,Persons,63185.0,,Red,CVDP003HYP,"Patients with GP recorded hypertension aged 80 and over, whose last blood pressure reading is to the appropriate treatment threshold, in the preceding 12 months.",Hypertension: Treated to appropriate threshold (age  >= 80) (CVDP003HYP),84.53,People without a diagnosed learning disability,Learning Disability,1,53585.0,To March 2026,85.09,84.81,
E54000048,NHS Lancashire and South Cumbria Integrated Care Board,Persons,50.0,,Red,CVDP003HYP,"Patients with GP recorded hypertension aged 80 and over, whose last blood pressure reading is to the appropriate treatment threshold, in the preceding 12 months.",Hypertension: Treated to appropriate threshold (age  >= 80) (CVDP003HYP),77.78,People with a diagnosed learning disability,Learning Disability,1,45.0,To March 2026,94.44,88.24,
E54000015,"NHS Leicester, Leicestershire and Rutland Integrated Care Board",Persons,39050.0,,Red,CVDP003HYP,"Patients with GP recorded hypertension aged 80 and over, whose last blood pressure reading is to the appropriate treatment threshold, in the preceding 12 months.",Hypertension: Treated to appropriate threshold (age  >= 80) (CVDP003HYP),83.36,Persons,Sex,1,32695.0,To March 2026,84.09,83.73,
E54000015,"NHS Leicester, Leicestershire and Rutland Integrated Care Board",Female,22820.0,,Red,CVDP003HYP,"Patients with GP recorded hypertension aged 80 and over, whose last blood pressure reading is to the appropriate treatment threshold, in the preceding 12 months.",Hypertension: Treated to appropriate threshold (age  >= 80) (CVDP003HYP),81.55,Female,Sex,1,18725.0,To March 2026,82.54,82.05,
E54000015,"NHS Leicester, Leicestershire and Rutland Integrated Care Board",Male,16230.0,,Red,CVDP003HYP,"Patients with GP recorded hypertension aged 80 and over, whose last blood pressure reading is to the appropriate treatment threshold, in the preceding 12 months.",Hypertension: Treated to appropriate threshold (age  >= 80) (CVDP003HYP),85.55,Male,Sex,1,13970.0,To March 2026,86.61,86.09,
E54000015,"NHS Leicester, Leicestershire and Rutland Integrated Care Board",Male,16230.0,,Red,CVDP003HYP,"Patients with GP recorded hypertension aged 80 and over, whose last blood pressure reading is to the appropriate treatment threshold, in the preceding 12 months.",Hypertension: Treated to appropriate threshold (age  >= 80) (CVDP003HYP),85.55,80+,Age group,1,13970.0,To March 2026,86.61,86.09,
E54000015,"NHS Leicester, Leicestershire and Rutland Integrated Care Board",Female,22820.0,,Red,CVDP003HYP,"Patients with GP recorded hypertension aged 80 and over, whose last blood pressure reading is to the appropriate treatment threshold, in the preceding 12 months.",Hypertension: Treated to appropriate threshold (age  >= 80) (CVDP003HYP),81.55,80+,Age group,1,18725.0,To March 2026,82.54,82.05,
E54000015,"NHS Leicester, Leicestershire and Rutland Integrated Care Board",Persons,39050.0,,Red,CVDP003HYP,"Patients with GP recorded hypertension aged 80 and over, whose last blood pressure reading is to the appropriate treatment threshold, in the preceding 12 months.",Hypertension: Treated to appropriate threshold (age  >= 80) (CVDP003HYP),83.36,80+,Age group,1,32695.0,To March 2026,84.09,83.73,
E54000015,"NHS Leicester, Leicestershire and Rutland Integrated Care Board",Persons,2825.0,,Red,CVDP003HYP,"Patients with GP recorded hypertension aged 80 and over, whose last blood pressure reading is to the appropriate treatment threshold, in the preceding 12 months.",Hypertension: Treated to appropriate threshold (age  >= 80) (CVDP003HYP),81.55,1 - most deprived,Deprivation quintile,1,2345.0,To March 2026,84.31,82.98,
E54000015,"NHS Leicester, Leicestershire and Rutland Integrated Care Board",Persons,5040.0,,Red,CVDP003HYP,"Patients with GP recorded hypertension aged 80 and over, whose last blood pressure reading is to the appropriate treatment threshold, in the preceding 12 months.",Hypertension: Treated to appropriate threshold (age  >= 80) (CVDP003HYP),82.64,2,Deprivation quintile,1,4215.0,To March 2026,84.67,83.68,
E54000015,"NHS Leicester, Leicestershire and Rutland Integrated Care Board",Persons,6775.0,,Red,CVDP003HYP,"Patients with GP recorded hypertension aged 80 and over, whose last blood pressure reading is to the appropriate treatment threshold, in the preceding 12 months.",Hypertension: Treated to appropriate threshold (age  >= 80) (CVDP003HYP),83.16,3,Deprivation quintile,1,5695.0,To March 2026,84.9,84.06,
E54000015,"NHS Leicester, Leicestershire and Rutland Integrated Care Board",Persons,11735.0,,Red,CVDP003HYP,"Patients with GP recorded hypertension aged 80 and over, whose last blood pressure reading is to the appropriate treatment threshold, in the preceding 12 months.",Hypertension: Treated to appropriate threshold (age  >= 80) (CVDP003HYP),82.82,4,Deprivation quintile,1,9800.0,To March 2026,84.16,83.5,
E54000015,"NHS Leicester, Leicestershire and Rutland Integrated Care Board",Persons,13075.0,,Red,CVDP003HYP,"Patients with GP recorded hypertension aged 80 and over, whose last blood pressure reading is to the appropriate treatment threshold, in the preceding 12 months.",Hypertension: Treated to appropriate threshold (age  >= 80) (CVDP003HYP),83.59,5 - least deprived,Deprivation quintile,1,11015.0,To March 2026,84.84,84.22,
E54000015,"NHS Leicester, Leicestershire and Rutland Integrated Care Board",Persons,4235.0,,Red,CVDP003HYP,"Patients with GP recorded hypertension aged 80 and over, whose last blood pressure reading is to the appropriate treatment threshold, in the preceding 12 months.",Hypertension: Treated to appropriate threshold (age  >= 80) (CVDP003HYP),82.55,Asian,Ethnicity,1,3545.0,To March 2026,84.76,83.69,
E54000015,"NHS Leicester, Leicestershire and Rutland Integrated Care Board",Persons,400.0,,Red,CVDP003HYP,"Patients with GP recorded hypertension aged 80 and over, whose last blood pressure reading is to the appropriate treatment threshold, in the preceding 12 months.",Hypertension: Treated to appropriate threshold (age  >= 80) (CVDP003HYP),73.51,Black,Ethnicity,1,310.0,To March 2026,81.44,77.81,
E54000015,"NHS Leicester, Leicestershire and Rutland Integrated Care Board",Persons,445.0,,Red,CVDP003HYP,"Patients with GP recorded hypertension aged 80 and over, whose last blood pressure reading is to the appropriate treatment threshold, in the preceding 12 months.",Hypertension: Treated to appropriate threshold (age  >= 80) (CVDP003HYP),70.18,Missing,Ethnicity,1,330.0,To March 2026,78.25,74.49,
E54000015,"NHS Leicester, Leicestershire and Rutland Integrated Care Board",Persons,140.0,,Red,CVDP003HYP,"Patients with GP recorded hypertension aged 80 and over, whose last blood pressure reading is to the appropriate treatment threshold, in the preceding 12 months.",Hypertension: Treated to appropriate threshold (age  >= 80) (CVDP003HYP),76.92,Mixed,Ethnicity,1,115.0,To March 2026,88.81,83.57,
E54000015,"NHS Leicester, Leicestershire and Rutland Integrated Care Board",Persons,615.0,,Red,CVDP003HYP,"Patients with GP recorded hypertension aged 80 and over, whose last blood pressure reading is to the appropriate treatment threshold, in the preceding 12 months.",Hypertension: Treated to appropriate threshold (age  >= 80) (CVDP003HYP),72.42,Not stated,Ethnicity,1,470.0,To March 2026,79.03,75.85,
E54000015,"NHS Leicester, Leicestershire and Rutland Integrated Care Board",Persons,80.0,,Red,CVDP003HYP,"Patients with GP recorded hypertension aged 80 and over, whose last blood pressure reading is to the appropriate treatment threshold, in the preceding 12 months.",Hypertension: Treated to appropriate threshold (age  >= 80) (CVDP003HYP),66.27,Other,Ethnicity,1,60.0,To March 2026,84.34,76.25,
E54000015,"NHS Leicester, Leicestershire and Rutland Integrated Care Board",Persons,33130.0,,Red,CVDP003HYP,"Patients with GP recorded hypertension aged 80 and over, whose last blood pressure reading is to the appropriate treatment threshold, in the preceding 12 months.",Hypertension: Treated to appropriate threshold (age  >= 80) (CVDP003HYP),83.7,White,Ethnicity,1,27860.0,To March 2026,84.48,84.09,
E54000015,"NHS Leicester, Leicestershire and Rutland Integrated Care Board",Persons,38680.0,,Red,CVDP003HYP,"Patients with GP recorded hypertension aged 80 and over, whose last blood pressure reading is to the appropriate treatment threshold, in the preceding 12 months.",Hypertension: Treated to appropriate threshold (age  >= 80) (CVDP003HYP),83.34,People without SMI,Mental Health,1,32380.0,To March 2026,84.07,83.71,
E54000015,"NHS Leicester, Leicestershire and Rutland Integrated Care Board",Persons,370.0,,Red,CVDP003HYP,"Patients with GP recorded hypertension aged 80 and over, whose last blood pressure reading is to the appropriate treatment threshold, in the preceding 12 months.",Hypertension: Treated to appropriate threshold (age  >= 80) (CVDP003HYP),82.04,People with SMI,Mental Health,1,320.0,To March 2026,89.01,85.95,
E54000015,"NHS Leicester, Leicestershire and Rutland Integrated Care Board",Persons,39025.0,,Red,CVDP003HYP,"Patients with GP recorded hypertension aged 80 and over, whose last blood pressure reading is to the appropriate treatment threshold, in the preceding 12 months.",Hypertension: Treated to appropriate threshold (age  >= 80) (CVDP003HYP),83.36,People without a diagnosed learning disability,Learning Disability,1,32675.0,To March 2026,84.09,83.73,
E54000015,"NHS Leicester, Leicestershire and Rutland Integrated Care Board",Persons,25.0,,Red,CVDP003HYP,"Patients with GP recorded hypertension aged 80 and over, whose last blood pressure reading is to the appropriate treatment threshold, in the preceding 12 months.",Hypertension: Treated to appropriate threshold (age  >= 80) (CVDP003HYP),66.67,People with a diagnosed learning disability,Learning Disability,1,25.0,To March 2026,93.33,85.19,
E54000013,NHS Lincolnshire Integrated Care Board,Persons,33625.0,,Red,CVDP003HYP,"Patients with GP recorded hypertension aged 80 and over, whose last blood pressure reading is to the appropriate treatment threshold, in the preceding 12 months.",Hypertension: Treated to appropriate threshold (age  >= 80) (CVDP003HYP),85.24,Persons,Sex,1,28790.0,To March 2026,85.99,85.62,
E54000013,NHS Lincolnshire Integrated Care Board,Female,19505.0,,Red,CVDP003HYP,"Patients with GP recorded hypertension aged 80 and over, whose last blood pressure reading is to the appropriate treatment threshold, in the preceding 12 months.",Hypertension: Treated to appropriate threshold (age  >= 80) (CVDP003HYP),83.82,Female,Sex,1,16450.0,To March 2026,84.84,84.33,
E54000013,NHS Lincolnshire Integrated Care Board,Male,14120.0,,Red,CVDP003HYP,"Patients with GP recorded hypertension aged 80 and over, whose last blood pressure reading is to the appropriate treatment threshold, in the preceding 12 months.",Hypertension: Treated to appropriate threshold (age  >= 80) (CVDP003HYP),86.83,Male,Sex,1,12340.0,To March 2026,87.92,87.39,
E54000013,NHS Lincolnshire Integrated Care Board,Male,14120.0,,Red,CVDP003HYP,"Patients with GP recorded hypertension aged 80 and over, whose last blood pressure reading is to the appropriate treatment threshold, in the preceding 12 months.",Hypertension: Treated to appropriate threshold (age  >= 80) (CVDP003HYP),86.83,80+,Age group,1,12340.0,To March 2026,87.92,87.39,
E54000013,NHS Lincolnshire Integrated Care Board,Female,19505.0,,Red,CVDP003HYP,"Patients with GP recorded hypertension aged 80 and over, whose last blood pressure reading is to the appropriate treatment threshold, in the preceding 12 months.",Hypertension: Treated to appropriate threshold (age  >= 80) (CVDP003HYP),83.82,80+,Age group,1,16450.0,To March 2026,84.84,84.33,
E54000013,NHS Lincolnshire Integrated Care Board,Persons,33625.0,,Red,CVDP003HYP,"Patients with GP recorded hypertension aged 80 and over, whose last blood pressure reading is to the appropriate treatment threshold, in the preceding 12 months.",Hypertension: Treated to appropriate threshold (age  >= 80) (CVDP003HYP),85.24,80+,Age group,1,28790.0,To March 2026,85.99,85.62,
E54000013,NHS Lincolnshire Integrated Care Board,Persons,4065.0,,Red,CVDP003HYP,"Patients with GP recorded hypertension aged 80 and over, whose last blood pressure reading is to the appropriate treatment threshold, in the preceding 12 months.",Hypertension: Treated to appropriate threshold (age  >= 80) (CVDP003HYP),82.55,1 - most deprived,Deprivation quintile,1,3405.0,To March 2026,84.81,83.71,
E54000013,NHS Lincolnshire Integrated Care Board,Persons,7010.0,,Red,CVDP003HYP,"Patients with GP recorded hypertension aged 80 and over, whose last blood pressure reading is to the appropriate treatment threshold, in the preceding 12 months.",Hypertension: Treated to appropriate threshold (age  >= 80) (CVDP003HYP),83.76,2,Deprivation quintile,1,5935.0,To March 2026,85.45,84.63,
E54000013,NHS Lincolnshire Integrated Care Board,Persons,7440.0,,Red,CVDP003HYP,"Patients with GP recorded hypertension aged 80 and over, whose last blood pressure reading is to the appropriate treatment threshold, in the preceding 12 months.",Hypertension: Treated to appropriate threshold (age  >= 80) (CVDP003HYP),85.26,3,Deprivation quintile,1,6405.0,To March 2026,86.84,86.06,
E54000013,NHS Lincolnshire Integrated Care Board,Persons,8195.0,,Red,CVDP003HYP,"Patients with GP recorded hypertension aged 80 and over, whose last blood pressure reading is to the appropriate treatment threshold, in the preceding 12 months.",Hypertension: Treated to appropriate threshold (age  >= 80) (CVDP003HYP),84.96,4,Deprivation quintile,1,7025.0,To March 2026,86.47,85.74,
E54000013,NHS Lincolnshire Integrated Care Board,Persons,6575.0,,Red,CVDP003HYP,"Patients with GP recorded hypertension aged 80 and over, whose last blood pressure reading is to the appropriate treatment threshold, in the preceding 12 months.",Hypertension: Treated to appropriate threshold (age  >= 80) (CVDP003HYP),85.71,5 - least deprived,Deprivation quintile,1,5690.0,To March 2026,87.35,86.56,
E54000013,NHS Lincolnshire Integrated Care Board,Persons,110.0,,Red,CVDP003HYP,"Patients with GP recorded hypertension aged 80 and over, whose last blood pressure reading is to the appropriate treatment threshold, in the preceding 12 months.",Hypertension: Treated to appropriate threshold (age  >= 80) (CVDP003HYP),65.49,Asian,Ethnicity,1,80.0,To March 2026,81.42,74.55,
E54000013,NHS Lincolnshire Integrated Care Board,Persons,60.0,,Red,CVDP003HYP,"Patients with GP recorded hypertension aged 80 and over, whose last blood pressure reading is to the appropriate treatment threshold, in the preceding 12 months.",Hypertension: Treated to appropriate threshold (age  >= 80) (CVDP003HYP),59.38,Black,Ethnicity,1,45.0,To March 2026,81.25,72.13,
E54000013,NHS Lincolnshire Integrated Care Board,Persons,1145.0,,Red,CVDP003HYP,"Patients with GP recorded hypertension aged 80 and over, whose last blood pressure reading is to the appropriate treatment threshold, in the preceding 12 months.",Hypertension: Treated to appropriate threshold (age  >= 80) (CVDP003HYP),80.77,Missing,Ethnicity,1,950.0,To March 2026,85.03,82.98,
E54000013,NHS Lincolnshire Integrated Care Board,Persons,40.0,,Red,CVDP003HYP,"Patients with GP recorded hypertension aged 80 and over, whose last blood pressure reading is to the appropriate treatment threshold, in the preceding 12 months.",Hypertension: Treated to appropriate threshold (age  >= 80) (CVDP003HYP),72.73,Mixed,Ethnicity,1,35.0,To March 2026,93.18,85.37,
E54000013,NHS Lincolnshire Integrated Care Board,Persons,430.0,,Red,CVDP003HYP,"Patients with GP recorded hypertension aged 80 and over, whose last blood pressure reading is to the appropriate treatment threshold, in the preceding 12 months.",Hypertension: Treated to appropriate threshold (age  >= 80) (CVDP003HYP),80.56,Not stated,Ethnicity,1,360.0,To March 2026,87.27,84.15,
E54000013,NHS Lincolnshire Integrated Care Board,Persons,35.0,,Red,CVDP003HYP,"Patients with GP recorded hypertension aged 80 and over, whose last blood pressure reading is to the appropriate treatment threshold, in the preceding 12 months.",Hypertension: Treated to appropriate threshold (age  >= 80) (CVDP003HYP),62.5,Other,Ethnicity,1,30.0,To March 2026,87.5,78.38,
E54000013,NHS Lincolnshire Integrated Care Board,Persons,31800.0,,Red,CVDP003HYP,"Patients with GP recorded hypertension aged 80 and over, whose last blood pressure reading is to the appropriate treatment threshold, in the preceding 12 months.",Hypertension: Treated to appropriate threshold (age  >= 80) (CVDP003HYP),85.41,White,Ethnicity,1,27285.0,To March 2026,86.18,85.8,
E54000013,NHS Lincolnshire Integrated Care Board,Persons,33390.0,,Red,CVDP003HYP,"Patients with GP recorded hypertension aged 80 and over, whose last blood pressure reading is to the appropriate treatment threshold, in the preceding 12 months.",Hypertension: Treated to appropriate threshold (age  >= 80) (CVDP003HYP),85.26,People without SMI,Mental Health,1,28595.0,To March 2026,86.01,85.64,
E54000013,NHS Lincolnshire Integrated Care Board,Persons,235.0,,Red,CVDP003HYP,"Patients with GP recorded hypertension aged 80 and over, whose last blood pressure reading is to the appropriate treatment threshold, in the preceding 12 months.",Hypertension: Treated to appropriate threshold (age  >= 80) (CVDP003HYP),77.31,People with SMI,Mental Health,1,195.0,To March 2026,86.97,82.55,
E54000013,NHS Lincolnshire Integrated Care Board,Persons,33600.0,,Red,CVDP003HYP,"Patients with GP recorded hypertension aged 80 and over, whose last blood pressure reading is to the appropriate treatment threshold, in the preceding 12 months.",Hypertension: Treated to appropriate threshold (age  >= 80) (CVDP003HYP),85.23,People without a diagnosed learning disability,Learning Disability,1,28770.0,To March 2026,85.98,85.61,
E54000013,NHS Lincolnshire Integrated Care Board,Persons,25.0,,Red,CVDP003HYP,"Patients with GP recorded hypertension aged 80 and over, whose last blood pressure reading is to the appropriate treatment threshold, in the preceding 12 months.",Hypertension: Treated to appropriate threshold (age  >= 80) (CVDP003HYP),70.37,People with a diagnosed learning disability,Learning Disability,1,20.0,To March 2026,96.3,87.5,
E54000026,NHS Mid and South Essex Integrated Care Board,Persons,43170.0,,Red,CVDP003HYP,"Patients with GP recorded hypertension aged 80 and over, whose last blood pressure reading is to the appropriate treatment threshold, in the preceding 12 months.",Hypertension: Treated to appropriate threshold (age  >= 80) (CVDP003HYP),83.74,Persons,Sex,1,36300.0,To March 2026,84.43,84.08,
E54000026,NHS Mid and South Essex Integrated Care Board,Female,25985.0,,Red,CVDP003HYP,"Patients with GP recorded hypertension aged 80 and over, whose last blood pressure reading is to the appropriate treatment threshold, in the preceding 12 months.",Hypertension: Treated to appropriate threshold (age  >= 80) (CVDP003HYP),82.33,Female,Sex,1,21515.0,To March 2026,83.25,82.8,
E54000026,NHS Mid and South Essex Integrated Care Board,Male,17185.0,,Red,CVDP003HYP,"Patients with GP recorded hypertension aged 80 and over, whose last blood pressure reading is to the appropriate treatment threshold, in the preceding 12 months.",Hypertension: Treated to appropriate threshold (age  >= 80) (CVDP003HYP),85.5,Male,Sex,1,14785.0,To March 2026,86.54,86.03,
E54000026,NHS Mid and South Essex Integrated Care Board,Male,17185.0,,Red,CVDP003HYP,"Patients with GP recorded hypertension aged 80 and over, whose last blood pressure reading is to the appropriate treatment threshold, in the preceding 12 months.",Hypertension: Treated to appropriate threshold (age  >= 80) (CVDP003HYP),85.5,80+,Age group,1,14785.0,To March 2026,86.54,86.03,
E54000026,NHS Mid and South Essex Integrated Care Board,Female,25985.0,,Red,CVDP003HYP,"Patients with GP recorded hypertension aged 80 and over, whose last blood pressure reading is to the appropriate treatment threshold, in the preceding 12 months.",Hypertension: Treated to appropriate threshold (age  >= 80) (CVDP003HYP),82.33,80+,Age group,1,21515.0,To March 2026,83.25,82.8,
E54000026,NHS Mid and South Essex Integrated Care Board,Persons,43170.0,,Red,CVDP003HYP,"Patients with GP recorded hypertension aged 80 and over, whose last blood pressure reading is to the appropriate treatment threshold, in the preceding 12 months.",Hypertension: Treated to appropriate threshold (age  >= 80) (CVDP003HYP),83.74,80+,Age group,1,36300.0,To March 2026,84.43,84.08,
E54000026,NHS Mid and South Essex Integrated Care Board,Persons,3070.0,,Red,CVDP003HYP,"Patients with GP recorded hypertension aged 80 and over, whose last blood pressure reading is to the appropriate treatment threshold, in the preceding 12 months.",Hypertension: Treated to appropriate threshold (age  >= 80) (CVDP003HYP),82.56,1 - most deprived,Deprivation quintile,1,2575.0,To March 2026,85.13,83.88,
E54000026,NHS Mid and South Essex Integrated Care Board,Persons,6130.0,,Red,CVDP003HYP,"Patients with GP recorded hypertension aged 80 and over, whose last blood pressure reading is to the appropriate treatment threshold, in the preceding 12 months.",Hypertension: Treated to appropriate threshold (age  >= 80) (CVDP003HYP),83.07,2,Deprivation quintile,1,5150.0,To March 2026,84.9,84.01,
E54000026,NHS Mid and South Essex Integrated Care Board,Persons,9545.0,,Red,CVDP003HYP,"Patients with GP recorded hypertension aged 80 and over, whose last blood pressure reading is to the appropriate treatment threshold, in the preceding 12 months.",Hypertension: Treated to appropriate threshold (age  >= 80) (CVDP003HYP),83.57,3,Deprivation quintile,1,8045.0,To March 2026,85.02,84.31,
E54000026,NHS Mid and South Essex Integrated Care Board,Persons,11455.0,,Red,CVDP003HYP,"Patients with GP recorded hypertension aged 80 and over, whose last blood pressure reading is to the appropriate treatment threshold, in the preceding 12 months.",Hypertension: Treated to appropriate threshold (age  >= 80) (CVDP003HYP),84.35,4,Deprivation quintile,1,9740.0,To March 2026,85.65,85.01,
E54000026,NHS Mid and South Essex Integrated Care Board,Persons,13205.0,,Red,CVDP003HYP,"Patients with GP recorded hypertension aged 80 and over, whose last blood pressure reading is to the appropriate treatment threshold, in the preceding 12 months.",Hypertension: Treated to appropriate threshold (age  >= 80) (CVDP003HYP),82.55,5 - least deprived,Deprivation quintile,1,10990.0,To March 2026,83.82,83.2,
E54000026,NHS Mid and South Essex Integrated Care Board,Persons,545.0,,Red,CVDP003HYP,"Patients with GP recorded hypertension aged 80 and over, whose last blood pressure reading is to the appropriate treatment threshold, in the preceding 12 months.",Hypertension: Treated to appropriate threshold (age  >= 80) (CVDP003HYP),78.73,Asian,Ethnicity,1,450.0,To March 2026,85.09,82.08,
E54000026,NHS Mid and South Essex Integrated Care Board,Persons,335.0,,Red,CVDP003HYP,"Patients with GP recorded hypertension aged 80 and over, whose last blood pressure reading is to the appropriate treatment threshold, in the preceding 12 months.",Hypertension: Treated to appropriate threshold (age  >= 80) (CVDP003HYP),66.67,Black,Ethnicity,1,240.0,To March 2026,76.19,71.77,
E54000026,NHS Mid and South Essex Integrated Care Board,Persons,2515.0,,Red,CVDP003HYP,"Patients with GP recorded hypertension aged 80 and over, whose last blood pressure reading is to the appropriate treatment threshold, in the preceding 12 months.",Hypertension: Treated to appropriate threshold (age  >= 80) (CVDP003HYP),79.56,Missing,Ethnicity,1,2040.0,To March 2026,82.62,81.13,
E54000026,NHS Mid and South Essex Integrated Care Board,Persons,160.0,,Red,CVDP003HYP,"Patients with GP recorded hypertension aged 80 and over, whose last blood pressure reading is to the appropriate treatment threshold, in the preceding 12 months.",Hypertension: Treated to appropriate threshold (age  >= 80) (CVDP003HYP),72.05,Mixed,Ethnicity,1,125.0,To March 2026,84.47,79.11,
E54000026,NHS Mid and South Essex Integrated Care Board,Persons,1755.0,,Red,CVDP003HYP,"Patients with GP recorded hypertension aged 80 and over, whose last blood pressure reading is to the appropriate treatment threshold, in the preceding 12 months.",Hypertension: Treated to appropriate threshold (age  >= 80) (CVDP003HYP),77.93,Not stated,Ethnicity,1,1400.0,To March 2026,81.63,79.83,
E54000026,NHS Mid and South Essex Integrated Care Board,Persons,95.0,,Red,CVDP003HYP,"Patients with GP recorded hypertension aged 80 and over, whose last blood pressure reading is to the appropriate treatment threshold, in the preceding 12 months.",Hypertension: Treated to appropriate threshold (age  >= 80) (CVDP003HYP),72.92,Other,Ethnicity,1,75.0,To March 2026,88.54,81.72,
E54000026,NHS Mid and South Essex Integrated Care Board,Persons,37770.0,,Red,CVDP003HYP,"Patients with GP recorded hypertension aged 80 and over, whose last blood pressure reading is to the appropriate treatment threshold, in the preceding 12 months.",Hypertension: Treated to appropriate threshold (age  >= 80) (CVDP003HYP),84.28,White,Ethnicity,1,31970.0,To March 2026,85.0,84.64,
E54000026,NHS Mid and South Essex Integrated Care Board,Persons,42850.0,,Red,CVDP003HYP,"Patients with GP recorded hypertension aged 80 and over, whose last blood pressure reading is to the appropriate treatment threshold, in the preceding 12 months.",Hypertension: Treated to appropriate threshold (age  >= 80) (CVDP003HYP),83.73,People without SMI,Mental Health,1,36030.0,To March 2026,84.42,84.08,
E54000026,NHS Mid and South Essex Integrated Care Board,Persons,320.0,,Red,CVDP003HYP,"Patients with GP recorded hypertension aged 80 and over, whose last blood pressure reading is to the appropriate treatment threshold, in the preceding 12 months.",Hypertension: Treated to appropriate threshold (age  >= 80) (CVDP003HYP),80.43,People with SMI,Mental Health,1,270.0,To March 2026,88.2,84.64,
E54000026,NHS Mid and South Essex Integrated Care Board,Persons,43145.0,,Red,CVDP003HYP,"Patients with GP recorded hypertension aged 80 and over, whose last blood pressure reading is to the appropriate treatment threshold, in the preceding 12 months.",Hypertension: Treated to appropriate threshold (age  >= 80) (CVDP003HYP),83.74,People without a diagnosed learning disability,Learning Disability,1,36280.0,To March 2026,84.43,84.09,
E54000026,NHS Mid and South Essex Integrated Care Board,Persons,25.0,,Red,CVDP003HYP,"Patients with GP recorded hypertension aged 80 and over, whose last blood pressure reading is to the appropriate treatment threshold, in the preceding 12 months.",Hypertension: Treated to appropriate threshold (age  >= 80) (CVDP003HYP),55.17,People with a diagnosed learning disability,Learning Disability,1,20.0,To March 2026,86.21,73.08,
E54000022,Nhs Norfolk And Waveney Integrated Care Board,Persons,46925.0,,Red,CVDP003HYP,"Patients with GP recorded hypertension aged 80 and over, whose last blood pressure reading is to the appropriate treatment threshold, in the preceding 12 months.",Hypertension: Treated to appropriate threshold (age  >= 80) (CVDP003HYP),84.04,Persons,Sex,1,39590.0,To March 2026,84.69,84.37,
E54000022,Nhs Norfolk And Waveney Integrated Care Board,Female,27585.0,,Red,CVDP003HYP,"Patients with GP recorded hypertension aged 80 and over, whose last blood pressure reading is to the appropriate treatment threshold, in the preceding 12 months.",Hypertension: Treated to appropriate threshold (age  >= 80) (CVDP003HYP),82.44,Female,Sex,1,22865.0,To March 2026,83.33,82.89,
E54000022,Nhs Norfolk And Waveney Integrated Care Board,Male,19340.0,,Red,CVDP003HYP,"Patients with GP recorded hypertension aged 80 and over, whose last blood pressure reading is to the appropriate treatment threshold, in the preceding 12 months.",Hypertension: Treated to appropriate threshold (age  >= 80) (CVDP003HYP),85.99,Male,Sex,1,16725.0,To March 2026,86.95,86.47,
E54000022,Nhs Norfolk And Waveney Integrated Care Board,Male,19340.0,,Red,CVDP003HYP,"Patients with GP recorded hypertension aged 80 and over, whose last blood pressure reading is to the appropriate treatment threshold, in the preceding 12 months.",Hypertension: Treated to appropriate threshold (age  >= 80) (CVDP003HYP),85.99,80+,Age group,1,16725.0,To March 2026,86.95,86.47,
E54000022,Nhs Norfolk And Waveney Integrated Care Board,Female,27585.0,,Red,CVDP003HYP,"Patients with GP recorded hypertension aged 80 and over, whose last blood pressure reading is to the appropriate treatment threshold, in the preceding 12 months.",Hypertension: Treated to appropriate threshold (age  >= 80) (CVDP003HYP),82.44,80+,Age group,1,22865.0,To March 2026,83.33,82.89,
E54000022,Nhs Norfolk And Waveney Integrated Care Board,Persons,46925.0,,Red,CVDP003HYP,"Patients with GP recorded hypertension aged 80 and over, whose last blood pressure reading is to the appropriate treatment threshold, in the preceding 12 months.",Hypertension: Treated to appropriate threshold (age  >= 80) (CVDP003HYP),84.04,80+,Age group,1,39590.0,To March 2026,84.69,84.37,
E54000022,Nhs Norfolk And Waveney Integrated Care Board,Persons,4650.0,,Red,CVDP003HYP,"Patients with GP recorded hypertension aged 80 and over, whose last blood pressure reading is to the appropriate treatment threshold, in the preceding 12 months.",Hypertension: Treated to appropriate threshold (age  >= 80) (CVDP003HYP),82.08,1 - most deprived,Deprivation quintile,1,3870.0,To March 2026,84.23,83.19,
E54000022,Nhs Norfolk And Waveney Integrated Care Board,Persons,10680.0,,Red,CVDP003HYP,"Patients with GP recorded hypertension aged 80 and over, whose last blood pressure reading is to the appropriate treatment threshold, in the preceding 12 months.",Hypertension: Treated to appropriate threshold (age  >= 80) (CVDP003HYP),84.09,2,Deprivation quintile,1,9055.0,To March 2026,85.45,84.78,
E54000022,Nhs Norfolk And Waveney Integrated Care Board,Persons,17280.0,,Red,CVDP003HYP,"Patients with GP recorded hypertension aged 80 and over, whose last blood pressure reading is to the appropriate treatment threshold, in the preceding 12 months.",Hypertension: Treated to appropriate threshold (age  >= 80) (CVDP003HYP),84.12,3,Deprivation quintile,1,14630.0,To March 2026,85.19,84.66,
E54000022,Nhs Norfolk And Waveney Integrated Care Board,Persons,8955.0,,Red,CVDP003HYP,"Patients with GP recorded hypertension aged 80 and over, whose last blood pressure reading is to the appropriate treatment threshold, in the preceding 12 months.",Hypertension: Treated to appropriate threshold (age  >= 80) (CVDP003HYP),83.35,4,Deprivation quintile,1,7535.0,To March 2026,84.85,84.11,
E54000022,Nhs Norfolk And Waveney Integrated Care Board,Persons,5615.0,,Red,CVDP003HYP,"Patients with GP recorded hypertension aged 80 and over, whose last blood pressure reading is to the appropriate treatment threshold, in the preceding 12 months.",Hypertension: Treated to appropriate threshold (age  >= 80) (CVDP003HYP),82.77,5 - least deprived,Deprivation quintile,1,4705.0,To March 2026,84.69,83.76,
E54000022,Nhs Norfolk And Waveney Integrated Care Board,Persons,130.0,,Red,CVDP003HYP,"Patients with GP recorded hypertension aged 80 and over, whose last blood pressure reading is to the appropriate treatment threshold, in the preceding 12 months.",Hypertension: Treated to appropriate threshold (age  >= 80) (CVDP003HYP),71.97,Asian,Ethnicity,1,105.0,To March 2026,85.61,79.84,
E54000022,Nhs Norfolk And Waveney Integrated Care Board,Persons,60.0,,Red,CVDP003HYP,"Patients with GP recorded hypertension aged 80 and over, whose last blood pressure reading is to the appropriate treatment threshold, in the preceding 12 months.",Hypertension: Treated to appropriate threshold (age  >= 80) (CVDP003HYP),66.15,Black,Ethnicity,1,50.0,To March 2026,86.15,77.42,
E54000022,Nhs Norfolk And Waveney Integrated Care Board,Persons,1780.0,,Red,CVDP003HYP,"Patients with GP recorded hypertension aged 80 and over, whose last blood pressure reading is to the appropriate treatment threshold, in the preceding 12 months.",Hypertension: Treated to appropriate threshold (age  >= 80) (CVDP003HYP),78.71,Missing,Ethnicity,1,1435.0,To March 2026,82.35,80.58,
E54000022,Nhs Norfolk And Waveney Integrated Care Board,Persons,50.0,,Red,CVDP003HYP,"Patients with GP recorded hypertension aged 80 and over, whose last blood pressure reading is to the appropriate treatment threshold, in the preceding 12 months.",Hypertension: Treated to appropriate threshold (age  >= 80) (CVDP003HYP),61.11,Mixed,Ethnicity,1,40.0,To March 2026,83.33,74.51,
E54000022,Nhs Norfolk And Waveney Integrated Care Board,Persons,990.0,,Red,CVDP003HYP,"Patients with GP recorded hypertension aged 80 and over, whose last blood pressure reading is to the appropriate treatment threshold, in the preceding 12 months.",Hypertension: Treated to appropriate threshold (age  >= 80) (CVDP003HYP),79.56,Not stated,Ethnicity,1,810.0,To March 2026,84.29,82.02,
E54000022,Nhs Norfolk And Waveney Integrated Care Board,Persons,65.0,,Red,CVDP003HYP,"Patients with GP recorded hypertension aged 80 and over, whose last blood pressure reading is to the appropriate treatment threshold, in the preceding 12 months.",Hypertension: Treated to appropriate threshold (age  >= 80) (CVDP003HYP),71.01,Other,Ethnicity,1,55.0,To March 2026,88.41,81.82,
E54000022,Nhs Norfolk And Waveney Integrated Care Board,Persons,43845.0,,Red,CVDP003HYP,"Patients with GP recorded hypertension aged 80 and over, whose last blood pressure reading is to the appropriate treatment threshold, in the preceding 12 months.",Hypertension: Treated to appropriate threshold (age  >= 80) (CVDP003HYP),84.27,White,Ethnicity,1,37100.0,To March 2026,84.95,84.61,
E54000022,Nhs Norfolk And Waveney Integrated Care Board,Persons,46565.0,,Red,CVDP003HYP,"Patients with GP recorded hypertension aged 80 and over, whose last blood pressure reading is to the appropriate treatment threshold, in the preceding 12 months.",Hypertension: Treated to appropriate threshold (age  >= 80) (CVDP003HYP),84.05,People without SMI,Mental Health,1,39290.0,To March 2026,84.71,84.38,
E54000022,Nhs Norfolk And Waveney Integrated Care Board,Persons,360.0,,Red,CVDP003HYP,"Patients with GP recorded hypertension aged 80 and over, whose last blood pressure reading is to the appropriate treatment threshold, in the preceding 12 months.",Hypertension: Treated to appropriate threshold (age  >= 80) (CVDP003HYP),78.02,People with SMI,Mental Health,1,295.0,To March 2026,85.71,82.27,
E54000022,Nhs Norfolk And Waveney Integrated Care Board,Persons,46870.0,,Red,CVDP003HYP,"Patients with GP recorded hypertension aged 80 and over, whose last blood pressure reading is to the appropriate treatment threshold, in the preceding 12 months.",Hypertension: Treated to appropriate threshold (age  >= 80) (CVDP003HYP),84.03,People without a diagnosed learning disability,Learning Disability,1,39540.0,To March 2026,84.69,84.36,
E54000022,Nhs Norfolk And Waveney Integrated Care Board,Persons,55.0,,Red,CVDP003HYP,"Patients with GP recorded hypertension aged 80 and over, whose last blood pressure reading is to the appropriate treatment threshold, in the preceding 12 months.",Hypertension: Treated to appropriate threshold (age  >= 80) (CVDP003HYP),75.44,People with a diagnosed learning disability,Learning Disability,1,45.0,To March 2026,92.98,87.04,
E54000028,NHS North Central London Integrated Care Board,Persons,34330.0,,Red,CVDP003HYP,"Patients with GP recorded hypertension aged 80 and over, whose last blood pressure reading is to the appropriate treatment threshold, in the preceding 12 months.",Hypertension: Treated to appropriate threshold (age  >= 80) (CVDP003HYP),83.85,Persons,Sex,1,28920.0,To March 2026,84.62,84.24,
E54000028,NHS North Central London Integrated Care Board,Female,20510.0,,Red,CVDP003HYP,"Patients with GP recorded hypertension aged 80 and over, whose last blood pressure reading is to the appropriate treatment threshold, in the preceding 12 months.",Hypertension: Treated to appropriate threshold (age  >= 80) (CVDP003HYP),81.94,Female,Sex,1,16915.0,To March 2026,82.98,82.46,
E54000028,NHS North Central London Integrated Care Board,Male,13820.0,,Red,CVDP003HYP,"Patients with GP recorded hypertension aged 80 and over, whose last blood pressure reading is to the appropriate treatment threshold, in the preceding 12 months.",Hypertension: Treated to appropriate threshold (age  >= 80) (CVDP003HYP),86.31,Male,Sex,1,12010.0,To March 2026,87.43,86.88,
E54000028,NHS North Central London Integrated Care Board,Male,13820.0,,Red,CVDP003HYP,"Patients with GP recorded hypertension aged 80 and over, whose last blood pressure reading is to the appropriate treatment threshold, in the preceding 12 months.",Hypertension: Treated to appropriate threshold (age  >= 80) (CVDP003HYP),86.31,80+,Age group,1,12010.0,To March 2026,87.43,86.88,
E54000028,NHS North Central London Integrated Care Board,Female,20510.0,,Red,CVDP003HYP,"Patients with GP recorded hypertension aged 80 and over, whose last blood pressure reading is to the appropriate treatment threshold, in the preceding 12 months.",Hypertension: Treated to appropriate threshold (age  >= 80) (CVDP003HYP),81.94,80+,Age group,1,16915.0,To March 2026,82.98,82.46,
E54000028,NHS North Central London Integrated Care Board,Persons,34330.0,,Red,CVDP003HYP,"Patients with GP recorded hypertension aged 80 and over, whose last blood pressure reading is to the appropriate treatment threshold, in the preceding 12 months.",Hypertension: Treated to appropriate threshold (age  >= 80) (CVDP003HYP),83.85,80+,Age group,1,28920.0,To March 2026,84.62,84.24,
E54000028,NHS North Central London Integrated Care Board,Persons,5370.0,,Red,CVDP003HYP,"Patients with GP recorded hypertension aged 80 and over, whose last blood pressure reading is to the appropriate treatment threshold, in the preceding 12 months.",Hypertension: Treated to appropriate threshold (age  >= 80) (CVDP003HYP),82.24,1 - most deprived,Deprivation quintile,1,4470.0,To March 2026,84.23,83.25,
E54000028,NHS North Central London Integrated Care Board,Persons,8260.0,,Red,CVDP003HYP,"Patients with GP recorded hypertension aged 80 and over, whose last blood pressure reading is to the appropriate treatment threshold, in the preceding 12 months.",Hypertension: Treated to appropriate threshold (age  >= 80) (CVDP003HYP),83.34,2,Deprivation quintile,1,6950.0,To March 2026,84.91,84.14,
E54000028,NHS North Central London Integrated Care Board,Persons,7545.0,,Red,CVDP003HYP,"Patients with GP recorded hypertension aged 80 and over, whose last blood pressure reading is to the appropriate treatment threshold, in the preceding 12 months.",Hypertension: Treated to appropriate threshold (age  >= 80) (CVDP003HYP),83.32,3,Deprivation quintile,1,6350.0,To March 2026,84.96,84.16,
E54000028,NHS North Central London Integrated Care Board,Persons,8180.0,,Red,CVDP003HYP,"Patients with GP recorded hypertension aged 80 and over, whose last blood pressure reading is to the appropriate treatment threshold, in the preceding 12 months.",Hypertension: Treated to appropriate threshold (age  >= 80) (CVDP003HYP),83.64,4,Deprivation quintile,1,6910.0,To March 2026,85.2,84.44,
E54000028,NHS North Central London Integrated Care Board,Persons,4565.0,,Red,CVDP003HYP,"Patients with GP recorded hypertension aged 80 and over, whose last blood pressure reading is to the appropriate treatment threshold, in the preceding 12 months.",Hypertension: Treated to appropriate threshold (age  >= 80) (CVDP003HYP),84.89,5 - least deprived,Deprivation quintile,1,3920.0,To March 2026,86.91,85.93,
E54000028,NHS North Central London Integrated Care Board,Persons,4660.0,,Red,CVDP003HYP,"Patients with GP recorded hypertension aged 80 and over, whose last blood pressure reading is to the appropriate treatment threshold, in the preceding 12 months.",Hypertension: Treated to appropriate threshold (age  >= 80) (CVDP003HYP),82.41,Asian,Ethnicity,1,3890.0,To March 2026,84.53,83.49,
E54000028,NHS North Central London Integrated Care Board,Persons,3985.0,,Red,CVDP003HYP,"Patients with GP recorded hypertension aged 80 and over, whose last blood pressure reading is to the appropriate treatment threshold, in the preceding 12 months.",Hypertension: Treated to appropriate threshold (age  >= 80) (CVDP003HYP),78.3,Black,Ethnicity,1,3170.0,To March 2026,80.78,79.56,
E54000028,NHS North Central London Integrated Care Board,Persons,185.0,,Red,CVDP003HYP,"Patients with GP recorded hypertension aged 80 and over, whose last blood pressure reading is to the appropriate treatment threshold, in the preceding 12 months.",Hypertension: Treated to appropriate threshold (age  >= 80) (CVDP003HYP),57.89,Missing,Ethnicity,1,120.0,To March 2026,71.05,64.71,
E54000028,NHS North Central London Integrated Care Board,Persons,725.0,,Red,CVDP003HYP,"Patients with GP recorded hypertension aged 80 and over, whose last blood pressure reading is to the appropriate treatment threshold, in the preceding 12 months.",Hypertension: Treated to appropriate threshold (age  >= 80) (CVDP003HYP),78.05,Mixed,Ethnicity,1,590.0,To March 2026,83.68,80.99,
E54000028,NHS North Central London Integrated Care Board,Persons,735.0,,Red,CVDP003HYP,"Patients with GP recorded hypertension aged 80 and over, whose last blood pressure reading is to the appropriate treatment threshold, in the preceding 12 months.",Hypertension: Treated to appropriate threshold (age  >= 80) (CVDP003HYP),73.65,Not stated,Ethnicity,1,565.0,To March 2026,79.73,76.8,
E54000028,NHS North Central London Integrated Care Board,Persons,1540.0,,Red,CVDP003HYP,"Patients with GP recorded hypertension aged 80 and over, whose last blood pressure reading is to the appropriate treatment threshold, in the preceding 12 months.",Hypertension: Treated to appropriate threshold (age  >= 80) (CVDP003HYP),79.49,Other,Ethnicity,1,1255.0,To March 2026,83.32,81.47,
E54000028,NHS North Central London Integrated Care Board,Persons,22495.0,,Red,CVDP003HYP,"Patients with GP recorded hypertension aged 80 and over, whose last blood pressure reading is to the appropriate treatment threshold, in the preceding 12 months.",Hypertension: Treated to appropriate threshold (age  >= 80) (CVDP003HYP),85.47,White,Ethnicity,1,19330.0,To March 2026,86.37,85.93,
E54000028,NHS North Central London Integrated Care Board,Persons,33735.0,,Red,CVDP003HYP,"Patients with GP recorded hypertension aged 80 and over, whose last blood pressure reading is to the appropriate treatment threshold, in the preceding 12 months.",Hypertension: Treated to appropriate threshold (age  >= 80) (CVDP003HYP),83.84,People without SMI,Mental Health,1,28420.0,To March 2026,84.62,84.24,
E54000028,NHS North Central London Integrated Care Board,Persons,595.0,,Red,CVDP003HYP,"Patients with GP recorded hypertension aged 80 and over, whose last blood pressure reading is to the appropriate treatment threshold, in the preceding 12 months.",Hypertension: Treated to appropriate threshold (age  >= 80) (CVDP003HYP),81.44,People with SMI,Mental Health,1,505.0,To March 2026,87.12,84.54,
E54000028,NHS North Central London Integrated Care Board,Persons,34285.0,,Red,CVDP003HYP,"Patients with GP recorded hypertension aged 80 and over, whose last blood pressure reading is to the appropriate treatment threshold, in the preceding 12 months.",Hypertension: Treated to appropriate threshold (age  >= 80) (CVDP003HYP),83.85,People without a diagnosed learning disability,Learning Disability,1,28880.0,To March 2026,84.62,84.24,
E54000028,NHS North Central London Integrated Care Board,Persons,50.0,,Red,CVDP003HYP,"Patients with GP recorded hypertension aged 80 and over, whose last blood pressure reading is to the appropriate treatment threshold, in the preceding 12 months.",Hypertension: Treated to appropriate threshold (age  >= 80) (CVDP003HYP),76.47,People with a diagnosed learning disability,Learning Disability,1,40.0,To March 2026,94.12,87.5,
E54000050,NHS North East and North Cumbria Integrated Care Board,Persons,112165.0,,Red,CVDP003HYP,"Patients with GP recorded hypertension aged 80 and over, whose last blood pressure reading is to the appropriate treatment threshold, in the preceding 12 months.",Hypertension: Treated to appropriate threshold (age  >= 80) (CVDP003HYP),85.23,Persons,Sex,1,95835.0,To March 2026,85.65,85.44,
E54000050,NHS North East and North Cumbria Integrated Care Board,Female,67285.0,,Red,CVDP003HYP,"Patients with GP recorded hypertension aged 80 and over, whose last blood pressure reading is to the appropriate treatment threshold, in the preceding 12 months.",Hypertension: Treated to appropriate threshold (age  >= 80) (CVDP003HYP),83.55,Female,Sex,1,56405.0,To March 2026,84.11,83.83,
E54000050,NHS North East and North Cumbria Integrated Care Board,Male,44875.0,,Red,CVDP003HYP,"Patients with GP recorded hypertension aged 80 and over, whose last blood pressure reading is to the appropriate treatment threshold, in the preceding 12 months.",Hypertension: Treated to appropriate threshold (age  >= 80) (CVDP003HYP),87.55,Male,Sex,1,39425.0,To March 2026,88.15,87.85,
E54000050,NHS North East and North Cumbria Integrated Care Board,Male,44875.0,,Red,CVDP003HYP,"Patients with GP recorded hypertension aged 80 and over, whose last blood pressure reading is to the appropriate treatment threshold, in the preceding 12 months.",Hypertension: Treated to appropriate threshold (age  >= 80) (CVDP003HYP),87.55,80+,Age group,1,39425.0,To March 2026,88.15,87.85,
E54000050,NHS North East and North Cumbria Integrated Care Board,Female,67285.0,,Red,CVDP003HYP,"Patients with GP recorded hypertension aged 80 and over, whose last blood pressure reading is to the appropriate treatment threshold, in the preceding 12 months.",Hypertension: Treated to appropriate threshold (age  >= 80) (CVDP003HYP),83.55,80+,Age group,1,56405.0,To March 2026,84.11,83.83,
E54000050,NHS North East and North Cumbria Integrated Care Board,Persons,112165.0,,Red,CVDP003HYP,"Patients with GP recorded hypertension aged 80 and over, whose last blood pressure reading is to the appropriate treatment threshold, in the preceding 12 months.",Hypertension: Treated to appropriate threshold (age  >= 80) (CVDP003HYP),85.23,80+,Age group,1,95835.0,To March 2026,85.65,85.44,
E54000050,NHS North East and North Cumbria Integrated Care Board,Persons,27135.0,,Red,CVDP003HYP,"Patients with GP recorded hypertension aged 80 and over, whose last blood pressure reading is to the appropriate treatment threshold, in the preceding 12 months.",Hypertension: Treated to appropriate threshold (age  >= 80) (CVDP003HYP),84.85,1 - most deprived,Deprivation quintile,1,23140.0,To March 2026,85.69,85.27,
E54000050,NHS North East and North Cumbria Integrated Care Board,Persons,25055.0,,Red,CVDP003HYP,"Patients with GP recorded hypertension aged 80 and over, whose last blood pressure reading is to the appropriate treatment threshold, in the preceding 12 months.",Hypertension: Treated to appropriate threshold (age  >= 80) (CVDP003HYP),84.91,2,Deprivation quintile,1,21385.0,To March 2026,85.78,85.35,
E54000050,NHS North East and North Cumbria Integrated Care Board,Persons,19635.0,,Red,CVDP003HYP,"Patients with GP recorded hypertension aged 80 and over, whose last blood pressure reading is to the appropriate treatment threshold, in the preceding 12 months.",Hypertension: Treated to appropriate threshold (age  >= 80) (CVDP003HYP),84.94,3,Deprivation quintile,1,16775.0,To March 2026,85.92,85.43,
E54000050,NHS North East and North Cumbria Integrated Care Board,Persons,20955.0,,Red,CVDP003HYP,"Patients with GP recorded hypertension aged 80 and over, whose last blood pressure reading is to the appropriate treatment threshold, in the preceding 12 months.",Hypertension: Treated to appropriate threshold (age  >= 80) (CVDP003HYP),85.43,4,Deprivation quintile,1,18005.0,To March 2026,86.37,85.91,
E54000050,NHS North East and North Cumbria Integrated Care Board,Persons,19355.0,,Red,CVDP003HYP,"Patients with GP recorded hypertension aged 80 and over, whose last blood pressure reading is to the appropriate treatment threshold, in the preceding 12 months.",Hypertension: Treated to appropriate threshold (age  >= 80) (CVDP003HYP),84.77,5 - least deprived,Deprivation quintile,1,16505.0,To March 2026,85.77,85.27,
E54000050,NHS North East and North Cumbria Integrated Care Board,Persons,885.0,,Red,CVDP003HYP,"Patients with GP recorded hypertension aged 80 and over, whose last blood pressure reading is to the appropriate treatment threshold, in the preceding 12 months.",Hypertension: Treated to appropriate threshold (age  >= 80) (CVDP003HYP),75.7,Asian,Ethnicity,1,695.0,To March 2026,81.1,78.56,
E54000050,NHS North East and North Cumbria Integrated Care Board,Persons,90.0,,Red,CVDP003HYP,"Patients with GP recorded hypertension aged 80 and over, whose last blood pressure reading is to the appropriate treatment threshold, in the preceding 12 months.",Hypertension: Treated to appropriate threshold (age  >= 80) (CVDP003HYP),56.04,Black,Ethnicity,1,60.0,To March 2026,74.73,65.91,
E54000050,NHS North East and North Cumbria Integrated Care Board,Persons,1225.0,,Red,CVDP003HYP,"Patients with GP recorded hypertension aged 80 and over, whose last blood pressure reading is to the appropriate treatment threshold, in the preceding 12 months.",Hypertension: Treated to appropriate threshold (age  >= 80) (CVDP003HYP),78.46,Missing,Ethnicity,1,990.0,To March 2026,82.85,80.77,
E54000050,NHS North East and North Cumbria Integrated Care Board,Persons,145.0,,Red,CVDP003HYP,"Patients with GP recorded hypertension aged 80 and over, whose last blood pressure reading is to the appropriate treatment threshold, in the preceding 12 months.",Hypertension: Treated to appropriate threshold (age  >= 80) (CVDP003HYP),71.81,Mixed,Ethnicity,1,115.0,To March 2026,84.56,78.77,
E54000050,NHS North East and North Cumbria Integrated Care Board,Persons,1925.0,,Red,CVDP003HYP,"Patients with GP recorded hypertension aged 80 and over, whose last blood pressure reading is to the appropriate treatment threshold, in the preceding 12 months.",Hypertension: Treated to appropriate threshold (age  >= 80) (CVDP003HYP),81.35,Not stated,Ethnicity,1,1600.0,To March 2026,84.66,83.08,
E54000050,NHS North East and North Cumbria Integrated Care Board,Persons,150.0,,Red,CVDP003HYP,"Patients with GP recorded hypertension aged 80 and over, whose last blood pressure reading is to the appropriate treatment threshold, in the preceding 12 months.",Hypertension: Treated to appropriate threshold (age  >= 80) (CVDP003HYP),72.19,Other,Ethnicity,1,115.0,To March 2026,84.77,79.05,
E54000050,NHS North East and North Cumbria Integrated Care Board,Persons,107740.0,,Red,CVDP003HYP,"Patients with GP recorded hypertension aged 80 and over, whose last blood pressure reading is to the appropriate treatment threshold, in the preceding 12 months.",Hypertension: Treated to appropriate threshold (age  >= 80) (CVDP003HYP),85.42,White,Ethnicity,1,92255.0,To March 2026,85.83,85.63,
E54000050,NHS North East and North Cumbria Integrated Care Board,Persons,111165.0,,Red,CVDP003HYP,"Patients with GP recorded hypertension aged 80 and over, whose last blood pressure reading is to the appropriate treatment threshold, in the preceding 12 months.",Hypertension: Treated to appropriate threshold (age  >= 80) (CVDP003HYP),85.24,People without SMI,Mental Health,1,94985.0,To March 2026,85.65,85.45,
E54000050,NHS North East and North Cumbria Integrated Care Board,Persons,1000.0,,Red,CVDP003HYP,"Patients with GP recorded hypertension aged 80 and over, whose last blood pressure reading is to the appropriate treatment threshold, in the preceding 12 months.",Hypertension: Treated to appropriate threshold (age  >= 80) (CVDP003HYP),82.42,People with SMI,Mental Health,1,845.0,To March 2026,86.81,84.77,
E54000050,NHS North East and North Cumbria Integrated Care Board,Persons,112010.0,,Red,CVDP003HYP,"Patients with GP recorded hypertension aged 80 and over, whose last blood pressure reading is to the appropriate treatment threshold, in the preceding 12 months.",Hypertension: Treated to appropriate threshold (age  >= 80) (CVDP003HYP),85.23,People without a diagnosed learning disability,Learning Disability,1,95705.0,To March 2026,85.65,85.44,
E54000050,NHS North East and North Cumbria Integrated Care Board,Persons,150.0,,Red,CVDP003HYP,"Patients with GP recorded hypertension aged 80 and over, whose last blood pressure reading is to the appropriate treatment threshold, in the preceding 12 months.",Hypertension: Treated to appropriate threshold (age  >= 80) (CVDP003HYP),78.71,People with a diagnosed learning disability,Learning Disability,1,130.0,To March 2026,89.68,84.87,
E54000029,NHS North East London Integrated Care Board,Persons,35440.0,,Red,CVDP003HYP,"Patients with GP recorded hypertension aged 80 and over, whose last blood pressure reading is to the appropriate treatment threshold, in the preceding 12 months.",Hypertension: Treated to appropriate threshold (age  >= 80) (CVDP003HYP),85.02,Persons,Sex,1,30265.0,To March 2026,85.76,85.39,
E54000029,NHS North East London Integrated Care Board,Female,21635.0,,Red,CVDP003HYP,"Patients with GP recorded hypertension aged 80 and over, whose last blood pressure reading is to the appropriate treatment threshold, in the preceding 12 months.",Hypertension: Treated to appropriate threshold (age  >= 80) (CVDP003HYP),83.57,Female,Sex,1,18185.0,To March 2026,84.54,84.06,
E54000029,NHS North East London Integrated Care Board,Male,13805.0,,Red,CVDP003HYP,"Patients with GP recorded hypertension aged 80 and over, whose last blood pressure reading is to the appropriate treatment threshold, in the preceding 12 months.",Hypertension: Treated to appropriate threshold (age  >= 80) (CVDP003HYP),86.93,Male,Sex,1,12075.0,To March 2026,88.03,87.49,
E54000029,NHS North East London Integrated Care Board,Male,13805.0,,Red,CVDP003HYP,"Patients with GP recorded hypertension aged 80 and over, whose last blood pressure reading is to the appropriate treatment threshold, in the preceding 12 months.",Hypertension: Treated to appropriate threshold (age  >= 80) (CVDP003HYP),86.93,80+,Age group,1,12075.0,To March 2026,88.03,87.49,
E54000029,NHS North East London Integrated Care Board,Female,21635.0,,Red,CVDP003HYP,"Patients with GP recorded hypertension aged 80 and over, whose last blood pressure reading is to the appropriate treatment threshold, in the preceding 12 months.",Hypertension: Treated to appropriate threshold (age  >= 80) (CVDP003HYP),83.57,80+,Age group,1,18185.0,To March 2026,84.54,84.06,
E54000029,NHS North East London Integrated Care Board,Persons,35440.0,,Red,CVDP003HYP,"Patients with GP recorded hypertension aged 80 and over, whose last blood pressure reading is to the appropriate treatment threshold, in the preceding 12 months.",Hypertension: Treated to appropriate threshold (age  >= 80) (CVDP003HYP),85.02,80+,Age group,1,30265.0,To March 2026,85.76,85.39,
E54000029,NHS North East London Integrated Care Board,Persons,6925.0,,Red,CVDP003HYP,"Patients with GP recorded hypertension aged 80 and over, whose last blood pressure reading is to the appropriate treatment threshold, in the preceding 12 months.",Hypertension: Treated to appropriate threshold (age  >= 80) (CVDP003HYP),84.25,1 - most deprived,Deprivation quintile,1,5895.0,To March 2026,85.93,85.11,
E54000029,NHS North East London Integrated Care Board,Persons,12465.0,,Red,CVDP003HYP,"Patients with GP recorded hypertension aged 80 and over, whose last blood pressure reading is to the appropriate treatment threshold, in the preceding 12 months.",Hypertension: Treated to appropriate threshold (age  >= 80) (CVDP003HYP),85.08,2,Deprivation quintile,1,10685.0,To March 2026,86.31,85.71,
E54000029,NHS North East London Integrated Care Board,Persons,7355.0,,Red,CVDP003HYP,"Patients with GP recorded hypertension aged 80 and over, whose last blood pressure reading is to the appropriate treatment threshold, in the preceding 12 months.",Hypertension: Treated to appropriate threshold (age  >= 80) (CVDP003HYP),83.86,3,Deprivation quintile,1,6230.0,To March 2026,85.51,84.7,
E54000029,NHS North East London Integrated Care Board,Persons,4785.0,,Red,CVDP003HYP,"Patients with GP recorded hypertension aged 80 and over, whose last blood pressure reading is to the appropriate treatment threshold, in the preceding 12 months.",Hypertension: Treated to appropriate threshold (age  >= 80) (CVDP003HYP),84.59,4,Deprivation quintile,1,4100.0,To March 2026,86.58,85.61,
E54000029,NHS North East London Integrated Care Board,Persons,3760.0,,Red,CVDP003HYP,"Patients with GP recorded hypertension aged 80 and over, whose last blood pressure reading is to the appropriate treatment threshold, in the preceding 12 months.",Hypertension: Treated to appropriate threshold (age  >= 80) (CVDP003HYP),85.27,5 - least deprived,Deprivation quintile,1,3250.0,To March 2026,87.45,86.41,
E54000029,NHS North East London Integrated Care Board,Persons,6925.0,,Red,CVDP003HYP,"Patients with GP recorded hypertension aged 80 and over, whose last blood pressure reading is to the appropriate treatment threshold, in the preceding 12 months.",Hypertension: Treated to appropriate threshold (age  >= 80) (CVDP003HYP),84.7,Asian,Ethnicity,1,5925.0,To March 2026,86.35,85.55,
E54000029,NHS North East London Integrated Care Board,Persons,5160.0,,Red,CVDP003HYP,"Patients with GP recorded hypertension aged 80 and over, whose last blood pressure reading is to the appropriate treatment threshold, in the preceding 12 months.",Hypertension: Treated to appropriate threshold (age  >= 80) (CVDP003HYP),81.29,Black,Ethnicity,1,4250.0,To March 2026,83.36,82.34,
E54000029,NHS North East London Integrated Care Board,Persons,110.0,,Red,CVDP003HYP,"Patients with GP recorded hypertension aged 80 and over, whose last blood pressure reading is to the appropriate treatment threshold, in the preceding 12 months.",Hypertension: Treated to appropriate threshold (age  >= 80) (CVDP003HYP),57.02,Missing,Ethnicity,1,75.0,To March 2026,73.68,65.77,
E54000029,NHS North East London Integrated Care Board,Persons,475.0,,Red,CVDP003HYP,"Patients with GP recorded hypertension aged 80 and over, whose last blood pressure reading is to the appropriate treatment threshold, in the preceding 12 months.",Hypertension: Treated to appropriate threshold (age  >= 80) (CVDP003HYP),80.42,Mixed,Ethnicity,1,400.0,To March 2026,86.88,83.86,
E54000029,NHS North East London Integrated Care Board,Persons,340.0,,Red,CVDP003HYP,"Patients with GP recorded hypertension aged 80 and over, whose last blood pressure reading is to the appropriate treatment threshold, in the preceding 12 months.",Hypertension: Treated to appropriate threshold (age  >= 80) (CVDP003HYP),76.25,Not stated,Ethnicity,1,275.0,To March 2026,84.46,80.77,
E54000029,NHS North East London Integrated Care Board,Persons,865.0,,Red,CVDP003HYP,"Patients with GP recorded hypertension aged 80 and over, whose last blood pressure reading is to the appropriate treatment threshold, in the preceding 12 months.",Hypertension: Treated to appropriate threshold (age  >= 80) (CVDP003HYP),83.08,Other,Ethnicity,1,740.0,To March 2026,87.69,85.57,
E54000029,NHS North East London Integrated Care Board,Persons,21560.0,,Red,CVDP003HYP,"Patients with GP recorded hypertension aged 80 and over, whose last blood pressure reading is to the appropriate treatment threshold, in the preceding 12 months.",Hypertension: Treated to appropriate threshold (age  >= 80) (CVDP003HYP),85.81,White,Ethnicity,1,18600.0,To March 2026,86.73,86.28,
E54000029,NHS North East London Integrated Care Board,Persons,34940.0,,Red,CVDP003HYP,"Patients with GP recorded hypertension aged 80 and over, whose last blood pressure reading is to the appropriate treatment threshold, in the preceding 12 months.",Hypertension: Treated to appropriate threshold (age  >= 80) (CVDP003HYP),85.0,People without SMI,Mental Health,1,29830.0,To March 2026,85.73,85.37,
E54000029,NHS North East London Integrated Care Board,Persons,500.0,,Red,CVDP003HYP,"Patients with GP recorded hypertension aged 80 and over, whose last blood pressure reading is to the appropriate treatment threshold, in the preceding 12 months.",Hypertension: Treated to appropriate threshold (age  >= 80) (CVDP003HYP),84.06,People with SMI,Mental Health,1,435.0,To March 2026,89.84,87.17,
E54000029,NHS North East London Integrated Care Board,Persons,35395.0,,Red,CVDP003HYP,"Patients with GP recorded hypertension aged 80 and over, whose last blood pressure reading is to the appropriate treatment threshold, in the preceding 12 months.",Hypertension: Treated to appropriate threshold (age  >= 80) (CVDP003HYP),85.02,People without a diagnosed learning disability,Learning Disability,1,30220.0,To March 2026,85.75,85.39,
E54000029,NHS North East London Integrated Care Board,Persons,45.0,,Red,CVDP003HYP,"Patients with GP recorded hypertension aged 80 and over, whose last blood pressure reading is to the appropriate treatment threshold, in the preceding 12 months.",Hypertension: Treated to appropriate threshold (age  >= 80) (CVDP003HYP),79.17,People with a diagnosed learning disability,Learning Disability,1,40.0,To March 2026,95.83,91.11,
E54000027,NHS North West London Integrated Care Board,Persons,52655.0,,Red,CVDP003HYP,"Patients with GP recorded hypertension aged 80 and over, whose last blood pressure reading is to the appropriate treatment threshold, in the preceding 12 months.",Hypertension: Treated to appropriate threshold (age  >= 80) (CVDP003HYP),86.04,Persons,Sex,1,45460.0,To March 2026,86.62,86.33,
E54000027,NHS North West London Integrated Care Board,Female,30960.0,,Red,CVDP003HYP,"Patients with GP recorded hypertension aged 80 and over, whose last blood pressure reading is to the appropriate treatment threshold, in the preceding 12 months.",Hypertension: Treated to appropriate threshold (age  >= 80) (CVDP003HYP),84.65,Female,Sex,1,26330.0,To March 2026,85.44,85.05,
E54000027,NHS North West London Integrated Care Board,Male,21695.0,,Red,CVDP003HYP,"Patients with GP recorded hypertension aged 80 and over, whose last blood pressure reading is to the appropriate treatment threshold, in the preceding 12 months.",Hypertension: Treated to appropriate threshold (age  >= 80) (CVDP003HYP),87.73,Male,Sex,1,19130.0,To March 2026,88.59,88.16,
E54000027,NHS North West London Integrated Care Board,Male,21695.0,,Red,CVDP003HYP,"Patients with GP recorded hypertension aged 80 and over, whose last blood pressure reading is to the appropriate treatment threshold, in the preceding 12 months.",Hypertension: Treated to appropriate threshold (age  >= 80) (CVDP003HYP),87.73,80+,Age group,1,19130.0,To March 2026,88.59,88.16,
E54000027,NHS North West London Integrated Care Board,Female,30960.0,,Red,CVDP003HYP,"Patients with GP recorded hypertension aged 80 and over, whose last blood pressure reading is to the appropriate treatment threshold, in the preceding 12 months.",Hypertension: Treated to appropriate threshold (age  >= 80) (CVDP003HYP),84.65,80+,Age group,1,26330.0,To March 2026,85.44,85.05,
E54000027,NHS North West London Integrated Care Board,Persons,52655.0,,Red,CVDP003HYP,"Patients with GP recorded hypertension aged 80 and over, whose last blood pressure reading is to the appropriate treatment threshold, in the preceding 12 months.",Hypertension: Treated to appropriate threshold (age  >= 80) (CVDP003HYP),86.04,80+,Age group,1,45460.0,To March 2026,86.62,86.33,
E54000027,NHS North West London Integrated Care Board,Persons,5915.0,,Red,CVDP003HYP,"Patients with GP recorded hypertension aged 80 and over, whose last blood pressure reading is to the appropriate treatment threshold, in the preceding 12 months.",Hypertension: Treated to appropriate threshold (age  >= 80) (CVDP003HYP),84.35,1 - most deprived,Deprivation quintile,1,5045.0,To March 2026,86.14,85.27,
E54000027,NHS North West London Integrated Care Board,Persons,14455.0,,Red,CVDP003HYP,"Patients with GP recorded hypertension aged 80 and over, whose last blood pressure reading is to the appropriate treatment threshold, in the preceding 12 months.",Hypertension: Treated to appropriate threshold (age  >= 80) (CVDP003HYP),85.32,2,Deprivation quintile,1,12415.0,To March 2026,86.46,85.9,
E54000027,NHS North West London Integrated Care Board,Persons,15410.0,,Red,CVDP003HYP,"Patients with GP recorded hypertension aged 80 and over, whose last blood pressure reading is to the appropriate treatment threshold, in the preceding 12 months.",Hypertension: Treated to appropriate threshold (age  >= 80) (CVDP003HYP),85.81,3,Deprivation quintile,1,13310.0,To March 2026,86.9,86.36,
E54000027,NHS North West London Integrated Care Board,Persons,10970.0,,Red,CVDP003HYP,"Patients with GP recorded hypertension aged 80 and over, whose last blood pressure reading is to the appropriate treatment threshold, in the preceding 12 months.",Hypertension: Treated to appropriate threshold (age  >= 80) (CVDP003HYP),85.87,4,Deprivation quintile,1,9490.0,To March 2026,87.15,86.53,
E54000027,NHS North West London Integrated Care Board,Persons,5860.0,,Red,CVDP003HYP,"Patients with GP recorded hypertension aged 80 and over, whose last blood pressure reading is to the appropriate treatment threshold, in the preceding 12 months.",Hypertension: Treated to appropriate threshold (age  >= 80) (CVDP003HYP),86.36,5 - least deprived,Deprivation quintile,1,5110.0,To March 2026,88.06,87.24,
E54000027,NHS North West London Integrated Care Board,Persons,15010.0,,Red,CVDP003HYP,"Patients with GP recorded hypertension aged 80 and over, whose last blood pressure reading is to the appropriate treatment threshold, in the preceding 12 months.",Hypertension: Treated to appropriate threshold (age  >= 80) (CVDP003HYP),86.46,Asian,Ethnicity,1,13060.0,To March 2026,87.53,87.0,
E54000027,NHS North West London Integrated Care Board,Persons,5315.0,,Red,CVDP003HYP,"Patients with GP recorded hypertension aged 80 and over, whose last blood pressure reading is to the appropriate treatment threshold, in the preceding 12 months.",Hypertension: Treated to appropriate threshold (age  >= 80) (CVDP003HYP),79.93,Black,Ethnicity,1,4305.0,To March 2026,82.04,81.01,
E54000027,NHS North West London Integrated Care Board,Persons,420.0,,Red,CVDP003HYP,"Patients with GP recorded hypertension aged 80 and over, whose last blood pressure reading is to the appropriate treatment threshold, in the preceding 12 months.",Hypertension: Treated to appropriate threshold (age  >= 80) (CVDP003HYP),71.76,Missing,Ethnicity,1,320.0,To March 2026,79.76,76.07,
E54000027,NHS North West London Integrated Care Board,Persons,1230.0,,Red,CVDP003HYP,"Patients with GP recorded hypertension aged 80 and over, whose last blood pressure reading is to the appropriate treatment threshold, in the preceding 12 months.",Hypertension: Treated to appropriate threshold (age  >= 80) (CVDP003HYP),83.05,Mixed,Ethnicity,1,1045.0,To March 2026,87.02,85.12,
E54000027,NHS North West London Integrated Care Board,Persons,1845.0,,Red,CVDP003HYP,"Patients with GP recorded hypertension aged 80 and over, whose last blood pressure reading is to the appropriate treatment threshold, in the preceding 12 months.",Hypertension: Treated to appropriate threshold (age  >= 80) (CVDP003HYP),82.18,Not stated,Ethnicity,1,1545.0,To March 2026,85.48,83.88,
E54000027,NHS North West London Integrated Care Board,Persons,1850.0,,Red,CVDP003HYP,"Patients with GP recorded hypertension aged 80 and over, whose last blood pressure reading is to the appropriate treatment threshold, in the preceding 12 months.",Hypertension: Treated to appropriate threshold (age  >= 80) (CVDP003HYP),83.63,Other,Ethnicity,1,1575.0,To March 2026,86.82,85.28,
E54000027,NHS North West London Integrated Care Board,Persons,26990.0,,Red,CVDP003HYP,"Patients with GP recorded hypertension aged 80 and over, whose last blood pressure reading is to the appropriate treatment threshold, in the preceding 12 months.",Hypertension: Treated to appropriate threshold (age  >= 80) (CVDP003HYP),87.06,White,Ethnicity,1,23605.0,To March 2026,87.85,87.46,
E54000027,NHS North West London Integrated Care Board,Persons,51835.0,,Red,CVDP003HYP,"Patients with GP recorded hypertension aged 80 and over, whose last blood pressure reading is to the appropriate treatment threshold, in the preceding 12 months.",Hypertension: Treated to appropriate threshold (age  >= 80) (CVDP003HYP),86.01,People without SMI,Mental Health,1,44735.0,To March 2026,86.6,86.31,
E54000027,NHS North West London Integrated Care Board,Persons,820.0,,Red,CVDP003HYP,"Patients with GP recorded hypertension aged 80 and over, whose last blood pressure reading is to the appropriate treatment threshold, in the preceding 12 months.",Hypertension: Treated to appropriate threshold (age  >= 80) (CVDP003HYP),85.58,People with SMI,Mental Health,1,725.0,To March 2026,89.94,87.96,
E54000027,NHS North West London Integrated Care Board,Persons,52575.0,,Red,CVDP003HYP,"Patients with GP recorded hypertension aged 80 and over, whose last blood pressure reading is to the appropriate treatment threshold, in the preceding 12 months.",Hypertension: Treated to appropriate threshold (age  >= 80) (CVDP003HYP),86.03,People without a diagnosed learning disability,Learning Disability,1,45385.0,To March 2026,86.62,86.33,
E54000027,NHS North West London Integrated Care Board,Persons,80.0,,Red,CVDP003HYP,"Patients with GP recorded hypertension aged 80 and over, whose last blood pressure reading is to the appropriate treatment threshold, in the preceding 12 months.",Hypertension: Treated to appropriate threshold (age  >= 80) (CVDP003HYP),78.82,People with a diagnosed learning disability,Learning Disability,1,70.0,To March 2026,92.94,87.8,
E54000059,NHS Northamptonshire Integrated Care Board,Persons,25330.0,,Red,CVDP003HYP,"Patients with GP recorded hypertension aged 80 and over, whose last blood pressure reading is to the appropriate treatment threshold, in the preceding 12 months.",Hypertension: Treated to appropriate threshold (age  >= 80) (CVDP003HYP),84.32,Persons,Sex,1,21470.0,To March 2026,85.2,84.76,
E54000059,NHS Northamptonshire Integrated Care Board,Female,14815.0,,Red,CVDP003HYP,"Patients with GP recorded hypertension aged 80 and over, whose last blood pressure reading is to the appropriate treatment threshold, in the preceding 12 months.",Hypertension: Treated to appropriate threshold (age  >= 80) (CVDP003HYP),82.73,Female,Sex,1,12350.0,To March 2026,83.93,83.34,
E54000059,NHS Northamptonshire Integrated Care Board,Male,10510.0,,Red,CVDP003HYP,"Patients with GP recorded hypertension aged 80 and over, whose last blood pressure reading is to the appropriate treatment threshold, in the preceding 12 months.",Hypertension: Treated to appropriate threshold (age  >= 80) (CVDP003HYP),86.12,Male,Sex,1,9120.0,To March 2026,87.41,86.78,
E54000059,NHS Northamptonshire Integrated Care Board,Male,10510.0,,Red,CVDP003HYP,"Patients with GP recorded hypertension aged 80 and over, whose last blood pressure reading is to the appropriate treatment threshold, in the preceding 12 months.",Hypertension: Treated to appropriate threshold (age  >= 80) (CVDP003HYP),86.12,80+,Age group,1,9120.0,To March 2026,87.41,86.78,
E54000059,NHS Northamptonshire Integrated Care Board,Female,14815.0,,Red,CVDP003HYP,"Patients with GP recorded hypertension aged 80 and over, whose last blood pressure reading is to the appropriate treatment threshold, in the preceding 12 months.",Hypertension: Treated to appropriate threshold (age  >= 80) (CVDP003HYP),82.73,80+,Age group,1,12350.0,To March 2026,83.93,83.34,
E54000059,NHS Northamptonshire Integrated Care Board,Persons,25330.0,,Red,CVDP003HYP,"Patients with GP recorded hypertension aged 80 and over, whose last blood pressure reading is to the appropriate treatment threshold, in the preceding 12 months.",Hypertension: Treated to appropriate threshold (age  >= 80) (CVDP003HYP),84.32,80+,Age group,1,21470.0,To March 2026,85.2,84.76,
E54000059,NHS Northamptonshire Integrated Care Board,Persons,2135.0,,Red,CVDP003HYP,"Patients with GP recorded hypertension aged 80 and over, whose last blood pressure reading is to the appropriate treatment threshold, in the preceding 12 months.",Hypertension: Treated to appropriate threshold (age  >= 80) (CVDP003HYP),82.41,1 - most deprived,Deprivation quintile,1,1795.0,To March 2026,85.49,84.02,
E54000059,NHS Northamptonshire Integrated Care Board,Persons,3945.0,,Red,CVDP003HYP,"Patients with GP recorded hypertension aged 80 and over, whose last blood pressure reading is to the appropriate treatment threshold, in the preceding 12 months.",Hypertension: Treated to appropriate threshold (age  >= 80) (CVDP003HYP),83.23,2,Deprivation quintile,1,3330.0,To March 2026,85.48,84.38,
E54000059,NHS Northamptonshire Integrated Care Board,Persons,4810.0,,Red,CVDP003HYP,"Patients with GP recorded hypertension aged 80 and over, whose last blood pressure reading is to the appropriate treatment threshold, in the preceding 12 months.",Hypertension: Treated to appropriate threshold (age  >= 80) (CVDP003HYP),83.04,3,Deprivation quintile,1,4045.0,To March 2026,85.1,84.09,
E54000059,NHS Northamptonshire Integrated Care Board,Persons,8515.0,,Red,CVDP003HYP,"Patients with GP recorded hypertension aged 80 and over, whose last blood pressure reading is to the appropriate treatment threshold, in the preceding 12 months.",Hypertension: Treated to appropriate threshold (age  >= 80) (CVDP003HYP),84.31,4,Deprivation quintile,1,7245.0,To March 2026,85.81,85.08,
E54000059,NHS Northamptonshire Integrated Care Board,Persons,6955.0,,Red,CVDP003HYP,"Patients with GP recorded hypertension aged 80 and over, whose last blood pressure reading is to the appropriate treatment threshold, in the preceding 12 months.",Hypertension: Treated to appropriate threshold (age  >= 80) (CVDP003HYP),84.73,5 - least deprived,Deprivation quintile,1,5950.0,To March 2026,86.37,85.57,
E54000059,NHS Northamptonshire Integrated Care Board,Persons,435.0,,Red,CVDP003HYP,"Patients with GP recorded hypertension aged 80 and over, whose last blood pressure reading is to the appropriate treatment threshold, in the preceding 12 months.",Hypertension: Treated to appropriate threshold (age  >= 80) (CVDP003HYP),73.39,Asian,Ethnicity,1,335.0,To March 2026,81.19,77.6,
E54000059,NHS Northamptonshire Integrated Care Board,Persons,335.0,,Red,CVDP003HYP,"Patients with GP recorded hypertension aged 80 and over, whose last blood pressure reading is to the appropriate treatment threshold, in the preceding 12 months.",Hypertension: Treated to appropriate threshold (age  >= 80) (CVDP003HYP),71.22,Black,Ethnicity,1,255.0,To March 2026,80.12,76.05,
E54000059,NHS Northamptonshire Integrated Care Board,Persons,635.0,,Red,CVDP003HYP,"Patients with GP recorded hypertension aged 80 and over, whose last blood pressure reading is to the appropriate treatment threshold, in the preceding 12 months.",Hypertension: Treated to appropriate threshold (age  >= 80) (CVDP003HYP),76.3,Missing,Ethnicity,1,505.0,To March 2026,82.42,79.5,
E54000059,NHS Northamptonshire Integrated Care Board,Persons,85.0,,Red,CVDP003HYP,"Patients with GP recorded hypertension aged 80 and over, whose last blood pressure reading is to the appropriate treatment threshold, in the preceding 12 months.",Hypertension: Treated to appropriate threshold (age  >= 80) (CVDP003HYP),65.12,Mixed,Ethnicity,1,60.0,To March 2026,82.56,74.7,
E54000059,NHS Northamptonshire Integrated Care Board,Persons,670.0,,Red,CVDP003HYP,"Patients with GP recorded hypertension aged 80 and over, whose last blood pressure reading is to the appropriate treatment threshold, in the preceding 12 months.",Hypertension: Treated to appropriate threshold (age  >= 80) (CVDP003HYP),76.74,Not stated,Ethnicity,1,535.0,To March 2026,82.67,79.91,
E54000059,NHS Northamptonshire Integrated Care Board,Persons,65.0,,Red,CVDP003HYP,"Patients with GP recorded hypertension aged 80 and over, whose last blood pressure reading is to the appropriate treatment threshold, in the preceding 12 months.",Hypertension: Treated to appropriate threshold (age  >= 80) (CVDP003HYP),76.12,Other,Ethnicity,1,55.0,To March 2026,92.54,85.94,
E54000059,NHS Northamptonshire Integrated Care Board,Persons,23110.0,,Red,CVDP003HYP,"Patients with GP recorded hypertension aged 80 and over, whose last blood pressure reading is to the appropriate treatment threshold, in the preceding 12 months.",Hypertension: Treated to appropriate threshold (age  >= 80) (CVDP003HYP),84.88,White,Ethnicity,1,19720.0,To March 2026,85.79,85.34,
E54000059,NHS Northamptonshire Integrated Care Board,Persons,25125.0,,Red,CVDP003HYP,"Patients with GP recorded hypertension aged 80 and over, whose last blood pressure reading is to the appropriate treatment threshold, in the preceding 12 months.",Hypertension: Treated to appropriate threshold (age  >= 80) (CVDP003HYP),84.33,People without SMI,Mental Health,1,21300.0,To March 2026,85.22,84.78,
E54000059,NHS Northamptonshire Integrated Care Board,Persons,205.0,,Red,CVDP003HYP,"Patients with GP recorded hypertension aged 80 and over, whose last blood pressure reading is to the appropriate treatment threshold, in the preceding 12 months.",Hypertension: Treated to appropriate threshold (age  >= 80) (CVDP003HYP),77.78,People with SMI,Mental Health,1,170.0,To March 2026,87.92,83.33,
E54000059,NHS Northamptonshire Integrated Care Board,Persons,25305.0,,Red,CVDP003HYP,"Patients with GP recorded hypertension aged 80 and over, whose last blood pressure reading is to the appropriate treatment threshold, in the preceding 12 months.",Hypertension: Treated to appropriate threshold (age  >= 80) (CVDP003HYP),84.32,People without a diagnosed learning disability,Learning Disability,1,21450.0,To March 2026,85.2,84.77,
E54000059,NHS Northamptonshire Integrated Care Board,Persons,25.0,,Red,CVDP003HYP,"Patients with GP recorded hypertension aged 80 and over, whose last blood pressure reading is to the appropriate treatment threshold, in the preceding 12 months.",Hypertension: Treated to appropriate threshold (age  >= 80) (CVDP003HYP),67.86,People with a diagnosed learning disability,Learning Disability,1,20.0,To March 2026,92.86,84.0,
E54000060,NHS Nottingham and Nottinghamshire Integrated Care Board,Persons,39810.0,,Red,CVDP003HYP,"Patients with GP recorded hypertension aged 80 and over, whose last blood pressure reading is to the appropriate treatment threshold, in the preceding 12 months.",Hypertension: Treated to appropriate threshold (age  >= 80) (CVDP003HYP),83.87,Persons,Sex,1,33535.0,To March 2026,84.59,84.23,
E54000060,NHS Nottingham and Nottinghamshire Integrated Care Board,Female,23875.0,,Red,CVDP003HYP,"Patients with GP recorded hypertension aged 80 and over, whose last blood pressure reading is to the appropriate treatment threshold, in the preceding 12 months.",Hypertension: Treated to appropriate threshold (age  >= 80) (CVDP003HYP),82.22,Female,Sex,1,19745.0,To March 2026,83.18,82.7,
E54000060,NHS Nottingham and Nottinghamshire Integrated Care Board,Male,15935.0,,Red,CVDP003HYP,"Patients with GP recorded hypertension aged 80 and over, whose last blood pressure reading is to the appropriate treatment threshold, in the preceding 12 months.",Hypertension: Treated to appropriate threshold (age  >= 80) (CVDP003HYP),86.0,Male,Sex,1,13790.0,To March 2026,87.05,86.53,
E54000060,NHS Nottingham and Nottinghamshire Integrated Care Board,Male,15935.0,,Red,CVDP003HYP,"Patients with GP recorded hypertension aged 80 and over, whose last blood pressure reading is to the appropriate treatment threshold, in the preceding 12 months.",Hypertension: Treated to appropriate threshold (age  >= 80) (CVDP003HYP),86.0,80+,Age group,1,13790.0,To March 2026,87.05,86.53,
E54000060,NHS Nottingham and Nottinghamshire Integrated Care Board,Female,23875.0,,Red,CVDP003HYP,"Patients with GP recorded hypertension aged 80 and over, whose last blood pressure reading is to the appropriate treatment threshold, in the preceding 12 months.",Hypertension: Treated to appropriate threshold (age  >= 80) (CVDP003HYP),82.22,80+,Age group,1,19745.0,To March 2026,83.18,82.7,
E54000060,NHS Nottingham and Nottinghamshire Integrated Care Board,Persons,39810.0,,Red,CVDP003HYP,"Patients with GP recorded hypertension aged 80 and over, whose last blood pressure reading is to the appropriate treatment threshold, in the preceding 12 months.",Hypertension: Treated to appropriate threshold (age  >= 80) (CVDP003HYP),83.87,80+,Age group,1,33535.0,To March 2026,84.59,84.23,
E54000060,NHS Nottingham and Nottinghamshire Integrated Care Board,Persons,7380.0,,Red,CVDP003HYP,"Patients with GP recorded hypertension aged 80 and over, whose last blood pressure reading is to the appropriate treatment threshold, in the preceding 12 months.",Hypertension: Treated to appropriate threshold (age  >= 80) (CVDP003HYP),83.03,1 - most deprived,Deprivation quintile,1,6190.0,To March 2026,84.7,83.88,
E54000060,NHS Nottingham and Nottinghamshire Integrated Care Board,Persons,6810.0,,Red,CVDP003HYP,"Patients with GP recorded hypertension aged 80 and over, whose last blood pressure reading is to the appropriate treatment threshold, in the preceding 12 months.",Hypertension: Treated to appropriate threshold (age  >= 80) (CVDP003HYP),82.88,2,Deprivation quintile,1,5705.0,To March 2026,84.62,83.76,
E54000060,NHS Nottingham and Nottinghamshire Integrated Care Board,Persons,8110.0,,Red,CVDP003HYP,"Patients with GP recorded hypertension aged 80 and over, whose last blood pressure reading is to the appropriate treatment threshold, in the preceding 12 months.",Hypertension: Treated to appropriate threshold (age  >= 80) (CVDP003HYP),83.96,3,Deprivation quintile,1,6875.0,To March 2026,85.52,84.76,
E54000060,NHS Nottingham and Nottinghamshire Integrated Care Board,Persons,7885.0,,Red,CVDP003HYP,"Patients with GP recorded hypertension aged 80 and over, whose last blood pressure reading is to the appropriate treatment threshold, in the preceding 12 months.",Hypertension: Treated to appropriate threshold (age  >= 80) (CVDP003HYP),83.68,4,Deprivation quintile,1,6660.0,To March 2026,85.28,84.5,
E54000060,NHS Nottingham and Nottinghamshire Integrated Care Board,Persons,9785.0,,Red,CVDP003HYP,"Patients with GP recorded hypertension aged 80 and over, whose last blood pressure reading is to the appropriate treatment threshold, in the preceding 12 months.",Hypertension: Treated to appropriate threshold (age  >= 80) (CVDP003HYP),83.78,5 - least deprived,Deprivation quintile,1,8270.0,To March 2026,85.22,84.52,
E54000060,NHS Nottingham and Nottinghamshire Integrated Care Board,Persons,850.0,,Red,CVDP003HYP,"Patients with GP recorded hypertension aged 80 and over, whose last blood pressure reading is to the appropriate treatment threshold, in the preceding 12 months.",Hypertension: Treated to appropriate threshold (age  >= 80) (CVDP003HYP),77.44,Asian,Ethnicity,1,680.0,To March 2026,82.73,80.19,
E54000060,NHS Nottingham and Nottinghamshire Integrated Care Board,Persons,570.0,,Red,CVDP003HYP,"Patients with GP recorded hypertension aged 80 and over, whose last blood pressure reading is to the appropriate treatment threshold, in the preceding 12 months.",Hypertension: Treated to appropriate threshold (age  >= 80) (CVDP003HYP),77.06,Black,Ethnicity,1,455.0,To March 2026,83.54,80.46,
E54000060,NHS Nottingham and Nottinghamshire Integrated Care Board,Persons,450.0,,Red,CVDP003HYP,"Patients with GP recorded hypertension aged 80 and over, whose last blood pressure reading is to the appropriate treatment threshold, in the preceding 12 months.",Hypertension: Treated to appropriate threshold (age  >= 80) (CVDP003HYP),73.95,Missing,Ethnicity,1,350.0,To March 2026,81.46,78.0,
E54000060,NHS Nottingham and Nottinghamshire Integrated Care Board,Persons,165.0,,Red,CVDP003HYP,"Patients with GP recorded hypertension aged 80 and over, whose last blood pressure reading is to the appropriate treatment threshold, in the preceding 12 months.",Hypertension: Treated to appropriate threshold (age  >= 80) (CVDP003HYP),71.76,Mixed,Ethnicity,1,130.0,To March 2026,84.12,78.44,
E54000060,NHS Nottingham and Nottinghamshire Integrated Care Board,Persons,265.0,,Red,CVDP003HYP,"Patients with GP recorded hypertension aged 80 and over, whose last blood pressure reading is to the appropriate treatment threshold, in the preceding 12 months.",Hypertension: Treated to appropriate threshold (age  >= 80) (CVDP003HYP),73.78,Not stated,Ethnicity,1,210.0,To March 2026,83.52,79.17,
E54000060,NHS Nottingham and Nottinghamshire Integrated Care Board,Persons,100.0,,Red,CVDP003HYP,"Patients with GP recorded hypertension aged 80 and over, whose last blood pressure reading is to the appropriate treatment threshold, in the preceding 12 months.",Hypertension: Treated to appropriate threshold (age  >= 80) (CVDP003HYP),66.67,Other,Ethnicity,1,75.0,To March 2026,82.86,75.49,
E54000060,NHS Nottingham and Nottinghamshire Integrated Care Board,Persons,37410.0,,Red,CVDP003HYP,"Patients with GP recorded hypertension aged 80 and over, whose last blood pressure reading is to the appropriate treatment threshold, in the preceding 12 months.",Hypertension: Treated to appropriate threshold (age  >= 80) (CVDP003HYP),84.17,White,Ethnicity,1,31630.0,To March 2026,84.91,84.54,
E54000060,NHS Nottingham and Nottinghamshire Integrated Care Board,Persons,39485.0,,Red,CVDP003HYP,"Patients with GP recorded hypertension aged 80 and over, whose last blood pressure reading is to the appropriate treatment threshold, in the preceding 12 months.",Hypertension: Treated to appropriate threshold (age  >= 80) (CVDP003HYP),83.83,People without SMI,Mental Health,1,33245.0,To March 2026,84.55,84.2,
E54000060,NHS Nottingham and Nottinghamshire Integrated Care Board,Persons,325.0,,Red,CVDP003HYP,"Patients with GP recorded hypertension aged 80 and over, whose last blood pressure reading is to the appropriate treatment threshold, in the preceding 12 months.",Hypertension: Treated to appropriate threshold (age  >= 80) (CVDP003HYP),84.8,People with SMI,Mental Health,1,290.0,To March 2026,91.49,88.65,
E54000060,NHS Nottingham and Nottinghamshire Integrated Care Board,Persons,39770.0,,Red,CVDP003HYP,"Patients with GP recorded hypertension aged 80 and over, whose last blood pressure reading is to the appropriate treatment threshold, in the preceding 12 months.",Hypertension: Treated to appropriate threshold (age  >= 80) (CVDP003HYP),83.87,People without a diagnosed learning disability,Learning Disability,1,33495.0,To March 2026,84.58,84.23,
E54000060,NHS Nottingham and Nottinghamshire Integrated Care Board,Persons,40.0,,Red,CVDP003HYP,"Patients with GP recorded hypertension aged 80 and over, whose last blood pressure reading is to the appropriate treatment threshold, in the preceding 12 months.",Hypertension: Treated to appropriate threshold (age  >= 80) (CVDP003HYP),81.82,People with a diagnosed learning disability,Learning Disability,1,40.0,To March 2026,97.73,92.68,
E54000011,"NHS Shropshire, Telford and Wrekin Integrated Care Board",Persons,21545.0,,Red,CVDP003HYP,"Patients with GP recorded hypertension aged 80 and over, whose last blood pressure reading is to the appropriate treatment threshold, in the preceding 12 months.",Hypertension: Treated to appropriate threshold (age  >= 80) (CVDP003HYP),80.57,Persons,Sex,1,17475.0,To March 2026,81.62,81.1,
E54000011,"NHS Shropshire, Telford and Wrekin Integrated Care Board",Female,12720.0,,Red,CVDP003HYP,"Patients with GP recorded hypertension aged 80 and over, whose last blood pressure reading is to the appropriate treatment threshold, in the preceding 12 months.",Hypertension: Treated to appropriate threshold (age  >= 80) (CVDP003HYP),78.55,Female,Sex,1,10085.0,To March 2026,79.95,79.26,
E54000011,"NHS Shropshire, Telford and Wrekin Integrated Care Board",Male,8825.0,,Red,CVDP003HYP,"Patients with GP recorded hypertension aged 80 and over, whose last blood pressure reading is to the appropriate treatment threshold, in the preceding 12 months.",Hypertension: Treated to appropriate threshold (age  >= 80) (CVDP003HYP),82.98,Male,Sex,1,7390.0,To March 2026,84.51,83.76,
E54000011,"NHS Shropshire, Telford and Wrekin Integrated Care Board",Male,8825.0,,Red,CVDP003HYP,"Patients with GP recorded hypertension aged 80 and over, whose last blood pressure reading is to the appropriate treatment threshold, in the preceding 12 months.",Hypertension: Treated to appropriate threshold (age  >= 80) (CVDP003HYP),82.98,80+,Age group,1,7390.0,To March 2026,84.51,83.76,
E54000011,"NHS Shropshire, Telford and Wrekin Integrated Care Board",Female,12720.0,,Red,CVDP003HYP,"Patients with GP recorded hypertension aged 80 and over, whose last blood pressure reading is to the appropriate treatment threshold, in the preceding 12 months.",Hypertension: Treated to appropriate threshold (age  >= 80) (CVDP003HYP),78.55,80+,Age group,1,10085.0,To March 2026,79.95,79.26,
E54000011,"NHS Shropshire, Telford and Wrekin Integrated Care Board",Persons,21545.0,,Red,CVDP003HYP,"Patients with GP recorded hypertension aged 80 and over, whose last blood pressure reading is to the appropriate treatment threshold, in the preceding 12 months.",Hypertension: Treated to appropriate threshold (age  >= 80) (CVDP003HYP),80.57,80+,Age group,1,17475.0,To March 2026,81.62,81.1,
E54000011,"NHS Shropshire, Telford and Wrekin Integrated Care Board",Persons,1540.0,,Red,CVDP003HYP,"Patients with GP recorded hypertension aged 80 and over, whose last blood pressure reading is to the appropriate treatment threshold, in the preceding 12 months.",Hypertension: Treated to appropriate threshold (age  >= 80) (CVDP003HYP),75.4,1 - most deprived,Deprivation quintile,1,1195.0,To March 2026,79.55,77.56,
E54000011,"NHS Shropshire, Telford and Wrekin Integrated Care Board",Persons,4545.0,,Red,CVDP003HYP,"Patients with GP recorded hypertension aged 80 and over, whose last blood pressure reading is to the appropriate treatment threshold, in the preceding 12 months.",Hypertension: Treated to appropriate threshold (age  >= 80) (CVDP003HYP),78.78,2,Deprivation quintile,1,3635.0,To March 2026,81.09,79.95,
E54000011,"NHS Shropshire, Telford and Wrekin Integrated Care Board",Persons,6210.0,,Red,CVDP003HYP,"Patients with GP recorded hypertension aged 80 and over, whose last blood pressure reading is to the appropriate treatment threshold, in the preceding 12 months.",Hypertension: Treated to appropriate threshold (age  >= 80) (CVDP003HYP),79.72,3,Deprivation quintile,1,5010.0,To March 2026,81.66,80.71,
E54000011,"NHS Shropshire, Telford and Wrekin Integrated Care Board",Persons,6045.0,,Red,CVDP003HYP,"Patients with GP recorded hypertension aged 80 and over, whose last blood pressure reading is to the appropriate treatment threshold, in the preceding 12 months.",Hypertension: Treated to appropriate threshold (age  >= 80) (CVDP003HYP),81.12,4,Deprivation quintile,1,4965.0,To March 2026,83.04,82.11,
E54000011,"NHS Shropshire, Telford and Wrekin Integrated Care Board",Persons,3275.0,,Red,CVDP003HYP,"Patients with GP recorded hypertension aged 80 and over, whose last blood pressure reading is to the appropriate treatment threshold, in the preceding 12 months.",Hypertension: Treated to appropriate threshold (age  >= 80) (CVDP003HYP),82.72,5 - least deprived,Deprivation quintile,1,2750.0,To March 2026,85.23,84.02,
E54000011,"NHS Shropshire, Telford and Wrekin Integrated Care Board",Persons,155.0,,Red,CVDP003HYP,"Patients with GP recorded hypertension aged 80 and over, whose last blood pressure reading is to the appropriate treatment threshold, in the preceding 12 months.",Hypertension: Treated to appropriate threshold (age  >= 80) (CVDP003HYP),64.1,Asian,Ethnicity,1,110.0,To March 2026,78.21,71.9,
E54000011,"NHS Shropshire, Telford and Wrekin Integrated Care Board",Persons,40.0,,Red,CVDP003HYP,"Patients with GP recorded hypertension aged 80 and over, whose last blood pressure reading is to the appropriate treatment threshold, in the preceding 12 months.",Hypertension: Treated to appropriate threshold (age  >= 80) (CVDP003HYP),57.78,Black,Ethnicity,1,30.0,To March 2026,82.22,71.43,
E54000011,"NHS Shropshire, Telford and Wrekin Integrated Care Board",Persons,455.0,,Red,CVDP003HYP,"Patients with GP recorded hypertension aged 80 and over, whose last blood pressure reading is to the appropriate treatment threshold, in the preceding 12 months.",Hypertension: Treated to appropriate threshold (age  >= 80) (CVDP003HYP),72.65,Missing,Ethnicity,1,350.0,To March 2026,80.31,76.65,
E54000011,"NHS Shropshire, Telford and Wrekin Integrated Care Board",Persons,50.0,,Red,CVDP003HYP,"Patients with GP recorded hypertension aged 80 and over, whose last blood pressure reading is to the appropriate treatment threshold, in the preceding 12 months.",Hypertension: Treated to appropriate threshold (age  >= 80) (CVDP003HYP),52.94,Mixed,Ethnicity,1,30.0,To March 2026,78.43,66.67,
E54000011,"NHS Shropshire, Telford and Wrekin Integrated Care Board",Persons,395.0,,Red,CVDP003HYP,"Patients with GP recorded hypertension aged 80 and over, whose last blood pressure reading is to the appropriate treatment threshold, in the preceding 12 months.",Hypertension: Treated to appropriate threshold (age  >= 80) (CVDP003HYP),79.09,Not stated,Ethnicity,1,325.0,To March 2026,86.4,82.99,
E54000011,"NHS Shropshire, Telford and Wrekin Integrated Care Board",Persons,40.0,,Red,CVDP003HYP,"Patients with GP recorded hypertension aged 80 and over, whose last blood pressure reading is to the appropriate treatment threshold, in the preceding 12 months.",Hypertension: Treated to appropriate threshold (age  >= 80) (CVDP003HYP),72.73,Other,Ethnicity,1,35.0,To March 2026,93.18,85.37,
E54000011,"NHS Shropshire, Telford and Wrekin Integrated Care Board",Persons,20415.0,,Red,CVDP003HYP,"Patients with GP recorded hypertension aged 80 and over, whose last blood pressure reading is to the appropriate treatment threshold, in the preceding 12 months.",Hypertension: Treated to appropriate threshold (age  >= 80) (CVDP003HYP),80.74,White,Ethnicity,1,16590.0,To March 2026,81.8,81.28,
E54000011,"NHS Shropshire, Telford and Wrekin Integrated Care Board",Persons,21370.0,,Red,CVDP003HYP,"Patients with GP recorded hypertension aged 80 and over, whose last blood pressure reading is to the appropriate treatment threshold, in the preceding 12 months.",Hypertension: Treated to appropriate threshold (age  >= 80) (CVDP003HYP),80.58,People without SMI,Mental Health,1,17330.0,To March 2026,81.62,81.11,
E54000011,"NHS Shropshire, Telford and Wrekin Integrated Care Board",Persons,175.0,,Red,CVDP003HYP,"Patients with GP recorded hypertension aged 80 and over, whose last blood pressure reading is to the appropriate treatment threshold, in the preceding 12 months.",Hypertension: Treated to appropriate threshold (age  >= 80) (CVDP003HYP),73.89,People with SMI,Mental Health,1,140.0,To March 2026,85.56,80.23,
E54000011,"NHS Shropshire, Telford and Wrekin Integrated Care Board",Persons,21530.0,,Red,CVDP003HYP,"Patients with GP recorded hypertension aged 80 and over, whose last blood pressure reading is to the appropriate treatment threshold, in the preceding 12 months.",Hypertension: Treated to appropriate threshold (age  >= 80) (CVDP003HYP),80.58,People without a diagnosed learning disability,Learning Disability,1,17460.0,To March 2026,81.62,81.1,
E54000011,"NHS Shropshire, Telford and Wrekin Integrated Care Board",Persons,15.0,,Red,CVDP003HYP,"Patients with GP recorded hypertension aged 80 and over, whose last blood pressure reading is to the appropriate treatment threshold, in the preceding 12 months.",Hypertension: Treated to appropriate threshold (age  >= 80) (CVDP003HYP),52.63,People with a diagnosed learning disability,Learning Disability,1,10.0,To March 2026,89.47,75.0,
E54000038,NHS Somerset Integrated Care Board,Persons,26350.0,,Red,CVDP003HYP,"Patients with GP recorded hypertension aged 80 and over, whose last blood pressure reading is to the appropriate treatment threshold, in the preceding 12 months.",Hypertension: Treated to appropriate threshold (age  >= 80) (CVDP003HYP),80.78,Persons,Sex,1,21410.0,To March 2026,81.72,81.26,
E54000038,NHS Somerset Integrated Care Board,Female,15340.0,,Red,CVDP003HYP,"Patients with GP recorded hypertension aged 80 and over, whose last blood pressure reading is to the appropriate treatment threshold, in the preceding 12 months.",Hypertension: Treated to appropriate threshold (age  >= 80) (CVDP003HYP),78.84,Female,Sex,1,12195.0,To March 2026,80.11,79.49,
E54000038,NHS Somerset Integrated Care Board,Male,11010.0,,Red,CVDP003HYP,"Patients with GP recorded hypertension aged 80 and over, whose last blood pressure reading is to the appropriate treatment threshold, in the preceding 12 months.",Hypertension: Treated to appropriate threshold (age  >= 80) (CVDP003HYP),83.03,Male,Sex,1,9220.0,To March 2026,84.4,83.72,
E54000038,NHS Somerset Integrated Care Board,Male,11010.0,,Red,CVDP003HYP,"Patients with GP recorded hypertension aged 80 and over, whose last blood pressure reading is to the appropriate treatment threshold, in the preceding 12 months.",Hypertension: Treated to appropriate threshold (age  >= 80) (CVDP003HYP),83.03,80+,Age group,1,9220.0,To March 2026,84.4,83.72,
E54000038,NHS Somerset Integrated Care Board,Female,15340.0,,Red,CVDP003HYP,"Patients with GP recorded hypertension aged 80 and over, whose last blood pressure reading is to the appropriate treatment threshold, in the preceding 12 months.",Hypertension: Treated to appropriate threshold (age  >= 80) (CVDP003HYP),78.84,80+,Age group,1,12195.0,To March 2026,80.11,79.49,
E54000038,NHS Somerset Integrated Care Board,Persons,26350.0,,Red,CVDP003HYP,"Patients with GP recorded hypertension aged 80 and over, whose last blood pressure reading is to the appropriate treatment threshold, in the preceding 12 months.",Hypertension: Treated to appropriate threshold (age  >= 80) (CVDP003HYP),80.78,80+,Age group,1,21410.0,To March 2026,81.72,81.26,
E54000038,NHS Somerset Integrated Care Board,Persons,1495.0,,Red,CVDP003HYP,"Patients with GP recorded hypertension aged 80 and over, whose last blood pressure reading is to the appropriate treatment threshold, in the preceding 12 months.",Hypertension: Treated to appropriate threshold (age  >= 80) (CVDP003HYP),77.25,1 - most deprived,Deprivation quintile,1,1185.0,To March 2026,81.32,79.34,
E54000038,NHS Somerset Integrated Care Board,Persons,5545.0,,Red,CVDP003HYP,"Patients with GP recorded hypertension aged 80 and over, whose last blood pressure reading is to the appropriate treatment threshold, in the preceding 12 months.",Hypertension: Treated to appropriate threshold (age  >= 80) (CVDP003HYP),80.36,2,Deprivation quintile,1,4510.0,To March 2026,82.4,81.4,
E54000038,NHS Somerset Integrated Care Board,Persons,9245.0,,Red,CVDP003HYP,"Patients with GP recorded hypertension aged 80 and over, whose last blood pressure reading is to the appropriate treatment threshold, in the preceding 12 months.",Hypertension: Treated to appropriate threshold (age  >= 80) (CVDP003HYP),80.08,3,Deprivation quintile,1,7480.0,To March 2026,81.68,80.9,
E54000038,NHS Somerset Integrated Care Board,Persons,7200.0,,Red,CVDP003HYP,"Patients with GP recorded hypertension aged 80 and over, whose last blood pressure reading is to the appropriate treatment threshold, in the preceding 12 months.",Hypertension: Treated to appropriate threshold (age  >= 80) (CVDP003HYP),80.56,4,Deprivation quintile,1,5865.0,To March 2026,82.35,81.47,
E54000038,NHS Somerset Integrated Care Board,Persons,3040.0,,Red,CVDP003HYP,"Patients with GP recorded hypertension aged 80 and over, whose last blood pressure reading is to the appropriate treatment threshold, in the preceding 12 months.",Hypertension: Treated to appropriate threshold (age  >= 80) (CVDP003HYP),81.36,5 - least deprived,Deprivation quintile,1,2515.0,To March 2026,84.02,82.72,
E54000038,NHS Somerset Integrated Care Board,Persons,65.0,,Red,CVDP003HYP,"Patients with GP recorded hypertension aged 80 and over, whose last blood pressure reading is to the appropriate treatment threshold, in the preceding 12 months.",Hypertension: Treated to appropriate threshold (age  >= 80) (CVDP003HYP),59.42,Asian,Ethnicity,1,45.0,To March 2026,79.71,71.21,
E54000038,NHS Somerset Integrated Care Board,Persons,30.0,,Red,CVDP003HYP,"Patients with GP recorded hypertension aged 80 and over, whose last blood pressure reading is to the appropriate treatment threshold, in the preceding 12 months.",Hypertension: Treated to appropriate threshold (age  >= 80) (CVDP003HYP),52.94,Black,Ethnicity,1,20.0,To March 2026,82.35,70.97,
E54000038,NHS Somerset Integrated Care Board,Persons,770.0,,Red,CVDP003HYP,"Patients with GP recorded hypertension aged 80 and over, whose last blood pressure reading is to the appropriate treatment threshold, in the preceding 12 months.",Hypertension: Treated to appropriate threshold (age  >= 80) (CVDP003HYP),71.23,Missing,Ethnicity,1,575.0,To March 2026,77.29,74.35,
E54000038,NHS Somerset Integrated Care Board,Persons,35.0,,Red,CVDP003HYP,"Patients with GP recorded hypertension aged 80 and over, whose last blood pressure reading is to the appropriate treatment threshold, in the preceding 12 months.",Hypertension: Treated to appropriate threshold (age  >= 80) (CVDP003HYP),65.79,Mixed,Ethnicity,1,30.0,To March 2026,89.47,80.0,
E54000038,NHS Somerset Integrated Care Board,Persons,445.0,,Red,CVDP003HYP,"Patients with GP recorded hypertension aged 80 and over, whose last blood pressure reading is to the appropriate treatment threshold, in the preceding 12 months.",Hypertension: Treated to appropriate threshold (age  >= 80) (CVDP003HYP),74.05,Not stated,Ethnicity,1,345.0,To March 2026,81.66,78.15,
E54000038,NHS Somerset Integrated Care Board,Persons,50.0,,Red,CVDP003HYP,"Patients with GP recorded hypertension aged 80 and over, whose last blood pressure reading is to the appropriate treatment threshold, in the preceding 12 months.",Hypertension: Treated to appropriate threshold (age  >= 80) (CVDP003HYP),68.52,Other,Ethnicity,1,40.0,To March 2026,88.89,80.39,
E54000038,NHS Somerset Integrated Care Board,Persons,24950.0,,Red,CVDP003HYP,"Patients with GP recorded hypertension aged 80 and over, whose last blood pressure reading is to the appropriate treatment threshold, in the preceding 12 months.",Hypertension: Treated to appropriate threshold (age  >= 80) (CVDP003HYP),81.08,White,Ethnicity,1,20350.0,To March 2026,82.04,81.57,
E54000038,NHS Somerset Integrated Care Board,Persons,26140.0,,Red,CVDP003HYP,"Patients with GP recorded hypertension aged 80 and over, whose last blood pressure reading is to the appropriate treatment threshold, in the preceding 12 months.",Hypertension: Treated to appropriate threshold (age  >= 80) (CVDP003HYP),80.77,People without SMI,Mental Health,1,21240.0,To March 2026,81.72,81.25,
E54000038,NHS Somerset Integrated Care Board,Persons,210.0,,Red,CVDP003HYP,"Patients with GP recorded hypertension aged 80 and over, whose last blood pressure reading is to the appropriate treatment threshold, in the preceding 12 months.",Hypertension: Treated to appropriate threshold (age  >= 80) (CVDP003HYP),76.06,People with SMI,Mental Health,1,170.0,To March 2026,86.38,81.9,
E54000038,NHS Somerset Integrated Care Board,Persons,26325.0,,Red,CVDP003HYP,"Patients with GP recorded hypertension aged 80 and over, whose last blood pressure reading is to the appropriate treatment threshold, in the preceding 12 months.",Hypertension: Treated to appropriate threshold (age  >= 80) (CVDP003HYP),80.78,People without a diagnosed learning disability,Learning Disability,1,21390.0,To March 2026,81.73,81.26,
E54000038,NHS Somerset Integrated Care Board,Persons,25.0,,Red,CVDP003HYP,"Patients with GP recorded hypertension aged 80 and over, whose last blood pressure reading is to the appropriate treatment threshold, in the preceding 12 months.",Hypertension: Treated to appropriate threshold (age  >= 80) (CVDP003HYP),57.14,People with a diagnosed learning disability,Learning Disability,1,20.0,To March 2026,85.71,76.0,
E54000030,NHS South East London Integrated Care Board,Persons,40345.0,,Red,CVDP003HYP,"Patients with GP recorded hypertension aged 80 and over, whose last blood pressure reading is to the appropriate treatment threshold, in the preceding 12 months.",Hypertension: Treated to appropriate threshold (age  >= 80) (CVDP003HYP),83.61,Persons,Sex,1,33880.0,To March 2026,84.33,83.97,
E54000030,NHS South East London Integrated Care Board,Female,24740.0,,Red,CVDP003HYP,"Patients with GP recorded hypertension aged 80 and over, whose last blood pressure reading is to the appropriate treatment threshold, in the preceding 12 months.",Hypertension: Treated to appropriate threshold (age  >= 80) (CVDP003HYP),81.84,Female,Sex,1,20365.0,To March 2026,82.79,82.32,
E54000030,NHS South East London Integrated Care Board,Male,15605.0,,Red,CVDP003HYP,"Patients with GP recorded hypertension aged 80 and over, whose last blood pressure reading is to the appropriate treatment threshold, in the preceding 12 months.",Hypertension: Treated to appropriate threshold (age  >= 80) (CVDP003HYP),86.05,Male,Sex,1,13515.0,To March 2026,87.11,86.59,
E54000030,NHS South East London Integrated Care Board,Male,15605.0,,Red,CVDP003HYP,"Patients with GP recorded hypertension aged 80 and over, whose last blood pressure reading is to the appropriate treatment threshold, in the preceding 12 months.",Hypertension: Treated to appropriate threshold (age  >= 80) (CVDP003HYP),86.05,80+,Age group,1,13515.0,To March 2026,87.11,86.59,
E54000030,NHS South East London Integrated Care Board,Female,24740.0,,Red,CVDP003HYP,"Patients with GP recorded hypertension aged 80 and over, whose last blood pressure reading is to the appropriate treatment threshold, in the preceding 12 months.",Hypertension: Treated to appropriate threshold (age  >= 80) (CVDP003HYP),81.84,80+,Age group,1,20365.0,To March 2026,82.79,82.32,
E54000030,NHS South East London Integrated Care Board,Persons,40345.0,,Red,CVDP003HYP,"Patients with GP recorded hypertension aged 80 and over, whose last blood pressure reading is to the appropriate treatment threshold, in the preceding 12 months.",Hypertension: Treated to appropriate threshold (age  >= 80) (CVDP003HYP),83.61,80+,Age group,1,33880.0,To March 2026,84.33,83.97,
E54000030,NHS South East London Integrated Care Board,Persons,5390.0,,Red,CVDP003HYP,"Patients with GP recorded hypertension aged 80 and over, whose last blood pressure reading is to the appropriate treatment threshold, in the preceding 12 months.",Hypertension: Treated to appropriate threshold (age  >= 80) (CVDP003HYP),80.04,1 - most deprived,Deprivation quintile,1,4375.0,To March 2026,82.11,81.1,
E54000030,NHS South East London Integrated Care Board,Persons,10960.0,,Red,CVDP003HYP,"Patients with GP recorded hypertension aged 80 and over, whose last blood pressure reading is to the appropriate treatment threshold, in the preceding 12 months.",Hypertension: Treated to appropriate threshold (age  >= 80) (CVDP003HYP),82.19,2,Deprivation quintile,1,9085.0,To March 2026,83.6,82.91,
E54000030,NHS South East London Integrated Care Board,Persons,8090.0,,Red,CVDP003HYP,"Patients with GP recorded hypertension aged 80 and over, whose last blood pressure reading is to the appropriate treatment threshold, in the preceding 12 months.",Hypertension: Treated to appropriate threshold (age  >= 80) (CVDP003HYP),82.85,3,Deprivation quintile,1,6770.0,To March 2026,84.45,83.67,
E54000030,NHS South East London Integrated Care Board,Persons,7700.0,,Red,CVDP003HYP,"Patients with GP recorded hypertension aged 80 and over, whose last blood pressure reading is to the appropriate treatment threshold, in the preceding 12 months.",Hypertension: Treated to appropriate threshold (age  >= 80) (CVDP003HYP),84.19,4,Deprivation quintile,1,6545.0,To March 2026,85.78,85.0,
E54000030,NHS South East London Integrated Care Board,Persons,7860.0,,Red,CVDP003HYP,"Patients with GP recorded hypertension aged 80 and over, whose last blood pressure reading is to the appropriate treatment threshold, in the preceding 12 months.",Hypertension: Treated to appropriate threshold (age  >= 80) (CVDP003HYP),85.94,5 - least deprived,Deprivation quintile,1,6815.0,To March 2026,87.44,86.71,
E54000030,NHS South East London Integrated Care Board,Persons,2890.0,,Red,CVDP003HYP,"Patients with GP recorded hypertension aged 80 and over, whose last blood pressure reading is to the appropriate treatment threshold, in the preceding 12 months.",Hypertension: Treated to appropriate threshold (age  >= 80) (CVDP003HYP),81.7,Asian,Ethnicity,1,2400.0,To March 2026,84.43,83.1,
E54000030,NHS South East London Integrated Care Board,Persons,6075.0,,Red,CVDP003HYP,"Patients with GP recorded hypertension aged 80 and over, whose last blood pressure reading is to the appropriate treatment threshold, in the preceding 12 months.",Hypertension: Treated to appropriate threshold (age  >= 80) (CVDP003HYP),76.29,Black,Ethnicity,1,4700.0,To March 2026,78.38,77.35,
E54000030,NHS South East London Integrated Care Board,Persons,400.0,,Red,CVDP003HYP,"Patients with GP recorded hypertension aged 80 and over, whose last blood pressure reading is to the appropriate treatment threshold, in the preceding 12 months.",Hypertension: Treated to appropriate threshold (age  >= 80) (CVDP003HYP),73.45,Missing,Ethnicity,1,310.0,To March 2026,81.39,77.75,
E54000030,NHS South East London Integrated Care Board,Persons,755.0,,Red,CVDP003HYP,"Patients with GP recorded hypertension aged 80 and over, whose last blood pressure reading is to the appropriate treatment threshold, in the preceding 12 months.",Hypertension: Treated to appropriate threshold (age  >= 80) (CVDP003HYP),78.84,Mixed,Ethnicity,1,615.0,To March 2026,84.26,81.67,
E54000030,NHS South East London Integrated Care Board,Persons,860.0,,Red,CVDP003HYP,"Patients with GP recorded hypertension aged 80 and over, whose last blood pressure reading is to the appropriate treatment threshold, in the preceding 12 months.",Hypertension: Treated to appropriate threshold (age  >= 80) (CVDP003HYP),76.16,Not stated,Ethnicity,1,680.0,To March 2026,81.48,78.98,
E54000030,NHS South East London Integrated Care Board,Persons,735.0,,Red,CVDP003HYP,"Patients with GP recorded hypertension aged 80 and over, whose last blood pressure reading is to the appropriate treatment threshold, in the preceding 12 months.",Hypertension: Treated to appropriate threshold (age  >= 80) (CVDP003HYP),77.43,Other,Ethnicity,1,595.0,To March 2026,83.11,80.46,
E54000030,NHS South East London Integrated Care Board,Persons,28630.0,,Red,CVDP003HYP,"Patients with GP recorded hypertension aged 80 and over, whose last blood pressure reading is to the appropriate treatment threshold, in the preceding 12 months.",Hypertension: Treated to appropriate threshold (age  >= 80) (CVDP003HYP),85.45,White,Ethnicity,1,24580.0,To March 2026,86.25,85.85,
E54000030,NHS South East London Integrated Care Board,Persons,39815.0,,Red,CVDP003HYP,"Patients with GP recorded hypertension aged 80 and over, whose last blood pressure reading is to the appropriate treatment threshold, in the preceding 12 months.",Hypertension: Treated to appropriate threshold (age  >= 80) (CVDP003HYP),83.6,People without SMI,Mental Health,1,33430.0,To March 2026,84.32,83.96,
E54000030,NHS South East London Integrated Care Board,Persons,530.0,,Red,CVDP003HYP,"Patients with GP recorded hypertension aged 80 and over, whose last blood pressure reading is to the appropriate treatment threshold, in the preceding 12 months.",Hypertension: Treated to appropriate threshold (age  >= 80) (CVDP003HYP),81.46,People with SMI,Mental Health,1,450.0,To March 2026,87.45,84.75,
E54000030,NHS South East London Integrated Care Board,Persons,40300.0,,Red,CVDP003HYP,"Patients with GP recorded hypertension aged 80 and over, whose last blood pressure reading is to the appropriate treatment threshold, in the preceding 12 months.",Hypertension: Treated to appropriate threshold (age  >= 80) (CVDP003HYP),83.6,People without a diagnosed learning disability,Learning Disability,1,33840.0,To March 2026,84.32,83.96,
E54000030,NHS South East London Integrated Care Board,Persons,45.0,,Red,CVDP003HYP,"Patients with GP recorded hypertension aged 80 and over, whose last blood pressure reading is to the appropriate treatment threshold, in the preceding 12 months.",Hypertension: Treated to appropriate threshold (age  >= 80) (CVDP003HYP),82.98,People with a diagnosed learning disability,Learning Disability,1,40.0,To March 2026,97.87,93.18,
E54000031,NHS South West London Integrated Care Board,Persons,35815.0,,Red,CVDP003HYP,"Patients with GP recorded hypertension aged 80 and over, whose last blood pressure reading is to the appropriate treatment threshold, in the preceding 12 months.",Hypertension: Treated to appropriate threshold (age  >= 80) (CVDP003HYP),83.0,Persons,Sex,1,29865.0,To March 2026,83.77,83.39,
E54000031,NHS South West London Integrated Care Board,Female,21580.0,,Red,CVDP003HYP,"Patients with GP recorded hypertension aged 80 and over, whose last blood pressure reading is to the appropriate treatment threshold, in the preceding 12 months.",Hypertension: Treated to appropriate threshold (age  >= 80) (CVDP003HYP),81.25,Female,Sex,1,17645.0,To March 2026,82.28,81.77,
E54000031,NHS South West London Integrated Care Board,Male,14235.0,,Red,CVDP003HYP,"Patients with GP recorded hypertension aged 80 and over, whose last blood pressure reading is to the appropriate treatment threshold, in the preceding 12 months.",Hypertension: Treated to appropriate threshold (age  >= 80) (CVDP003HYP),85.25,Male,Sex,1,12220.0,To March 2026,86.4,85.83,
E54000031,NHS South West London Integrated Care Board,Male,14235.0,,Red,CVDP003HYP,"Patients with GP recorded hypertension aged 80 and over, whose last blood pressure reading is to the appropriate treatment threshold, in the preceding 12 months.",Hypertension: Treated to appropriate threshold (age  >= 80) (CVDP003HYP),85.25,80+,Age group,1,12220.0,To March 2026,86.4,85.83,
E54000031,NHS South West London Integrated Care Board,Female,21580.0,,Red,CVDP003HYP,"Patients with GP recorded hypertension aged 80 and over, whose last blood pressure reading is to the appropriate treatment threshold, in the preceding 12 months.",Hypertension: Treated to appropriate threshold (age  >= 80) (CVDP003HYP),81.25,80+,Age group,1,17645.0,To March 2026,82.28,81.77,
E54000031,NHS South West London Integrated Care Board,Persons,35815.0,,Red,CVDP003HYP,"Patients with GP recorded hypertension aged 80 and over, whose last blood pressure reading is to the appropriate treatment threshold, in the preceding 12 months.",Hypertension: Treated to appropriate threshold (age  >= 80) (CVDP003HYP),83.0,80+,Age group,1,29865.0,To March 2026,83.77,83.39,
E54000031,NHS South West London Integrated Care Board,Persons,1860.0,,Red,CVDP003HYP,"Patients with GP recorded hypertension aged 80 and over, whose last blood pressure reading is to the appropriate treatment threshold, in the preceding 12 months.",Hypertension: Treated to appropriate threshold (age  >= 80) (CVDP003HYP),78.41,1 - most deprived,Deprivation quintile,1,1490.0,To March 2026,82.01,80.26,
E54000031,NHS South West London Integrated Care Board,Persons,5420.0,,Red,CVDP003HYP,"Patients with GP recorded hypertension aged 80 and over, whose last blood pressure reading is to the appropriate treatment threshold, in the preceding 12 months.",Hypertension: Treated to appropriate threshold (age  >= 80) (CVDP003HYP),81.57,2,Deprivation quintile,1,4475.0,To March 2026,83.58,82.6,
E54000031,NHS South West London Integrated Care Board,Persons,7260.0,,Red,CVDP003HYP,"Patients with GP recorded hypertension aged 80 and over, whose last blood pressure reading is to the appropriate treatment threshold, in the preceding 12 months.",Hypertension: Treated to appropriate threshold (age  >= 80) (CVDP003HYP),82.51,3,Deprivation quintile,1,6055.0,To March 2026,84.22,83.39,
E54000031,NHS South West London Integrated Care Board,Persons,9850.0,,Red,CVDP003HYP,"Patients with GP recorded hypertension aged 80 and over, whose last blood pressure reading is to the appropriate treatment threshold, in the preceding 12 months.",Hypertension: Treated to appropriate threshold (age  >= 80) (CVDP003HYP),82.95,4,Deprivation quintile,1,8245.0,To March 2026,84.4,83.69,
E54000031,NHS South West London Integrated Care Board,Persons,11830.0,,Red,CVDP003HYP,"Patients with GP recorded hypertension aged 80 and over, whose last blood pressure reading is to the appropriate treatment threshold, in the preceding 12 months.",Hypertension: Treated to appropriate threshold (age  >= 80) (CVDP003HYP),83.61,5 - least deprived,Deprivation quintile,1,9970.0,To March 2026,84.92,84.27,
E54000031,NHS South West London Integrated Care Board,Persons,4740.0,,Red,CVDP003HYP,"Patients with GP recorded hypertension aged 80 and over, whose last blood pressure reading is to the appropriate treatment threshold, in the preceding 12 months.",Hypertension: Treated to appropriate threshold (age  >= 80) (CVDP003HYP),81.73,Asian,Ethnicity,1,3925.0,To March 2026,83.86,82.81,
E54000031,NHS South West London Integrated Care Board,Persons,3520.0,,Red,CVDP003HYP,"Patients with GP recorded hypertension aged 80 and over, whose last blood pressure reading is to the appropriate treatment threshold, in the preceding 12 months.",Hypertension: Treated to appropriate threshold (age  >= 80) (CVDP003HYP),77.17,Black,Ethnicity,1,2765.0,To March 2026,79.87,78.55,
E54000031,NHS South West London Integrated Care Board,Persons,265.0,,Red,CVDP003HYP,"Patients with GP recorded hypertension aged 80 and over, whose last blood pressure reading is to the appropriate treatment threshold, in the preceding 12 months.",Hypertension: Treated to appropriate threshold (age  >= 80) (CVDP003HYP),61.05,Missing,Ethnicity,1,175.0,To March 2026,72.28,67.05,
E54000031,NHS South West London Integrated Care Board,Persons,750.0,,Red,CVDP003HYP,"Patients with GP recorded hypertension aged 80 and over, whose last blood pressure reading is to the appropriate treatment threshold, in the preceding 12 months.",Hypertension: Treated to appropriate threshold (age  >= 80) (CVDP003HYP),79.39,Mixed,Ethnicity,1,615.0,To March 2026,84.84,82.24,
E54000031,NHS South West London Integrated Care Board,Persons,1115.0,,Red,CVDP003HYP,"Patients with GP recorded hypertension aged 80 and over, whose last blood pressure reading is to the appropriate treatment threshold, in the preceding 12 months.",Hypertension: Treated to appropriate threshold (age  >= 80) (CVDP003HYP),75.63,Not stated,Ethnicity,1,870.0,To March 2026,80.47,78.17,
E54000031,NHS South West London Integrated Care Board,Persons,635.0,,Red,CVDP003HYP,"Patients with GP recorded hypertension aged 80 and over, whose last blood pressure reading is to the appropriate treatment threshold, in the preceding 12 months.",Hypertension: Treated to appropriate threshold (age  >= 80) (CVDP003HYP),78.87,Other,Ethnicity,1,520.0,To March 2026,84.82,82.08,
E54000031,NHS South West London Integrated Care Board,Persons,24790.0,,Red,CVDP003HYP,"Patients with GP recorded hypertension aged 80 and over, whose last blood pressure reading is to the appropriate treatment threshold, in the preceding 12 months.",Hypertension: Treated to appropriate threshold (age  >= 80) (CVDP003HYP),84.21,White,Ethnicity,1,20990.0,To March 2026,85.1,84.66,
E54000031,NHS South West London Integrated Care Board,Persons,35335.0,,Red,CVDP003HYP,"Patients with GP recorded hypertension aged 80 and over, whose last blood pressure reading is to the appropriate treatment threshold, in the preceding 12 months.",Hypertension: Treated to appropriate threshold (age  >= 80) (CVDP003HYP),82.95,People without SMI,Mental Health,1,29450.0,To March 2026,83.73,83.34,
E54000031,NHS South West London Integrated Care Board,Persons,480.0,,Red,CVDP003HYP,"Patients with GP recorded hypertension aged 80 and over, whose last blood pressure reading is to the appropriate treatment threshold, in the preceding 12 months.",Hypertension: Treated to appropriate threshold (age  >= 80) (CVDP003HYP),83.44,People with SMI,Mental Health,1,415.0,To March 2026,89.44,86.67,
E54000031,NHS South West London Integrated Care Board,Persons,35765.0,,Red,CVDP003HYP,"Patients with GP recorded hypertension aged 80 and over, whose last blood pressure reading is to the appropriate treatment threshold, in the preceding 12 months.",Hypertension: Treated to appropriate threshold (age  >= 80) (CVDP003HYP),83.0,People without a diagnosed learning disability,Learning Disability,1,29820.0,To March 2026,83.77,83.39,
E54000031,NHS South West London Integrated Care Board,Persons,50.0,,Red,CVDP003HYP,"Patients with GP recorded hypertension aged 80 and over, whose last blood pressure reading is to the appropriate treatment threshold, in the preceding 12 months.",Hypertension: Treated to appropriate threshold (age  >= 80) (CVDP003HYP),72.22,People with a diagnosed learning disability,Learning Disability,1,45.0,To March 2026,90.74,84.31,
E54000061,NHS South Yorkshire Integrated Care Board,Persons,46785.0,,Red,CVDP003HYP,"Patients with GP recorded hypertension aged 80 and over, whose last blood pressure reading is to the appropriate treatment threshold, in the preceding 12 months.",Hypertension: Treated to appropriate threshold (age  >= 80) (CVDP003HYP),84.98,Persons,Sex,1,39910.0,To March 2026,85.62,85.31,
E54000061,NHS South Yorkshire Integrated Care Board,Female,27945.0,,Red,CVDP003HYP,"Patients with GP recorded hypertension aged 80 and over, whose last blood pressure reading is to the appropriate treatment threshold, in the preceding 12 months.",Hypertension: Treated to appropriate threshold (age  >= 80) (CVDP003HYP),83.17,Female,Sex,1,23365.0,To March 2026,84.03,83.61,
E54000061,NHS South Yorkshire Integrated Care Board,Male,18840.0,,Red,CVDP003HYP,"Patients with GP recorded hypertension aged 80 and over, whose last blood pressure reading is to the appropriate treatment threshold, in the preceding 12 months.",Hypertension: Treated to appropriate threshold (age  >= 80) (CVDP003HYP),87.36,Male,Sex,1,16545.0,To March 2026,88.29,87.83,
E54000061,NHS South Yorkshire Integrated Care Board,Male,18840.0,,Red,CVDP003HYP,"Patients with GP recorded hypertension aged 80 and over, whose last blood pressure reading is to the appropriate treatment threshold, in the preceding 12 months.",Hypertension: Treated to appropriate threshold (age  >= 80) (CVDP003HYP),87.36,80+,Age group,1,16545.0,To March 2026,88.29,87.83,
E54000061,NHS South Yorkshire Integrated Care Board,Female,27945.0,,Red,CVDP003HYP,"Patients with GP recorded hypertension aged 80 and over, whose last blood pressure reading is to the appropriate treatment threshold, in the preceding 12 months.",Hypertension: Treated to appropriate threshold (age  >= 80) (CVDP003HYP),83.17,80+,Age group,1,23365.0,To March 2026,84.03,83.61,
E54000061,NHS South Yorkshire Integrated Care Board,Persons,46785.0,,Red,CVDP003HYP,"Patients with GP recorded hypertension aged 80 and over, whose last blood pressure reading is to the appropriate treatment threshold, in the preceding 12 months.",Hypertension: Treated to appropriate threshold (age  >= 80) (CVDP003HYP),84.98,80+,Age group,1,39910.0,To March 2026,85.62,85.31,
E54000061,NHS South Yorkshire Integrated Care Board,Persons,13605.0,,Red,CVDP003HYP,"Patients with GP recorded hypertension aged 80 and over, whose last blood pressure reading is to the appropriate treatment threshold, in the preceding 12 months.",Hypertension: Treated to appropriate threshold (age  >= 80) (CVDP003HYP),83.73,1 - most deprived,Deprivation quintile,1,11480.0,To March 2026,84.95,84.35,
E54000061,NHS South Yorkshire Integrated Care Board,Persons,9300.0,,Red,CVDP003HYP,"Patients with GP recorded hypertension aged 80 and over, whose last blood pressure reading is to the appropriate treatment threshold, in the preceding 12 months.",Hypertension: Treated to appropriate threshold (age  >= 80) (CVDP003HYP),84.59,2,Deprivation quintile,1,7935.0,To March 2026,86.02,85.32,
E54000061,NHS South Yorkshire Integrated Care Board,Persons,9235.0,,Red,CVDP003HYP,"Patients with GP recorded hypertension aged 80 and over, whose last blood pressure reading is to the appropriate treatment threshold, in the preceding 12 months.",Hypertension: Treated to appropriate threshold (age  >= 80) (CVDP003HYP),84.72,3,Deprivation quintile,1,7890.0,To March 2026,86.14,85.45,
E54000061,NHS South Yorkshire Integrated Care Board,Persons,8955.0,,Red,CVDP003HYP,"Patients with GP recorded hypertension aged 80 and over, whose last blood pressure reading is to the appropriate treatment threshold, in the preceding 12 months.",Hypertension: Treated to appropriate threshold (age  >= 80) (CVDP003HYP),85.15,4,Deprivation quintile,1,7690.0,To March 2026,86.59,85.88,
E54000061,NHS South Yorkshire Integrated Care Board,Persons,5565.0,,Red,CVDP003HYP,"Patients with GP recorded hypertension aged 80 and over, whose last blood pressure reading is to the appropriate treatment threshold, in the preceding 12 months.",Hypertension: Treated to appropriate threshold (age  >= 80) (CVDP003HYP),85.21,5 - least deprived,Deprivation quintile,1,4790.0,To March 2026,87.03,86.14,
E54000061,NHS South Yorkshire Integrated Care Board,Persons,700.0,,Red,CVDP003HYP,"Patients with GP recorded hypertension aged 80 and over, whose last blood pressure reading is to the appropriate treatment threshold, in the preceding 12 months.",Hypertension: Treated to appropriate threshold (age  >= 80) (CVDP003HYP),77.27,Asian,Ethnicity,1,565.0,To March 2026,83.1,80.31,
E54000061,NHS South Yorkshire Integrated Care Board,Persons,370.0,,Red,CVDP003HYP,"Patients with GP recorded hypertension aged 80 and over, whose last blood pressure reading is to the appropriate treatment threshold, in the preceding 12 months.",Hypertension: Treated to appropriate threshold (age  >= 80) (CVDP003HYP),76.2,Black,Ethnicity,1,300.0,To March 2026,84.22,80.59,
E54000061,NHS South Yorkshire Integrated Care Board,Persons,580.0,,Red,CVDP003HYP,"Patients with GP recorded hypertension aged 80 and over, whose last blood pressure reading is to the appropriate treatment threshold, in the preceding 12 months.",Hypertension: Treated to appropriate threshold (age  >= 80) (CVDP003HYP),81.62,Missing,Ethnicity,1,490.0,To March 2026,87.46,84.8,
E54000061,NHS South Yorkshire Integrated Care Board,Persons,95.0,,Red,CVDP003HYP,"Patients with GP recorded hypertension aged 80 and over, whose last blood pressure reading is to the appropriate treatment threshold, in the preceding 12 months.",Hypertension: Treated to appropriate threshold (age  >= 80) (CVDP003HYP),68.37,Mixed,Ethnicity,1,75.0,To March 2026,84.69,77.89,
E54000061,NHS South Yorkshire Integrated Care Board,Persons,1490.0,,Red,CVDP003HYP,"Patients with GP recorded hypertension aged 80 and over, whose last blood pressure reading is to the appropriate treatment threshold, in the preceding 12 months.",Hypertension: Treated to appropriate threshold (age  >= 80) (CVDP003HYP),80.33,Not stated,Ethnicity,1,1230.0,To March 2026,84.15,82.31,
E54000061,NHS South Yorkshire Integrated Care Board,Persons,85.0,,Red,CVDP003HYP,"Patients with GP recorded hypertension aged 80 and over, whose last blood pressure reading is to the appropriate treatment threshold, in the preceding 12 months.",Hypertension: Treated to appropriate threshold (age  >= 80) (CVDP003HYP),68.54,Other,Ethnicity,1,65.0,To March 2026,85.39,77.91,
E54000061,NHS South Yorkshire Integrated Care Board,Persons,43460.0,,Red,CVDP003HYP,"Patients with GP recorded hypertension aged 80 and over, whose last blood pressure reading is to the appropriate treatment threshold, in the preceding 12 months.",Hypertension: Treated to appropriate threshold (age  >= 80) (CVDP003HYP),85.24,White,Ethnicity,1,37190.0,To March 2026,85.9,85.57,
E54000061,NHS South Yorkshire Integrated Care Board,Persons,46355.0,,Red,CVDP003HYP,"Patients with GP recorded hypertension aged 80 and over, whose last blood pressure reading is to the appropriate treatment threshold, in the preceding 12 months.",Hypertension: Treated to appropriate threshold (age  >= 80) (CVDP003HYP),84.97,People without SMI,Mental Health,1,39535.0,To March 2026,85.61,85.29,
E54000061,NHS South Yorkshire Integrated Care Board,Persons,430.0,,Red,CVDP003HYP,"Patients with GP recorded hypertension aged 80 and over, whose last blood pressure reading is to the appropriate treatment threshold, in the preceding 12 months.",Hypertension: Treated to appropriate threshold (age  >= 80) (CVDP003HYP),83.76,People with SMI,Mental Health,1,375.0,To March 2026,90.02,87.15,
E54000061,NHS South Yorkshire Integrated Care Board,Persons,46730.0,,Red,CVDP003HYP,"Patients with GP recorded hypertension aged 80 and over, whose last blood pressure reading is to the appropriate treatment threshold, in the preceding 12 months.",Hypertension: Treated to appropriate threshold (age  >= 80) (CVDP003HYP),84.97,People without a diagnosed learning disability,Learning Disability,1,39860.0,To March 2026,85.61,85.29,
E54000061,NHS South Yorkshire Integrated Care Board,Persons,50.0,,Red,CVDP003HYP,"Patients with GP recorded hypertension aged 80 and over, whose last blood pressure reading is to the appropriate treatment threshold, in the preceding 12 months.",Hypertension: Treated to appropriate threshold (age  >= 80) (CVDP003HYP),87.27,People with a diagnosed learning disability,Learning Disability,1,50.0,To March 2026,98.18,96.15,
E54000010,NHS Staffordshire and Stoke-on-Trent Integrated Care Board,Persons,44120.0,,Red,CVDP003HYP,"Patients with GP recorded hypertension aged 80 and over, whose last blood pressure reading is to the appropriate treatment threshold, in the preceding 12 months.",Hypertension: Treated to appropriate threshold (age  >= 80) (CVDP003HYP),84.54,Persons,Sex,1,37445.0,To March 2026,85.2,84.87,
E54000010,NHS Staffordshire and Stoke-on-Trent Integrated Care Board,Female,26045.0,,Red,CVDP003HYP,"Patients with GP recorded hypertension aged 80 and over, whose last blood pressure reading is to the appropriate treatment threshold, in the preceding 12 months.",Hypertension: Treated to appropriate threshold (age  >= 80) (CVDP003HYP),82.74,Female,Sex,1,21670.0,To March 2026,83.65,83.2,
E54000010,NHS Staffordshire and Stoke-on-Trent Integrated Care Board,Male,18070.0,,Red,CVDP003HYP,"Patients with GP recorded hypertension aged 80 and over, whose last blood pressure reading is to the appropriate treatment threshold, in the preceding 12 months.",Hypertension: Treated to appropriate threshold (age  >= 80) (CVDP003HYP),86.79,Male,Sex,1,15775.0,To March 2026,87.76,87.28,
E54000010,NHS Staffordshire and Stoke-on-Trent Integrated Care Board,Male,18070.0,,Red,CVDP003HYP,"Patients with GP recorded hypertension aged 80 and over, whose last blood pressure reading is to the appropriate treatment threshold, in the preceding 12 months.",Hypertension: Treated to appropriate threshold (age  >= 80) (CVDP003HYP),86.79,80+,Age group,1,15775.0,To March 2026,87.76,87.28,
E54000010,NHS Staffordshire and Stoke-on-Trent Integrated Care Board,Female,26045.0,,Red,CVDP003HYP,"Patients with GP recorded hypertension aged 80 and over, whose last blood pressure reading is to the appropriate treatment threshold, in the preceding 12 months.",Hypertension: Treated to appropriate threshold (age  >= 80) (CVDP003HYP),82.74,80+,Age group,1,21670.0,To March 2026,83.65,83.2,
E54000010,NHS Staffordshire and Stoke-on-Trent Integrated Care Board,Persons,44120.0,,Red,CVDP003HYP,"Patients with GP recorded hypertension aged 80 and over, whose last blood pressure reading is to the appropriate treatment threshold, in the preceding 12 months.",Hypertension: Treated to appropriate threshold (age  >= 80) (CVDP003HYP),84.54,80+,Age group,1,37445.0,To March 2026,85.2,84.87,
E54000010,NHS Staffordshire and Stoke-on-Trent Integrated Care Board,Persons,5810.0,,Red,CVDP003HYP,"Patients with GP recorded hypertension aged 80 and over, whose last blood pressure reading is to the appropriate treatment threshold, in the preceding 12 months.",Hypertension: Treated to appropriate threshold (age  >= 80) (CVDP003HYP),82.92,1 - most deprived,Deprivation quintile,1,4875.0,To March 2026,84.8,83.88,
E54000010,NHS Staffordshire and Stoke-on-Trent Integrated Care Board,Persons,7310.0,,Red,CVDP003HYP,"Patients with GP recorded hypertension aged 80 and over, whose last blood pressure reading is to the appropriate treatment threshold, in the preceding 12 months.",Hypertension: Treated to appropriate threshold (age  >= 80) (CVDP003HYP),83.18,2,Deprivation quintile,1,6140.0,To March 2026,84.84,84.03,
E54000010,NHS Staffordshire and Stoke-on-Trent Integrated Care Board,Persons,9775.0,,Red,CVDP003HYP,"Patients with GP recorded hypertension aged 80 and over, whose last blood pressure reading is to the appropriate treatment threshold, in the preceding 12 months.",Hypertension: Treated to appropriate threshold (age  >= 80) (CVDP003HYP),84.61,3,Deprivation quintile,1,8340.0,To March 2026,86.01,85.32,
E54000010,NHS Staffordshire and Stoke-on-Trent Integrated Care Board,Persons,12175.0,,Red,CVDP003HYP,"Patients with GP recorded hypertension aged 80 and over, whose last blood pressure reading is to the appropriate treatment threshold, in the preceding 12 months.",Hypertension: Treated to appropriate threshold (age  >= 80) (CVDP003HYP),84.51,4,Deprivation quintile,1,10365.0,To March 2026,85.76,85.14,
E54000010,NHS Staffordshire and Stoke-on-Trent Integrated Care Board,Persons,10080.0,,Red,CVDP003HYP,"Patients with GP recorded hypertension aged 80 and over, whose last blood pressure reading is to the appropriate treatment threshold, in the preceding 12 months.",Hypertension: Treated to appropriate threshold (age  >= 80) (CVDP003HYP),84.83,5 - least deprived,Deprivation quintile,1,8620.0,To March 2026,86.2,85.53,
E54000010,NHS Staffordshire and Stoke-on-Trent Integrated Care Board,Persons,480.0,,Red,CVDP003HYP,"Patients with GP recorded hypertension aged 80 and over, whose last blood pressure reading is to the appropriate treatment threshold, in the preceding 12 months.",Hypertension: Treated to appropriate threshold (age  >= 80) (CVDP003HYP),76.56,Asian,Ethnicity,1,385.0,To March 2026,83.61,80.38,
E54000010,NHS Staffordshire and Stoke-on-Trent Integrated Care Board,Persons,155.0,,Red,CVDP003HYP,"Patients with GP recorded hypertension aged 80 and over, whose last blood pressure reading is to the appropriate treatment threshold, in the preceding 12 months.",Hypertension: Treated to appropriate threshold (age  >= 80) (CVDP003HYP),72.15,Black,Ethnicity,1,125.0,To March 2026,84.81,79.35,
E54000010,NHS Staffordshire and Stoke-on-Trent Integrated Care Board,Persons,325.0,,Red,CVDP003HYP,"Patients with GP recorded hypertension aged 80 and over, whose last blood pressure reading is to the appropriate treatment threshold, in the preceding 12 months.",Hypertension: Treated to appropriate threshold (age  >= 80) (CVDP003HYP),71.73,Missing,Ethnicity,1,250.0,To March 2026,80.85,76.69,
E54000010,NHS Staffordshire and Stoke-on-Trent Integrated Care Board,Persons,115.0,,Red,CVDP003HYP,"Patients with GP recorded hypertension aged 80 and over, whose last blood pressure reading is to the appropriate treatment threshold, in the preceding 12 months.",Hypertension: Treated to appropriate threshold (age  >= 80) (CVDP003HYP),70.59,Mixed,Ethnicity,1,90.0,To March 2026,84.87,78.45,
E54000010,NHS Staffordshire and Stoke-on-Trent Integrated Care Board,Persons,325.0,,Red,CVDP003HYP,"Patients with GP recorded hypertension aged 80 and over, whose last blood pressure reading is to the appropriate treatment threshold, in the preceding 12 months.",Hypertension: Treated to appropriate threshold (age  >= 80) (CVDP003HYP),76.76,Not stated,Ethnicity,1,265.0,To March 2026,85.02,81.17,
E54000010,NHS Staffordshire and Stoke-on-Trent Integrated Care Board,Persons,115.0,,Red,CVDP003HYP,"Patients with GP recorded hypertension aged 80 and over, whose last blood pressure reading is to the appropriate treatment threshold, in the preceding 12 months.",Hypertension: Treated to appropriate threshold (age  >= 80) (CVDP003HYP),70.0,Other,Ethnicity,1,90.0,To March 2026,84.17,77.78,
E54000010,NHS Staffordshire and Stoke-on-Trent Integrated Care Board,Persons,42600.0,,Red,CVDP003HYP,"Patients with GP recorded hypertension aged 80 and over, whose last blood pressure reading is to the appropriate treatment threshold, in the preceding 12 months.",Hypertension: Treated to appropriate threshold (age  >= 80) (CVDP003HYP),84.73,White,Ethnicity,1,36240.0,To March 2026,85.41,85.07,
E54000010,NHS Staffordshire and Stoke-on-Trent Integrated Care Board,Persons,43810.0,,Red,CVDP003HYP,"Patients with GP recorded hypertension aged 80 and over, whose last blood pressure reading is to the appropriate treatment threshold, in the preceding 12 months.",Hypertension: Treated to appropriate threshold (age  >= 80) (CVDP003HYP),84.54,People without SMI,Mental Health,1,37185.0,To March 2026,85.21,84.88,
E54000010,NHS Staffordshire and Stoke-on-Trent Integrated Care Board,Persons,305.0,,Red,CVDP003HYP,"Patients with GP recorded hypertension aged 80 and over, whose last blood pressure reading is to the appropriate treatment threshold, in the preceding 12 months.",Hypertension: Treated to appropriate threshold (age  >= 80) (CVDP003HYP),79.68,People with SMI,Mental Health,1,260.0,To March 2026,87.74,84.04,
E54000010,NHS Staffordshire and Stoke-on-Trent Integrated Care Board,Persons,44075.0,,Red,CVDP003HYP,"Patients with GP recorded hypertension aged 80 and over, whose last blood pressure reading is to the appropriate treatment threshold, in the preceding 12 months.",Hypertension: Treated to appropriate threshold (age  >= 80) (CVDP003HYP),84.54,People without a diagnosed learning disability,Learning Disability,1,37410.0,To March 2026,85.21,84.88,
E54000010,NHS Staffordshire and Stoke-on-Trent Integrated Care Board,Persons,45.0,,Red,CVDP003HYP,"Patients with GP recorded hypertension aged 80 and over, whose last blood pressure reading is to the appropriate treatment threshold, in the preceding 12 months.",Hypertension: Treated to appropriate threshold (age  >= 80) (CVDP003HYP),63.83,People with a diagnosed learning disability,Learning Disability,1,35.0,To March 2026,87.23,77.27,
E54000023,NHS Suffolk and North East Essex Integrated Care Board,Persons,45050.0,,Red,CVDP003HYP,"Patients with GP recorded hypertension aged 80 and over, whose last blood pressure reading is to the appropriate treatment threshold, in the preceding 12 months.",Hypertension: Treated to appropriate threshold (age  >= 80) (CVDP003HYP),85.25,Persons,Sex,1,38555.0,To March 2026,85.9,85.57,
E54000023,NHS Suffolk and North East Essex Integrated Care Board,Female,26355.0,,Red,CVDP003HYP,"Patients with GP recorded hypertension aged 80 and over, whose last blood pressure reading is to the appropriate treatment threshold, in the preceding 12 months.",Hypertension: Treated to appropriate threshold (age  >= 80) (CVDP003HYP),83.74,Female,Sex,1,22185.0,To March 2026,84.62,84.18,
E54000023,NHS Suffolk and North East Essex Integrated Care Board,Male,18695.0,,Red,CVDP003HYP,"Patients with GP recorded hypertension aged 80 and over, whose last blood pressure reading is to the appropriate treatment threshold, in the preceding 12 months.",Hypertension: Treated to appropriate threshold (age  >= 80) (CVDP003HYP),87.06,Male,Sex,1,16365.0,To March 2026,88.0,87.54,
E54000023,NHS Suffolk and North East Essex Integrated Care Board,Male,18695.0,,Red,CVDP003HYP,"Patients with GP recorded hypertension aged 80 and over, whose last blood pressure reading is to the appropriate treatment threshold, in the preceding 12 months.",Hypertension: Treated to appropriate threshold (age  >= 80) (CVDP003HYP),87.06,80+,Age group,1,16365.0,To March 2026,88.0,87.54,
E54000023,NHS Suffolk and North East Essex Integrated Care Board,Female,26355.0,,Red,CVDP003HYP,"Patients with GP recorded hypertension aged 80 and over, whose last blood pressure reading is to the appropriate treatment threshold, in the preceding 12 months.",Hypertension: Treated to appropriate threshold (age  >= 80) (CVDP003HYP),83.74,80+,Age group,1,22185.0,To March 2026,84.62,84.18,
E54000023,NHS Suffolk and North East Essex Integrated Care Board,Persons,45050.0,,Red,CVDP003HYP,"Patients with GP recorded hypertension aged 80 and over, whose last blood pressure reading is to the appropriate treatment threshold, in the preceding 12 months.",Hypertension: Treated to appropriate threshold (age  >= 80) (CVDP003HYP),85.25,80+,Age group,1,38555.0,To March 2026,85.9,85.57,
E54000023,NHS Suffolk and North East Essex Integrated Care Board,Persons,4005.0,,Red,CVDP003HYP,"Patients with GP recorded hypertension aged 80 and over, whose last blood pressure reading is to the appropriate treatment threshold, in the preceding 12 months.",Hypertension: Treated to appropriate threshold (age  >= 80) (CVDP003HYP),84.33,1 - most deprived,Deprivation quintile,1,3420.0,To March 2026,86.5,85.44,
E54000023,NHS Suffolk and North East Essex Integrated Care Board,Persons,7725.0,,Red,CVDP003HYP,"Patients with GP recorded hypertension aged 80 and over, whose last blood pressure reading is to the appropriate treatment threshold, in the preceding 12 months.",Hypertension: Treated to appropriate threshold (age  >= 80) (CVDP003HYP),85.22,2,Deprivation quintile,1,6645.0,To March 2026,86.76,86.01,
E54000023,NHS Suffolk and North East Essex Integrated Care Board,Persons,13395.0,,Red,CVDP003HYP,"Patients with GP recorded hypertension aged 80 and over, whose last blood pressure reading is to the appropriate treatment threshold, in the preceding 12 months.",Hypertension: Treated to appropriate threshold (age  >= 80) (CVDP003HYP),84.57,3,Deprivation quintile,1,11410.0,To March 2026,85.78,85.18,
E54000023,NHS Suffolk and North East Essex Integrated Care Board,Persons,10545.0,,Red,CVDP003HYP,"Patients with GP recorded hypertension aged 80 and over, whose last blood pressure reading is to the appropriate treatment threshold, in the preceding 12 months.",Hypertension: Treated to appropriate threshold (age  >= 80) (CVDP003HYP),85.1,4,Deprivation quintile,1,9045.0,To March 2026,86.42,85.78,
E54000023,NHS Suffolk and North East Essex Integrated Care Board,Persons,8775.0,,Red,CVDP003HYP,"Patients with GP recorded hypertension aged 80 and over, whose last blood pressure reading is to the appropriate treatment threshold, in the preceding 12 months.",Hypertension: Treated to appropriate threshold (age  >= 80) (CVDP003HYP),84.58,5 - least deprived,Deprivation quintile,1,7485.0,To March 2026,86.04,85.32,
E54000023,NHS Suffolk and North East Essex Integrated Care Board,Persons,255.0,,Red,CVDP003HYP,"Patients with GP recorded hypertension aged 80 and over, whose last blood pressure reading is to the appropriate treatment threshold, in the preceding 12 months.",Hypertension: Treated to appropriate threshold (age  >= 80) (CVDP003HYP),78.76,Asian,Ethnicity,1,215.0,To March 2026,87.64,83.59,
E54000023,NHS Suffolk and North East Essex Integrated Care Board,Persons,200.0,,Red,CVDP003HYP,"Patients with GP recorded hypertension aged 80 and over, whose last blood pressure reading is to the appropriate treatment threshold, in the preceding 12 months.",Hypertension: Treated to appropriate threshold (age  >= 80) (CVDP003HYP),74.13,Black,Ethnicity,1,160.0,To March 2026,85.07,80.3,
E54000023,NHS Suffolk and North East Essex Integrated Care Board,Persons,365.0,,Red,CVDP003HYP,"Patients with GP recorded hypertension aged 80 and over, whose last blood pressure reading is to the appropriate treatment threshold, in the preceding 12 months.",Hypertension: Treated to appropriate threshold (age  >= 80) (CVDP003HYP),78.53,Missing,Ethnicity,1,300.0,To March 2026,86.14,82.74,
E54000023,NHS Suffolk and North East Essex Integrated Care Board,Persons,130.0,,Red,CVDP003HYP,"Patients with GP recorded hypertension aged 80 and over, whose last blood pressure reading is to the appropriate treatment threshold, in the preceding 12 months.",Hypertension: Treated to appropriate threshold (age  >= 80) (CVDP003HYP),74.24,Mixed,Ethnicity,1,105.0,To March 2026,87.12,81.4,
E54000023,NHS Suffolk and North East Essex Integrated Care Board,Persons,805.0,,Red,CVDP003HYP,"Patients with GP recorded hypertension aged 80 and over, whose last blood pressure reading is to the appropriate treatment threshold, in the preceding 12 months.",Hypertension: Treated to appropriate threshold (age  >= 80) (CVDP003HYP),81.98,Not stated,Ethnicity,1,685.0,To March 2026,86.91,84.63,
E54000023,NHS Suffolk and North East Essex Integrated Care Board,Persons,90.0,,Red,CVDP003HYP,"Patients with GP recorded hypertension aged 80 and over, whose last blood pressure reading is to the appropriate treatment threshold, in the preceding 12 months.",Hypertension: Treated to appropriate threshold (age  >= 80) (CVDP003HYP),72.53,Other,Ethnicity,1,70.0,To March 2026,87.91,81.82,
E54000023,NHS Suffolk and North East Essex Integrated Care Board,Persons,43210.0,,Red,CVDP003HYP,"Patients with GP recorded hypertension aged 80 and over, whose last blood pressure reading is to the appropriate treatment threshold, in the preceding 12 months.",Hypertension: Treated to appropriate threshold (age  >= 80) (CVDP003HYP),85.34,White,Ethnicity,1,37020.0,To March 2026,86.0,85.67,
E54000023,NHS Suffolk and North East Essex Integrated Care Board,Persons,44700.0,,Red,CVDP003HYP,"Patients with GP recorded hypertension aged 80 and over, whose last blood pressure reading is to the appropriate treatment threshold, in the preceding 12 months.",Hypertension: Treated to appropriate threshold (age  >= 80) (CVDP003HYP),85.26,People without SMI,Mental Health,1,38260.0,To March 2026,85.91,85.59,
E54000023,NHS Suffolk and North East Essex Integrated Care Board,Persons,350.0,,Red,CVDP003HYP,"Patients with GP recorded hypertension aged 80 and over, whose last blood pressure reading is to the appropriate treatment threshold, in the preceding 12 months.",Hypertension: Treated to appropriate threshold (age  >= 80) (CVDP003HYP),79.38,People with SMI,Mental Health,1,295.0,To March 2026,87.01,83.48,
E54000023,NHS Suffolk and North East Essex Integrated Care Board,Persons,45015.0,,Red,CVDP003HYP,"Patients with GP recorded hypertension aged 80 and over, whose last blood pressure reading is to the appropriate treatment threshold, in the preceding 12 months.",Hypertension: Treated to appropriate threshold (age  >= 80) (CVDP003HYP),85.24,People without a diagnosed learning disability,Learning Disability,1,38520.0,To March 2026,85.89,85.57,
E54000023,NHS Suffolk and North East Essex Integrated Care Board,Persons,35.0,,Red,CVDP003HYP,"Patients with GP recorded hypertension aged 80 and over, whose last blood pressure reading is to the appropriate treatment threshold, in the preceding 12 months.",Hypertension: Treated to appropriate threshold (age  >= 80) (CVDP003HYP),82.5,People with a diagnosed learning disability,Learning Disability,1,35.0,To March 2026,97.5,94.59,
E54000063,Nhs Surrey Heartlands Integrated Care Board,Persons,37135.0,,Red,CVDP003HYP,"Patients with GP recorded hypertension aged 80 and over, whose last blood pressure reading is to the appropriate treatment threshold, in the preceding 12 months.",Hypertension: Treated to appropriate threshold (age  >= 80) (CVDP003HYP),82.97,Persons,Sex,1,30955.0,To March 2026,83.73,83.36,
E54000063,Nhs Surrey Heartlands Integrated Care Board,Female,22275.0,,Red,CVDP003HYP,"Patients with GP recorded hypertension aged 80 and over, whose last blood pressure reading is to the appropriate treatment threshold, in the preceding 12 months.",Hypertension: Treated to appropriate threshold (age  >= 80) (CVDP003HYP),81.28,Female,Sex,1,18220.0,To March 2026,82.29,81.79,
E54000063,Nhs Surrey Heartlands Integrated Care Board,Male,14860.0,,Red,CVDP003HYP,"Patients with GP recorded hypertension aged 80 and over, whose last blood pressure reading is to the appropriate treatment threshold, in the preceding 12 months.",Hypertension: Treated to appropriate threshold (age  >= 80) (CVDP003HYP),85.13,Male,Sex,1,12735.0,To March 2026,86.25,85.7,
E54000063,Nhs Surrey Heartlands Integrated Care Board,Male,14860.0,,Red,CVDP003HYP,"Patients with GP recorded hypertension aged 80 and over, whose last blood pressure reading is to the appropriate treatment threshold, in the preceding 12 months.",Hypertension: Treated to appropriate threshold (age  >= 80) (CVDP003HYP),85.13,80+,Age group,1,12735.0,To March 2026,86.25,85.7,
E54000063,Nhs Surrey Heartlands Integrated Care Board,Female,22275.0,,Red,CVDP003HYP,"Patients with GP recorded hypertension aged 80 and over, whose last blood pressure reading is to the appropriate treatment threshold, in the preceding 12 months.",Hypertension: Treated to appropriate threshold (age  >= 80) (CVDP003HYP),81.28,80+,Age group,1,18220.0,To March 2026,82.29,81.79,
E54000063,Nhs Surrey Heartlands Integrated Care Board,Persons,37135.0,,Red,CVDP003HYP,"Patients with GP recorded hypertension aged 80 and over, whose last blood pressure reading is to the appropriate treatment threshold, in the preceding 12 months.",Hypertension: Treated to appropriate threshold (age  >= 80) (CVDP003HYP),82.97,80+,Age group,1,30955.0,To March 2026,83.73,83.36,
E54000063,Nhs Surrey Heartlands Integrated Care Board,Persons,95.0,,Red,CVDP003HYP,"Patients with GP recorded hypertension aged 80 and over, whose last blood pressure reading is to the appropriate treatment threshold, in the preceding 12 months.",Hypertension: Treated to appropriate threshold (age  >= 80) (CVDP003HYP),68.37,1 - most deprived,Deprivation quintile,1,75.0,To March 2026,84.69,77.89,
E54000063,Nhs Surrey Heartlands Integrated Care Board,Persons,2135.0,,Red,CVDP003HYP,"Patients with GP recorded hypertension aged 80 and over, whose last blood pressure reading is to the appropriate treatment threshold, in the preceding 12 months.",Hypertension: Treated to appropriate threshold (age  >= 80) (CVDP003HYP),80.7,2,Deprivation quintile,1,1760.0,To March 2026,83.93,82.36,
E54000063,Nhs Surrey Heartlands Integrated Care Board,Persons,4635.0,,Red,CVDP003HYP,"Patients with GP recorded hypertension aged 80 and over, whose last blood pressure reading is to the appropriate treatment threshold, in the preceding 12 months.",Hypertension: Treated to appropriate threshold (age  >= 80) (CVDP003HYP),81.61,3,Deprivation quintile,1,3835.0,To March 2026,83.76,82.72,
E54000063,Nhs Surrey Heartlands Integrated Care Board,Persons,9980.0,,Red,CVDP003HYP,"Patients with GP recorded hypertension aged 80 and over, whose last blood pressure reading is to the appropriate treatment threshold, in the preceding 12 months.",Hypertension: Treated to appropriate threshold (age  >= 80) (CVDP003HYP),82.94,4,Deprivation quintile,1,8350.0,To March 2026,84.39,83.68,
E54000063,Nhs Surrey Heartlands Integrated Care Board,Persons,20650.0,,Red,CVDP003HYP,"Patients with GP recorded hypertension aged 80 and over, whose last blood pressure reading is to the appropriate treatment threshold, in the preceding 12 months.",Hypertension: Treated to appropriate threshold (age  >= 80) (CVDP003HYP),83.12,5 - least deprived,Deprivation quintile,1,17270.0,To March 2026,84.12,83.63,
E54000063,Nhs Surrey Heartlands Integrated Care Board,Persons,1085.0,,Red,CVDP003HYP,"Patients with GP recorded hypertension aged 80 and over, whose last blood pressure reading is to the appropriate treatment threshold, in the preceding 12 months.",Hypertension: Treated to appropriate threshold (age  >= 80) (CVDP003HYP),79.25,Asian,Ethnicity,1,885.0,To March 2026,83.84,81.68,
E54000063,Nhs Surrey Heartlands Integrated Care Board,Persons,200.0,,Red,CVDP003HYP,"Patients with GP recorded hypertension aged 80 and over, whose last blood pressure reading is to the appropriate treatment threshold, in the preceding 12 months.",Hypertension: Treated to appropriate threshold (age  >= 80) (CVDP003HYP),67.98,Black,Ethnicity,1,150.0,To March 2026,79.8,74.5,
E54000063,Nhs Surrey Heartlands Integrated Care Board,Persons,530.0,,Red,CVDP003HYP,"Patients with GP recorded hypertension aged 80 and over, whose last blood pressure reading is to the appropriate treatment threshold, in the preceding 12 months.",Hypertension: Treated to appropriate threshold (age  >= 80) (CVDP003HYP),67.98,Missing,Ethnicity,1,380.0,To March 2026,75.47,71.94,
E54000063,Nhs Surrey Heartlands Integrated Care Board,Persons,180.0,,Red,CVDP003HYP,"Patients with GP recorded hypertension aged 80 and over, whose last blood pressure reading is to the appropriate treatment threshold, in the preceding 12 months.",Hypertension: Treated to appropriate threshold (age  >= 80) (CVDP003HYP),70.65,Mixed,Ethnicity,1,140.0,To March 2026,82.61,77.35,
E54000063,Nhs Surrey Heartlands Integrated Care Board,Persons,1890.0,,Red,CVDP003HYP,"Patients with GP recorded hypertension aged 80 and over, whose last blood pressure reading is to the appropriate treatment threshold, in the preceding 12 months.",Hypertension: Treated to appropriate threshold (age  >= 80) (CVDP003HYP),73.78,Not stated,Ethnicity,1,1430.0,To March 2026,77.64,75.75,
E54000063,Nhs Surrey Heartlands Integrated Care Board,Persons,270.0,,Red,CVDP003HYP,"Patients with GP recorded hypertension aged 80 and over, whose last blood pressure reading is to the appropriate treatment threshold, in the preceding 12 months.",Hypertension: Treated to appropriate threshold (age  >= 80) (CVDP003HYP),76.36,Other,Ethnicity,1,220.0,To March 2026,85.45,81.25,
E54000063,Nhs Surrey Heartlands Integrated Care Board,Persons,32975.0,,Red,CVDP003HYP,"Patients with GP recorded hypertension aged 80 and over, whose last blood pressure reading is to the appropriate treatment threshold, in the preceding 12 months.",Hypertension: Treated to appropriate threshold (age  >= 80) (CVDP003HYP),83.74,White,Ethnicity,1,27745.0,To March 2026,84.52,84.13,
E54000063,Nhs Surrey Heartlands Integrated Care Board,Persons,36780.0,,Red,CVDP003HYP,"Patients with GP recorded hypertension aged 80 and over, whose last blood pressure reading is to the appropriate treatment threshold, in the preceding 12 months.",Hypertension: Treated to appropriate threshold (age  >= 80) (CVDP003HYP),82.93,People without SMI,Mental Health,1,30645.0,To March 2026,83.7,83.32,
E54000063,Nhs Surrey Heartlands Integrated Care Board,Persons,355.0,,Red,CVDP003HYP,"Patients with GP recorded hypertension aged 80 and over, whose last blood pressure reading is to the appropriate treatment threshold, in the preceding 12 months.",Hypertension: Treated to appropriate threshold (age  >= 80) (CVDP003HYP),83.29,People with SMI,Mental Health,1,310.0,To March 2026,90.25,87.08,
E54000063,Nhs Surrey Heartlands Integrated Care Board,Persons,37090.0,,Red,CVDP003HYP,"Patients with GP recorded hypertension aged 80 and over, whose last blood pressure reading is to the appropriate treatment threshold, in the preceding 12 months.",Hypertension: Treated to appropriate threshold (age  >= 80) (CVDP003HYP),82.97,People without a diagnosed learning disability,Learning Disability,1,30915.0,To March 2026,83.73,83.35,
E54000063,Nhs Surrey Heartlands Integrated Care Board,Persons,45.0,,Red,CVDP003HYP,"Patients with GP recorded hypertension aged 80 and over, whose last blood pressure reading is to the appropriate treatment threshold, in the preceding 12 months.",Hypertension: Treated to appropriate threshold (age  >= 80) (CVDP003HYP),73.91,People with a diagnosed learning disability,Learning Disability,1,35.0,To March 2026,93.48,86.05,
E54000064,Nhs Sussex Integrated Care Board,Persons,71055.0,,Red,CVDP003HYP,"Patients with GP recorded hypertension aged 80 and over, whose last blood pressure reading is to the appropriate treatment threshold, in the preceding 12 months.",Hypertension: Treated to appropriate threshold (age  >= 80) (CVDP003HYP),81.85,Persons,Sex,1,58360.0,To March 2026,82.41,82.13,
E54000064,Nhs Sussex Integrated Care Board,Female,42425.0,,Red,CVDP003HYP,"Patients with GP recorded hypertension aged 80 and over, whose last blood pressure reading is to the appropriate treatment threshold, in the preceding 12 months.",Hypertension: Treated to appropriate threshold (age  >= 80) (CVDP003HYP),79.8,Female,Sex,1,34015.0,To March 2026,80.56,80.19,
E54000064,Nhs Sussex Integrated Care Board,Male,28630.0,,Red,CVDP003HYP,"Patients with GP recorded hypertension aged 80 and over, whose last blood pressure reading is to the appropriate treatment threshold, in the preceding 12 months.",Hypertension: Treated to appropriate threshold (age  >= 80) (CVDP003HYP),84.61,Male,Sex,1,24340.0,To March 2026,85.43,85.02,
E54000064,Nhs Sussex Integrated Care Board,Male,28630.0,,Red,CVDP003HYP,"Patients with GP recorded hypertension aged 80 and over, whose last blood pressure reading is to the appropriate treatment threshold, in the preceding 12 months.",Hypertension: Treated to appropriate threshold (age  >= 80) (CVDP003HYP),84.61,80+,Age group,1,24340.0,To March 2026,85.43,85.02,
E54000064,Nhs Sussex Integrated Care Board,Female,42425.0,,Red,CVDP003HYP,"Patients with GP recorded hypertension aged 80 and over, whose last blood pressure reading is to the appropriate treatment threshold, in the preceding 12 months.",Hypertension: Treated to appropriate threshold (age  >= 80) (CVDP003HYP),79.8,80+,Age group,1,34015.0,To March 2026,80.56,80.19,
E54000064,Nhs Sussex Integrated Care Board,Persons,71055.0,,Red,CVDP003HYP,"Patients with GP recorded hypertension aged 80 and over, whose last blood pressure reading is to the appropriate treatment threshold, in the preceding 12 months.",Hypertension: Treated to appropriate threshold (age  >= 80) (CVDP003HYP),81.85,80+,Age group,1,58360.0,To March 2026,82.41,82.13,
E54000064,Nhs Sussex Integrated Care Board,Persons,3945.0,,Red,CVDP003HYP,"Patients with GP recorded hypertension aged 80 and over, whose last blood pressure reading is to the appropriate treatment threshold, in the preceding 12 months.",Hypertension: Treated to appropriate threshold (age  >= 80) (CVDP003HYP),77.98,1 - most deprived,Deprivation quintile,1,3125.0,To March 2026,80.49,79.26,
E54000064,Nhs Sussex Integrated Care Board,Persons,9440.0,,Red,CVDP003HYP,"Patients with GP recorded hypertension aged 80 and over, whose last blood pressure reading is to the appropriate treatment threshold, in the preceding 12 months.",Hypertension: Treated to appropriate threshold (age  >= 80) (CVDP003HYP),79.9,2,Deprivation quintile,1,7615.0,To March 2026,81.49,80.71,
E54000064,Nhs Sussex Integrated Care Board,Persons,19115.0,,Red,CVDP003HYP,"Patients with GP recorded hypertension aged 80 and over, whose last blood pressure reading is to the appropriate treatment threshold, in the preceding 12 months.",Hypertension: Treated to appropriate threshold (age  >= 80) (CVDP003HYP),81.41,3,Deprivation quintile,1,15670.0,To March 2026,82.49,81.96,
E54000064,Nhs Sussex Integrated Care Board,Persons,19910.0,,Red,CVDP003HYP,"Patients with GP recorded hypertension aged 80 and over, whose last blood pressure reading is to the appropriate treatment threshold, in the preceding 12 months.",Hypertension: Treated to appropriate threshold (age  >= 80) (CVDP003HYP),81.33,4,Deprivation quintile,1,16300.0,To March 2026,82.4,81.87,
E54000064,Nhs Sussex Integrated Care Board,Persons,18835.0,,Red,CVDP003HYP,"Patients with GP recorded hypertension aged 80 and over, whose last blood pressure reading is to the appropriate treatment threshold, in the preceding 12 months.",Hypertension: Treated to appropriate threshold (age  >= 80) (CVDP003HYP),83.18,5 - least deprived,Deprivation quintile,1,15765.0,To March 2026,84.23,83.71,
E54000064,Nhs Sussex Integrated Care Board,Persons,785.0,,Red,CVDP003HYP,"Patients with GP recorded hypertension aged 80 and over, whose last blood pressure reading is to the appropriate treatment threshold, in the preceding 12 months.",Hypertension: Treated to appropriate threshold (age  >= 80) (CVDP003HYP),74.84,Asian,Ethnicity,1,610.0,To March 2026,80.56,77.81,
E54000064,Nhs Sussex Integrated Care Board,Persons,215.0,,Red,CVDP003HYP,"Patients with GP recorded hypertension aged 80 and over, whose last blood pressure reading is to the appropriate treatment threshold, in the preceding 12 months.",Hypertension: Treated to appropriate threshold (age  >= 80) (CVDP003HYP),73.64,Black,Ethnicity,1,170.0,To March 2026,84.09,79.26,
E54000064,Nhs Sussex Integrated Care Board,Persons,2625.0,,Red,CVDP003HYP,"Patients with GP recorded hypertension aged 80 and over, whose last blood pressure reading is to the appropriate treatment threshold, in the preceding 12 months.",Hypertension: Treated to appropriate threshold (age  >= 80) (CVDP003HYP),76.62,Missing,Ethnicity,1,2055.0,To March 2026,79.73,78.23,
E54000064,Nhs Sussex Integrated Care Board,Persons,225.0,,Red,CVDP003HYP,"Patients with GP recorded hypertension aged 80 and over, whose last blood pressure reading is to the appropriate treatment threshold, in the preceding 12 months.",Hypertension: Treated to appropriate threshold (age  >= 80) (CVDP003HYP),75.22,Mixed,Ethnicity,1,185.0,To March 2026,85.22,80.62,
E54000064,Nhs Sussex Integrated Care Board,Persons,4860.0,,Red,CVDP003HYP,"Patients with GP recorded hypertension aged 80 and over, whose last blood pressure reading is to the appropriate treatment threshold, in the preceding 12 months.",Hypertension: Treated to appropriate threshold (age  >= 80) (CVDP003HYP),77.47,Not stated,Ethnicity,1,3825.0,To March 2026,79.77,78.65,
E54000064,Nhs Sussex Integrated Care Board,Persons,225.0,,Red,CVDP003HYP,"Patients with GP recorded hypertension aged 80 and over, whose last blood pressure reading is to the appropriate treatment threshold, in the preceding 12 months.",Hypertension: Treated to appropriate threshold (age  >= 80) (CVDP003HYP),74.01,Other,Ethnicity,1,180.0,To March 2026,84.14,79.46,
E54000064,Nhs Sussex Integrated Care Board,Persons,62115.0,,Red,CVDP003HYP,"Patients with GP recorded hypertension aged 80 and over, whose last blood pressure reading is to the appropriate treatment threshold, in the preceding 12 months.",Hypertension: Treated to appropriate threshold (age  >= 80) (CVDP003HYP),82.35,White,Ethnicity,1,51340.0,To March 2026,82.95,82.65,
E54000064,Nhs Sussex Integrated Care Board,Persons,70390.0,,Red,CVDP003HYP,"Patients with GP recorded hypertension aged 80 and over, whose last blood pressure reading is to the appropriate treatment threshold, in the preceding 12 months.",Hypertension: Treated to appropriate threshold (age  >= 80) (CVDP003HYP),81.86,People without SMI,Mental Health,1,57820.0,To March 2026,82.42,82.14,
E54000064,Nhs Sussex Integrated Care Board,Persons,665.0,,Red,CVDP003HYP,"Patients with GP recorded hypertension aged 80 and over, whose last blood pressure reading is to the appropriate treatment threshold, in the preceding 12 months.",Hypertension: Treated to appropriate threshold (age  >= 80) (CVDP003HYP),78.41,People with SMI,Mental Health,1,540.0,To March 2026,84.26,81.48,
E54000064,Nhs Sussex Integrated Care Board,Persons,70990.0,,Red,CVDP003HYP,"Patients with GP recorded hypertension aged 80 and over, whose last blood pressure reading is to the appropriate treatment threshold, in the preceding 12 months.",Hypertension: Treated to appropriate threshold (age  >= 80) (CVDP003HYP),81.84,People without a diagnosed learning disability,Learning Disability,1,58305.0,To March 2026,82.41,82.13,
E54000064,Nhs Sussex Integrated Care Board,Persons,65.0,,Red,CVDP003HYP,"Patients with GP recorded hypertension aged 80 and over, whose last blood pressure reading is to the appropriate treatment threshold, in the preceding 12 months.",Hypertension: Treated to appropriate threshold (age  >= 80) (CVDP003HYP),78.79,People with a diagnosed learning disability,Learning Disability,1,55.0,To March 2026,93.94,88.89,
E54000054,NHS West Yorkshire Integrated Care Board,Persons,74845.0,,Red,CVDP003HYP,"Patients with GP recorded hypertension aged 80 and over, whose last blood pressure reading is to the appropriate treatment threshold, in the preceding 12 months.",Hypertension: Treated to appropriate threshold (age  >= 80) (CVDP003HYP),84.72,Persons,Sex,1,63600.0,To March 2026,85.23,84.98,
E54000054,NHS West Yorkshire Integrated Care Board,Female,45090.0,,Red,CVDP003HYP,"Patients with GP recorded hypertension aged 80 and over, whose last blood pressure reading is to the appropriate treatment threshold, in the preceding 12 months.",Hypertension: Treated to appropriate threshold (age  >= 80) (CVDP003HYP),83.04,Female,Sex,1,37595.0,To March 2026,83.72,83.38,
E54000054,NHS West Yorkshire Integrated Care Board,Male,29755.0,,Red,CVDP003HYP,"Patients with GP recorded hypertension aged 80 and over, whose last blood pressure reading is to the appropriate treatment threshold, in the preceding 12 months.",Hypertension: Treated to appropriate threshold (age  >= 80) (CVDP003HYP),87.01,Male,Sex,1,26005.0,To March 2026,87.76,87.39,
E54000054,NHS West Yorkshire Integrated Care Board,Male,29755.0,,Red,CVDP003HYP,"Patients with GP recorded hypertension aged 80 and over, whose last blood pressure reading is to the appropriate treatment threshold, in the preceding 12 months.",Hypertension: Treated to appropriate threshold (age  >= 80) (CVDP003HYP),87.01,80+,Age group,1,26005.0,To March 2026,87.76,87.39,
E54000054,NHS West Yorkshire Integrated Care Board,Female,45090.0,,Red,CVDP003HYP,"Patients with GP recorded hypertension aged 80 and over, whose last blood pressure reading is to the appropriate treatment threshold, in the preceding 12 months.",Hypertension: Treated to appropriate threshold (age  >= 80) (CVDP003HYP),83.04,80+,Age group,1,37595.0,To March 2026,83.72,83.38,
E54000054,NHS West Yorkshire Integrated Care Board,Persons,74845.0,,Red,CVDP003HYP,"Patients with GP recorded hypertension aged 80 and over, whose last blood pressure reading is to the appropriate treatment threshold, in the preceding 12 months.",Hypertension: Treated to appropriate threshold (age  >= 80) (CVDP003HYP),84.72,80+,Age group,1,63600.0,To March 2026,85.23,84.98,
E54000054,NHS West Yorkshire Integrated Care Board,Persons,17615.0,,Red,CVDP003HYP,"Patients with GP recorded hypertension aged 80 and over, whose last blood pressure reading is to the appropriate treatment threshold, in the preceding 12 months.",Hypertension: Treated to appropriate threshold (age  >= 80) (CVDP003HYP),84.43,1 - most deprived,Deprivation quintile,1,14965.0,To March 2026,85.48,84.97,
E54000054,NHS West Yorkshire Integrated Care Board,Persons,12900.0,,Red,CVDP003HYP,"Patients with GP recorded hypertension aged 80 and over, whose last blood pressure reading is to the appropriate treatment threshold, in the preceding 12 months.",Hypertension: Treated to appropriate threshold (age  >= 80) (CVDP003HYP),84.44,2,Deprivation quintile,1,10970.0,To March 2026,85.66,85.06,
E54000054,NHS West Yorkshire Integrated Care Board,Persons,14930.0,,Red,CVDP003HYP,"Patients with GP recorded hypertension aged 80 and over, whose last blood pressure reading is to the appropriate treatment threshold, in the preceding 12 months.",Hypertension: Treated to appropriate threshold (age  >= 80) (CVDP003HYP),84.69,3,Deprivation quintile,1,12730.0,To March 2026,85.82,85.26,
E54000054,NHS West Yorkshire Integrated Care Board,Persons,16790.0,,Red,CVDP003HYP,"Patients with GP recorded hypertension aged 80 and over, whose last blood pressure reading is to the appropriate treatment threshold, in the preceding 12 months.",Hypertension: Treated to appropriate threshold (age  >= 80) (CVDP003HYP),84.2,4,Deprivation quintile,1,14230.0,To March 2026,85.29,84.75,
E54000054,NHS West Yorkshire Integrated Care Board,Persons,12115.0,,Red,CVDP003HYP,"Patients with GP recorded hypertension aged 80 and over, whose last blood pressure reading is to the appropriate treatment threshold, in the preceding 12 months.",Hypertension: Treated to appropriate threshold (age  >= 80) (CVDP003HYP),84.1,5 - least deprived,Deprivation quintile,1,10270.0,To March 2026,85.38,84.75,
E54000054,NHS West Yorkshire Integrated Care Board,Persons,3865.0,,Red,CVDP003HYP,"Patients with GP recorded hypertension aged 80 and over, whose last blood pressure reading is to the appropriate treatment threshold, in the preceding 12 months.",Hypertension: Treated to appropriate threshold (age  >= 80) (CVDP003HYP),80.93,Asian,Ethnicity,1,3175.0,To March 2026,83.33,82.15,
E54000054,NHS West Yorkshire Integrated Care Board,Persons,900.0,,Red,CVDP003HYP,"Patients with GP recorded hypertension aged 80 and over, whose last blood pressure reading is to the appropriate treatment threshold, in the preceding 12 months.",Hypertension: Treated to appropriate threshold (age  >= 80) (CVDP003HYP),75.22,Black,Ethnicity,1,705.0,To March 2026,80.53,78.02,
E54000054,NHS West Yorkshire Integrated Care Board,Persons,2290.0,,Red,CVDP003HYP,"Patients with GP recorded hypertension aged 80 and over, whose last blood pressure reading is to the appropriate treatment threshold, in the preceding 12 months.",Hypertension: Treated to appropriate threshold (age  >= 80) (CVDP003HYP),77.94,Missing,Ethnicity,1,1825.0,To March 2026,81.21,79.62,
E54000054,NHS West Yorkshire Integrated Care Board,Persons,255.0,,Red,CVDP003HYP,"Patients with GP recorded hypertension aged 80 and over, whose last blood pressure reading is to the appropriate treatment threshold, in the preceding 12 months.",Hypertension: Treated to appropriate threshold (age  >= 80) (CVDP003HYP),79.07,Mixed,Ethnicity,1,215.0,To March 2026,87.98,83.92,
E54000054,NHS West Yorkshire Integrated Care Board,Persons,875.0,,Red,CVDP003HYP,"Patients with GP recorded hypertension aged 80 and over, whose last blood pressure reading is to the appropriate treatment threshold, in the preceding 12 months.",Hypertension: Treated to appropriate threshold (age  >= 80) (CVDP003HYP),77.19,Not stated,Ethnicity,1,700.0,To March 2026,82.44,79.98,
E54000054,NHS West Yorkshire Integrated Care Board,Persons,180.0,,Red,CVDP003HYP,"Patients with GP recorded hypertension aged 80 and over, whose last blood pressure reading is to the appropriate treatment threshold, in the preceding 12 months.",Hypertension: Treated to appropriate threshold (age  >= 80) (CVDP003HYP),70.17,Other,Ethnicity,1,135.0,To March 2026,82.32,76.97,
E54000054,NHS West Yorkshire Integrated Care Board,Persons,66480.0,,Red,CVDP003HYP,"Patients with GP recorded hypertension aged 80 and over, whose last blood pressure reading is to the appropriate treatment threshold, in the preceding 12 months.",Hypertension: Treated to appropriate threshold (age  >= 80) (CVDP003HYP),85.24,White,Ethnicity,1,56850.0,To March 2026,85.78,85.51,
E54000054,NHS West Yorkshire Integrated Care Board,Persons,73990.0,,Red,CVDP003HYP,"Patients with GP recorded hypertension aged 80 and over, whose last blood pressure reading is to the appropriate treatment threshold, in the preceding 12 months.",Hypertension: Treated to appropriate threshold (age  >= 80) (CVDP003HYP),84.74,People without SMI,Mental Health,1,62885.0,To March 2026,85.25,84.99,
E54000054,NHS West Yorkshire Integrated Care Board,Persons,855.0,,Red,CVDP003HYP,"Patients with GP recorded hypertension aged 80 and over, whose last blood pressure reading is to the appropriate treatment threshold, in the preceding 12 months.",Hypertension: Treated to appropriate threshold (age  >= 80) (CVDP003HYP),80.91,People with SMI,Mental Health,1,715.0,To March 2026,85.8,83.53,
E54000054,NHS West Yorkshire Integrated Care Board,Persons,74775.0,,Red,CVDP003HYP,"Patients with GP recorded hypertension aged 80 and over, whose last blood pressure reading is to the appropriate treatment threshold, in the preceding 12 months.",Hypertension: Treated to appropriate threshold (age  >= 80) (CVDP003HYP),84.71,People without a diagnosed learning disability,Learning Disability,1,63540.0,To March 2026,85.23,84.97,
E54000054,NHS West Yorkshire Integrated Care Board,Persons,70.0,,Red,CVDP003HYP,"Patients with GP recorded hypertension aged 80 and over, whose last blood pressure reading is to the appropriate treatment threshold, in the preceding 12 months.",Hypertension: Treated to appropriate threshold (age  >= 80) (CVDP003HYP),81.08,People with a diagnosed learning disability,Learning Disability,1,65.0,To March 2026,94.59,90.14,
