AreaCode,AreaName,CategoryAttribute,Denominator,Factor,HighestPriorityNotificationType,IndicatorCode,IndicatorName,IndicatorShortName,LowerConfidenceLimit,MetricCategoryName,MetricCategoryTypeName,NotificationCount,Numerator,TimePeriodName,UpperConfidenceLimit,Value,ValueNote
E54000040,"NHS Bath and North East Somerset, Swindon and Wiltshire Integrated Care Board",Persons,38025.0,,,CVDP006CKD,"Patients with GP recorded CKD (G3a to G5), with a record of an eGFR test in the preceding 12 months.",CKD: Monitoring with eGFR (CVDP006CKD),93.11,Persons,Sex,0,35500.0,To March 2026,93.61,93.37,
E54000040,"NHS Bath and North East Somerset, Swindon and Wiltshire Integrated Care Board",Female,21060.0,,,CVDP006CKD,"Patients with GP recorded CKD (G3a to G5), with a record of an eGFR test in the preceding 12 months.",CKD: Monitoring with eGFR (CVDP006CKD),92.27,Female,Sex,0,19505.0,To March 2026,92.97,92.63,
E54000040,"NHS Bath and North East Somerset, Swindon and Wiltshire Integrated Care Board",Male,16965.0,,,CVDP006CKD,"Patients with GP recorded CKD (G3a to G5), with a record of an eGFR test in the preceding 12 months.",CKD: Monitoring with eGFR (CVDP006CKD),93.92,Male,Sex,0,15995.0,To March 2026,94.62,94.28,
E54000040,"NHS Bath and North East Somerset, Swindon and Wiltshire Integrated Care Board",Male,95.0,,,CVDP006CKD,"Patients with GP recorded CKD (G3a to G5), with a record of an eGFR test in the preceding 12 months.",CKD: Monitoring with eGFR (CVDP006CKD),52.53,18-39,Age group,0,60.0,To March 2026,70.71,62.5,
E54000040,"NHS Bath and North East Somerset, Swindon and Wiltshire Integrated Care Board",Female,95.0,,,CVDP006CKD,"Patients with GP recorded CKD (G3a to G5), with a record of an eGFR test in the preceding 12 months.",CKD: Monitoring with eGFR (CVDP006CKD),78.0,18-39,Age group,0,85.0,To March 2026,91.0,85.57,
E54000040,"NHS Bath and North East Somerset, Swindon and Wiltshire Integrated Care Board",Persons,195.0,,,CVDP006CKD,"Patients with GP recorded CKD (G3a to G5), with a record of an eGFR test in the preceding 12 months.",CKD: Monitoring with eGFR (CVDP006CKD),67.35,18-39,Age group,0,145.0,To March 2026,79.59,74.09,
E54000040,"NHS Bath and North East Somerset, Swindon and Wiltshire Integrated Care Board",Male,905.0,,,CVDP006CKD,"Patients with GP recorded CKD (G3a to G5), with a record of an eGFR test in the preceding 12 months.",CKD: Monitoring with eGFR (CVDP006CKD),84.58,40-59,Age group,0,785.0,To March 2026,88.88,86.85,
E54000040,"NHS Bath and North East Somerset, Swindon and Wiltshire Integrated Care Board",Female,985.0,,,CVDP006CKD,"Patients with GP recorded CKD (G3a to G5), with a record of an eGFR test in the preceding 12 months.",CKD: Monitoring with eGFR (CVDP006CKD),84.83,40-59,Age group,0,860.0,To March 2026,88.98,87.02,
E54000040,"NHS Bath and North East Somerset, Swindon and Wiltshire Integrated Care Board",Persons,1890.0,,,CVDP006CKD,"Patients with GP recorded CKD (G3a to G5), with a record of an eGFR test in the preceding 12 months.",CKD: Monitoring with eGFR (CVDP006CKD),85.37,40-59,Age group,0,1645.0,To March 2026,88.38,86.94,
E54000040,"NHS Bath and North East Somerset, Swindon and Wiltshire Integrated Care Board",Male,7845.0,,,CVDP006CKD,"Patients with GP recorded CKD (G3a to G5), with a record of an eGFR test in the preceding 12 months.",CKD: Monitoring with eGFR (CVDP006CKD),94.1,60-79,Age group,0,7420.0,To March 2026,95.09,94.62,
E54000040,"NHS Bath and North East Somerset, Swindon and Wiltshire Integrated Care Board",Female,8585.0,,,CVDP006CKD,"Patients with GP recorded CKD (G3a to G5), with a record of an eGFR test in the preceding 12 months.",CKD: Monitoring with eGFR (CVDP006CKD),92.62,60-79,Age group,0,8000.0,To March 2026,93.68,93.16,
E54000040,"NHS Bath and North East Somerset, Swindon and Wiltshire Integrated Care Board",Persons,16430.0,,,CVDP006CKD,"Patients with GP recorded CKD (G3a to G5), with a record of an eGFR test in the preceding 12 months.",CKD: Monitoring with eGFR (CVDP006CKD),93.48,60-79,Age group,0,15420.0,To March 2026,94.21,93.86,
E54000040,"NHS Bath and North East Somerset, Swindon and Wiltshire Integrated Care Board",Male,8120.0,,,CVDP006CKD,"Patients with GP recorded CKD (G3a to G5), with a record of an eGFR test in the preceding 12 months.",CKD: Monitoring with eGFR (CVDP006CKD),94.68,80+,Age group,0,7730.0,To March 2026,95.61,95.16,
E54000040,"NHS Bath and North East Somerset, Swindon and Wiltshire Integrated Care Board",Female,11390.0,,,CVDP006CKD,"Patients with GP recorded CKD (G3a to G5), with a record of an eGFR test in the preceding 12 months.",CKD: Monitoring with eGFR (CVDP006CKD),92.28,80+,Age group,0,10565.0,To March 2026,93.23,92.77,
E54000040,"NHS Bath and North East Somerset, Swindon and Wiltshire Integrated Care Board",Persons,19510.0,,,CVDP006CKD,"Patients with GP recorded CKD (G3a to G5), with a record of an eGFR test in the preceding 12 months.",CKD: Monitoring with eGFR (CVDP006CKD),93.42,80+,Age group,0,18295.0,To March 2026,94.1,93.77,
E54000040,"NHS Bath and North East Somerset, Swindon and Wiltshire Integrated Care Board",Persons,2060.0,,,CVDP006CKD,"Patients with GP recorded CKD (G3a to G5), with a record of an eGFR test in the preceding 12 months.",CKD: Monitoring with eGFR (CVDP006CKD),91.57,1 - most deprived,Deprivation quintile,0,1910.0,To March 2026,93.8,92.77,
E54000040,"NHS Bath and North East Somerset, Swindon and Wiltshire Integrated Care Board",Persons,4135.0,,,CVDP006CKD,"Patients with GP recorded CKD (G3a to G5), with a record of an eGFR test in the preceding 12 months.",CKD: Monitoring with eGFR (CVDP006CKD),92.12,2,Deprivation quintile,0,3840.0,To March 2026,93.67,92.93,
E54000040,"NHS Bath and North East Somerset, Swindon and Wiltshire Integrated Care Board",Persons,8710.0,,,CVDP006CKD,"Patients with GP recorded CKD (G3a to G5), with a record of an eGFR test in the preceding 12 months.",CKD: Monitoring with eGFR (CVDP006CKD),93.1,3,Deprivation quintile,0,8155.0,To March 2026,94.13,93.63,
E54000040,"NHS Bath and North East Somerset, Swindon and Wiltshire Integrated Care Board",Persons,11205.0,,,CVDP006CKD,"Patients with GP recorded CKD (G3a to G5), with a record of an eGFR test in the preceding 12 months.",CKD: Monitoring with eGFR (CVDP006CKD),92.67,4,Deprivation quintile,0,10435.0,To March 2026,93.59,93.15,
E54000040,"NHS Bath and North East Somerset, Swindon and Wiltshire Integrated Care Board",Persons,11500.0,,,CVDP006CKD,"Patients with GP recorded CKD (G3a to G5), with a record of an eGFR test in the preceding 12 months.",CKD: Monitoring with eGFR (CVDP006CKD),93.18,5 - least deprived,Deprivation quintile,0,10770.0,To March 2026,94.06,93.64,
E54000040,"NHS Bath and North East Somerset, Swindon and Wiltshire Integrated Care Board",Persons,740.0,,,CVDP006CKD,"Patients with GP recorded CKD (G3a to G5), with a record of an eGFR test in the preceding 12 months.",CKD: Monitoring with eGFR (CVDP006CKD),91.4,Asian,Ethnicity,0,690.0,To March 2026,94.89,93.39,
E54000040,"NHS Bath and North East Somerset, Swindon and Wiltshire Integrated Care Board",Persons,390.0,,,CVDP006CKD,"Patients with GP recorded CKD (G3a to G5), with a record of an eGFR test in the preceding 12 months.",CKD: Monitoring with eGFR (CVDP006CKD),85.93,Black,Ethnicity,0,345.0,To March 2026,92.07,89.43,
E54000040,"NHS Bath and North East Somerset, Swindon and Wiltshire Integrated Care Board",Persons,1395.0,,,CVDP006CKD,"Patients with GP recorded CKD (G3a to G5), with a record of an eGFR test in the preceding 12 months.",CKD: Monitoring with eGFR (CVDP006CKD),91.57,Missing,Ethnicity,0,1300.0,To March 2026,94.21,92.98,
E54000040,"NHS Bath and North East Somerset, Swindon and Wiltshire Integrated Care Board",Persons,185.0,,,CVDP006CKD,"Patients with GP recorded CKD (G3a to G5), with a record of an eGFR test in the preceding 12 months.",CKD: Monitoring with eGFR (CVDP006CKD),90.43,Mixed,Ethnicity,0,175.0,To March 2026,96.81,94.59,
E54000040,"NHS Bath and North East Somerset, Swindon and Wiltshire Integrated Care Board",Persons,2585.0,,,CVDP006CKD,"Patients with GP recorded CKD (G3a to G5), with a record of an eGFR test in the preceding 12 months.",CKD: Monitoring with eGFR (CVDP006CKD),90.39,Not stated,Ethnicity,0,2365.0,To March 2026,92.51,91.5,
E54000040,"NHS Bath and North East Somerset, Swindon and Wiltshire Integrated Care Board",Persons,120.0,,,CVDP006CKD,"Patients with GP recorded CKD (G3a to G5), with a record of an eGFR test in the preceding 12 months.",CKD: Monitoring with eGFR (CVDP006CKD),90.98,Other,Ethnicity,0,115.0,To March 2026,98.36,95.8,
E54000040,"NHS Bath and North East Somerset, Swindon and Wiltshire Integrated Care Board",Persons,32605.0,,,CVDP006CKD,"Patients with GP recorded CKD (G3a to G5), with a record of an eGFR test in the preceding 12 months.",CKD: Monitoring with eGFR (CVDP006CKD),93.29,White,Ethnicity,0,30505.0,To March 2026,93.82,93.56,
E54000040,"NHS Bath and North East Somerset, Swindon and Wiltshire Integrated Care Board",Persons,37325.0,,,CVDP006CKD,"Patients with GP recorded CKD (G3a to G5), with a record of an eGFR test in the preceding 12 months.",CKD: Monitoring with eGFR (CVDP006CKD),93.09,People without SMI,Mental Health,0,34840.0,To March 2026,93.59,93.35,
E54000040,"NHS Bath and North East Somerset, Swindon and Wiltshire Integrated Care Board",Persons,700.0,,,CVDP006CKD,"Patients with GP recorded CKD (G3a to G5), with a record of an eGFR test in the preceding 12 months.",CKD: Monitoring with eGFR (CVDP006CKD),92.44,People with SMI,Mental Health,0,660.0,To March 2026,95.86,94.41,
E54000040,"NHS Bath and North East Somerset, Swindon and Wiltshire Integrated Care Board",Persons,37855.0,,,CVDP006CKD,"Patients with GP recorded CKD (G3a to G5), with a record of an eGFR test in the preceding 12 months.",CKD: Monitoring with eGFR (CVDP006CKD),93.12,People without a diagnosed learning disability,Learning Disability,0,35345.0,To March 2026,93.62,93.37,
E54000040,"NHS Bath and North East Somerset, Swindon and Wiltshire Integrated Care Board",Persons,170.0,,,CVDP006CKD,"Patients with GP recorded CKD (G3a to G5), with a record of an eGFR test in the preceding 12 months.",CKD: Monitoring with eGFR (CVDP006CKD),86.63,People with a diagnosed learning disability,Learning Disability,0,155.0,To March 2026,94.77,91.72,
E54000024,"NHS Bedfordshire, Luton and Milton Keynes Integrated Care Board",Persons,30945.0,,,CVDP006CKD,"Patients with GP recorded CKD (G3a to G5), with a record of an eGFR test in the preceding 12 months.",CKD: Monitoring with eGFR (CVDP006CKD),90.0,Persons,Sex,0,27955.0,To March 2026,90.65,90.33,
E54000024,"NHS Bedfordshire, Luton and Milton Keynes Integrated Care Board",Female,17135.0,,,CVDP006CKD,"Patients with GP recorded CKD (G3a to G5), with a record of an eGFR test in the preceding 12 months.",CKD: Monitoring with eGFR (CVDP006CKD),89.64,Female,Sex,0,15440.0,To March 2026,90.54,90.1,
E54000024,"NHS Bedfordshire, Luton and Milton Keynes Integrated Care Board",Male,13810.0,,,CVDP006CKD,"Patients with GP recorded CKD (G3a to G5), with a record of an eGFR test in the preceding 12 months.",CKD: Monitoring with eGFR (CVDP006CKD),90.12,Male,Sex,0,12515.0,To March 2026,91.09,90.61,
E54000024,"NHS Bedfordshire, Luton and Milton Keynes Integrated Care Board",Male,160.0,,,CVDP006CKD,"Patients with GP recorded CKD (G3a to G5), with a record of an eGFR test in the preceding 12 months.",CKD: Monitoring with eGFR (CVDP006CKD),56.36,18-39,Age group,0,105.0,To March 2026,70.91,64.2,
E54000024,"NHS Bedfordshire, Luton and Milton Keynes Integrated Care Board",Female,120.0,,,CVDP006CKD,"Patients with GP recorded CKD (G3a to G5), with a record of an eGFR test in the preceding 12 months.",CKD: Monitoring with eGFR (CVDP006CKD),59.68,18-39,Age group,0,85.0,To March 2026,75.81,68.6,
E54000024,"NHS Bedfordshire, Luton and Milton Keynes Integrated Care Board",Persons,285.0,,,CVDP006CKD,"Patients with GP recorded CKD (G3a to G5), with a record of an eGFR test in the preceding 12 months.",CKD: Monitoring with eGFR (CVDP006CKD),60.49,18-39,Age group,0,185.0,To March 2026,71.33,66.08,
E54000024,"NHS Bedfordshire, Luton and Milton Keynes Integrated Care Board",Male,1430.0,,,CVDP006CKD,"Patients with GP recorded CKD (G3a to G5), with a record of an eGFR test in the preceding 12 months.",CKD: Monitoring with eGFR (CVDP006CKD),82.14,40-59,Age group,0,1205.0,To March 2026,85.9,84.13,
E54000024,"NHS Bedfordshire, Luton and Milton Keynes Integrated Care Board",Female,1300.0,,,CVDP006CKD,"Patients with GP recorded CKD (G3a to G5), with a record of an eGFR test in the preceding 12 months.",CKD: Monitoring with eGFR (CVDP006CKD),82.36,40-59,Age group,0,1100.0,To March 2026,86.27,84.4,
E54000024,"NHS Bedfordshire, Luton and Milton Keynes Integrated Care Board",Persons,2730.0,,,CVDP006CKD,"Patients with GP recorded CKD (G3a to G5), with a record of an eGFR test in the preceding 12 months.",CKD: Monitoring with eGFR (CVDP006CKD),82.85,40-59,Age group,0,2300.0,To March 2026,85.55,84.25,
E54000024,"NHS Bedfordshire, Luton and Milton Keynes Integrated Care Board",Male,6775.0,,,CVDP006CKD,"Patients with GP recorded CKD (G3a to G5), with a record of an eGFR test in the preceding 12 months.",CKD: Monitoring with eGFR (CVDP006CKD),90.26,60-79,Age group,0,6160.0,To March 2026,91.62,90.96,
E54000024,"NHS Bedfordshire, Luton and Milton Keynes Integrated Care Board",Female,7665.0,,,CVDP006CKD,"Patients with GP recorded CKD (G3a to G5), with a record of an eGFR test in the preceding 12 months.",CKD: Monitoring with eGFR (CVDP006CKD),89.53,60-79,Age group,0,6915.0,To March 2026,90.86,90.21,
E54000024,"NHS Bedfordshire, Luton and Milton Keynes Integrated Care Board",Persons,14435.0,,,CVDP006CKD,"Patients with GP recorded CKD (G3a to G5), with a record of an eGFR test in the preceding 12 months.",CKD: Monitoring with eGFR (CVDP006CKD),90.08,60-79,Age group,0,13075.0,To March 2026,91.03,90.57,
E54000024,"NHS Bedfordshire, Luton and Milton Keynes Integrated Care Board",Male,5445.0,,,CVDP006CKD,"Patients with GP recorded CKD (G3a to G5), with a record of an eGFR test in the preceding 12 months.",CKD: Monitoring with eGFR (CVDP006CKD),91.96,80+,Age group,0,5045.0,To March 2026,93.34,92.67,
E54000024,"NHS Bedfordshire, Luton and Milton Keynes Integrated Care Board",Female,8050.0,,,CVDP006CKD,"Patients with GP recorded CKD (G3a to G5), with a record of an eGFR test in the preceding 12 months.",CKD: Monitoring with eGFR (CVDP006CKD),90.6,80+,Age group,0,7345.0,To March 2026,91.83,91.23,
E54000024,"NHS Bedfordshire, Luton and Milton Keynes Integrated Care Board",Persons,13495.0,,,CVDP006CKD,"Patients with GP recorded CKD (G3a to G5), with a record of an eGFR test in the preceding 12 months.",CKD: Monitoring with eGFR (CVDP006CKD),91.34,80+,Age group,0,12390.0,To March 2026,92.26,91.81,
E54000024,"NHS Bedfordshire, Luton and Milton Keynes Integrated Care Board",Persons,3150.0,,,CVDP006CKD,"Patients with GP recorded CKD (G3a to G5), with a record of an eGFR test in the preceding 12 months.",CKD: Monitoring with eGFR (CVDP006CKD),87.88,1 - most deprived,Deprivation quintile,0,2805.0,To March 2026,90.04,89.02,
E54000024,"NHS Bedfordshire, Luton and Milton Keynes Integrated Care Board",Persons,5645.0,,,CVDP006CKD,"Patients with GP recorded CKD (G3a to G5), with a record of an eGFR test in the preceding 12 months.",CKD: Monitoring with eGFR (CVDP006CKD),89.27,2,Deprivation quintile,0,5085.0,To March 2026,90.83,90.08,
E54000024,"NHS Bedfordshire, Luton and Milton Keynes Integrated Care Board",Persons,5950.0,,,CVDP006CKD,"Patients with GP recorded CKD (G3a to G5), with a record of an eGFR test in the preceding 12 months.",CKD: Monitoring with eGFR (CVDP006CKD),89.72,3,Deprivation quintile,0,5385.0,To March 2026,91.2,90.49,
E54000024,"NHS Bedfordshire, Luton and Milton Keynes Integrated Care Board",Persons,8400.0,,,CVDP006CKD,"Patients with GP recorded CKD (G3a to G5), with a record of an eGFR test in the preceding 12 months.",CKD: Monitoring with eGFR (CVDP006CKD),89.47,4,Deprivation quintile,0,7570.0,To March 2026,90.74,90.12,
E54000024,"NHS Bedfordshire, Luton and Milton Keynes Integrated Care Board",Persons,8100.0,,,CVDP006CKD,"Patients with GP recorded CKD (G3a to G5), with a record of an eGFR test in the preceding 12 months.",CKD: Monitoring with eGFR (CVDP006CKD),90.5,5 - least deprived,Deprivation quintile,0,7380.0,To March 2026,91.73,91.13,
E54000024,"NHS Bedfordshire, Luton and Milton Keynes Integrated Care Board",Persons,2840.0,,,CVDP006CKD,"Patients with GP recorded CKD (G3a to G5), with a record of an eGFR test in the preceding 12 months.",CKD: Monitoring with eGFR (CVDP006CKD),90.43,Asian,Ethnicity,0,2600.0,To March 2026,92.47,91.51,
E54000024,"NHS Bedfordshire, Luton and Milton Keynes Integrated Care Board",Persons,2235.0,,,CVDP006CKD,"Patients with GP recorded CKD (G3a to G5), with a record of an eGFR test in the preceding 12 months.",CKD: Monitoring with eGFR (CVDP006CKD),84.44,Black,Ethnicity,0,1920.0,To March 2026,87.3,85.94,
E54000024,"NHS Bedfordshire, Luton and Milton Keynes Integrated Care Board",Persons,725.0,,,CVDP006CKD,"Patients with GP recorded CKD (G3a to G5), with a record of an eGFR test in the preceding 12 months.",CKD: Monitoring with eGFR (CVDP006CKD),81.21,Missing,Ethnicity,0,610.0,To March 2026,86.42,84.02,
E54000024,"NHS Bedfordshire, Luton and Milton Keynes Integrated Care Board",Persons,335.0,,,CVDP006CKD,"Patients with GP recorded CKD (G3a to G5), with a record of an eGFR test in the preceding 12 months.",CKD: Monitoring with eGFR (CVDP006CKD),79.29,Mixed,Ethnicity,0,280.0,To March 2026,86.98,83.58,
E54000024,"NHS Bedfordshire, Luton and Milton Keynes Integrated Care Board",Persons,1400.0,,,CVDP006CKD,"Patients with GP recorded CKD (G3a to G5), with a record of an eGFR test in the preceding 12 months.",CKD: Monitoring with eGFR (CVDP006CKD),87.38,Not stated,Ethnicity,0,1245.0,To March 2026,90.58,89.06,
E54000024,"NHS Bedfordshire, Luton and Milton Keynes Integrated Care Board",Persons,340.0,,,CVDP006CKD,"Patients with GP recorded CKD (G3a to G5), with a record of an eGFR test in the preceding 12 months.",CKD: Monitoring with eGFR (CVDP006CKD),84.5,Other,Ethnicity,0,300.0,To March 2026,91.23,88.2,
E54000024,"NHS Bedfordshire, Luton and Milton Keynes Integrated Care Board",Persons,23075.0,,,CVDP006CKD,"Patients with GP recorded CKD (G3a to G5), with a record of an eGFR test in the preceding 12 months.",CKD: Monitoring with eGFR (CVDP006CKD),90.64,White,Ethnicity,0,21000.0,To March 2026,91.37,91.01,
E54000024,"NHS Bedfordshire, Luton and Milton Keynes Integrated Care Board",Persons,30360.0,,,CVDP006CKD,"Patients with GP recorded CKD (G3a to G5), with a record of an eGFR test in the preceding 12 months.",CKD: Monitoring with eGFR (CVDP006CKD),89.96,People without SMI,Mental Health,0,27415.0,To March 2026,90.62,90.29,
E54000024,"NHS Bedfordshire, Luton and Milton Keynes Integrated Care Board",Persons,585.0,,,CVDP006CKD,"Patients with GP recorded CKD (G3a to G5), with a record of an eGFR test in the preceding 12 months.",CKD: Monitoring with eGFR (CVDP006CKD),89.8,People with SMI,Mental Health,0,540.0,To March 2026,94.05,92.14,
E54000024,"NHS Bedfordshire, Luton and Milton Keynes Integrated Care Board",Persons,30800.0,,,CVDP006CKD,"Patients with GP recorded CKD (G3a to G5), with a record of an eGFR test in the preceding 12 months.",CKD: Monitoring with eGFR (CVDP006CKD),90.02,People without a diagnosed learning disability,Learning Disability,0,27830.0,To March 2026,90.68,90.35,
E54000024,"NHS Bedfordshire, Luton and Milton Keynes Integrated Care Board",Persons,145.0,,,CVDP006CKD,"Patients with GP recorded CKD (G3a to G5), with a record of an eGFR test in the preceding 12 months.",CKD: Monitoring with eGFR (CVDP006CKD),79.19,People with a diagnosed learning disability,Learning Disability,0,125.0,To March 2026,89.93,85.62,
E54000055,NHS Birmingham and Solihull Integrated Care Board,Persons,47135.0,,,CVDP006CKD,"Patients with GP recorded CKD (G3a to G5), with a record of an eGFR test in the preceding 12 months.",CKD: Monitoring with eGFR (CVDP006CKD),89.44,Persons,Sex,0,42290.0,To March 2026,89.99,89.72,
E54000055,NHS Birmingham and Solihull Integrated Care Board,Female,26205.0,,,CVDP006CKD,"Patients with GP recorded CKD (G3a to G5), with a record of an eGFR test in the preceding 12 months.",CKD: Monitoring with eGFR (CVDP006CKD),88.79,Female,Sex,0,23370.0,To March 2026,89.55,89.17,
E54000055,NHS Birmingham and Solihull Integrated Care Board,Male,20930.0,,,CVDP006CKD,"Patients with GP recorded CKD (G3a to G5), with a record of an eGFR test in the preceding 12 months.",CKD: Monitoring with eGFR (CVDP006CKD),90.0,Male,Sex,0,18920.0,To March 2026,90.79,90.4,
E54000055,NHS Birmingham and Solihull Integrated Care Board,Male,280.0,,,CVDP006CKD,"Patients with GP recorded CKD (G3a to G5), with a record of an eGFR test in the preceding 12 months.",CKD: Monitoring with eGFR (CVDP006CKD),61.4,18-39,Age group,0,190.0,To March 2026,72.28,67.02,
E54000055,NHS Birmingham and Solihull Integrated Care Board,Female,245.0,,,CVDP006CKD,"Patients with GP recorded CKD (G3a to G5), with a record of an eGFR test in the preceding 12 months.",CKD: Monitoring with eGFR (CVDP006CKD),74.4,18-39,Age group,0,195.0,To March 2026,84.4,79.76,
E54000055,NHS Birmingham and Solihull Integrated Care Board,Persons,530.0,,,CVDP006CKD,"Patients with GP recorded CKD (G3a to G5), with a record of an eGFR test in the preceding 12 months.",CKD: Monitoring with eGFR (CVDP006CKD),68.98,18-39,Age group,0,385.0,To March 2026,76.5,72.97,
E54000055,NHS Birmingham and Solihull Integrated Care Board,Male,2380.0,,,CVDP006CKD,"Patients with GP recorded CKD (G3a to G5), with a record of an eGFR test in the preceding 12 months.",CKD: Monitoring with eGFR (CVDP006CKD),81.81,40-59,Age group,0,1980.0,To March 2026,84.8,83.35,
E54000055,NHS Birmingham and Solihull Integrated Care Board,Female,1925.0,,,CVDP006CKD,"Patients with GP recorded CKD (G3a to G5), with a record of an eGFR test in the preceding 12 months.",CKD: Monitoring with eGFR (CVDP006CKD),82.64,40-59,Age group,0,1625.0,To March 2026,85.85,84.33,
E54000055,NHS Birmingham and Solihull Integrated Care Board,Persons,4305.0,,,CVDP006CKD,"Patients with GP recorded CKD (G3a to G5), with a record of an eGFR test in the preceding 12 months.",CKD: Monitoring with eGFR (CVDP006CKD),82.66,40-59,Age group,0,3605.0,To March 2026,84.84,83.79,
E54000055,NHS Birmingham and Solihull Integrated Care Board,Male,10050.0,,,CVDP006CKD,"Patients with GP recorded CKD (G3a to G5), with a record of an eGFR test in the preceding 12 months.",CKD: Monitoring with eGFR (CVDP006CKD),90.55,60-79,Age group,0,9160.0,To March 2026,91.66,91.12,
E54000055,NHS Birmingham and Solihull Integrated Care Board,Female,11645.0,,,CVDP006CKD,"Patients with GP recorded CKD (G3a to G5), with a record of an eGFR test in the preceding 12 months.",CKD: Monitoring with eGFR (CVDP006CKD),89.15,60-79,Age group,0,10445.0,To March 2026,90.25,89.71,
E54000055,NHS Birmingham and Solihull Integrated Care Board,Persons,21695.0,,,CVDP006CKD,"Patients with GP recorded CKD (G3a to G5), with a record of an eGFR test in the preceding 12 months.",CKD: Monitoring with eGFR (CVDP006CKD),89.96,60-79,Age group,0,19605.0,To March 2026,90.75,90.36,
E54000055,NHS Birmingham and Solihull Integrated Care Board,Male,8220.0,,,CVDP006CKD,"Patients with GP recorded CKD (G3a to G5), with a record of an eGFR test in the preceding 12 months.",CKD: Monitoring with eGFR (CVDP006CKD),91.78,80+,Age group,0,7590.0,To March 2026,92.92,92.37,
E54000055,NHS Birmingham and Solihull Integrated Care Board,Female,12385.0,,,CVDP006CKD,"Patients with GP recorded CKD (G3a to G5), with a record of an eGFR test in the preceding 12 months.",CKD: Monitoring with eGFR (CVDP006CKD),89.06,80+,Age group,0,11100.0,To March 2026,90.14,89.61,
E54000055,NHS Birmingham and Solihull Integrated Care Board,Persons,20605.0,,,CVDP006CKD,"Patients with GP recorded CKD (G3a to G5), with a record of an eGFR test in the preceding 12 months.",CKD: Monitoring with eGFR (CVDP006CKD),90.31,80+,Age group,0,18690.0,To March 2026,91.1,90.71,
E54000055,NHS Birmingham and Solihull Integrated Care Board,Persons,21875.0,,,CVDP006CKD,"Patients with GP recorded CKD (G3a to G5), with a record of an eGFR test in the preceding 12 months.",CKD: Monitoring with eGFR (CVDP006CKD),89.85,1 - most deprived,Deprivation quintile,0,19745.0,To March 2026,90.63,90.25,
E54000055,NHS Birmingham and Solihull Integrated Care Board,Persons,9390.0,,,CVDP006CKD,"Patients with GP recorded CKD (G3a to G5), with a record of an eGFR test in the preceding 12 months.",CKD: Monitoring with eGFR (CVDP006CKD),88.35,2,Deprivation quintile,0,8360.0,To March 2026,89.61,89.0,
E54000055,NHS Birmingham and Solihull Integrated Care Board,Persons,6400.0,,,CVDP006CKD,"Patients with GP recorded CKD (G3a to G5), with a record of an eGFR test in the preceding 12 months.",CKD: Monitoring with eGFR (CVDP006CKD),89.07,3,Deprivation quintile,0,5750.0,To March 2026,90.53,89.83,
E54000055,NHS Birmingham and Solihull Integrated Care Board,Persons,3615.0,,,CVDP006CKD,"Patients with GP recorded CKD (G3a to G5), with a record of an eGFR test in the preceding 12 months.",CKD: Monitoring with eGFR (CVDP006CKD),87.12,4,Deprivation quintile,0,3190.0,To March 2026,89.22,88.22,
E54000055,NHS Birmingham and Solihull Integrated Care Board,Persons,4250.0,,,CVDP006CKD,"Patients with GP recorded CKD (G3a to G5), with a record of an eGFR test in the preceding 12 months.",CKD: Monitoring with eGFR (CVDP006CKD),88.97,5 - least deprived,Deprivation quintile,0,3820.0,To March 2026,90.78,89.9,
E54000055,NHS Birmingham and Solihull Integrated Care Board,Persons,8950.0,,,CVDP006CKD,"Patients with GP recorded CKD (G3a to G5), with a record of an eGFR test in the preceding 12 months.",CKD: Monitoring with eGFR (CVDP006CKD),90.09,Asian,Ethnicity,0,8120.0,To March 2026,91.29,90.7,
E54000055,NHS Birmingham and Solihull Integrated Care Board,Persons,4615.0,,,CVDP006CKD,"Patients with GP recorded CKD (G3a to G5), with a record of an eGFR test in the preceding 12 months.",CKD: Monitoring with eGFR (CVDP006CKD),87.68,Black,Ethnicity,0,4090.0,To March 2026,89.5,88.63,
E54000055,NHS Birmingham and Solihull Integrated Care Board,Persons,425.0,,,CVDP006CKD,"Patients with GP recorded CKD (G3a to G5), with a record of an eGFR test in the preceding 12 months.",CKD: Monitoring with eGFR (CVDP006CKD),75.82,Missing,Ethnicity,0,340.0,To March 2026,83.33,79.91,
E54000055,NHS Birmingham and Solihull Integrated Care Board,Persons,650.0,,,CVDP006CKD,"Patients with GP recorded CKD (G3a to G5), with a record of an eGFR test in the preceding 12 months.",CKD: Monitoring with eGFR (CVDP006CKD),85.43,Mixed,Ethnicity,0,570.0,To March 2026,90.34,88.14,
E54000055,NHS Birmingham and Solihull Integrated Care Board,Persons,1055.0,,,CVDP006CKD,"Patients with GP recorded CKD (G3a to G5), with a record of an eGFR test in the preceding 12 months.",CKD: Monitoring with eGFR (CVDP006CKD),88.67,Not stated,Ethnicity,0,955.0,To March 2026,92.16,90.53,
E54000055,NHS Birmingham and Solihull Integrated Care Board,Persons,415.0,,,CVDP006CKD,"Patients with GP recorded CKD (G3a to G5), with a record of an eGFR test in the preceding 12 months.",CKD: Monitoring with eGFR (CVDP006CKD),86.57,Other,Ethnicity,0,370.0,To March 2026,92.33,89.86,
E54000055,NHS Birmingham and Solihull Integrated Care Board,Persons,31025.0,,,CVDP006CKD,"Patients with GP recorded CKD (G3a to G5), with a record of an eGFR test in the preceding 12 months.",CKD: Monitoring with eGFR (CVDP006CKD),89.39,White,Ethnicity,0,27840.0,To March 2026,90.07,89.73,
E54000055,NHS Birmingham and Solihull Integrated Care Board,Persons,45820.0,,,CVDP006CKD,"Patients with GP recorded CKD (G3a to G5), with a record of an eGFR test in the preceding 12 months.",CKD: Monitoring with eGFR (CVDP006CKD),89.4,People without SMI,Mental Health,0,41095.0,To March 2026,89.96,89.68,
E54000055,NHS Birmingham and Solihull Integrated Care Board,Persons,1315.0,,,CVDP006CKD,"Patients with GP recorded CKD (G3a to G5), with a record of an eGFR test in the preceding 12 months.",CKD: Monitoring with eGFR (CVDP006CKD),89.37,People with SMI,Mental Health,0,1195.0,To March 2026,92.41,91.02,
E54000055,NHS Birmingham and Solihull Integrated Care Board,Persons,46805.0,,,CVDP006CKD,"Patients with GP recorded CKD (G3a to G5), with a record of an eGFR test in the preceding 12 months.",CKD: Monitoring with eGFR (CVDP006CKD),89.44,People without a diagnosed learning disability,Learning Disability,0,41995.0,To March 2026,89.99,89.72,
E54000055,NHS Birmingham and Solihull Integrated Care Board,Persons,330.0,,,CVDP006CKD,"Patients with GP recorded CKD (G3a to G5), with a record of an eGFR test in the preceding 12 months.",CKD: Monitoring with eGFR (CVDP006CKD),86.71,People with a diagnosed learning disability,Learning Disability,0,295.0,To March 2026,93.05,90.24,
E54000062,NHS Black Country Integrated Care Board,Persons,53300.0,,,CVDP006CKD,"Patients with GP recorded CKD (G3a to G5), with a record of an eGFR test in the preceding 12 months.",CKD: Monitoring with eGFR (CVDP006CKD),89.4,Persons,Sex,0,47790.0,To March 2026,89.92,89.66,
E54000062,NHS Black Country Integrated Care Board,Female,30170.0,,,CVDP006CKD,"Patients with GP recorded CKD (G3a to G5), with a record of an eGFR test in the preceding 12 months.",CKD: Monitoring with eGFR (CVDP006CKD),89.17,Female,Sex,0,27010.0,To March 2026,89.86,89.52,
E54000062,NHS Black Country Integrated Care Board,Male,23125.0,,,CVDP006CKD,"Patients with GP recorded CKD (G3a to G5), with a record of an eGFR test in the preceding 12 months.",CKD: Monitoring with eGFR (CVDP006CKD),89.45,Male,Sex,0,20780.0,To March 2026,90.23,89.85,
E54000062,NHS Black Country Integrated Care Board,Male,230.0,,,CVDP006CKD,"Patients with GP recorded CKD (G3a to G5), with a record of an eGFR test in the preceding 12 months.",CKD: Monitoring with eGFR (CVDP006CKD),66.09,18-39,Age group,0,165.0,To March 2026,77.25,72.17,
E54000062,NHS Black Country Integrated Care Board,Female,205.0,,,CVDP006CKD,"Patients with GP recorded CKD (G3a to G5), with a record of an eGFR test in the preceding 12 months.",CKD: Monitoring with eGFR (CVDP006CKD),69.23,18-39,Age group,0,155.0,To March 2026,80.77,75.61,
E54000062,NHS Black Country Integrated Care Board,Persons,435.0,,,CVDP006CKD,"Patients with GP recorded CKD (G3a to G5), with a record of an eGFR test in the preceding 12 months.",CKD: Monitoring with eGFR (CVDP006CKD),69.41,18-39,Age group,0,320.0,To March 2026,77.63,73.79,
E54000062,NHS Black Country Integrated Care Board,Male,1895.0,,,CVDP006CKD,"Patients with GP recorded CKD (G3a to G5), with a record of an eGFR test in the preceding 12 months.",CKD: Monitoring with eGFR (CVDP006CKD),79.44,40-59,Age group,0,1540.0,To March 2026,82.92,81.26,
E54000062,NHS Black Country Integrated Care Board,Female,1955.0,,,CVDP006CKD,"Patients with GP recorded CKD (G3a to G5), with a record of an eGFR test in the preceding 12 months.",CKD: Monitoring with eGFR (CVDP006CKD),82.58,40-59,Age group,0,1645.0,To March 2026,85.8,84.25,
E54000062,NHS Black Country Integrated Care Board,Persons,3850.0,,,CVDP006CKD,"Patients with GP recorded CKD (G3a to G5), with a record of an eGFR test in the preceding 12 months.",CKD: Monitoring with eGFR (CVDP006CKD),81.57,40-59,Age group,0,3185.0,To March 2026,83.93,82.77,
E54000062,NHS Black Country Integrated Care Board,Male,11080.0,,,CVDP006CKD,"Patients with GP recorded CKD (G3a to G5), with a record of an eGFR test in the preceding 12 months.",CKD: Monitoring with eGFR (CVDP006CKD),89.74,60-79,Age group,0,10005.0,To March 2026,90.84,90.31,
E54000062,NHS Black Country Integrated Care Board,Female,13045.0,,,CVDP006CKD,"Patients with GP recorded CKD (G3a to G5), with a record of an eGFR test in the preceding 12 months.",CKD: Monitoring with eGFR (CVDP006CKD),89.66,60-79,Age group,0,11765.0,To March 2026,90.68,90.18,
E54000062,NHS Black Country Integrated Care Board,Persons,24125.0,,,CVDP006CKD,"Patients with GP recorded CKD (G3a to G5), with a record of an eGFR test in the preceding 12 months.",CKD: Monitoring with eGFR (CVDP006CKD),89.86,60-79,Age group,0,21770.0,To March 2026,90.6,90.24,
E54000062,NHS Black Country Integrated Care Board,Male,9925.0,,,CVDP006CKD,"Patients with GP recorded CKD (G3a to G5), with a record of an eGFR test in the preceding 12 months.",CKD: Monitoring with eGFR (CVDP006CKD),90.83,80+,Age group,0,9070.0,To March 2026,91.93,91.39,
E54000062,NHS Black Country Integrated Care Board,Female,14965.0,,,CVDP006CKD,"Patients with GP recorded CKD (G3a to G5), with a record of an eGFR test in the preceding 12 months.",CKD: Monitoring with eGFR (CVDP006CKD),89.33,80+,Age group,0,13445.0,To March 2026,90.3,89.82,
E54000062,NHS Black Country Integrated Care Board,Persons,24890.0,,,CVDP006CKD,"Patients with GP recorded CKD (G3a to G5), with a record of an eGFR test in the preceding 12 months.",CKD: Monitoring with eGFR (CVDP006CKD),90.08,80+,Age group,0,22515.0,To March 2026,90.81,90.45,
E54000062,NHS Black Country Integrated Care Board,Persons,21845.0,,,CVDP006CKD,"Patients with GP recorded CKD (G3a to G5), with a record of an eGFR test in the preceding 12 months.",CKD: Monitoring with eGFR (CVDP006CKD),88.35,1 - most deprived,Deprivation quintile,0,19395.0,To March 2026,89.18,88.78,
E54000062,NHS Black Country Integrated Care Board,Persons,10925.0,,,CVDP006CKD,"Patients with GP recorded CKD (G3a to G5), with a record of an eGFR test in the preceding 12 months.",CKD: Monitoring with eGFR (CVDP006CKD),89.57,2,Deprivation quintile,0,9850.0,To March 2026,90.69,90.14,
E54000062,NHS Black Country Integrated Care Board,Persons,7990.0,,,CVDP006CKD,"Patients with GP recorded CKD (G3a to G5), with a record of an eGFR test in the preceding 12 months.",CKD: Monitoring with eGFR (CVDP006CKD),89.8,3,Deprivation quintile,0,7225.0,To March 2026,91.08,90.46,
E54000062,NHS Black Country Integrated Care Board,Persons,6895.0,,,CVDP006CKD,"Patients with GP recorded CKD (G3a to G5), with a record of an eGFR test in the preceding 12 months.",CKD: Monitoring with eGFR (CVDP006CKD),89.67,4,Deprivation quintile,0,6235.0,To March 2026,91.06,90.39,
E54000062,NHS Black Country Integrated Care Board,Persons,5635.0,,,CVDP006CKD,"Patients with GP recorded CKD (G3a to G5), with a record of an eGFR test in the preceding 12 months.",CKD: Monitoring with eGFR (CVDP006CKD),89.38,5 - least deprived,Deprivation quintile,0,5085.0,To March 2026,90.92,90.17,
E54000062,NHS Black Country Integrated Care Board,Persons,5510.0,,,CVDP006CKD,"Patients with GP recorded CKD (G3a to G5), with a record of an eGFR test in the preceding 12 months.",CKD: Monitoring with eGFR (CVDP006CKD),89.42,Asian,Ethnicity,0,4970.0,To March 2026,90.98,90.23,
E54000062,NHS Black Country Integrated Care Board,Persons,2535.0,,,CVDP006CKD,"Patients with GP recorded CKD (G3a to G5), with a record of an eGFR test in the preceding 12 months.",CKD: Monitoring with eGFR (CVDP006CKD),84.19,Black,Ethnicity,0,2170.0,To March 2026,86.91,85.6,
E54000062,NHS Black Country Integrated Care Board,Persons,935.0,,,CVDP006CKD,"Patients with GP recorded CKD (G3a to G5), with a record of an eGFR test in the preceding 12 months.",CKD: Monitoring with eGFR (CVDP006CKD),81.84,Missing,Ethnicity,0,785.0,To March 2026,86.43,84.24,
E54000062,NHS Black Country Integrated Care Board,Persons,735.0,,,CVDP006CKD,"Patients with GP recorded CKD (G3a to G5), with a record of an eGFR test in the preceding 12 months.",CKD: Monitoring with eGFR (CVDP006CKD),83.45,Mixed,Ethnicity,0,630.0,To March 2026,88.33,86.1,
E54000062,NHS Black Country Integrated Care Board,Persons,545.0,,,CVDP006CKD,"Patients with GP recorded CKD (G3a to G5), with a record of an eGFR test in the preceding 12 months.",CKD: Monitoring with eGFR (CVDP006CKD),85.16,Not stated,Ethnicity,0,480.0,To March 2026,90.48,88.03,
E54000062,NHS Black Country Integrated Care Board,Persons,460.0,,,CVDP006CKD,"Patients with GP recorded CKD (G3a to G5), with a record of an eGFR test in the preceding 12 months.",CKD: Monitoring with eGFR (CVDP006CKD),82.15,Other,Ethnicity,0,395.0,To March 2026,88.39,85.5,
E54000062,NHS Black Country Integrated Care Board,Persons,42585.0,,,CVDP006CKD,"Patients with GP recorded CKD (G3a to G5), with a record of an eGFR test in the preceding 12 months.",CKD: Monitoring with eGFR (CVDP006CKD),89.79,White,Ethnicity,0,38360.0,To March 2026,90.36,90.08,
E54000062,NHS Black Country Integrated Care Board,Persons,52300.0,,,CVDP006CKD,"Patients with GP recorded CKD (G3a to G5), with a record of an eGFR test in the preceding 12 months.",CKD: Monitoring with eGFR (CVDP006CKD),89.39,People without SMI,Mental Health,0,46890.0,To March 2026,89.91,89.65,
E54000062,NHS Black Country Integrated Care Board,Persons,1000.0,,,CVDP006CKD,"Patients with GP recorded CKD (G3a to G5), with a record of an eGFR test in the preceding 12 months.",CKD: Monitoring with eGFR (CVDP006CKD),88.31,People with SMI,Mental Health,0,900.0,To March 2026,91.91,90.28,
E54000062,NHS Black Country Integrated Care Board,Persons,53030.0,,,CVDP006CKD,"Patients with GP recorded CKD (G3a to G5), with a record of an eGFR test in the preceding 12 months.",CKD: Monitoring with eGFR (CVDP006CKD),89.41,People without a diagnosed learning disability,Learning Disability,0,47555.0,To March 2026,89.93,89.67,
E54000062,NHS Black Country Integrated Care Board,Persons,270.0,,,CVDP006CKD,"Patients with GP recorded CKD (G3a to G5), with a record of an eGFR test in the preceding 12 months.",CKD: Monitoring with eGFR (CVDP006CKD),83.76,People with a diagnosed learning disability,Learning Disability,0,235.0,To March 2026,91.51,88.06,
E54000039,"NHS Bristol, North Somerset and South Gloucestershire Integrated Care Board",Persons,38270.0,,,CVDP006CKD,"Patients with GP recorded CKD (G3a to G5), with a record of an eGFR test in the preceding 12 months.",CKD: Monitoring with eGFR (CVDP006CKD),91.21,Persons,Sex,0,35015.0,To March 2026,91.77,91.49,
E54000039,"NHS Bristol, North Somerset and South Gloucestershire Integrated Care Board",Female,21375.0,,,CVDP006CKD,"Patients with GP recorded CKD (G3a to G5), with a record of an eGFR test in the preceding 12 months.",CKD: Monitoring with eGFR (CVDP006CKD),90.58,Female,Sex,0,19445.0,To March 2026,91.35,90.97,
E54000039,"NHS Bristol, North Somerset and South Gloucestershire Integrated Care Board",Male,16895.0,,,CVDP006CKD,"Patients with GP recorded CKD (G3a to G5), with a record of an eGFR test in the preceding 12 months.",CKD: Monitoring with eGFR (CVDP006CKD),91.74,Male,Sex,0,15570.0,To March 2026,92.55,92.15,
E54000039,"NHS Bristol, North Somerset and South Gloucestershire Integrated Care Board",Male,155.0,,,CVDP006CKD,"Patients with GP recorded CKD (G3a to G5), with a record of an eGFR test in the preceding 12 months.",CKD: Monitoring with eGFR (CVDP006CKD),61.64,18-39,Age group,0,110.0,To March 2026,75.47,69.23,
E54000039,"NHS Bristol, North Somerset and South Gloucestershire Integrated Care Board",Female,125.0,,,CVDP006CKD,"Patients with GP recorded CKD (G3a to G5), with a record of an eGFR test in the preceding 12 months.",CKD: Monitoring with eGFR (CVDP006CKD),63.78,18-39,Age group,0,90.0,To March 2026,78.74,71.77,
E54000039,"NHS Bristol, North Somerset and South Gloucestershire Integrated Care Board",Persons,280.0,,,CVDP006CKD,"Patients with GP recorded CKD (G3a to G5), with a record of an eGFR test in the preceding 12 months.",CKD: Monitoring with eGFR (CVDP006CKD),64.66,18-39,Age group,0,195.0,To March 2026,75.27,70.36,
E54000039,"NHS Bristol, North Somerset and South Gloucestershire Integrated Care Board",Male,1055.0,,,CVDP006CKD,"Patients with GP recorded CKD (G3a to G5), with a record of an eGFR test in the preceding 12 months.",CKD: Monitoring with eGFR (CVDP006CKD),80.28,40-59,Age group,0,875.0,To March 2026,84.81,82.69,
E54000039,"NHS Bristol, North Somerset and South Gloucestershire Integrated Care Board",Female,1090.0,,,CVDP006CKD,"Patients with GP recorded CKD (G3a to G5), with a record of an eGFR test in the preceding 12 months.",CKD: Monitoring with eGFR (CVDP006CKD),82.71,40-59,Age group,0,925.0,To March 2026,86.92,84.95,
E54000039,"NHS Bristol, North Somerset and South Gloucestershire Integrated Care Board",Persons,2145.0,,,CVDP006CKD,"Patients with GP recorded CKD (G3a to G5), with a record of an eGFR test in the preceding 12 months.",CKD: Monitoring with eGFR (CVDP006CKD),82.23,40-59,Age group,0,1800.0,To March 2026,85.3,83.84,
E54000039,"NHS Bristol, North Somerset and South Gloucestershire Integrated Care Board",Male,7800.0,,,CVDP006CKD,"Patients with GP recorded CKD (G3a to G5), with a record of an eGFR test in the preceding 12 months.",CKD: Monitoring with eGFR (CVDP006CKD),91.8,60-79,Age group,0,7205.0,To March 2026,92.96,92.4,
E54000039,"NHS Bristol, North Somerset and South Gloucestershire Integrated Care Board",Female,8735.0,,,CVDP006CKD,"Patients with GP recorded CKD (G3a to G5), with a record of an eGFR test in the preceding 12 months.",CKD: Monitoring with eGFR (CVDP006CKD),90.86,60-79,Age group,0,7990.0,To March 2026,92.02,91.46,
E54000039,"NHS Bristol, North Somerset and South Gloucestershire Integrated Care Board",Persons,16535.0,,,CVDP006CKD,"Patients with GP recorded CKD (G3a to G5), with a record of an eGFR test in the preceding 12 months.",CKD: Monitoring with eGFR (CVDP006CKD),91.48,60-79,Age group,0,15195.0,To March 2026,92.31,91.9,
E54000039,"NHS Bristol, North Somerset and South Gloucestershire Integrated Care Board",Male,7885.0,,,CVDP006CKD,"Patients with GP recorded CKD (G3a to G5), with a record of an eGFR test in the preceding 12 months.",CKD: Monitoring with eGFR (CVDP006CKD),93.08,80+,Age group,0,7380.0,To March 2026,94.15,93.63,
E54000039,"NHS Bristol, North Somerset and South Gloucestershire Integrated Care Board",Female,11425.0,,,CVDP006CKD,"Patients with GP recorded CKD (G3a to G5), with a record of an eGFR test in the preceding 12 months.",CKD: Monitoring with eGFR (CVDP006CKD),90.86,80+,Age group,0,10440.0,To March 2026,91.88,91.38,
E54000039,"NHS Bristol, North Somerset and South Gloucestershire Integrated Care Board",Persons,19310.0,,,CVDP006CKD,"Patients with GP recorded CKD (G3a to G5), with a record of an eGFR test in the preceding 12 months.",CKD: Monitoring with eGFR (CVDP006CKD),91.92,80+,Age group,0,17820.0,To March 2026,92.67,92.3,
E54000039,"NHS Bristol, North Somerset and South Gloucestershire Integrated Care Board",Persons,5965.0,,,CVDP006CKD,"Patients with GP recorded CKD (G3a to G5), with a record of an eGFR test in the preceding 12 months.",CKD: Monitoring with eGFR (CVDP006CKD),89.24,1 - most deprived,Deprivation quintile,0,5370.0,To March 2026,90.75,90.02,
E54000039,"NHS Bristol, North Somerset and South Gloucestershire Integrated Care Board",Persons,6095.0,,,CVDP006CKD,"Patients with GP recorded CKD (G3a to G5), with a record of an eGFR test in the preceding 12 months.",CKD: Monitoring with eGFR (CVDP006CKD),90.8,2,Deprivation quintile,0,5575.0,To March 2026,92.19,91.51,
E54000039,"NHS Bristol, North Somerset and South Gloucestershire Integrated Care Board",Persons,6680.0,,,CVDP006CKD,"Patients with GP recorded CKD (G3a to G5), with a record of an eGFR test in the preceding 12 months.",CKD: Monitoring with eGFR (CVDP006CKD),90.66,3,Deprivation quintile,0,6100.0,To March 2026,92.01,91.36,
E54000039,"NHS Bristol, North Somerset and South Gloucestershire Integrated Care Board",Persons,9040.0,,,CVDP006CKD,"Patients with GP recorded CKD (G3a to G5), with a record of an eGFR test in the preceding 12 months.",CKD: Monitoring with eGFR (CVDP006CKD),91.34,4,Deprivation quintile,0,8310.0,To March 2026,92.46,91.92,
E54000039,"NHS Bristol, North Somerset and South Gloucestershire Integrated Care Board",Persons,10760.0,,,CVDP006CKD,"Patients with GP recorded CKD (G3a to G5), with a record of an eGFR test in the preceding 12 months.",CKD: Monitoring with eGFR (CVDP006CKD),91.52,5 - least deprived,Deprivation quintile,0,9900.0,To March 2026,92.54,92.04,
E54000039,"NHS Bristol, North Somerset and South Gloucestershire Integrated Care Board",Persons,725.0,,,CVDP006CKD,"Patients with GP recorded CKD (G3a to G5), with a record of an eGFR test in the preceding 12 months.",CKD: Monitoring with eGFR (CVDP006CKD),85.56,Asian,Ethnicity,0,640.0,To March 2026,90.23,88.12,
E54000039,"NHS Bristol, North Somerset and South Gloucestershire Integrated Care Board",Persons,1135.0,,,CVDP006CKD,"Patients with GP recorded CKD (G3a to G5), with a record of an eGFR test in the preceding 12 months.",CKD: Monitoring with eGFR (CVDP006CKD),84.97,Black,Ethnicity,0,990.0,To March 2026,88.84,87.05,
E54000039,"NHS Bristol, North Somerset and South Gloucestershire Integrated Care Board",Persons,235.0,,,CVDP006CKD,"Patients with GP recorded CKD (G3a to G5), with a record of an eGFR test in the preceding 12 months.",CKD: Monitoring with eGFR (CVDP006CKD),76.57,Missing,Ethnicity,0,195.0,To March 2026,86.19,81.78,
E54000039,"NHS Bristol, North Somerset and South Gloucestershire Integrated Care Board",Persons,295.0,,,CVDP006CKD,"Patients with GP recorded CKD (G3a to G5), with a record of an eGFR test in the preceding 12 months.",CKD: Monitoring with eGFR (CVDP006CKD),81.0,Mixed,Ethnicity,0,255.0,To March 2026,89.0,85.52,
E54000039,"NHS Bristol, North Somerset and South Gloucestershire Integrated Care Board",Persons,1350.0,,,CVDP006CKD,"Patients with GP recorded CKD (G3a to G5), with a record of an eGFR test in the preceding 12 months.",CKD: Monitoring with eGFR (CVDP006CKD),84.49,Not stated,Ethnicity,0,1165.0,To March 2026,88.11,86.38,
E54000039,"NHS Bristol, North Somerset and South Gloucestershire Integrated Care Board",Persons,140.0,,,CVDP006CKD,"Patients with GP recorded CKD (G3a to G5), with a record of an eGFR test in the preceding 12 months.",CKD: Monitoring with eGFR (CVDP006CKD),79.86,Other,Ethnicity,0,120.0,To March 2026,90.97,86.52,
E54000039,"NHS Bristol, North Somerset and South Gloucestershire Integrated Care Board",Persons,34390.0,,,CVDP006CKD,"Patients with GP recorded CKD (G3a to G5), with a record of an eGFR test in the preceding 12 months.",CKD: Monitoring with eGFR (CVDP006CKD),91.76,White,Ethnicity,0,31655.0,To March 2026,92.33,92.05,
E54000039,"NHS Bristol, North Somerset and South Gloucestershire Integrated Care Board",Persons,37605.0,,,CVDP006CKD,"Patients with GP recorded CKD (G3a to G5), with a record of an eGFR test in the preceding 12 months.",CKD: Monitoring with eGFR (CVDP006CKD),91.21,People without SMI,Mental Health,0,34410.0,To March 2026,91.77,91.49,
E54000039,"NHS Bristol, North Somerset and South Gloucestershire Integrated Care Board",Persons,665.0,,,CVDP006CKD,"Patients with GP recorded CKD (G3a to G5), with a record of an eGFR test in the preceding 12 months.",CKD: Monitoring with eGFR (CVDP006CKD),89.07,People with SMI,Mental Health,0,610.0,To March 2026,93.26,91.43,
E54000039,"NHS Bristol, North Somerset and South Gloucestershire Integrated Care Board",Persons,38065.0,,,CVDP006CKD,"Patients with GP recorded CKD (G3a to G5), with a record of an eGFR test in the preceding 12 months.",CKD: Monitoring with eGFR (CVDP006CKD),91.2,People without a diagnosed learning disability,Learning Disability,0,34825.0,To March 2026,91.76,91.49,
E54000039,"NHS Bristol, North Somerset and South Gloucestershire Integrated Care Board",Persons,210.0,,,CVDP006CKD,"Patients with GP recorded CKD (G3a to G5), with a record of an eGFR test in the preceding 12 months.",CKD: Monitoring with eGFR (CVDP006CKD),88.15,People with a diagnosed learning disability,Learning Disability,0,190.0,To March 2026,95.26,92.31,
E54000044,"NHS Buckinghamshire, Oxfordshire and Berkshire West Integrated Care Board",Persons,58935.0,,,CVDP006CKD,"Patients with GP recorded CKD (G3a to G5), with a record of an eGFR test in the preceding 12 months.",CKD: Monitoring with eGFR (CVDP006CKD),89.88,Persons,Sex,0,53115.0,To March 2026,90.36,90.12,
E54000044,"NHS Buckinghamshire, Oxfordshire and Berkshire West Integrated Care Board",Female,32680.0,,,CVDP006CKD,"Patients with GP recorded CKD (G3a to G5), with a record of an eGFR test in the preceding 12 months.",CKD: Monitoring with eGFR (CVDP006CKD),89.41,Female,Sex,0,29330.0,To March 2026,90.07,89.74,
E54000044,"NHS Buckinghamshire, Oxfordshire and Berkshire West Integrated Care Board",Male,26255.0,,,CVDP006CKD,"Patients with GP recorded CKD (G3a to G5), with a record of an eGFR test in the preceding 12 months.",CKD: Monitoring with eGFR (CVDP006CKD),90.24,Male,Sex,0,23785.0,To March 2026,90.94,90.6,
E54000044,"NHS Buckinghamshire, Oxfordshire and Berkshire West Integrated Care Board",Male,190.0,,,CVDP006CKD,"Patients with GP recorded CKD (G3a to G5), with a record of an eGFR test in the preceding 12 months.",CKD: Monitoring with eGFR (CVDP006CKD),55.5,18-39,Age group,0,120.0,To March 2026,69.11,62.77,
E54000044,"NHS Buckinghamshire, Oxfordshire and Berkshire West Integrated Care Board",Female,210.0,,,CVDP006CKD,"Patients with GP recorded CKD (G3a to G5), with a record of an eGFR test in the preceding 12 months.",CKD: Monitoring with eGFR (CVDP006CKD),67.44,18-39,Age group,0,155.0,To March 2026,79.07,73.58,
E54000044,"NHS Buckinghamshire, Oxfordshire and Berkshire West Integrated Care Board",Persons,400.0,,,CVDP006CKD,"Patients with GP recorded CKD (G3a to G5), with a record of an eGFR test in the preceding 12 months.",CKD: Monitoring with eGFR (CVDP006CKD),63.77,18-39,Age group,0,275.0,To March 2026,72.7,68.5,
E54000044,"NHS Buckinghamshire, Oxfordshire and Berkshire West Integrated Care Board",Male,1955.0,,,CVDP006CKD,"Patients with GP recorded CKD (G3a to G5), with a record of an eGFR test in the preceding 12 months.",CKD: Monitoring with eGFR (CVDP006CKD),77.4,40-59,Age group,0,1550.0,To March 2026,80.98,79.26,
E54000044,"NHS Buckinghamshire, Oxfordshire and Berkshire West Integrated Care Board",Female,1835.0,,,CVDP006CKD,"Patients with GP recorded CKD (G3a to G5), with a record of an eGFR test in the preceding 12 months.",CKD: Monitoring with eGFR (CVDP006CKD),81.68,40-59,Age group,0,1535.0,To March 2026,85.05,83.45,
E54000044,"NHS Buckinghamshire, Oxfordshire and Berkshire West Integrated Care Board",Persons,3790.0,,,CVDP006CKD,"Patients with GP recorded CKD (G3a to G5), with a record of an eGFR test in the preceding 12 months.",CKD: Monitoring with eGFR (CVDP006CKD),80.02,40-59,Age group,0,3080.0,To March 2026,82.49,81.29,
E54000044,"NHS Buckinghamshire, Oxfordshire and Berkshire West Integrated Care Board",Male,11720.0,,,CVDP006CKD,"Patients with GP recorded CKD (G3a to G5), with a record of an eGFR test in the preceding 12 months.",CKD: Monitoring with eGFR (CVDP006CKD),89.94,60-79,Age group,0,10605.0,To March 2026,90.99,90.48,
E54000044,"NHS Buckinghamshire, Oxfordshire and Berkshire West Integrated Care Board",Female,12810.0,,,CVDP006CKD,"Patients with GP recorded CKD (G3a to G5), with a record of an eGFR test in the preceding 12 months.",CKD: Monitoring with eGFR (CVDP006CKD),89.47,60-79,Age group,0,11530.0,To March 2026,90.51,90.0,
E54000044,"NHS Buckinghamshire, Oxfordshire and Berkshire West Integrated Care Board",Persons,24530.0,,,CVDP006CKD,"Patients with GP recorded CKD (G3a to G5), with a record of an eGFR test in the preceding 12 months.",CKD: Monitoring with eGFR (CVDP006CKD),89.85,60-79,Age group,0,22135.0,To March 2026,90.59,90.23,
E54000044,"NHS Buckinghamshire, Oxfordshire and Berkshire West Integrated Care Board",Male,12390.0,,,CVDP006CKD,"Patients with GP recorded CKD (G3a to G5), with a record of an eGFR test in the preceding 12 months.",CKD: Monitoring with eGFR (CVDP006CKD),92.45,80+,Age group,0,11515.0,To March 2026,93.35,92.91,
E54000044,"NHS Buckinghamshire, Oxfordshire and Berkshire West Integrated Care Board",Female,17825.0,,,CVDP006CKD,"Patients with GP recorded CKD (G3a to G5), with a record of an eGFR test in the preceding 12 months.",CKD: Monitoring with eGFR (CVDP006CKD),89.95,80+,Age group,0,16110.0,To March 2026,90.82,90.39,
E54000044,"NHS Buckinghamshire, Oxfordshire and Berkshire West Integrated Care Board",Persons,30215.0,,,CVDP006CKD,"Patients with GP recorded CKD (G3a to G5), with a record of an eGFR test in the preceding 12 months.",CKD: Monitoring with eGFR (CVDP006CKD),91.11,80+,Age group,0,27625.0,To March 2026,91.74,91.43,
E54000044,"NHS Buckinghamshire, Oxfordshire and Berkshire West Integrated Care Board",Persons,1505.0,,,CVDP006CKD,"Patients with GP recorded CKD (G3a to G5), with a record of an eGFR test in the preceding 12 months.",CKD: Monitoring with eGFR (CVDP006CKD),89.05,1 - most deprived,Deprivation quintile,0,1365.0,To March 2026,91.97,90.63,
E54000044,"NHS Buckinghamshire, Oxfordshire and Berkshire West Integrated Care Board",Persons,4550.0,,,CVDP006CKD,"Patients with GP recorded CKD (G3a to G5), with a record of an eGFR test in the preceding 12 months.",CKD: Monitoring with eGFR (CVDP006CKD),87.65,2,Deprivation quintile,0,4030.0,To March 2026,89.5,88.61,
E54000044,"NHS Buckinghamshire, Oxfordshire and Berkshire West Integrated Care Board",Persons,8290.0,,,CVDP006CKD,"Patients with GP recorded CKD (G3a to G5), with a record of an eGFR test in the preceding 12 months.",CKD: Monitoring with eGFR (CVDP006CKD),88.79,3,Deprivation quintile,0,7415.0,To March 2026,90.1,89.46,
E54000044,"NHS Buckinghamshire, Oxfordshire and Berkshire West Integrated Care Board",Persons,14910.0,,,CVDP006CKD,"Patients with GP recorded CKD (G3a to G5), with a record of an eGFR test in the preceding 12 months.",CKD: Monitoring with eGFR (CVDP006CKD),89.68,4,Deprivation quintile,0,13445.0,To March 2026,90.63,90.17,
E54000044,"NHS Buckinghamshire, Oxfordshire and Berkshire West Integrated Care Board",Persons,29315.0,,,CVDP006CKD,"Patients with GP recorded CKD (G3a to G5), with a record of an eGFR test in the preceding 12 months.",CKD: Monitoring with eGFR (CVDP006CKD),90.06,5 - least deprived,Deprivation quintile,0,26500.0,To March 2026,90.73,90.4,
E54000044,"NHS Buckinghamshire, Oxfordshire and Berkshire West Integrated Care Board",Persons,3030.0,,,CVDP006CKD,"Patients with GP recorded CKD (G3a to G5), with a record of an eGFR test in the preceding 12 months.",CKD: Monitoring with eGFR (CVDP006CKD),85.85,Asian,Ethnicity,0,2640.0,To March 2026,88.23,87.09,
E54000044,"NHS Buckinghamshire, Oxfordshire and Berkshire West Integrated Care Board",Persons,1675.0,,,CVDP006CKD,"Patients with GP recorded CKD (G3a to G5), with a record of an eGFR test in the preceding 12 months.",CKD: Monitoring with eGFR (CVDP006CKD),84.04,Black,Ethnicity,0,1440.0,To March 2026,87.37,85.8,
E54000044,"NHS Buckinghamshire, Oxfordshire and Berkshire West Integrated Care Board",Persons,690.0,,,CVDP006CKD,"Patients with GP recorded CKD (G3a to G5), with a record of an eGFR test in the preceding 12 months.",CKD: Monitoring with eGFR (CVDP006CKD),80.29,Missing,Ethnicity,0,575.0,To March 2026,85.76,83.24,
E54000044,"NHS Buckinghamshire, Oxfordshire and Berkshire West Integrated Care Board",Persons,470.0,,,CVDP006CKD,"Patients with GP recorded CKD (G3a to G5), with a record of an eGFR test in the preceding 12 months.",CKD: Monitoring with eGFR (CVDP006CKD),80.34,Mixed,Ethnicity,0,395.0,To March 2026,86.89,83.83,
E54000044,"NHS Buckinghamshire, Oxfordshire and Berkshire West Integrated Care Board",Persons,2400.0,,,CVDP006CKD,"Patients with GP recorded CKD (G3a to G5), with a record of an eGFR test in the preceding 12 months.",CKD: Monitoring with eGFR (CVDP006CKD),86.05,Not stated,Ethnicity,0,2095.0,To March 2026,88.67,87.41,
E54000044,"NHS Buckinghamshire, Oxfordshire and Berkshire West Integrated Care Board",Persons,370.0,,,CVDP006CKD,"Patients with GP recorded CKD (G3a to G5), with a record of an eGFR test in the preceding 12 months.",CKD: Monitoring with eGFR (CVDP006CKD),83.6,Other,Ethnicity,0,320.0,To March 2026,90.32,87.26,
E54000044,"NHS Buckinghamshire, Oxfordshire and Berkshire West Integrated Care Board",Persons,50300.0,,,CVDP006CKD,"Patients with GP recorded CKD (G3a to G5), with a record of an eGFR test in the preceding 12 months.",CKD: Monitoring with eGFR (CVDP006CKD),90.5,White,Ethnicity,0,45650.0,To March 2026,91.0,90.75,
E54000044,"NHS Buckinghamshire, Oxfordshire and Berkshire West Integrated Care Board",Persons,57810.0,,,CVDP006CKD,"Patients with GP recorded CKD (G3a to G5), with a record of an eGFR test in the preceding 12 months.",CKD: Monitoring with eGFR (CVDP006CKD),89.84,People without SMI,Mental Health,0,52080.0,To March 2026,90.33,90.08,
E54000044,"NHS Buckinghamshire, Oxfordshire and Berkshire West Integrated Care Board",Persons,1125.0,,,CVDP006CKD,"Patients with GP recorded CKD (G3a to G5), with a record of an eGFR test in the preceding 12 months.",CKD: Monitoring with eGFR (CVDP006CKD),90.34,People with SMI,Mental Health,0,1035.0,To March 2026,93.44,92.0,
E54000044,"NHS Buckinghamshire, Oxfordshire and Berkshire West Integrated Care Board",Persons,58655.0,,,CVDP006CKD,"Patients with GP recorded CKD (G3a to G5), with a record of an eGFR test in the preceding 12 months.",CKD: Monitoring with eGFR (CVDP006CKD),89.87,People without a diagnosed learning disability,Learning Disability,0,52860.0,To March 2026,90.36,90.12,
E54000044,"NHS Buckinghamshire, Oxfordshire and Berkshire West Integrated Care Board",Persons,280.0,,,CVDP006CKD,"Patients with GP recorded CKD (G3a to G5), with a record of an eGFR test in the preceding 12 months.",CKD: Monitoring with eGFR (CVDP006CKD),87.19,People with a diagnosed learning disability,Learning Disability,0,255.0,To March 2026,93.95,91.01,
E54000056,NHS Cambridgeshire and Peterborough Integrated Care Board,Persons,31270.0,,,CVDP006CKD,"Patients with GP recorded CKD (G3a to G5), with a record of an eGFR test in the preceding 12 months.",CKD: Monitoring with eGFR (CVDP006CKD),94.02,Persons,Sex,0,29485.0,To March 2026,94.53,94.28,
E54000056,NHS Cambridgeshire and Peterborough Integrated Care Board,Female,17120.0,,,CVDP006CKD,"Patients with GP recorded CKD (G3a to G5), with a record of an eGFR test in the preceding 12 months.",CKD: Monitoring with eGFR (CVDP006CKD),93.68,Female,Sex,0,16100.0,To March 2026,94.38,94.04,
E54000056,NHS Cambridgeshire and Peterborough Integrated Care Board,Male,14150.0,,,CVDP006CKD,"Patients with GP recorded CKD (G3a to G5), with a record of an eGFR test in the preceding 12 months.",CKD: Monitoring with eGFR (CVDP006CKD),94.2,Male,Sex,0,13385.0,To March 2026,94.94,94.58,
E54000056,NHS Cambridgeshire and Peterborough Integrated Care Board,Male,120.0,,,CVDP006CKD,"Patients with GP recorded CKD (G3a to G5), with a record of an eGFR test in the preceding 12 months.",CKD: Monitoring with eGFR (CVDP006CKD),64.46,18-39,Age group,0,85.0,To March 2026,80.17,72.88,
E54000056,NHS Cambridgeshire and Peterborough Integrated Care Board,Female,115.0,,,CVDP006CKD,"Patients with GP recorded CKD (G3a to G5), with a record of an eGFR test in the preceding 12 months.",CKD: Monitoring with eGFR (CVDP006CKD),74.17,18-39,Age group,0,95.0,To March 2026,87.5,82.05,
E54000056,NHS Cambridgeshire and Peterborough Integrated Care Board,Persons,235.0,,,CVDP006CKD,"Patients with GP recorded CKD (G3a to G5), with a record of an eGFR test in the preceding 12 months.",CKD: Monitoring with eGFR (CVDP006CKD),71.85,18-39,Age group,0,180.0,To March 2026,82.35,77.45,
E54000056,NHS Cambridgeshire and Peterborough Integrated Care Board,Male,920.0,,,CVDP006CKD,"Patients with GP recorded CKD (G3a to G5), with a record of an eGFR test in the preceding 12 months.",CKD: Monitoring with eGFR (CVDP006CKD),86.24,40-59,Age group,0,815.0,To March 2026,90.36,88.48,
E54000056,NHS Cambridgeshire and Peterborough Integrated Care Board,Female,905.0,,,CVDP006CKD,"Patients with GP recorded CKD (G3a to G5), with a record of an eGFR test in the preceding 12 months.",CKD: Monitoring with eGFR (CVDP006CKD),87.03,40-59,Age group,0,810.0,To March 2026,90.99,89.2,
E54000056,NHS Cambridgeshire and Peterborough Integrated Care Board,Persons,1825.0,,,CVDP006CKD,"Patients with GP recorded CKD (G3a to G5), with a record of an eGFR test in the preceding 12 months.",CKD: Monitoring with eGFR (CVDP006CKD),87.32,40-59,Age group,0,1625.0,To March 2026,90.16,88.83,
E54000056,NHS Cambridgeshire and Peterborough Integrated Care Board,Male,6430.0,,,CVDP006CKD,"Patients with GP recorded CKD (G3a to G5), with a record of an eGFR test in the preceding 12 months.",CKD: Monitoring with eGFR (CVDP006CKD),94.42,60-79,Age group,0,6110.0,To March 2026,95.48,94.98,
E54000056,NHS Cambridgeshire and Peterborough Integrated Care Board,Female,6855.0,,,CVDP006CKD,"Patients with GP recorded CKD (G3a to G5), with a record of an eGFR test in the preceding 12 months.",CKD: Monitoring with eGFR (CVDP006CKD),93.12,60-79,Age group,0,6425.0,To March 2026,94.26,93.71,
E54000056,NHS Cambridgeshire and Peterborough Integrated Care Board,Persons,13290.0,,,CVDP006CKD,"Patients with GP recorded CKD (G3a to G5), with a record of an eGFR test in the preceding 12 months.",CKD: Monitoring with eGFR (CVDP006CKD),93.92,60-79,Age group,0,12535.0,To March 2026,94.7,94.33,
E54000056,NHS Cambridgeshire and Peterborough Integrated Care Board,Male,6680.0,,,CVDP006CKD,"Patients with GP recorded CKD (G3a to G5), with a record of an eGFR test in the preceding 12 months.",CKD: Monitoring with eGFR (CVDP006CKD),94.9,80+,Age group,0,6375.0,To March 2026,95.9,95.42,
E54000056,NHS Cambridgeshire and Peterborough Integrated Care Board,Female,9240.0,,,CVDP006CKD,"Patients with GP recorded CKD (G3a to G5), with a record of an eGFR test in the preceding 12 months.",CKD: Monitoring with eGFR (CVDP006CKD),94.44,80+,Age group,0,8770.0,To March 2026,95.33,94.9,
E54000056,NHS Cambridgeshire and Peterborough Integrated Care Board,Persons,15920.0,,,CVDP006CKD,"Patients with GP recorded CKD (G3a to G5), with a record of an eGFR test in the preceding 12 months.",CKD: Monitoring with eGFR (CVDP006CKD),94.78,80+,Age group,0,15145.0,To March 2026,95.44,95.12,
E54000056,NHS Cambridgeshire and Peterborough Integrated Care Board,Persons,3835.0,,,CVDP006CKD,"Patients with GP recorded CKD (G3a to G5), with a record of an eGFR test in the preceding 12 months.",CKD: Monitoring with eGFR (CVDP006CKD),92.26,1 - most deprived,Deprivation quintile,0,3570.0,To March 2026,93.85,93.09,
E54000056,NHS Cambridgeshire and Peterborough Integrated Care Board,Persons,4300.0,,,CVDP006CKD,"Patients with GP recorded CKD (G3a to G5), with a record of an eGFR test in the preceding 12 months.",CKD: Monitoring with eGFR (CVDP006CKD),93.61,2,Deprivation quintile,0,4055.0,To March 2026,94.98,94.32,
E54000056,NHS Cambridgeshire and Peterborough Integrated Care Board,Persons,7520.0,,,CVDP006CKD,"Patients with GP recorded CKD (G3a to G5), with a record of an eGFR test in the preceding 12 months.",CKD: Monitoring with eGFR (CVDP006CKD),94.7,3,Deprivation quintile,0,7160.0,To March 2026,95.65,95.2,
E54000056,NHS Cambridgeshire and Peterborough Integrated Care Board,Persons,7550.0,,,CVDP006CKD,"Patients with GP recorded CKD (G3a to G5), with a record of an eGFR test in the preceding 12 months.",CKD: Monitoring with eGFR (CVDP006CKD),93.4,4,Deprivation quintile,0,7095.0,To March 2026,94.47,93.95,
E54000056,NHS Cambridgeshire and Peterborough Integrated Care Board,Persons,8365.0,,,CVDP006CKD,"Patients with GP recorded CKD (G3a to G5), with a record of an eGFR test in the preceding 12 months.",CKD: Monitoring with eGFR (CVDP006CKD),93.63,5 - least deprived,Deprivation quintile,0,7880.0,To March 2026,94.64,94.16,
E54000056,NHS Cambridgeshire and Peterborough Integrated Care Board,Persons,1000.0,,,CVDP006CKD,"Patients with GP recorded CKD (G3a to G5), with a record of an eGFR test in the preceding 12 months.",CKD: Monitoring with eGFR (CVDP006CKD),90.85,Asian,Ethnicity,0,930.0,To March 2026,94.03,92.61,
E54000056,NHS Cambridgeshire and Peterborough Integrated Care Board,Persons,560.0,,,CVDP006CKD,"Patients with GP recorded CKD (G3a to G5), with a record of an eGFR test in the preceding 12 months.",CKD: Monitoring with eGFR (CVDP006CKD),86.81,Black,Ethnicity,0,500.0,To March 2026,91.8,89.61,
E54000056,NHS Cambridgeshire and Peterborough Integrated Care Board,Persons,245.0,,,CVDP006CKD,"Patients with GP recorded CKD (G3a to G5), with a record of an eGFR test in the preceding 12 months.",CKD: Monitoring with eGFR (CVDP006CKD),87.85,Missing,Ethnicity,0,225.0,To March 2026,94.74,91.8,
E54000056,NHS Cambridgeshire and Peterborough Integrated Care Board,Persons,190.0,,,CVDP006CKD,"Patients with GP recorded CKD (G3a to G5), with a record of an eGFR test in the preceding 12 months.",CKD: Monitoring with eGFR (CVDP006CKD),89.12,Mixed,Ethnicity,0,175.0,To March 2026,95.85,93.16,
E54000056,NHS Cambridgeshire and Peterborough Integrated Care Board,Persons,360.0,,,CVDP006CKD,"Patients with GP recorded CKD (G3a to G5), with a record of an eGFR test in the preceding 12 months.",CKD: Monitoring with eGFR (CVDP006CKD),87.67,Not stated,Ethnicity,0,330.0,To March 2026,93.42,90.88,
E54000056,NHS Cambridgeshire and Peterborough Integrated Care Board,Persons,120.0,,,CVDP006CKD,"Patients with GP recorded CKD (G3a to G5), with a record of an eGFR test in the preceding 12 months.",CKD: Monitoring with eGFR (CVDP006CKD),75.81,Other,Ethnicity,0,100.0,To March 2026,88.71,83.47,
E54000056,NHS Cambridgeshire and Peterborough Integrated Care Board,Persons,28795.0,,,CVDP006CKD,"Patients with GP recorded CKD (G3a to G5), with a record of an eGFR test in the preceding 12 months.",CKD: Monitoring with eGFR (CVDP006CKD),94.28,White,Ethnicity,0,27225.0,To March 2026,94.81,94.55,
E54000056,NHS Cambridgeshire and Peterborough Integrated Care Board,Persons,30710.0,,,CVDP006CKD,"Patients with GP recorded CKD (G3a to G5), with a record of an eGFR test in the preceding 12 months.",CKD: Monitoring with eGFR (CVDP006CKD),94.02,People without SMI,Mental Health,0,28955.0,To March 2026,94.53,94.28,
E54000056,NHS Cambridgeshire and Peterborough Integrated Care Board,Persons,560.0,,,CVDP006CKD,"Patients with GP recorded CKD (G3a to G5), with a record of an eGFR test in the preceding 12 months.",CKD: Monitoring with eGFR (CVDP006CKD),92.39,People with SMI,Mental Health,0,530.0,To March 2026,96.11,94.48,
E54000056,NHS Cambridgeshire and Peterborough Integrated Care Board,Persons,31135.0,,,CVDP006CKD,"Patients with GP recorded CKD (G3a to G5), with a record of an eGFR test in the preceding 12 months.",CKD: Monitoring with eGFR (CVDP006CKD),94.02,People without a diagnosed learning disability,Learning Disability,0,29355.0,To March 2026,94.53,94.28,
E54000056,NHS Cambridgeshire and Peterborough Integrated Care Board,Persons,135.0,,,CVDP006CKD,"Patients with GP recorded CKD (G3a to G5), with a record of an eGFR test in the preceding 12 months.",CKD: Monitoring with eGFR (CVDP006CKD),89.86,People with a diagnosed learning disability,Learning Disability,0,130.0,To March 2026,97.1,94.81,
E54000008,NHS Cheshire and Merseyside Integrated Care Board,Persons,109735.0,,,CVDP006CKD,"Patients with GP recorded CKD (G3a to G5), with a record of an eGFR test in the preceding 12 months.",CKD: Monitoring with eGFR (CVDP006CKD),91.16,Persons,Sex,0,100215.0,To March 2026,91.49,91.32,
E54000008,NHS Cheshire and Merseyside Integrated Care Board,Female,62770.0,,,CVDP006CKD,"Patients with GP recorded CKD (G3a to G5), with a record of an eGFR test in the preceding 12 months.",CKD: Monitoring with eGFR (CVDP006CKD),90.55,Female,Sex,0,56985.0,To March 2026,91.0,90.78,
E54000008,NHS Cheshire and Merseyside Integrated Care Board,Male,46965.0,,,CVDP006CKD,"Patients with GP recorded CKD (G3a to G5), with a record of an eGFR test in the preceding 12 months.",CKD: Monitoring with eGFR (CVDP006CKD),91.8,Male,Sex,0,43230.0,To March 2026,92.29,92.05,
E54000008,NHS Cheshire and Merseyside Integrated Care Board,Male,455.0,,,CVDP006CKD,"Patients with GP recorded CKD (G3a to G5), with a record of an eGFR test in the preceding 12 months.",CKD: Monitoring with eGFR (CVDP006CKD),69.52,18-39,Age group,0,335.0,To March 2026,77.41,73.73,
E54000008,NHS Cheshire and Merseyside Integrated Care Board,Female,370.0,,,CVDP006CKD,"Patients with GP recorded CKD (G3a to G5), with a record of an eGFR test in the preceding 12 months.",CKD: Monitoring with eGFR (CVDP006CKD),72.85,18-39,Age group,0,285.0,To March 2026,81.18,77.24,
E54000008,NHS Cheshire and Merseyside Integrated Care Board,Persons,820.0,,,CVDP006CKD,"Patients with GP recorded CKD (G3a to G5), with a record of an eGFR test in the preceding 12 months.",CKD: Monitoring with eGFR (CVDP006CKD),72.24,18-39,Age group,0,620.0,To March 2026,78.06,75.3,
E54000008,NHS Cheshire and Merseyside Integrated Care Board,Male,3085.0,,,CVDP006CKD,"Patients with GP recorded CKD (G3a to G5), with a record of an eGFR test in the preceding 12 months.",CKD: Monitoring with eGFR (CVDP006CKD),80.51,40-59,Age group,0,2525.0,To March 2026,83.2,81.89,
E54000008,NHS Cheshire and Merseyside Integrated Care Board,Female,3655.0,,,CVDP006CKD,"Patients with GP recorded CKD (G3a to G5), with a record of an eGFR test in the preceding 12 months.",CKD: Monitoring with eGFR (CVDP006CKD),84.5,40-59,Age group,0,3130.0,To March 2026,86.77,85.67,
E54000008,NHS Cheshire and Merseyside Integrated Care Board,Persons,6740.0,,,CVDP006CKD,"Patients with GP recorded CKD (G3a to G5), with a record of an eGFR test in the preceding 12 months.",CKD: Monitoring with eGFR (CVDP006CKD),83.04,40-59,Age group,0,5660.0,To March 2026,84.79,83.94,
E54000008,NHS Cheshire and Merseyside Integrated Care Board,Male,23370.0,,,CVDP006CKD,"Patients with GP recorded CKD (G3a to G5), with a record of an eGFR test in the preceding 12 months.",CKD: Monitoring with eGFR (CVDP006CKD),92.06,60-79,Age group,0,21595.0,To March 2026,92.74,92.41,
E54000008,NHS Cheshire and Merseyside Integrated Care Board,Female,28125.0,,,CVDP006CKD,"Patients with GP recorded CKD (G3a to G5), with a record of an eGFR test in the preceding 12 months.",CKD: Monitoring with eGFR (CVDP006CKD),90.75,60-79,Age group,0,25615.0,To March 2026,91.41,91.08,
E54000008,NHS Cheshire and Merseyside Integrated Care Board,Persons,51495.0,,,CVDP006CKD,"Patients with GP recorded CKD (G3a to G5), with a record of an eGFR test in the preceding 12 months.",CKD: Monitoring with eGFR (CVDP006CKD),91.44,60-79,Age group,0,47210.0,To March 2026,91.92,91.68,
E54000008,NHS Cheshire and Merseyside Integrated Care Board,Male,20055.0,,,CVDP006CKD,"Patients with GP recorded CKD (G3a to G5), with a record of an eGFR test in the preceding 12 months.",CKD: Monitoring with eGFR (CVDP006CKD),93.27,80+,Age group,0,18775.0,To March 2026,93.95,93.62,
E54000008,NHS Cheshire and Merseyside Integrated Care Board,Female,30625.0,,,CVDP006CKD,"Patients with GP recorded CKD (G3a to G5), with a record of an eGFR test in the preceding 12 months.",CKD: Monitoring with eGFR (CVDP006CKD),90.96,80+,Age group,0,27950.0,To March 2026,91.59,91.27,
E54000008,NHS Cheshire and Merseyside Integrated Care Board,Persons,50675.0,,,CVDP006CKD,"Patients with GP recorded CKD (G3a to G5), with a record of an eGFR test in the preceding 12 months.",CKD: Monitoring with eGFR (CVDP006CKD),91.97,80+,Age group,0,46725.0,To March 2026,92.43,92.2,
E54000008,NHS Cheshire and Merseyside Integrated Care Board,Persons,35275.0,,,CVDP006CKD,"Patients with GP recorded CKD (G3a to G5), with a record of an eGFR test in the preceding 12 months.",CKD: Monitoring with eGFR (CVDP006CKD),90.32,1 - most deprived,Deprivation quintile,0,31970.0,To March 2026,90.93,90.63,
E54000008,NHS Cheshire and Merseyside Integrated Care Board,Persons,16550.0,,,CVDP006CKD,"Patients with GP recorded CKD (G3a to G5), with a record of an eGFR test in the preceding 12 months.",CKD: Monitoring with eGFR (CVDP006CKD),91.03,2,Deprivation quintile,0,15140.0,To March 2026,91.88,91.47,
E54000008,NHS Cheshire and Merseyside Integrated Care Board,Persons,16700.0,,,CVDP006CKD,"Patients with GP recorded CKD (G3a to G5), with a record of an eGFR test in the preceding 12 months.",CKD: Monitoring with eGFR (CVDP006CKD),91.21,3,Deprivation quintile,0,15305.0,To March 2026,92.05,91.64,
E54000008,NHS Cheshire and Merseyside Integrated Care Board,Persons,21075.0,,,CVDP006CKD,"Patients with GP recorded CKD (G3a to G5), with a record of an eGFR test in the preceding 12 months.",CKD: Monitoring with eGFR (CVDP006CKD),91.66,4,Deprivation quintile,0,19395.0,To March 2026,92.39,92.03,
E54000008,NHS Cheshire and Merseyside Integrated Care Board,Persons,19515.0,,,CVDP006CKD,"Patients with GP recorded CKD (G3a to G5), with a record of an eGFR test in the preceding 12 months.",CKD: Monitoring with eGFR (CVDP006CKD),90.98,5 - least deprived,Deprivation quintile,0,17830.0,To March 2026,91.76,91.38,
E54000008,NHS Cheshire and Merseyside Integrated Care Board,Persons,1225.0,,,CVDP006CKD,"Patients with GP recorded CKD (G3a to G5), with a record of an eGFR test in the preceding 12 months.",CKD: Monitoring with eGFR (CVDP006CKD),87.06,Asian,Ethnicity,0,1090.0,To March 2026,90.56,88.91,
E54000008,NHS Cheshire and Merseyside Integrated Care Board,Persons,1020.0,,,CVDP006CKD,"Patients with GP recorded CKD (G3a to G5), with a record of an eGFR test in the preceding 12 months.",CKD: Monitoring with eGFR (CVDP006CKD),84.07,Black,Ethnicity,0,880.0,To March 2026,88.27,86.27,
E54000008,NHS Cheshire and Merseyside Integrated Care Board,Persons,770.0,,,CVDP006CKD,"Patients with GP recorded CKD (G3a to G5), with a record of an eGFR test in the preceding 12 months.",CKD: Monitoring with eGFR (CVDP006CKD),80.85,Missing,Ethnicity,0,645.0,To March 2026,86.03,83.64,
E54000008,NHS Cheshire and Merseyside Integrated Care Board,Persons,605.0,,,CVDP006CKD,"Patients with GP recorded CKD (G3a to G5), with a record of an eGFR test in the preceding 12 months.",CKD: Monitoring with eGFR (CVDP006CKD),83.17,Mixed,Ethnicity,0,520.0,To March 2026,88.61,86.07,
E54000008,NHS Cheshire and Merseyside Integrated Care Board,Persons,2600.0,,,CVDP006CKD,"Patients with GP recorded CKD (G3a to G5), with a record of an eGFR test in the preceding 12 months.",CKD: Monitoring with eGFR (CVDP006CKD),85.71,Not stated,Ethnicity,0,2265.0,To March 2026,88.28,87.04,
E54000008,NHS Cheshire and Merseyside Integrated Care Board,Persons,770.0,,,CVDP006CKD,"Patients with GP recorded CKD (G3a to G5), with a record of an eGFR test in the preceding 12 months.",CKD: Monitoring with eGFR (CVDP006CKD),83.4,Other,Ethnicity,0,660.0,To March 2026,88.2,85.94,
E54000008,NHS Cheshire and Merseyside Integrated Care Board,Persons,102750.0,,,CVDP006CKD,"Patients with GP recorded CKD (G3a to G5), with a record of an eGFR test in the preceding 12 months.",CKD: Monitoring with eGFR (CVDP006CKD),91.47,White,Ethnicity,0,94160.0,To March 2026,91.81,91.64,
E54000008,NHS Cheshire and Merseyside Integrated Care Board,Persons,107390.0,,,CVDP006CKD,"Patients with GP recorded CKD (G3a to G5), with a record of an eGFR test in the preceding 12 months.",CKD: Monitoring with eGFR (CVDP006CKD),91.14,People without SMI,Mental Health,0,98055.0,To March 2026,91.47,91.31,
E54000008,NHS Cheshire and Merseyside Integrated Care Board,Persons,2345.0,,,CVDP006CKD,"Patients with GP recorded CKD (G3a to G5), with a record of an eGFR test in the preceding 12 months.",CKD: Monitoring with eGFR (CVDP006CKD),91.02,People with SMI,Mental Health,0,2160.0,To March 2026,93.19,92.16,
E54000008,NHS Cheshire and Merseyside Integrated Care Board,Persons,109180.0,,,CVDP006CKD,"Patients with GP recorded CKD (G3a to G5), with a record of an eGFR test in the preceding 12 months.",CKD: Monitoring with eGFR (CVDP006CKD),91.15,People without a diagnosed learning disability,Learning Disability,0,99695.0,To March 2026,91.48,91.31,
E54000008,NHS Cheshire and Merseyside Integrated Care Board,Persons,555.0,,,CVDP006CKD,"Patients with GP recorded CKD (G3a to G5), with a record of an eGFR test in the preceding 12 months.",CKD: Monitoring with eGFR (CVDP006CKD),91.07,People with a diagnosed learning disability,Learning Disability,0,520.0,To March 2026,95.18,93.36,
E54000036,NHS Cornwall and the Isles of Scilly Integrated Care Board,Persons,26235.0,,,CVDP006CKD,"Patients with GP recorded CKD (G3a to G5), with a record of an eGFR test in the preceding 12 months.",CKD: Monitoring with eGFR (CVDP006CKD),93.01,Persons,Sex,0,24480.0,To March 2026,93.61,93.32,
E54000036,NHS Cornwall and the Isles of Scilly Integrated Care Board,Female,14460.0,,,CVDP006CKD,"Patients with GP recorded CKD (G3a to G5), with a record of an eGFR test in the preceding 12 months.",CKD: Monitoring with eGFR (CVDP006CKD),92.26,Female,Sex,0,13405.0,To March 2026,93.11,92.7,
E54000036,NHS Cornwall and the Isles of Scilly Integrated Care Board,Male,11770.0,,,CVDP006CKD,"Patients with GP recorded CKD (G3a to G5), with a record of an eGFR test in the preceding 12 months.",CKD: Monitoring with eGFR (CVDP006CKD),93.64,Male,Sex,0,11075.0,To March 2026,94.49,94.08,
E54000036,NHS Cornwall and the Isles of Scilly Integrated Care Board,Male,80.0,,,CVDP006CKD,"Patients with GP recorded CKD (G3a to G5), with a record of an eGFR test in the preceding 12 months.",CKD: Monitoring with eGFR (CVDP006CKD),65.43,18-39,Age group,0,60.0,To March 2026,83.95,75.64,
E54000036,NHS Cornwall and the Isles of Scilly Integrated Care Board,Female,60.0,,,CVDP006CKD,"Patients with GP recorded CKD (G3a to G5), with a record of an eGFR test in the preceding 12 months.",CKD: Monitoring with eGFR (CVDP006CKD),80.95,18-39,Age group,0,55.0,To March 2026,95.24,90.0,
E54000036,NHS Cornwall and the Isles of Scilly Integrated Care Board,Persons,140.0,,,CVDP006CKD,"Patients with GP recorded CKD (G3a to G5), with a record of an eGFR test in the preceding 12 months.",CKD: Monitoring with eGFR (CVDP006CKD),74.47,18-39,Age group,0,115.0,To March 2026,87.23,81.88,
E54000036,NHS Cornwall and the Isles of Scilly Integrated Care Board,Male,515.0,,,CVDP006CKD,"Patients with GP recorded CKD (G3a to G5), with a record of an eGFR test in the preceding 12 months.",CKD: Monitoring with eGFR (CVDP006CKD),83.43,40-59,Age group,0,445.0,To March 2026,89.21,86.63,
E54000036,NHS Cornwall and the Isles of Scilly Integrated Care Board,Female,600.0,,,CVDP006CKD,"Patients with GP recorded CKD (G3a to G5), with a record of an eGFR test in the preceding 12 months.",CKD: Monitoring with eGFR (CVDP006CKD),85.6,40-59,Age group,0,530.0,To March 2026,90.56,88.35,
E54000036,NHS Cornwall and the Isles of Scilly Integrated Care Board,Persons,1115.0,,,CVDP006CKD,"Patients with GP recorded CKD (G3a to G5), with a record of an eGFR test in the preceding 12 months.",CKD: Monitoring with eGFR (CVDP006CKD),85.54,40-59,Age group,0,980.0,To March 2026,89.38,87.56,
E54000036,NHS Cornwall and the Isles of Scilly Integrated Care Board,Male,5550.0,,,CVDP006CKD,"Patients with GP recorded CKD (G3a to G5), with a record of an eGFR test in the preceding 12 months.",CKD: Monitoring with eGFR (CVDP006CKD),93.84,60-79,Age group,0,5245.0,To March 2026,95.03,94.47,
E54000036,NHS Cornwall and the Isles of Scilly Integrated Care Board,Female,5945.0,,,CVDP006CKD,"Patients with GP recorded CKD (G3a to G5), with a record of an eGFR test in the preceding 12 months.",CKD: Monitoring with eGFR (CVDP006CKD),92.69,60-79,Age group,0,5550.0,To March 2026,93.95,93.34,
E54000036,NHS Cornwall and the Isles of Scilly Integrated Care Board,Persons,11495.0,,,CVDP006CKD,"Patients with GP recorded CKD (G3a to G5), with a record of an eGFR test in the preceding 12 months.",CKD: Monitoring with eGFR (CVDP006CKD),93.43,60-79,Age group,0,10795.0,To March 2026,94.3,93.89,
E54000036,NHS Cornwall and the Isles of Scilly Integrated Care Board,Male,5625.0,,,CVDP006CKD,"Patients with GP recorded CKD (G3a to G5), with a record of an eGFR test in the preceding 12 months.",CKD: Monitoring with eGFR (CVDP006CKD),94.01,80+,Age group,0,5325.0,To March 2026,95.19,94.63,
E54000036,NHS Cornwall and the Isles of Scilly Integrated Care Board,Female,7855.0,,,CVDP006CKD,"Patients with GP recorded CKD (G3a to G5), with a record of an eGFR test in the preceding 12 months.",CKD: Monitoring with eGFR (CVDP006CKD),91.97,80+,Age group,0,7270.0,To March 2026,93.13,92.57,
E54000036,NHS Cornwall and the Isles of Scilly Integrated Care Board,Persons,13480.0,,,CVDP006CKD,"Patients with GP recorded CKD (G3a to G5), with a record of an eGFR test in the preceding 12 months.",CKD: Monitoring with eGFR (CVDP006CKD),93.0,80+,Age group,0,12595.0,To March 2026,93.83,93.43,
E54000036,NHS Cornwall and the Isles of Scilly Integrated Care Board,Persons,3145.0,,,CVDP006CKD,"Patients with GP recorded CKD (G3a to G5), with a record of an eGFR test in the preceding 12 months.",CKD: Monitoring with eGFR (CVDP006CKD),91.7,1 - most deprived,Deprivation quintile,0,2910.0,To March 2026,93.52,92.65,
E54000036,NHS Cornwall and the Isles of Scilly Integrated Care Board,Persons,11225.0,,,CVDP006CKD,"Patients with GP recorded CKD (G3a to G5), with a record of an eGFR test in the preceding 12 months.",CKD: Monitoring with eGFR (CVDP006CKD),92.46,2,Deprivation quintile,0,10435.0,To March 2026,93.4,92.94,
E54000036,NHS Cornwall and the Isles of Scilly Integrated Care Board,Persons,7810.0,,,CVDP006CKD,"Patients with GP recorded CKD (G3a to G5), with a record of an eGFR test in the preceding 12 months.",CKD: Monitoring with eGFR (CVDP006CKD),93.14,3,Deprivation quintile,0,7315.0,To March 2026,94.21,93.7,
E54000036,NHS Cornwall and the Isles of Scilly Integrated Care Board,Persons,3760.0,,,CVDP006CKD,"Patients with GP recorded CKD (G3a to G5), with a record of an eGFR test in the preceding 12 months.",CKD: Monitoring with eGFR (CVDP006CKD),93.35,4,Deprivation quintile,0,3540.0,To March 2026,94.84,94.15,
E54000036,NHS Cornwall and the Isles of Scilly Integrated Care Board,Persons,415.0,,,CVDP006CKD,"Patients with GP recorded CKD (G3a to G5), with a record of an eGFR test in the preceding 12 months.",CKD: Monitoring with eGFR (CVDP006CKD),91.11,5 - least deprived,Deprivation quintile,0,385.0,To March 2026,95.67,93.7,
E54000036,NHS Cornwall and the Isles of Scilly Integrated Care Board,Persons,70.0,,,CVDP006CKD,"Patients with GP recorded CKD (G3a to G5), with a record of an eGFR test in the preceding 12 months.",CKD: Monitoring with eGFR (CVDP006CKD),80.28,Asian,Ethnicity,0,60.0,To March 2026,94.37,89.71,
E54000036,NHS Cornwall and the Isles of Scilly Integrated Care Board,Persons,40.0,,,CVDP006CKD,"Patients with GP recorded CKD (G3a to G5), with a record of an eGFR test in the preceding 12 months.",CKD: Monitoring with eGFR (CVDP006CKD),81.4,Black,Ethnicity,0,35.0,To March 2026,97.67,92.5,
E54000036,NHS Cornwall and the Isles of Scilly Integrated Care Board,Persons,1440.0,,,CVDP006CKD,"Patients with GP recorded CKD (G3a to G5), with a record of an eGFR test in the preceding 12 months.",CKD: Monitoring with eGFR (CVDP006CKD),91.33,Missing,Ethnicity,0,1335.0,To March 2026,93.97,92.77,
E54000036,NHS Cornwall and the Isles of Scilly Integrated Care Board,Persons,60.0,,,CVDP006CKD,"Patients with GP recorded CKD (G3a to G5), with a record of an eGFR test in the preceding 12 months.",CKD: Monitoring with eGFR (CVDP006CKD),86.89,Mixed,Ethnicity,0,55.0,To March 2026,98.36,94.83,
E54000036,NHS Cornwall and the Isles of Scilly Integrated Care Board,Persons,2025.0,,,CVDP006CKD,"Patients with GP recorded CKD (G3a to G5), with a record of an eGFR test in the preceding 12 months.",CKD: Monitoring with eGFR (CVDP006CKD),91.86,Not stated,Ethnicity,0,1880.0,To March 2026,94.08,93.03,
E54000036,NHS Cornwall and the Isles of Scilly Integrated Care Board,Persons,40.0,,,CVDP006CKD,"Patients with GP recorded CKD (G3a to G5), with a record of an eGFR test in the preceding 12 months.",CKD: Monitoring with eGFR (CVDP006CKD),77.78,Other,Ethnicity,0,40.0,To March 2026,95.56,90.48,
E54000036,NHS Cornwall and the Isles of Scilly Integrated Care Board,Persons,22565.0,,,CVDP006CKD,"Patients with GP recorded CKD (G3a to G5), with a record of an eGFR test in the preceding 12 months.",CKD: Monitoring with eGFR (CVDP006CKD),93.06,White,Ethnicity,0,21070.0,To March 2026,93.71,93.39,
E54000036,NHS Cornwall and the Isles of Scilly Integrated Care Board,Persons,25865.0,,,CVDP006CKD,"Patients with GP recorded CKD (G3a to G5), with a record of an eGFR test in the preceding 12 months.",CKD: Monitoring with eGFR (CVDP006CKD),92.99,People without SMI,Mental Health,0,24135.0,To March 2026,93.6,93.3,
E54000036,NHS Cornwall and the Isles of Scilly Integrated Care Board,Persons,365.0,,,CVDP006CKD,"Patients with GP recorded CKD (G3a to G5), with a record of an eGFR test in the preceding 12 months.",CKD: Monitoring with eGFR (CVDP006CKD),91.89,People with SMI,Mental Health,0,345.0,To March 2026,96.49,94.55,
E54000036,NHS Cornwall and the Isles of Scilly Integrated Care Board,Persons,26125.0,,,CVDP006CKD,"Patients with GP recorded CKD (G3a to G5), with a record of an eGFR test in the preceding 12 months.",CKD: Monitoring with eGFR (CVDP006CKD),93.02,People without a diagnosed learning disability,Learning Disability,0,24385.0,To March 2026,93.62,93.32,
E54000036,NHS Cornwall and the Isles of Scilly Integrated Care Board,Persons,105.0,,,CVDP006CKD,"Patients with GP recorded CKD (G3a to G5), with a record of an eGFR test in the preceding 12 months.",CKD: Monitoring with eGFR (CVDP006CKD),85.32,People with a diagnosed learning disability,Learning Disability,0,95.0,To March 2026,95.41,91.51,
E54000018,NHS Coventry and Warwickshire Integrated Care Board,Persons,46085.0,,,CVDP006CKD,"Patients with GP recorded CKD (G3a to G5), with a record of an eGFR test in the preceding 12 months.",CKD: Monitoring with eGFR (CVDP006CKD),86.76,Persons,Sex,0,40120.0,To March 2026,87.37,87.06,
E54000018,NHS Coventry and Warwickshire Integrated Care Board,Female,26270.0,,,CVDP006CKD,"Patients with GP recorded CKD (G3a to G5), with a record of an eGFR test in the preceding 12 months.",CKD: Monitoring with eGFR (CVDP006CKD),86.33,Female,Sex,0,22785.0,To March 2026,87.15,86.75,
E54000018,NHS Coventry and Warwickshire Integrated Care Board,Male,19815.0,,,CVDP006CKD,"Patients with GP recorded CKD (G3a to G5), with a record of an eGFR test in the preceding 12 months.",CKD: Monitoring with eGFR (CVDP006CKD),87.02,Male,Sex,0,17335.0,To March 2026,87.94,87.48,
E54000018,NHS Coventry and Warwickshire Integrated Care Board,Male,225.0,,,CVDP006CKD,"Patients with GP recorded CKD (G3a to G5), with a record of an eGFR test in the preceding 12 months.",CKD: Monitoring with eGFR (CVDP006CKD),53.98,18-39,Age group,0,135.0,To March 2026,66.37,60.54,
E54000018,NHS Coventry and Warwickshire Integrated Care Board,Female,210.0,,,CVDP006CKD,"Patients with GP recorded CKD (G3a to G5), with a record of an eGFR test in the preceding 12 months.",CKD: Monitoring with eGFR (CVDP006CKD),61.5,18-39,Age group,0,145.0,To March 2026,73.71,68.1,
E54000018,NHS Coventry and Warwickshire Integrated Care Board,Persons,435.0,,,CVDP006CKD,"Patients with GP recorded CKD (G3a to G5), with a record of an eGFR test in the preceding 12 months.",CKD: Monitoring with eGFR (CVDP006CKD),59.63,18-39,Age group,0,280.0,To March 2026,68.58,64.2,
E54000018,NHS Coventry and Warwickshire Integrated Care Board,Male,1995.0,,,CVDP006CKD,"Patients with GP recorded CKD (G3a to G5), with a record of an eGFR test in the preceding 12 months.",CKD: Monitoring with eGFR (CVDP006CKD),74.71,40-59,Age group,0,1530.0,To March 2026,78.42,76.63,
E54000018,NHS Coventry and Warwickshire Integrated Care Board,Female,2420.0,,,CVDP006CKD,"Patients with GP recorded CKD (G3a to G5), with a record of an eGFR test in the preceding 12 months.",CKD: Monitoring with eGFR (CVDP006CKD),78.38,40-59,Age group,0,1935.0,To March 2026,81.56,80.01,
E54000018,NHS Coventry and Warwickshire Integrated Care Board,Persons,4415.0,,,CVDP006CKD,"Patients with GP recorded CKD (G3a to G5), with a record of an eGFR test in the preceding 12 months.",CKD: Monitoring with eGFR (CVDP006CKD),77.25,40-59,Age group,0,3465.0,To March 2026,79.67,78.48,
E54000018,NHS Coventry and Warwickshire Integrated Care Board,Male,9650.0,,,CVDP006CKD,"Patients with GP recorded CKD (G3a to G5), with a record of an eGFR test in the preceding 12 months.",CKD: Monitoring with eGFR (CVDP006CKD),87.38,60-79,Age group,0,8495.0,To March 2026,88.67,88.04,
E54000018,NHS Coventry and Warwickshire Integrated Care Board,Female,11885.0,,,CVDP006CKD,"Patients with GP recorded CKD (G3a to G5), with a record of an eGFR test in the preceding 12 months.",CKD: Monitoring with eGFR (CVDP006CKD),86.79,60-79,Age group,0,10390.0,To March 2026,87.98,87.4,
E54000018,NHS Coventry and Warwickshire Integrated Care Board,Persons,21535.0,,,CVDP006CKD,"Patients with GP recorded CKD (G3a to G5), with a record of an eGFR test in the preceding 12 months.",CKD: Monitoring with eGFR (CVDP006CKD),87.24,60-79,Age group,0,18885.0,To March 2026,88.12,87.69,
E54000018,NHS Coventry and Warwickshire Integrated Care Board,Male,7950.0,,,CVDP006CKD,"Patients with GP recorded CKD (G3a to G5), with a record of an eGFR test in the preceding 12 months.",CKD: Monitoring with eGFR (CVDP006CKD),89.63,80+,Age group,0,7175.0,To March 2026,90.92,90.29,
E54000018,NHS Coventry and Warwickshire Integrated Care Board,Female,11750.0,,,CVDP006CKD,"Patients with GP recorded CKD (G3a to G5), with a record of an eGFR test in the preceding 12 months.",CKD: Monitoring with eGFR (CVDP006CKD),87.21,80+,Age group,0,10320.0,To March 2026,88.4,87.81,
E54000018,NHS Coventry and Warwickshire Integrated Care Board,Persons,19700.0,,,CVDP006CKD,"Patients with GP recorded CKD (G3a to G5), with a record of an eGFR test in the preceding 12 months.",CKD: Monitoring with eGFR (CVDP006CKD),88.37,80+,Age group,0,17495.0,To March 2026,89.25,88.81,
E54000018,NHS Coventry and Warwickshire Integrated Care Board,Persons,5245.0,,,CVDP006CKD,"Patients with GP recorded CKD (G3a to G5), with a record of an eGFR test in the preceding 12 months.",CKD: Monitoring with eGFR (CVDP006CKD),83.83,1 - most deprived,Deprivation quintile,0,4450.0,To March 2026,85.75,84.81,
E54000018,NHS Coventry and Warwickshire Integrated Care Board,Persons,8165.0,,,CVDP006CKD,"Patients with GP recorded CKD (G3a to G5), with a record of an eGFR test in the preceding 12 months.",CKD: Monitoring with eGFR (CVDP006CKD),85.54,2,Deprivation quintile,0,7045.0,To March 2026,87.02,86.29,
E54000018,NHS Coventry and Warwickshire Integrated Care Board,Persons,10455.0,,,CVDP006CKD,"Patients with GP recorded CKD (G3a to G5), with a record of an eGFR test in the preceding 12 months.",CKD: Monitoring with eGFR (CVDP006CKD),87.05,3,Deprivation quintile,0,9165.0,To March 2026,88.3,87.69,
E54000018,NHS Coventry and Warwickshire Integrated Care Board,Persons,12170.0,,,CVDP006CKD,"Patients with GP recorded CKD (G3a to G5), with a record of an eGFR test in the preceding 12 months.",CKD: Monitoring with eGFR (CVDP006CKD),86.62,4,Deprivation quintile,0,10615.0,To March 2026,87.8,87.22,
E54000018,NHS Coventry and Warwickshire Integrated Care Board,Persons,9770.0,,,CVDP006CKD,"Patients with GP recorded CKD (G3a to G5), with a record of an eGFR test in the preceding 12 months.",CKD: Monitoring with eGFR (CVDP006CKD),87.77,5 - least deprived,Deprivation quintile,0,8640.0,To March 2026,89.04,88.43,
E54000018,NHS Coventry and Warwickshire Integrated Care Board,Persons,2945.0,,,CVDP006CKD,"Patients with GP recorded CKD (G3a to G5), with a record of an eGFR test in the preceding 12 months.",CKD: Monitoring with eGFR (CVDP006CKD),84.59,Asian,Ethnicity,0,2530.0,To March 2026,87.11,85.9,
E54000018,NHS Coventry and Warwickshire Integrated Care Board,Persons,925.0,,,CVDP006CKD,"Patients with GP recorded CKD (G3a to G5), with a record of an eGFR test in the preceding 12 months.",CKD: Monitoring with eGFR (CVDP006CKD),75.94,Black,Ethnicity,0,725.0,To March 2026,81.12,78.68,
E54000018,NHS Coventry and Warwickshire Integrated Care Board,Persons,395.0,,,CVDP006CKD,"Patients with GP recorded CKD (G3a to G5), with a record of an eGFR test in the preceding 12 months.",CKD: Monitoring with eGFR (CVDP006CKD),74.5,Missing,Ethnicity,0,315.0,To March 2026,82.5,78.84,
E54000018,NHS Coventry and Warwickshire Integrated Care Board,Persons,280.0,,,CVDP006CKD,"Patients with GP recorded CKD (G3a to G5), with a record of an eGFR test in the preceding 12 months.",CKD: Monitoring with eGFR (CVDP006CKD),73.94,Mixed,Ethnicity,0,220.0,To March 2026,83.1,79.0,
E54000018,NHS Coventry and Warwickshire Integrated Care Board,Persons,2235.0,,,CVDP006CKD,"Patients with GP recorded CKD (G3a to G5), with a record of an eGFR test in the preceding 12 months.",CKD: Monitoring with eGFR (CVDP006CKD),78.93,Not stated,Ethnicity,0,1805.0,To March 2026,82.19,80.6,
E54000018,NHS Coventry and Warwickshire Integrated Care Board,Persons,225.0,,,CVDP006CKD,"Patients with GP recorded CKD (G3a to G5), with a record of an eGFR test in the preceding 12 months.",CKD: Monitoring with eGFR (CVDP006CKD),81.74,Other,Ethnicity,0,195.0,To March 2026,90.43,86.78,
E54000018,NHS Coventry and Warwickshire Integrated Care Board,Persons,39075.0,,,CVDP006CKD,"Patients with GP recorded CKD (G3a to G5), with a record of an eGFR test in the preceding 12 months.",CKD: Monitoring with eGFR (CVDP006CKD),87.54,White,Ethnicity,0,34330.0,To March 2026,88.18,87.86,
E54000018,NHS Coventry and Warwickshire Integrated Care Board,Persons,45285.0,,,CVDP006CKD,"Patients with GP recorded CKD (G3a to G5), with a record of an eGFR test in the preceding 12 months.",CKD: Monitoring with eGFR (CVDP006CKD),86.76,People without SMI,Mental Health,0,39430.0,To March 2026,87.38,87.07,
E54000018,NHS Coventry and Warwickshire Integrated Care Board,Persons,795.0,,,CVDP006CKD,"Patients with GP recorded CKD (G3a to G5), with a record of an eGFR test in the preceding 12 months.",CKD: Monitoring with eGFR (CVDP006CKD),84.23,People with SMI,Mental Health,0,690.0,To March 2026,88.86,86.68,
E54000018,NHS Coventry and Warwickshire Integrated Care Board,Persons,45840.0,,,CVDP006CKD,"Patients with GP recorded CKD (G3a to G5), with a record of an eGFR test in the preceding 12 months.",CKD: Monitoring with eGFR (CVDP006CKD),86.75,People without a diagnosed learning disability,Learning Disability,0,39910.0,To March 2026,87.37,87.06,
E54000018,NHS Coventry and Warwickshire Integrated Care Board,Persons,245.0,,,CVDP006CKD,"Patients with GP recorded CKD (G3a to G5), with a record of an eGFR test in the preceding 12 months.",CKD: Monitoring with eGFR (CVDP006CKD),82.93,People with a diagnosed learning disability,Learning Disability,0,215.0,To March 2026,91.06,87.65,
E54000058,NHS Derby and Derbyshire Integrated Care Board,Persons,58400.0,,,CVDP006CKD,"Patients with GP recorded CKD (G3a to G5), with a record of an eGFR test in the preceding 12 months.",CKD: Monitoring with eGFR (CVDP006CKD),93.61,Persons,Sex,0,54785.0,To March 2026,94.0,93.81,
E54000058,NHS Derby and Derbyshire Integrated Care Board,Female,32945.0,,,CVDP006CKD,"Patients with GP recorded CKD (G3a to G5), with a record of an eGFR test in the preceding 12 months.",CKD: Monitoring with eGFR (CVDP006CKD),93.09,Female,Sex,0,30755.0,To March 2026,93.62,93.36,
E54000058,NHS Derby and Derbyshire Integrated Care Board,Male,25460.0,,,CVDP006CKD,"Patients with GP recorded CKD (G3a to G5), with a record of an eGFR test in the preceding 12 months.",CKD: Monitoring with eGFR (CVDP006CKD),94.1,Male,Sex,0,24030.0,To March 2026,94.66,94.39,
E54000058,NHS Derby and Derbyshire Integrated Care Board,Male,165.0,,,CVDP006CKD,"Patients with GP recorded CKD (G3a to G5), with a record of an eGFR test in the preceding 12 months.",CKD: Monitoring with eGFR (CVDP006CKD),68.86,18-39,Age group,0,125.0,To March 2026,81.44,75.61,
E54000058,NHS Derby and Derbyshire Integrated Care Board,Female,190.0,,,CVDP006CKD,"Patients with GP recorded CKD (G3a to G5), with a record of an eGFR test in the preceding 12 months.",CKD: Monitoring with eGFR (CVDP006CKD),65.98,18-39,Age group,0,140.0,To March 2026,78.35,72.77,
E54000058,NHS Derby and Derbyshire Integrated Care Board,Persons,355.0,,,CVDP006CKD,"Patients with GP recorded CKD (G3a to G5), with a record of an eGFR test in the preceding 12 months.",CKD: Monitoring with eGFR (CVDP006CKD),69.27,18-39,Age group,0,265.0,To March 2026,78.21,74.08,
E54000058,NHS Derby and Derbyshire Integrated Care Board,Male,1660.0,,,CVDP006CKD,"Patients with GP recorded CKD (G3a to G5), with a record of an eGFR test in the preceding 12 months.",CKD: Monitoring with eGFR (CVDP006CKD),84.84,40-59,Age group,0,1435.0,To March 2026,88.09,86.56,
E54000058,NHS Derby and Derbyshire Integrated Care Board,Female,2225.0,,,CVDP006CKD,"Patients with GP recorded CKD (G3a to G5), with a record of an eGFR test in the preceding 12 months.",CKD: Monitoring with eGFR (CVDP006CKD),86.16,40-59,Age group,0,1945.0,To March 2026,88.9,87.58,
E54000058,NHS Derby and Derbyshire Integrated Care Board,Persons,3880.0,,,CVDP006CKD,"Patients with GP recorded CKD (G3a to G5), with a record of an eGFR test in the preceding 12 months.",CKD: Monitoring with eGFR (CVDP006CKD),86.07,40-59,Age group,0,3385.0,To March 2026,88.16,87.15,
E54000058,NHS Derby and Derbyshire Integrated Care Board,Male,13045.0,,,CVDP006CKD,"Patients with GP recorded CKD (G3a to G5), with a record of an eGFR test in the preceding 12 months.",CKD: Monitoring with eGFR (CVDP006CKD),93.91,60-79,Age group,0,12305.0,To March 2026,94.7,94.31,
E54000058,NHS Derby and Derbyshire Integrated Care Board,Female,15105.0,,,CVDP006CKD,"Patients with GP recorded CKD (G3a to G5), with a record of an eGFR test in the preceding 12 months.",CKD: Monitoring with eGFR (CVDP006CKD),93.07,60-79,Age group,0,14120.0,To March 2026,93.86,93.47,
E54000058,NHS Derby and Derbyshire Integrated Care Board,Persons,28155.0,,,CVDP006CKD,"Patients with GP recorded CKD (G3a to G5), with a record of an eGFR test in the preceding 12 months.",CKD: Monitoring with eGFR (CVDP006CKD),93.58,60-79,Age group,0,26425.0,To March 2026,94.14,93.86,
E54000058,NHS Derby and Derbyshire Integrated Care Board,Male,10590.0,,,CVDP006CKD,"Patients with GP recorded CKD (G3a to G5), with a record of an eGFR test in the preceding 12 months.",CKD: Monitoring with eGFR (CVDP006CKD),95.61,80+,Age group,0,10165.0,To March 2026,96.36,96.0,
E54000058,NHS Derby and Derbyshire Integrated Care Board,Female,15420.0,,,CVDP006CKD,"Patients with GP recorded CKD (G3a to G5), with a record of an eGFR test in the preceding 12 months.",CKD: Monitoring with eGFR (CVDP006CKD),93.96,80+,Age group,0,14550.0,To March 2026,94.68,94.33,
E54000058,NHS Derby and Derbyshire Integrated Care Board,Persons,26010.0,,,CVDP006CKD,"Patients with GP recorded CKD (G3a to G5), with a record of an eGFR test in the preceding 12 months.",CKD: Monitoring with eGFR (CVDP006CKD),94.74,80+,Age group,0,24715.0,To March 2026,95.27,95.01,
E54000058,NHS Derby and Derbyshire Integrated Care Board,Persons,8720.0,,,CVDP006CKD,"Patients with GP recorded CKD (G3a to G5), with a record of an eGFR test in the preceding 12 months.",CKD: Monitoring with eGFR (CVDP006CKD),92.49,1 - most deprived,Deprivation quintile,0,8115.0,To March 2026,93.56,93.04,
E54000058,NHS Derby and Derbyshire Integrated Care Board,Persons,10725.0,,,CVDP006CKD,"Patients with GP recorded CKD (G3a to G5), with a record of an eGFR test in the preceding 12 months.",CKD: Monitoring with eGFR (CVDP006CKD),92.85,2,Deprivation quintile,0,10010.0,To March 2026,93.79,93.33,
E54000058,NHS Derby and Derbyshire Integrated Care Board,Persons,12440.0,,,CVDP006CKD,"Patients with GP recorded CKD (G3a to G5), with a record of an eGFR test in the preceding 12 months.",CKD: Monitoring with eGFR (CVDP006CKD),94.01,3,Deprivation quintile,0,11745.0,To March 2026,94.82,94.43,
E54000058,NHS Derby and Derbyshire Integrated Care Board,Persons,11945.0,,,CVDP006CKD,"Patients with GP recorded CKD (G3a to G5), with a record of an eGFR test in the preceding 12 months.",CKD: Monitoring with eGFR (CVDP006CKD),93.91,4,Deprivation quintile,0,11270.0,To March 2026,94.74,94.33,
E54000058,NHS Derby and Derbyshire Integrated Care Board,Persons,14280.0,,,CVDP006CKD,"Patients with GP recorded CKD (G3a to G5), with a record of an eGFR test in the preceding 12 months.",CKD: Monitoring with eGFR (CVDP006CKD),93.13,5 - least deprived,Deprivation quintile,0,13360.0,To March 2026,93.93,93.54,
E54000058,NHS Derby and Derbyshire Integrated Care Board,Persons,1510.0,,,CVDP006CKD,"Patients with GP recorded CKD (G3a to G5), with a record of an eGFR test in the preceding 12 months.",CKD: Monitoring with eGFR (CVDP006CKD),91.8,Asian,Ethnicity,0,1405.0,To March 2026,94.32,93.18,
E54000058,NHS Derby and Derbyshire Integrated Care Board,Persons,765.0,,,CVDP006CKD,"Patients with GP recorded CKD (G3a to G5), with a record of an eGFR test in the preceding 12 months.",CKD: Monitoring with eGFR (CVDP006CKD),86.98,Black,Ethnicity,0,685.0,To March 2026,91.28,89.28,
E54000058,NHS Derby and Derbyshire Integrated Care Board,Persons,1270.0,,,CVDP006CKD,"Patients with GP recorded CKD (G3a to G5), with a record of an eGFR test in the preceding 12 months.",CKD: Monitoring with eGFR (CVDP006CKD),87.65,Missing,Ethnicity,0,1135.0,To March 2026,91.03,89.43,
E54000058,NHS Derby and Derbyshire Integrated Care Board,Persons,255.0,,,CVDP006CKD,"Patients with GP recorded CKD (G3a to G5), with a record of an eGFR test in the preceding 12 months.",CKD: Monitoring with eGFR (CVDP006CKD),83.66,Mixed,Ethnicity,0,225.0,To March 2026,91.44,88.19,
E54000058,NHS Derby and Derbyshire Integrated Care Board,Persons,955.0,,,CVDP006CKD,"Patients with GP recorded CKD (G3a to G5), with a record of an eGFR test in the preceding 12 months.",CKD: Monitoring with eGFR (CVDP006CKD),89.27,Not stated,Ethnicity,0,875.0,To March 2026,92.81,91.22,
E54000058,NHS Derby and Derbyshire Integrated Care Board,Persons,360.0,,,CVDP006CKD,"Patients with GP recorded CKD (G3a to G5), with a record of an eGFR test in the preceding 12 months.",CKD: Monitoring with eGFR (CVDP006CKD),88.95,Other,Ethnicity,0,330.0,To March 2026,94.48,92.2,
E54000058,NHS Derby and Derbyshire Integrated Care Board,Persons,53290.0,,,CVDP006CKD,"Patients with GP recorded CKD (G3a to G5), with a record of an eGFR test in the preceding 12 months.",CKD: Monitoring with eGFR (CVDP006CKD),93.88,White,Ethnicity,0,50130.0,To March 2026,94.27,94.08,
E54000058,NHS Derby and Derbyshire Integrated Care Board,Persons,57415.0,,,CVDP006CKD,"Patients with GP recorded CKD (G3a to G5), with a record of an eGFR test in the preceding 12 months.",CKD: Monitoring with eGFR (CVDP006CKD),93.58,People without SMI,Mental Health,0,53845.0,To March 2026,93.98,93.78,
E54000058,NHS Derby and Derbyshire Integrated Care Board,Persons,985.0,,,CVDP006CKD,"Patients with GP recorded CKD (G3a to G5), with a record of an eGFR test in the preceding 12 months.",CKD: Monitoring with eGFR (CVDP006CKD),93.72,People with SMI,Mental Health,0,935.0,To March 2026,96.35,95.22,
E54000058,NHS Derby and Derbyshire Integrated Care Board,Persons,58115.0,,,CVDP006CKD,"Patients with GP recorded CKD (G3a to G5), with a record of an eGFR test in the preceding 12 months.",CKD: Monitoring with eGFR (CVDP006CKD),93.61,People without a diagnosed learning disability,Learning Disability,0,54520.0,To March 2026,94.0,93.81,
E54000058,NHS Derby and Derbyshire Integrated Care Board,Persons,285.0,,,CVDP006CKD,"Patients with GP recorded CKD (G3a to G5), with a record of an eGFR test in the preceding 12 months.",CKD: Monitoring with eGFR (CVDP006CKD),89.55,People with a diagnosed learning disability,Learning Disability,0,265.0,To March 2026,95.47,92.96,
E54000037,NHS Devon Integrated Care Board,Persons,58580.0,,,CVDP006CKD,"Patients with GP recorded CKD (G3a to G5), with a record of an eGFR test in the preceding 12 months.",CKD: Monitoring with eGFR (CVDP006CKD),92.86,Persons,Sex,0,54520.0,To March 2026,93.27,93.07,
E54000037,NHS Devon Integrated Care Board,Female,32405.0,,,CVDP006CKD,"Patients with GP recorded CKD (G3a to G5), with a record of an eGFR test in the preceding 12 months.",CKD: Monitoring with eGFR (CVDP006CKD),92.16,Female,Sex,0,29955.0,To March 2026,92.73,92.45,
E54000037,NHS Devon Integrated Care Board,Male,26180.0,,,CVDP006CKD,"Patients with GP recorded CKD (G3a to G5), with a record of an eGFR test in the preceding 12 months.",CKD: Monitoring with eGFR (CVDP006CKD),93.54,Male,Sex,0,24565.0,To March 2026,94.12,93.84,
E54000037,NHS Devon Integrated Care Board,Male,165.0,,,CVDP006CKD,"Patients with GP recorded CKD (G3a to G5), with a record of an eGFR test in the preceding 12 months.",CKD: Monitoring with eGFR (CVDP006CKD),63.53,18-39,Age group,0,120.0,To March 2026,77.06,70.66,
E54000037,NHS Devon Integrated Care Board,Female,120.0,,,CVDP006CKD,"Patients with GP recorded CKD (G3a to G5), with a record of an eGFR test in the preceding 12 months.",CKD: Monitoring with eGFR (CVDP006CKD),70.25,18-39,Age group,0,90.0,To March 2026,84.3,77.97,
E54000037,NHS Devon Integrated Care Board,Persons,285.0,,,CVDP006CKD,"Patients with GP recorded CKD (G3a to G5), with a record of an eGFR test in the preceding 12 months.",CKD: Monitoring with eGFR (CVDP006CKD),68.4,18-39,Age group,0,210.0,To March 2026,78.47,73.68,
E54000037,NHS Devon Integrated Care Board,Male,1140.0,,,CVDP006CKD,"Patients with GP recorded CKD (G3a to G5), with a record of an eGFR test in the preceding 12 months.",CKD: Monitoring with eGFR (CVDP006CKD),82.14,40-59,Age group,0,960.0,To March 2026,86.34,84.37,
E54000037,NHS Devon Integrated Care Board,Female,1350.0,,,CVDP006CKD,"Patients with GP recorded CKD (G3a to G5), with a record of an eGFR test in the preceding 12 months.",CKD: Monitoring with eGFR (CVDP006CKD),85.57,40-59,Age group,0,1180.0,To March 2026,89.05,87.39,
E54000037,NHS Devon Integrated Care Board,Persons,2485.0,,,CVDP006CKD,"Patients with GP recorded CKD (G3a to G5), with a record of an eGFR test in the preceding 12 months.",CKD: Monitoring with eGFR (CVDP006CKD),84.62,40-59,Age group,0,2140.0,To March 2026,87.31,86.01,
E54000037,NHS Devon Integrated Care Board,Male,12140.0,,,CVDP006CKD,"Patients with GP recorded CKD (G3a to G5), with a record of an eGFR test in the preceding 12 months.",CKD: Monitoring with eGFR (CVDP006CKD),93.64,60-79,Age group,0,11420.0,To March 2026,94.48,94.08,
E54000037,NHS Devon Integrated Care Board,Female,13415.0,,,CVDP006CKD,"Patients with GP recorded CKD (G3a to G5), with a record of an eGFR test in the preceding 12 months.",CKD: Monitoring with eGFR (CVDP006CKD),92.17,60-79,Age group,0,12425.0,To March 2026,93.05,92.62,
E54000037,NHS Devon Integrated Care Board,Persons,25555.0,,,CVDP006CKD,"Patients with GP recorded CKD (G3a to G5), with a record of an eGFR test in the preceding 12 months.",CKD: Monitoring with eGFR (CVDP006CKD),93.0,60-79,Age group,0,23845.0,To March 2026,93.61,93.31,
E54000037,NHS Devon Integrated Care Board,Male,12730.0,,,CVDP006CKD,"Patients with GP recorded CKD (G3a to G5), with a record of an eGFR test in the preceding 12 months.",CKD: Monitoring with eGFR (CVDP006CKD),94.36,80+,Age group,0,12065.0,To March 2026,95.13,94.76,
E54000037,NHS Devon Integrated Care Board,Female,17525.0,,,CVDP006CKD,"Patients with GP recorded CKD (G3a to G5), with a record of an eGFR test in the preceding 12 months.",CKD: Monitoring with eGFR (CVDP006CKD),92.41,80+,Age group,0,16265.0,To March 2026,93.18,92.8,
E54000037,NHS Devon Integrated Care Board,Persons,30255.0,,,CVDP006CKD,"Patients with GP recorded CKD (G3a to G5), with a record of an eGFR test in the preceding 12 months.",CKD: Monitoring with eGFR (CVDP006CKD),93.35,80+,Age group,0,28330.0,To March 2026,93.9,93.63,
E54000037,NHS Devon Integrated Care Board,Persons,5525.0,,,CVDP006CKD,"Patients with GP recorded CKD (G3a to G5), with a record of an eGFR test in the preceding 12 months.",CKD: Monitoring with eGFR (CVDP006CKD),90.77,1 - most deprived,Deprivation quintile,0,5055.0,To March 2026,92.24,91.53,
E54000037,NHS Devon Integrated Care Board,Persons,14115.0,,,CVDP006CKD,"Patients with GP recorded CKD (G3a to G5), with a record of an eGFR test in the preceding 12 months.",CKD: Monitoring with eGFR (CVDP006CKD),92.65,2,Deprivation quintile,0,13140.0,To March 2026,93.48,93.08,
E54000037,NHS Devon Integrated Care Board,Persons,16735.0,,,CVDP006CKD,"Patients with GP recorded CKD (G3a to G5), with a record of an eGFR test in the preceding 12 months.",CKD: Monitoring with eGFR (CVDP006CKD),92.48,3,Deprivation quintile,0,15545.0,To March 2026,93.26,92.88,
E54000037,NHS Devon Integrated Care Board,Persons,13455.0,,,CVDP006CKD,"Patients with GP recorded CKD (G3a to G5), with a record of an eGFR test in the preceding 12 months.",CKD: Monitoring with eGFR (CVDP006CKD),92.98,4,Deprivation quintile,0,12570.0,To March 2026,93.81,93.41,
E54000037,NHS Devon Integrated Care Board,Persons,8600.0,,,CVDP006CKD,"Patients with GP recorded CKD (G3a to G5), with a record of an eGFR test in the preceding 12 months.",CKD: Monitoring with eGFR (CVDP006CKD),93.39,5 - least deprived,Deprivation quintile,0,8080.0,To March 2026,94.4,93.91,
E54000037,NHS Devon Integrated Care Board,Persons,240.0,,,CVDP006CKD,"Patients with GP recorded CKD (G3a to G5), with a record of an eGFR test in the preceding 12 months.",CKD: Monitoring with eGFR (CVDP006CKD),85.54,Asian,Ethnicity,0,215.0,To March 2026,92.98,89.96,
E54000037,NHS Devon Integrated Care Board,Persons,155.0,,,CVDP006CKD,"Patients with GP recorded CKD (G3a to G5), with a record of an eGFR test in the preceding 12 months.",CKD: Monitoring with eGFR (CVDP006CKD),74.21,Black,Ethnicity,0,125.0,To March 2026,86.16,80.77,
E54000037,NHS Devon Integrated Care Board,Persons,2780.0,,,CVDP006CKD,"Patients with GP recorded CKD (G3a to G5), with a record of an eGFR test in the preceding 12 months.",CKD: Monitoring with eGFR (CVDP006CKD),91.59,Missing,Ethnicity,0,2575.0,To March 2026,93.53,92.63,
E54000037,NHS Devon Integrated Care Board,Persons,130.0,,,CVDP006CKD,"Patients with GP recorded CKD (G3a to G5), with a record of an eGFR test in the preceding 12 months.",CKD: Monitoring with eGFR (CVDP006CKD),81.68,Mixed,Ethnicity,0,115.0,To March 2026,92.37,88.28,
E54000037,NHS Devon Integrated Care Board,Persons,3285.0,,,CVDP006CKD,"Patients with GP recorded CKD (G3a to G5), with a record of an eGFR test in the preceding 12 months.",CKD: Monitoring with eGFR (CVDP006CKD),89.63,Not stated,Ethnicity,0,2980.0,To March 2026,91.61,90.66,
E54000037,NHS Devon Integrated Care Board,Persons,135.0,,,CVDP006CKD,"Patients with GP recorded CKD (G3a to G5), with a record of an eGFR test in the preceding 12 months.",CKD: Monitoring with eGFR (CVDP006CKD),81.62,Other,Ethnicity,0,115.0,To March 2026,92.65,87.97,
E54000037,NHS Devon Integrated Care Board,Persons,51860.0,,,CVDP006CKD,"Patients with GP recorded CKD (G3a to G5), with a record of an eGFR test in the preceding 12 months.",CKD: Monitoring with eGFR (CVDP006CKD),93.1,White,Ethnicity,0,48395.0,To March 2026,93.53,93.32,
E54000037,NHS Devon Integrated Care Board,Persons,57610.0,,,CVDP006CKD,"Patients with GP recorded CKD (G3a to G5), with a record of an eGFR test in the preceding 12 months.",CKD: Monitoring with eGFR (CVDP006CKD),92.86,People without SMI,Mental Health,0,53620.0,To March 2026,93.28,93.07,
E54000037,NHS Devon Integrated Care Board,Persons,970.0,,,CVDP006CKD,"Patients with GP recorded CKD (G3a to G5), with a record of an eGFR test in the preceding 12 months.",CKD: Monitoring with eGFR (CVDP006CKD),91.17,People with SMI,Mental Health,0,900.0,To March 2026,94.35,92.89,
E54000037,NHS Devon Integrated Care Board,Persons,58305.0,,,CVDP006CKD,"Patients with GP recorded CKD (G3a to G5), with a record of an eGFR test in the preceding 12 months.",CKD: Monitoring with eGFR (CVDP006CKD),92.86,People without a diagnosed learning disability,Learning Disability,0,54265.0,To March 2026,93.28,93.07,
E54000037,NHS Devon Integrated Care Board,Persons,275.0,,,CVDP006CKD,"Patients with GP recorded CKD (G3a to G5), with a record of an eGFR test in the preceding 12 months.",CKD: Monitoring with eGFR (CVDP006CKD),88.89,People with a diagnosed learning disability,Learning Disability,0,255.0,To March 2026,94.98,92.39,
E54000041,NHS Dorset Integrated Care Board,Persons,43420.0,,,CVDP006CKD,"Patients with GP recorded CKD (G3a to G5), with a record of an eGFR test in the preceding 12 months.",CKD: Monitoring with eGFR (CVDP006CKD),91.54,Persons,Sex,0,39860.0,To March 2026,92.05,91.8,
E54000041,NHS Dorset Integrated Care Board,Female,24305.0,,,CVDP006CKD,"Patients with GP recorded CKD (G3a to G5), with a record of an eGFR test in the preceding 12 months.",CKD: Monitoring with eGFR (CVDP006CKD),90.94,Female,Sex,0,22190.0,To March 2026,91.65,91.3,
E54000041,NHS Dorset Integrated Care Board,Male,19115.0,,,CVDP006CKD,"Patients with GP recorded CKD (G3a to G5), with a record of an eGFR test in the preceding 12 months.",CKD: Monitoring with eGFR (CVDP006CKD),92.05,Male,Sex,0,17670.0,To March 2026,92.8,92.43,
E54000041,NHS Dorset Integrated Care Board,Male,95.0,,,CVDP006CKD,"Patients with GP recorded CKD (G3a to G5), with a record of an eGFR test in the preceding 12 months.",CKD: Monitoring with eGFR (CVDP006CKD),58.33,18-39,Age group,0,65.0,To March 2026,76.04,67.74,
E54000041,NHS Dorset Integrated Care Board,Female,90.0,,,CVDP006CKD,"Patients with GP recorded CKD (G3a to G5), with a record of an eGFR test in the preceding 12 months.",CKD: Monitoring with eGFR (CVDP006CKD),65.26,18-39,Age group,0,70.0,To March 2026,82.11,75.0,
E54000041,NHS Dorset Integrated Care Board,Persons,185.0,,,CVDP006CKD,"Patients with GP recorded CKD (G3a to G5), with a record of an eGFR test in the preceding 12 months.",CKD: Monitoring with eGFR (CVDP006CKD),64.36,18-39,Age group,0,130.0,To March 2026,77.13,71.35,
E54000041,NHS Dorset Integrated Care Board,Male,835.0,,,CVDP006CKD,"Patients with GP recorded CKD (G3a to G5), with a record of an eGFR test in the preceding 12 months.",CKD: Monitoring with eGFR (CVDP006CKD),78.67,40-59,Age group,0,680.0,To March 2026,83.91,81.46,
E54000041,NHS Dorset Integrated Care Board,Female,1180.0,,,CVDP006CKD,"Patients with GP recorded CKD (G3a to G5), with a record of an eGFR test in the preceding 12 months.",CKD: Monitoring with eGFR (CVDP006CKD),82.09,40-59,Age group,0,995.0,To March 2026,86.23,84.25,
E54000041,NHS Dorset Integrated Care Board,Persons,2015.0,,,CVDP006CKD,"Patients with GP recorded CKD (G3a to G5), with a record of an eGFR test in the preceding 12 months.",CKD: Monitoring with eGFR (CVDP006CKD),81.39,40-59,Age group,0,1675.0,To March 2026,84.65,83.09,
E54000041,NHS Dorset Integrated Care Board,Male,8870.0,,,CVDP006CKD,"Patients with GP recorded CKD (G3a to G5), with a record of an eGFR test in the preceding 12 months.",CKD: Monitoring with eGFR (CVDP006CKD),91.34,60-79,Age group,0,8155.0,To March 2026,92.47,91.93,
E54000041,NHS Dorset Integrated Care Board,Female,10035.0,,,CVDP006CKD,"Patients with GP recorded CKD (G3a to G5), with a record of an eGFR test in the preceding 12 months.",CKD: Monitoring with eGFR (CVDP006CKD),90.53,60-79,Age group,0,9140.0,To March 2026,91.63,91.09,
E54000041,NHS Dorset Integrated Care Board,Persons,18905.0,,,CVDP006CKD,"Patients with GP recorded CKD (G3a to G5), with a record of an eGFR test in the preceding 12 months.",CKD: Monitoring with eGFR (CVDP006CKD),91.08,60-79,Age group,0,17295.0,To March 2026,91.87,91.48,
E54000041,NHS Dorset Integrated Care Board,Male,9315.0,,,CVDP006CKD,"Patients with GP recorded CKD (G3a to G5), with a record of an eGFR test in the preceding 12 months.",CKD: Monitoring with eGFR (CVDP006CKD),93.65,80+,Age group,0,8770.0,To March 2026,94.59,94.14,
E54000041,NHS Dorset Integrated Care Board,Female,12995.0,,,CVDP006CKD,"Patients with GP recorded CKD (G3a to G5), with a record of an eGFR test in the preceding 12 months.",CKD: Monitoring with eGFR (CVDP006CKD),91.75,80+,Age group,0,11985.0,To March 2026,92.67,92.22,
E54000041,NHS Dorset Integrated Care Board,Persons,22310.0,,,CVDP006CKD,"Patients with GP recorded CKD (G3a to G5), with a record of an eGFR test in the preceding 12 months.",CKD: Monitoring with eGFR (CVDP006CKD),92.68,80+,Age group,0,20755.0,To March 2026,93.35,93.02,
E54000041,NHS Dorset Integrated Care Board,Persons,2340.0,,,CVDP006CKD,"Patients with GP recorded CKD (G3a to G5), with a record of an eGFR test in the preceding 12 months.",CKD: Monitoring with eGFR (CVDP006CKD),88.34,1 - most deprived,Deprivation quintile,0,2095.0,To March 2026,90.78,89.61,
E54000041,NHS Dorset Integrated Care Board,Persons,6355.0,,,CVDP006CKD,"Patients with GP recorded CKD (G3a to G5), with a record of an eGFR test in the preceding 12 months.",CKD: Monitoring with eGFR (CVDP006CKD),90.47,2,Deprivation quintile,0,5795.0,To March 2026,91.85,91.19,
E54000041,NHS Dorset Integrated Care Board,Persons,12090.0,,,CVDP006CKD,"Patients with GP recorded CKD (G3a to G5), with a record of an eGFR test in the preceding 12 months.",CKD: Monitoring with eGFR (CVDP006CKD),92.09,3,Deprivation quintile,0,11190.0,To March 2026,93.03,92.57,
E54000041,NHS Dorset Integrated Care Board,Persons,12235.0,,,CVDP006CKD,"Patients with GP recorded CKD (G3a to G5), with a record of an eGFR test in the preceding 12 months.",CKD: Monitoring with eGFR (CVDP006CKD),91.3,4,Deprivation quintile,0,11235.0,To March 2026,92.27,91.8,
E54000041,NHS Dorset Integrated Care Board,Persons,10795.0,,,CVDP006CKD,"Patients with GP recorded CKD (G3a to G5), with a record of an eGFR test in the preceding 12 months.",CKD: Monitoring with eGFR (CVDP006CKD),91.28,5 - least deprived,Deprivation quintile,0,9910.0,To March 2026,92.3,91.8,
E54000041,NHS Dorset Integrated Care Board,Persons,300.0,,,CVDP006CKD,"Patients with GP recorded CKD (G3a to G5), with a record of an eGFR test in the preceding 12 months.",CKD: Monitoring with eGFR (CVDP006CKD),83.44,Asian,Ethnicity,0,260.0,To March 2026,90.73,87.63,
E54000041,NHS Dorset Integrated Care Board,Persons,185.0,,,CVDP006CKD,"Patients with GP recorded CKD (G3a to G5), with a record of an eGFR test in the preceding 12 months.",CKD: Monitoring with eGFR (CVDP006CKD),79.03,Black,Ethnicity,0,155.0,To March 2026,89.25,84.7,
E54000041,NHS Dorset Integrated Care Board,Persons,1980.0,,,CVDP006CKD,"Patients with GP recorded CKD (G3a to G5), with a record of an eGFR test in the preceding 12 months.",CKD: Monitoring with eGFR (CVDP006CKD),89.65,Missing,Ethnicity,0,1800.0,To March 2026,92.18,91.0,
E54000041,NHS Dorset Integrated Care Board,Persons,150.0,,,CVDP006CKD,"Patients with GP recorded CKD (G3a to G5), with a record of an eGFR test in the preceding 12 months.",CKD: Monitoring with eGFR (CVDP006CKD),84.21,Mixed,Ethnicity,0,135.0,To March 2026,93.42,89.93,
E54000041,NHS Dorset Integrated Care Board,Persons,1795.0,,,CVDP006CKD,"Patients with GP recorded CKD (G3a to G5), with a record of an eGFR test in the preceding 12 months.",CKD: Monitoring with eGFR (CVDP006CKD),86.21,Not stated,Ethnicity,0,1575.0,To March 2026,89.21,87.8,
E54000041,NHS Dorset Integrated Care Board,Persons,110.0,,,CVDP006CKD,"Patients with GP recorded CKD (G3a to G5), with a record of an eGFR test in the preceding 12 months.",CKD: Monitoring with eGFR (CVDP006CKD),75.0,Other,Ethnicity,0,90.0,To March 2026,88.39,82.57,
E54000041,NHS Dorset Integrated Care Board,Persons,38905.0,,,CVDP006CKD,"Patients with GP recorded CKD (G3a to G5), with a record of an eGFR test in the preceding 12 months.",CKD: Monitoring with eGFR (CVDP006CKD),91.85,White,Ethnicity,0,35840.0,To March 2026,92.38,92.12,
E54000041,NHS Dorset Integrated Care Board,Persons,42665.0,,,CVDP006CKD,"Patients with GP recorded CKD (G3a to G5), with a record of an eGFR test in the preceding 12 months.",CKD: Monitoring with eGFR (CVDP006CKD),91.49,People without SMI,Mental Health,0,39145.0,To March 2026,92.01,91.75,
E54000041,NHS Dorset Integrated Care Board,Persons,755.0,,,CVDP006CKD,"Patients with GP recorded CKD (G3a to G5), with a record of an eGFR test in the preceding 12 months.",CKD: Monitoring with eGFR (CVDP006CKD),92.47,People with SMI,Mental Health,0,710.0,To March 2026,95.77,94.3,
E54000041,NHS Dorset Integrated Care Board,Persons,43240.0,,,CVDP006CKD,"Patients with GP recorded CKD (G3a to G5), with a record of an eGFR test in the preceding 12 months.",CKD: Monitoring with eGFR (CVDP006CKD),91.56,People without a diagnosed learning disability,Learning Disability,0,39705.0,To March 2026,92.08,91.82,
E54000041,NHS Dorset Integrated Care Board,Persons,180.0,,,CVDP006CKD,"Patients with GP recorded CKD (G3a to G5), with a record of an eGFR test in the preceding 12 months.",CKD: Monitoring with eGFR (CVDP006CKD),79.78,People with a diagnosed learning disability,Learning Disability,0,155.0,To March 2026,89.62,85.56,
E54000034,NHS Frimley Integrated Care Board,Persons,26795.0,,,CVDP006CKD,"Patients with GP recorded CKD (G3a to G5), with a record of an eGFR test in the preceding 12 months.",CKD: Monitoring with eGFR (CVDP006CKD),91.49,Persons,Sex,0,24600.0,To March 2026,92.14,91.82,
E54000034,NHS Frimley Integrated Care Board,Female,14475.0,,,CVDP006CKD,"Patients with GP recorded CKD (G3a to G5), with a record of an eGFR test in the preceding 12 months.",CKD: Monitoring with eGFR (CVDP006CKD),90.72,Female,Sex,0,13200.0,To March 2026,91.64,91.19,
E54000034,NHS Frimley Integrated Care Board,Male,12320.0,,,CVDP006CKD,"Patients with GP recorded CKD (G3a to G5), with a record of an eGFR test in the preceding 12 months.",CKD: Monitoring with eGFR (CVDP006CKD),92.08,Male,Sex,0,11405.0,To March 2026,93.01,92.56,
E54000034,NHS Frimley Integrated Care Board,Male,105.0,,,CVDP006CKD,"Patients with GP recorded CKD (G3a to G5), with a record of an eGFR test in the preceding 12 months.",CKD: Monitoring with eGFR (CVDP006CKD),72.22,18-39,Age group,0,85.0,To March 2026,87.04,80.95,
E54000034,NHS Frimley Integrated Care Board,Female,105.0,,,CVDP006CKD,"Patients with GP recorded CKD (G3a to G5), with a record of an eGFR test in the preceding 12 months.",CKD: Monitoring with eGFR (CVDP006CKD),75.47,18-39,Age group,0,85.0,To March 2026,89.62,83.5,
E54000034,NHS Frimley Integrated Care Board,Persons,210.0,,,CVDP006CKD,"Patients with GP recorded CKD (G3a to G5), with a record of an eGFR test in the preceding 12 months.",CKD: Monitoring with eGFR (CVDP006CKD),76.78,18-39,Age group,0,170.0,To March 2026,86.73,82.21,
E54000034,NHS Frimley Integrated Care Board,Male,1060.0,,,CVDP006CKD,"Patients with GP recorded CKD (G3a to G5), with a record of an eGFR test in the preceding 12 months.",CKD: Monitoring with eGFR (CVDP006CKD),84.27,40-59,Age group,0,915.0,To March 2026,88.32,86.4,
E54000034,NHS Frimley Integrated Care Board,Female,865.0,,,CVDP006CKD,"Patients with GP recorded CKD (G3a to G5), with a record of an eGFR test in the preceding 12 months.",CKD: Monitoring with eGFR (CVDP006CKD),86.32,40-59,Age group,0,770.0,To March 2026,90.46,88.58,
E54000034,NHS Frimley Integrated Care Board,Persons,1925.0,,,CVDP006CKD,"Patients with GP recorded CKD (G3a to G5), with a record of an eGFR test in the preceding 12 months.",CKD: Monitoring with eGFR (CVDP006CKD),85.85,40-59,Age group,0,1685.0,To March 2026,88.8,87.38,
E54000034,NHS Frimley Integrated Care Board,Male,5660.0,,,CVDP006CKD,"Patients with GP recorded CKD (G3a to G5), with a record of an eGFR test in the preceding 12 months.",CKD: Monitoring with eGFR (CVDP006CKD),92.32,60-79,Age group,0,5260.0,To March 2026,93.64,93.0,
E54000034,NHS Frimley Integrated Care Board,Female,5850.0,,,CVDP006CKD,"Patients with GP recorded CKD (G3a to G5), with a record of an eGFR test in the preceding 12 months.",CKD: Monitoring with eGFR (CVDP006CKD),91.01,60-79,Age group,0,5365.0,To March 2026,92.41,91.74,
E54000034,NHS Frimley Integrated Care Board,Persons,11505.0,,,CVDP006CKD,"Patients with GP recorded CKD (G3a to G5), with a record of an eGFR test in the preceding 12 months.",CKD: Monitoring with eGFR (CVDP006CKD),91.87,60-79,Age group,0,10625.0,To March 2026,92.83,92.36,
E54000034,NHS Frimley Integrated Care Board,Male,5500.0,,,CVDP006CKD,"Patients with GP recorded CKD (G3a to G5), with a record of an eGFR test in the preceding 12 months.",CKD: Monitoring with eGFR (CVDP006CKD),92.84,80+,Age group,0,5140.0,To March 2026,94.13,93.51,
E54000034,NHS Frimley Integrated Care Board,Female,7655.0,,,CVDP006CKD,"Patients with GP recorded CKD (G3a to G5), with a record of an eGFR test in the preceding 12 months.",CKD: Monitoring with eGFR (CVDP006CKD),90.52,80+,Age group,0,6980.0,To March 2026,91.79,91.17,
E54000034,NHS Frimley Integrated Care Board,Persons,13155.0,,,CVDP006CKD,"Patients with GP recorded CKD (G3a to G5), with a record of an eGFR test in the preceding 12 months.",CKD: Monitoring with eGFR (CVDP006CKD),91.68,80+,Age group,0,12120.0,To March 2026,92.59,92.15,
E54000034,NHS Frimley Integrated Care Board,Persons,685.0,,,CVDP006CKD,"Patients with GP recorded CKD (G3a to G5), with a record of an eGFR test in the preceding 12 months.",CKD: Monitoring with eGFR (CVDP006CKD),92.13,1 - most deprived,Deprivation quintile,0,645.0,To March 2026,95.63,94.14,
E54000034,NHS Frimley Integrated Care Board,Persons,3795.0,,,CVDP006CKD,"Patients with GP recorded CKD (G3a to G5), with a record of an eGFR test in the preceding 12 months.",CKD: Monitoring with eGFR (CVDP006CKD),90.73,2,Deprivation quintile,0,3475.0,To March 2026,92.47,91.64,
E54000034,NHS Frimley Integrated Care Board,Persons,4125.0,,,CVDP006CKD,"Patients with GP recorded CKD (G3a to G5), with a record of an eGFR test in the preceding 12 months.",CKD: Monitoring with eGFR (CVDP006CKD),91.04,3,Deprivation quintile,0,3790.0,To March 2026,92.68,91.9,
E54000034,NHS Frimley Integrated Care Board,Persons,5015.0,,,CVDP006CKD,"Patients with GP recorded CKD (G3a to G5), with a record of an eGFR test in the preceding 12 months.",CKD: Monitoring with eGFR (CVDP006CKD),91.19,4,Deprivation quintile,0,4610.0,To March 2026,92.68,91.96,
E54000034,NHS Frimley Integrated Care Board,Persons,13055.0,,,CVDP006CKD,"Patients with GP recorded CKD (G3a to G5), with a record of an eGFR test in the preceding 12 months.",CKD: Monitoring with eGFR (CVDP006CKD),91.28,5 - least deprived,Deprivation quintile,0,11980.0,To March 2026,92.22,91.76,
E54000034,NHS Frimley Integrated Care Board,Persons,3360.0,,,CVDP006CKD,"Patients with GP recorded CKD (G3a to G5), with a record of an eGFR test in the preceding 12 months.",CKD: Monitoring with eGFR (CVDP006CKD),92.3,Asian,Ethnicity,0,3130.0,To March 2026,94.0,93.19,
E54000034,NHS Frimley Integrated Care Board,Persons,785.0,,,CVDP006CKD,"Patients with GP recorded CKD (G3a to G5), with a record of an eGFR test in the preceding 12 months.",CKD: Monitoring with eGFR (CVDP006CKD),85.26,Black,Ethnicity,0,690.0,To March 2026,89.83,87.76,
E54000034,NHS Frimley Integrated Care Board,Persons,200.0,,,CVDP006CKD,"Patients with GP recorded CKD (G3a to G5), with a record of an eGFR test in the preceding 12 months.",CKD: Monitoring with eGFR (CVDP006CKD),82.18,Missing,Ethnicity,0,175.0,To March 2026,91.09,87.44,
E54000034,NHS Frimley Integrated Care Board,Persons,255.0,,,CVDP006CKD,"Patients with GP recorded CKD (G3a to G5), with a record of an eGFR test in the preceding 12 months.",CKD: Monitoring with eGFR (CVDP006CKD),87.89,Mixed,Ethnicity,0,230.0,To March 2026,94.53,91.7,
E54000034,NHS Frimley Integrated Care Board,Persons,755.0,,,CVDP006CKD,"Patients with GP recorded CKD (G3a to G5), with a record of an eGFR test in the preceding 12 months.",CKD: Monitoring with eGFR (CVDP006CKD),86.71,Not stated,Ethnicity,0,675.0,To March 2026,91.05,89.04,
E54000034,NHS Frimley Integrated Care Board,Persons,205.0,,,CVDP006CKD,"Patients with GP recorded CKD (G3a to G5), with a record of an eGFR test in the preceding 12 months.",CKD: Monitoring with eGFR (CVDP006CKD),85.44,Other,Ethnicity,0,185.0,To March 2026,93.2,90.15,
E54000034,NHS Frimley Integrated Care Board,Persons,21235.0,,,CVDP006CKD,"Patients with GP recorded CKD (G3a to G5), with a record of an eGFR test in the preceding 12 months.",CKD: Monitoring with eGFR (CVDP006CKD),91.54,White,Ethnicity,0,19520.0,To March 2026,92.27,91.91,
E54000034,NHS Frimley Integrated Care Board,Persons,26320.0,,,CVDP006CKD,"Patients with GP recorded CKD (G3a to G5), with a record of an eGFR test in the preceding 12 months.",CKD: Monitoring with eGFR (CVDP006CKD),91.47,People without SMI,Mental Health,0,24165.0,To March 2026,92.13,91.81,
E54000034,NHS Frimley Integrated Care Board,Persons,475.0,,,CVDP006CKD,"Patients with GP recorded CKD (G3a to G5), with a record of an eGFR test in the preceding 12 months.",CKD: Monitoring with eGFR (CVDP006CKD),89.73,People with SMI,Mental Health,0,440.0,To March 2026,94.34,92.41,
E54000034,NHS Frimley Integrated Care Board,Persons,26670.0,,,CVDP006CKD,"Patients with GP recorded CKD (G3a to G5), with a record of an eGFR test in the preceding 12 months.",CKD: Monitoring with eGFR (CVDP006CKD),91.49,People without a diagnosed learning disability,Learning Disability,0,24490.0,To March 2026,92.14,91.82,
E54000034,NHS Frimley Integrated Care Board,Persons,125.0,,,CVDP006CKD,"Patients with GP recorded CKD (G3a to G5), with a record of an eGFR test in the preceding 12 months.",CKD: Monitoring with eGFR (CVDP006CKD),85.71,People with a diagnosed learning disability,Learning Disability,0,115.0,To March 2026,95.24,91.87,
E54000043,NHS Gloucestershire Integrated Care Board,Persons,33760.0,,,CVDP006CKD,"Patients with GP recorded CKD (G3a to G5), with a record of an eGFR test in the preceding 12 months.",CKD: Monitoring with eGFR (CVDP006CKD),91.4,Persons,Sex,0,30960.0,To March 2026,91.99,91.7,
E54000043,NHS Gloucestershire Integrated Care Board,Female,18755.0,,,CVDP006CKD,"Patients with GP recorded CKD (G3a to G5), with a record of an eGFR test in the preceding 12 months.",CKD: Monitoring with eGFR (CVDP006CKD),90.59,Female,Sex,0,17065.0,To March 2026,91.41,91.0,
E54000043,NHS Gloucestershire Integrated Care Board,Male,15010.0,,,CVDP006CKD,"Patients with GP recorded CKD (G3a to G5), with a record of an eGFR test in the preceding 12 months.",CKD: Monitoring with eGFR (CVDP006CKD),92.15,Male,Sex,0,13895.0,To March 2026,92.98,92.57,
E54000043,NHS Gloucestershire Integrated Care Board,Male,90.0,,,CVDP006CKD,"Patients with GP recorded CKD (G3a to G5), with a record of an eGFR test in the preceding 12 months.",CKD: Monitoring with eGFR (CVDP006CKD),57.45,18-39,Age group,0,60.0,To March 2026,75.53,67.03,
E54000043,NHS Gloucestershire Integrated Care Board,Female,95.0,,,CVDP006CKD,"Patients with GP recorded CKD (G3a to G5), with a record of an eGFR test in the preceding 12 months.",CKD: Monitoring with eGFR (CVDP006CKD),75.26,18-39,Age group,0,80.0,To March 2026,89.69,84.04,
E54000043,NHS Gloucestershire Integrated Care Board,Persons,185.0,,,CVDP006CKD,"Patients with GP recorded CKD (G3a to G5), with a record of an eGFR test in the preceding 12 months.",CKD: Monitoring with eGFR (CVDP006CKD),69.15,18-39,Age group,0,140.0,To March 2026,81.38,75.68,
E54000043,NHS Gloucestershire Integrated Care Board,Male,860.0,,,CVDP006CKD,"Patients with GP recorded CKD (G3a to G5), with a record of an eGFR test in the preceding 12 months.",CKD: Monitoring with eGFR (CVDP006CKD),82.37,40-59,Age group,0,730.0,To March 2026,87.12,84.87,
E54000043,NHS Gloucestershire Integrated Care Board,Female,940.0,,,CVDP006CKD,"Patients with GP recorded CKD (G3a to G5), with a record of an eGFR test in the preceding 12 months.",CKD: Monitoring with eGFR (CVDP006CKD),83.9,40-59,Age group,0,810.0,To March 2026,88.24,86.18,
E54000043,NHS Gloucestershire Integrated Care Board,Persons,1800.0,,,CVDP006CKD,"Patients with GP recorded CKD (G3a to G5), with a record of an eGFR test in the preceding 12 months.",CKD: Monitoring with eGFR (CVDP006CKD),83.86,40-59,Age group,0,1540.0,To March 2026,87.08,85.56,
E54000043,NHS Gloucestershire Integrated Care Board,Male,7165.0,,,CVDP006CKD,"Patients with GP recorded CKD (G3a to G5), with a record of an eGFR test in the preceding 12 months.",CKD: Monitoring with eGFR (CVDP006CKD),91.48,60-79,Age group,0,6600.0,To March 2026,92.72,92.12,
E54000043,NHS Gloucestershire Integrated Care Board,Female,8045.0,,,CVDP006CKD,"Patients with GP recorded CKD (G3a to G5), with a record of an eGFR test in the preceding 12 months.",CKD: Monitoring with eGFR (CVDP006CKD),90.48,60-79,Age group,0,7330.0,To March 2026,91.73,91.13,
E54000043,NHS Gloucestershire Integrated Care Board,Persons,15210.0,,,CVDP006CKD,"Patients with GP recorded CKD (G3a to G5), with a record of an eGFR test in the preceding 12 months.",CKD: Monitoring with eGFR (CVDP006CKD),91.14,60-79,Age group,0,13935.0,To March 2026,92.02,91.59,
E54000043,NHS Gloucestershire Integrated Care Board,Male,6890.0,,,CVDP006CKD,"Patients with GP recorded CKD (G3a to G5), with a record of an eGFR test in the preceding 12 months.",CKD: Monitoring with eGFR (CVDP006CKD),93.78,80+,Age group,0,6500.0,To March 2026,94.87,94.34,
E54000043,NHS Gloucestershire Integrated Care Board,Female,9670.0,,,CVDP006CKD,"Patients with GP recorded CKD (G3a to G5), with a record of an eGFR test in the preceding 12 months.",CKD: Monitoring with eGFR (CVDP006CKD),90.87,80+,Age group,0,8845.0,To March 2026,91.98,91.44,
E54000043,NHS Gloucestershire Integrated Care Board,Persons,16565.0,,,CVDP006CKD,"Patients with GP recorded CKD (G3a to G5), with a record of an eGFR test in the preceding 12 months.",CKD: Monitoring with eGFR (CVDP006CKD),92.24,80+,Age group,0,15345.0,To March 2026,93.03,92.65,
E54000043,NHS Gloucestershire Integrated Care Board,Persons,2215.0,,,CVDP006CKD,"Patients with GP recorded CKD (G3a to G5), with a record of an eGFR test in the preceding 12 months.",CKD: Monitoring with eGFR (CVDP006CKD),87.75,1 - most deprived,Deprivation quintile,0,1975.0,To March 2026,90.32,89.08,
E54000043,NHS Gloucestershire Integrated Care Board,Persons,3625.0,,,CVDP006CKD,"Patients with GP recorded CKD (G3a to G5), with a record of an eGFR test in the preceding 12 months.",CKD: Monitoring with eGFR (CVDP006CKD),91.32,2,Deprivation quintile,0,3345.0,To March 2026,93.05,92.22,
E54000043,NHS Gloucestershire Integrated Care Board,Persons,7625.0,,,CVDP006CKD,"Patients with GP recorded CKD (G3a to G5), with a record of an eGFR test in the preceding 12 months.",CKD: Monitoring with eGFR (CVDP006CKD),91.02,3,Deprivation quintile,0,6990.0,To March 2026,92.25,91.66,
E54000043,NHS Gloucestershire Integrated Care Board,Persons,9250.0,,,CVDP006CKD,"Patients with GP recorded CKD (G3a to G5), with a record of an eGFR test in the preceding 12 months.",CKD: Monitoring with eGFR (CVDP006CKD),91.72,4,Deprivation quintile,0,8535.0,To March 2026,92.8,92.28,
E54000043,NHS Gloucestershire Integrated Care Board,Persons,10615.0,,,CVDP006CKD,"Patients with GP recorded CKD (G3a to G5), with a record of an eGFR test in the preceding 12 months.",CKD: Monitoring with eGFR (CVDP006CKD),91.06,5 - least deprived,Deprivation quintile,0,9720.0,To March 2026,92.12,91.6,
E54000043,NHS Gloucestershire Integrated Care Board,Persons,425.0,,,CVDP006CKD,"Patients with GP recorded CKD (G3a to G5), with a record of an eGFR test in the preceding 12 months.",CKD: Monitoring with eGFR (CVDP006CKD),86.18,Asian,Ethnicity,0,380.0,To March 2026,92.04,89.39,
E54000043,NHS Gloucestershire Integrated Care Board,Persons,490.0,,,CVDP006CKD,"Patients with GP recorded CKD (G3a to G5), with a record of an eGFR test in the preceding 12 months.",CKD: Monitoring with eGFR (CVDP006CKD),85.54,Black,Ethnicity,0,430.0,To March 2026,91.04,88.52,
E54000043,NHS Gloucestershire Integrated Care Board,Persons,395.0,,,CVDP006CKD,"Patients with GP recorded CKD (G3a to G5), with a record of an eGFR test in the preceding 12 months.",CKD: Monitoring with eGFR (CVDP006CKD),85.14,Missing,Ethnicity,0,350.0,To March 2026,91.18,88.58,
E54000043,NHS Gloucestershire Integrated Care Board,Persons,155.0,,,CVDP006CKD,"Patients with GP recorded CKD (G3a to G5), with a record of an eGFR test in the preceding 12 months.",CKD: Monitoring with eGFR (CVDP006CKD),83.75,Mixed,Ethnicity,0,140.0,To March 2026,93.13,89.17,
E54000043,NHS Gloucestershire Integrated Care Board,Persons,865.0,,,CVDP006CKD,"Patients with GP recorded CKD (G3a to G5), with a record of an eGFR test in the preceding 12 months.",CKD: Monitoring with eGFR (CVDP006CKD),87.92,Not stated,Ethnicity,0,780.0,To March 2026,91.83,90.07,
E54000043,NHS Gloucestershire Integrated Care Board,Persons,85.0,,,CVDP006CKD,"Patients with GP recorded CKD (G3a to G5), with a record of an eGFR test in the preceding 12 months.",CKD: Monitoring with eGFR (CVDP006CKD),83.91,Other,Ethnicity,0,75.0,To March 2026,95.4,91.67,
E54000043,NHS Gloucestershire Integrated Care Board,Persons,31350.0,,,CVDP006CKD,"Patients with GP recorded CKD (G3a to G5), with a record of an eGFR test in the preceding 12 months.",CKD: Monitoring with eGFR (CVDP006CKD),91.57,White,Ethnicity,0,28800.0,To March 2026,92.18,91.88,
E54000043,NHS Gloucestershire Integrated Care Board,Persons,33200.0,,,CVDP006CKD,"Patients with GP recorded CKD (G3a to G5), with a record of an eGFR test in the preceding 12 months.",CKD: Monitoring with eGFR (CVDP006CKD),91.38,People without SMI,Mental Health,0,30440.0,To March 2026,91.97,91.68,
E54000043,NHS Gloucestershire Integrated Care Board,Persons,560.0,,,CVDP006CKD,"Patients with GP recorded CKD (G3a to G5), with a record of an eGFR test in the preceding 12 months.",CKD: Monitoring with eGFR (CVDP006CKD),90.76,People with SMI,Mental Health,0,520.0,To March 2026,94.85,93.04,
E54000043,NHS Gloucestershire Integrated Care Board,Persons,33580.0,,,CVDP006CKD,"Patients with GP recorded CKD (G3a to G5), with a record of an eGFR test in the preceding 12 months.",CKD: Monitoring with eGFR (CVDP006CKD),91.4,People without a diagnosed learning disability,Learning Disability,0,30795.0,To March 2026,91.99,91.7,
E54000043,NHS Gloucestershire Integrated Care Board,Persons,180.0,,,CVDP006CKD,"Patients with GP recorded CKD (G3a to G5), with a record of an eGFR test in the preceding 12 months.",CKD: Monitoring with eGFR (CVDP006CKD),87.36,People with a diagnosed learning disability,Learning Disability,0,165.0,To March 2026,95.05,92.18,
E54000057,NHS Greater Manchester Integrated Care Board,Persons,107260.0,,,CVDP006CKD,"Patients with GP recorded CKD (G3a to G5), with a record of an eGFR test in the preceding 12 months.",CKD: Monitoring with eGFR (CVDP006CKD),92.11,Persons,Sex,0,98970.0,To March 2026,92.43,92.27,
E54000057,NHS Greater Manchester Integrated Care Board,Female,61140.0,,,CVDP006CKD,"Patients with GP recorded CKD (G3a to G5), with a record of an eGFR test in the preceding 12 months.",CKD: Monitoring with eGFR (CVDP006CKD),91.76,Female,Sex,0,56230.0,To March 2026,92.19,91.98,
E54000057,NHS Greater Manchester Integrated Care Board,Male,46120.0,,,CVDP006CKD,"Patients with GP recorded CKD (G3a to G5), with a record of an eGFR test in the preceding 12 months.",CKD: Monitoring with eGFR (CVDP006CKD),92.42,Male,Sex,0,42740.0,To March 2026,92.9,92.66,
E54000057,NHS Greater Manchester Integrated Care Board,Male,670.0,,,CVDP006CKD,"Patients with GP recorded CKD (G3a to G5), with a record of an eGFR test in the preceding 12 months.",CKD: Monitoring with eGFR (CVDP006CKD),74.07,18-39,Age group,0,520.0,To March 2026,80.3,77.38,
E54000057,NHS Greater Manchester Integrated Care Board,Female,565.0,,,CVDP006CKD,"Patients with GP recorded CKD (G3a to G5), with a record of an eGFR test in the preceding 12 months.",CKD: Monitoring with eGFR (CVDP006CKD),77.11,18-39,Age group,0,455.0,To March 2026,83.63,80.53,
E54000057,NHS Greater Manchester Integrated Care Board,Persons,1235.0,,,CVDP006CKD,"Patients with GP recorded CKD (G3a to G5), with a record of an eGFR test in the preceding 12 months.",CKD: Monitoring with eGFR (CVDP006CKD),76.45,18-39,Age group,0,975.0,To March 2026,80.97,78.82,
E54000057,NHS Greater Manchester Integrated Care Board,Male,4790.0,,,CVDP006CKD,"Patients with GP recorded CKD (G3a to G5), with a record of an eGFR test in the preceding 12 months.",CKD: Monitoring with eGFR (CVDP006CKD),84.73,40-59,Age group,0,4110.0,To March 2026,86.69,85.74,
E54000057,NHS Greater Manchester Integrated Care Board,Female,5075.0,,,CVDP006CKD,"Patients with GP recorded CKD (G3a to G5), with a record of an eGFR test in the preceding 12 months.",CKD: Monitoring with eGFR (CVDP006CKD),86.86,40-59,Age group,0,4455.0,To March 2026,88.65,87.78,
E54000057,NHS Greater Manchester Integrated Care Board,Persons,9865.0,,,CVDP006CKD,"Patients with GP recorded CKD (G3a to G5), with a record of an eGFR test in the preceding 12 months.",CKD: Monitoring with eGFR (CVDP006CKD),86.12,40-59,Age group,0,8560.0,To March 2026,87.44,86.79,
E54000057,NHS Greater Manchester Integrated Care Board,Male,23720.0,,,CVDP006CKD,"Patients with GP recorded CKD (G3a to G5), with a record of an eGFR test in the preceding 12 months.",CKD: Monitoring with eGFR (CVDP006CKD),92.9,60-79,Age group,0,22115.0,To March 2026,93.53,93.22,
E54000057,NHS Greater Manchester Integrated Care Board,Female,28595.0,,,CVDP006CKD,"Patients with GP recorded CKD (G3a to G5), with a record of an eGFR test in the preceding 12 months.",CKD: Monitoring with eGFR (CVDP006CKD),92.02,60-79,Age group,0,26405.0,To March 2026,92.64,92.33,
E54000057,NHS Greater Manchester Integrated Care Board,Persons,52315.0,,,CVDP006CKD,"Patients with GP recorded CKD (G3a to G5), with a record of an eGFR test in the preceding 12 months.",CKD: Monitoring with eGFR (CVDP006CKD),92.51,60-79,Age group,0,48515.0,To March 2026,92.95,92.74,
E54000057,NHS Greater Manchester Integrated Care Board,Male,16935.0,,,CVDP006CKD,"Patients with GP recorded CKD (G3a to G5), with a record of an eGFR test in the preceding 12 months.",CKD: Monitoring with eGFR (CVDP006CKD),94.1,80+,Age group,0,15995.0,To March 2026,94.78,94.45,
E54000057,NHS Greater Manchester Integrated Care Board,Female,26905.0,,,CVDP006CKD,"Patients with GP recorded CKD (G3a to G5), with a record of an eGFR test in the preceding 12 months.",CKD: Monitoring with eGFR (CVDP006CKD),92.31,80+,Age group,0,24920.0,To March 2026,92.93,92.63,
E54000057,NHS Greater Manchester Integrated Care Board,Persons,43840.0,,,CVDP006CKD,"Patients with GP recorded CKD (G3a to G5), with a record of an eGFR test in the preceding 12 months.",CKD: Monitoring with eGFR (CVDP006CKD),93.09,80+,Age group,0,40915.0,To March 2026,93.56,93.33,
E54000057,NHS Greater Manchester Integrated Care Board,Persons,38670.0,,,CVDP006CKD,"Patients with GP recorded CKD (G3a to G5), with a record of an eGFR test in the preceding 12 months.",CKD: Monitoring with eGFR (CVDP006CKD),91.61,1 - most deprived,Deprivation quintile,0,35530.0,To March 2026,92.15,91.89,
E54000057,NHS Greater Manchester Integrated Care Board,Persons,20875.0,,,CVDP006CKD,"Patients with GP recorded CKD (G3a to G5), with a record of an eGFR test in the preceding 12 months.",CKD: Monitoring with eGFR (CVDP006CKD),91.63,2,Deprivation quintile,0,19205.0,To March 2026,92.36,92.0,
E54000057,NHS Greater Manchester Integrated Care Board,Persons,15410.0,,,CVDP006CKD,"Patients with GP recorded CKD (G3a to G5), with a record of an eGFR test in the preceding 12 months.",CKD: Monitoring with eGFR (CVDP006CKD),91.93,3,Deprivation quintile,0,14230.0,To March 2026,92.77,92.36,
E54000057,NHS Greater Manchester Integrated Care Board,Persons,17890.0,,,CVDP006CKD,"Patients with GP recorded CKD (G3a to G5), with a record of an eGFR test in the preceding 12 months.",CKD: Monitoring with eGFR (CVDP006CKD),92.04,4,Deprivation quintile,0,16535.0,To March 2026,92.81,92.44,
E54000057,NHS Greater Manchester Integrated Care Board,Persons,14210.0,,,CVDP006CKD,"Patients with GP recorded CKD (G3a to G5), with a record of an eGFR test in the preceding 12 months.",CKD: Monitoring with eGFR (CVDP006CKD),92.98,5 - least deprived,Deprivation quintile,0,13270.0,To March 2026,93.79,93.4,
E54000057,NHS Greater Manchester Integrated Care Board,Persons,8060.0,,,CVDP006CKD,"Patients with GP recorded CKD (G3a to G5), with a record of an eGFR test in the preceding 12 months.",CKD: Monitoring with eGFR (CVDP006CKD),90.99,Asian,Ethnicity,0,7380.0,To March 2026,92.2,91.61,
E54000057,NHS Greater Manchester Integrated Care Board,Persons,4085.0,,,CVDP006CKD,"Patients with GP recorded CKD (G3a to G5), with a record of an eGFR test in the preceding 12 months.",CKD: Monitoring with eGFR (CVDP006CKD),89.68,Black,Ethnicity,0,3705.0,To March 2026,91.47,90.6,
E54000057,NHS Greater Manchester Integrated Care Board,Persons,1050.0,,,CVDP006CKD,"Patients with GP recorded CKD (G3a to G5), with a record of an eGFR test in the preceding 12 months.",CKD: Monitoring with eGFR (CVDP006CKD),83.75,Missing,Ethnicity,0,900.0,To March 2026,87.93,85.99,
E54000057,NHS Greater Manchester Integrated Care Board,Persons,895.0,,,CVDP006CKD,"Patients with GP recorded CKD (G3a to G5), with a record of an eGFR test in the preceding 12 months.",CKD: Monitoring with eGFR (CVDP006CKD),88.42,Mixed,Ethnicity,0,810.0,To March 2026,92.2,90.5,
E54000057,NHS Greater Manchester Integrated Care Board,Persons,2585.0,,,CVDP006CKD,"Patients with GP recorded CKD (G3a to G5), with a record of an eGFR test in the preceding 12 months.",CKD: Monitoring with eGFR (CVDP006CKD),86.12,Not stated,Ethnicity,0,2260.0,To March 2026,88.67,87.46,
E54000057,NHS Greater Manchester Integrated Care Board,Persons,690.0,,,CVDP006CKD,"Patients with GP recorded CKD (G3a to G5), with a record of an eGFR test in the preceding 12 months.",CKD: Monitoring with eGFR (CVDP006CKD),88.87,Other,Ethnicity,0,630.0,To March 2026,93.06,91.15,
E54000057,NHS Greater Manchester Integrated Care Board,Persons,89895.0,,,CVDP006CKD,"Patients with GP recorded CKD (G3a to G5), with a record of an eGFR test in the preceding 12 months.",CKD: Monitoring with eGFR (CVDP006CKD),92.47,White,Ethnicity,0,83285.0,To March 2026,92.81,92.64,
E54000057,NHS Greater Manchester Integrated Care Board,Persons,104880.0,,,CVDP006CKD,"Patients with GP recorded CKD (G3a to G5), with a record of an eGFR test in the preceding 12 months.",CKD: Monitoring with eGFR (CVDP006CKD),92.05,People without SMI,Mental Health,0,96715.0,To March 2026,92.38,92.22,
E54000057,NHS Greater Manchester Integrated Care Board,Persons,2380.0,,,CVDP006CKD,"Patients with GP recorded CKD (G3a to G5), with a record of an eGFR test in the preceding 12 months.",CKD: Monitoring with eGFR (CVDP006CKD),93.74,People with SMI,Mental Health,0,2255.0,To March 2026,95.51,94.7,
E54000057,NHS Greater Manchester Integrated Care Board,Persons,106630.0,,,CVDP006CKD,"Patients with GP recorded CKD (G3a to G5), with a record of an eGFR test in the preceding 12 months.",CKD: Monitoring with eGFR (CVDP006CKD),92.1,People without a diagnosed learning disability,Learning Disability,0,98380.0,To March 2026,92.42,92.27,
E54000057,NHS Greater Manchester Integrated Care Board,Persons,630.0,,,CVDP006CKD,"Patients with GP recorded CKD (G3a to G5), with a record of an eGFR test in the preceding 12 months.",CKD: Monitoring with eGFR (CVDP006CKD),91.17,People with a diagnosed learning disability,Learning Disability,0,590.0,To March 2026,94.95,93.34,
E54000042,Nhs Hampshire And Isle Of Wight Integrated Care Board,Persons,70870.0,,,CVDP006CKD,"Patients with GP recorded CKD (G3a to G5), with a record of an eGFR test in the preceding 12 months.",CKD: Monitoring with eGFR (CVDP006CKD),87.05,Persons,Sex,0,61870.0,To March 2026,87.54,87.3,
E54000042,Nhs Hampshire And Isle Of Wight Integrated Care Board,Female,39600.0,,,CVDP006CKD,"Patients with GP recorded CKD (G3a to G5), with a record of an eGFR test in the preceding 12 months.",CKD: Monitoring with eGFR (CVDP006CKD),86.48,Female,Sex,0,34375.0,To March 2026,87.14,86.81,
E54000042,Nhs Hampshire And Isle Of Wight Integrated Care Board,Male,31275.0,,,CVDP006CKD,"Patients with GP recorded CKD (G3a to G5), with a record of an eGFR test in the preceding 12 months.",CKD: Monitoring with eGFR (CVDP006CKD),87.56,Male,Sex,0,27495.0,To March 2026,88.28,87.92,
E54000042,Nhs Hampshire And Isle Of Wight Integrated Care Board,Male,230.0,,,CVDP006CKD,"Patients with GP recorded CKD (G3a to G5), with a record of an eGFR test in the preceding 12 months.",CKD: Monitoring with eGFR (CVDP006CKD),64.22,18-39,Age group,0,160.0,To March 2026,75.86,70.31,
E54000042,Nhs Hampshire And Isle Of Wight Integrated Care Board,Female,195.0,,,CVDP006CKD,"Patients with GP recorded CKD (G3a to G5), with a record of an eGFR test in the preceding 12 months.",CKD: Monitoring with eGFR (CVDP006CKD),67.17,18-39,Age group,0,145.0,To March 2026,79.29,73.85,
E54000042,Nhs Hampshire And Isle Of Wight Integrated Care Board,Persons,425.0,,,CVDP006CKD,"Patients with GP recorded CKD (G3a to G5), with a record of an eGFR test in the preceding 12 months.",CKD: Monitoring with eGFR (CVDP006CKD),67.45,18-39,Age group,0,305.0,To March 2026,75.88,71.93,
E54000042,Nhs Hampshire And Isle Of Wight Integrated Care Board,Male,1815.0,,,CVDP006CKD,"Patients with GP recorded CKD (G3a to G5), with a record of an eGFR test in the preceding 12 months.",CKD: Monitoring with eGFR (CVDP006CKD),75.29,40-59,Age group,0,1400.0,To March 2026,79.14,77.29,
E54000042,Nhs Hampshire And Isle Of Wight Integrated Care Board,Female,1935.0,,,CVDP006CKD,"Patients with GP recorded CKD (G3a to G5), with a record of an eGFR test in the preceding 12 months.",CKD: Monitoring with eGFR (CVDP006CKD),79.7,40-59,Age group,0,1575.0,To March 2026,83.16,81.48,
E54000042,Nhs Hampshire And Isle Of Wight Integrated Care Board,Persons,3745.0,,,CVDP006CKD,"Patients with GP recorded CKD (G3a to G5), with a record of an eGFR test in the preceding 12 months.",CKD: Monitoring with eGFR (CVDP006CKD),78.13,40-59,Age group,0,2975.0,To March 2026,80.72,79.45,
E54000042,Nhs Hampshire And Isle Of Wight Integrated Care Board,Male,14210.0,,,CVDP006CKD,"Patients with GP recorded CKD (G3a to G5), with a record of an eGFR test in the preceding 12 months.",CKD: Monitoring with eGFR (CVDP006CKD),86.87,60-79,Age group,0,12425.0,To March 2026,87.96,87.43,
E54000042,Nhs Hampshire And Isle Of Wight Integrated Care Board,Female,16165.0,,,CVDP006CKD,"Patients with GP recorded CKD (G3a to G5), with a record of an eGFR test in the preceding 12 months.",CKD: Monitoring with eGFR (CVDP006CKD),85.67,60-79,Age group,0,13935.0,To March 2026,86.73,86.21,
E54000042,Nhs Hampshire And Isle Of Wight Integrated Care Board,Persons,30375.0,,,CVDP006CKD,"Patients with GP recorded CKD (G3a to G5), with a record of an eGFR test in the preceding 12 months.",CKD: Monitoring with eGFR (CVDP006CKD),86.39,60-79,Age group,0,26360.0,To March 2026,87.15,86.78,
E54000042,Nhs Hampshire And Isle Of Wight Integrated Care Board,Male,15020.0,,,CVDP006CKD,"Patients with GP recorded CKD (G3a to G5), with a record of an eGFR test in the preceding 12 months.",CKD: Monitoring with eGFR (CVDP006CKD),89.45,80+,Age group,0,13510.0,To March 2026,90.41,89.94,
E54000042,Nhs Hampshire And Isle Of Wight Integrated Care Board,Female,21305.0,,,CVDP006CKD,"Patients with GP recorded CKD (G3a to G5), with a record of an eGFR test in the preceding 12 months.",CKD: Monitoring with eGFR (CVDP006CKD),87.42,80+,Age group,0,18720.0,To March 2026,88.3,87.87,
E54000042,Nhs Hampshire And Isle Of Wight Integrated Care Board,Persons,36325.0,,,CVDP006CKD,"Patients with GP recorded CKD (G3a to G5), with a record of an eGFR test in the preceding 12 months.",CKD: Monitoring with eGFR (CVDP006CKD),88.4,80+,Age group,0,32230.0,To March 2026,89.04,88.72,
E54000042,Nhs Hampshire And Isle Of Wight Integrated Care Board,Persons,6010.0,,,CVDP006CKD,"Patients with GP recorded CKD (G3a to G5), with a record of an eGFR test in the preceding 12 months.",CKD: Monitoring with eGFR (CVDP006CKD),80.89,1 - most deprived,Deprivation quintile,0,4920.0,To March 2026,82.83,81.87,
E54000042,Nhs Hampshire And Isle Of Wight Integrated Care Board,Persons,11230.0,,,CVDP006CKD,"Patients with GP recorded CKD (G3a to G5), with a record of an eGFR test in the preceding 12 months.",CKD: Monitoring with eGFR (CVDP006CKD),84.26,2,Deprivation quintile,0,9535.0,To March 2026,85.58,84.93,
E54000042,Nhs Hampshire And Isle Of Wight Integrated Care Board,Persons,13495.0,,,CVDP006CKD,"Patients with GP recorded CKD (G3a to G5), with a record of an eGFR test in the preceding 12 months.",CKD: Monitoring with eGFR (CVDP006CKD),86.63,3,Deprivation quintile,0,11765.0,To March 2026,87.75,87.2,
E54000042,Nhs Hampshire And Isle Of Wight Integrated Care Board,Persons,16840.0,,,CVDP006CKD,"Patients with GP recorded CKD (G3a to G5), with a record of an eGFR test in the preceding 12 months.",CKD: Monitoring with eGFR (CVDP006CKD),88.11,4,Deprivation quintile,0,14920.0,To March 2026,89.07,88.6,
E54000042,Nhs Hampshire And Isle Of Wight Integrated Care Board,Persons,23595.0,,,CVDP006CKD,"Patients with GP recorded CKD (G3a to G5), with a record of an eGFR test in the preceding 12 months.",CKD: Monitoring with eGFR (CVDP006CKD),88.73,5 - least deprived,Deprivation quintile,0,21030.0,To March 2026,89.52,89.13,
E54000042,Nhs Hampshire And Isle Of Wight Integrated Care Board,Persons,1085.0,,,CVDP006CKD,"Patients with GP recorded CKD (G3a to G5), with a record of an eGFR test in the preceding 12 months.",CKD: Monitoring with eGFR (CVDP006CKD),83.16,Asian,Ethnicity,0,925.0,To March 2026,87.3,85.33,
E54000042,Nhs Hampshire And Isle Of Wight Integrated Care Board,Persons,630.0,,,CVDP006CKD,"Patients with GP recorded CKD (G3a to G5), with a record of an eGFR test in the preceding 12 months.",CKD: Monitoring with eGFR (CVDP006CKD),76.97,Black,Ethnicity,0,505.0,To March 2026,83.12,80.19,
E54000042,Nhs Hampshire And Isle Of Wight Integrated Care Board,Persons,1300.0,,,CVDP006CKD,"Patients with GP recorded CKD (G3a to G5), with a record of an eGFR test in the preceding 12 months.",CKD: Monitoring with eGFR (CVDP006CKD),81.03,Missing,Ethnicity,0,1080.0,To March 2026,85.02,83.14,
E54000042,Nhs Hampshire And Isle Of Wight Integrated Care Board,Persons,290.0,,,CVDP006CKD,"Patients with GP recorded CKD (G3a to G5), with a record of an eGFR test in the preceding 12 months.",CKD: Monitoring with eGFR (CVDP006CKD),79.25,Mixed,Ethnicity,0,245.0,To March 2026,87.41,83.85,
E54000042,Nhs Hampshire And Isle Of Wight Integrated Care Board,Persons,3965.0,,,CVDP006CKD,"Patients with GP recorded CKD (G3a to G5), with a record of an eGFR test in the preceding 12 months.",CKD: Monitoring with eGFR (CVDP006CKD),86.05,Not stated,Ethnicity,0,3455.0,To March 2026,88.11,87.12,
E54000042,Nhs Hampshire And Isle Of Wight Integrated Care Board,Persons,285.0,,,CVDP006CKD,"Patients with GP recorded CKD (G3a to G5), with a record of an eGFR test in the preceding 12 months.",CKD: Monitoring with eGFR (CVDP006CKD),79.79,Other,Ethnicity,0,240.0,To March 2026,88.15,84.51,
E54000042,Nhs Hampshire And Isle Of Wight Integrated Care Board,Persons,63315.0,,,CVDP006CKD,"Patients with GP recorded CKD (G3a to G5), with a record of an eGFR test in the preceding 12 months.",CKD: Monitoring with eGFR (CVDP006CKD),87.27,White,Ethnicity,0,55420.0,To March 2026,87.78,87.53,
E54000042,Nhs Hampshire And Isle Of Wight Integrated Care Board,Persons,69495.0,,,CVDP006CKD,"Patients with GP recorded CKD (G3a to G5), with a record of an eGFR test in the preceding 12 months.",CKD: Monitoring with eGFR (CVDP006CKD),86.98,People without SMI,Mental Health,0,60620.0,To March 2026,87.48,87.23,
E54000042,Nhs Hampshire And Isle Of Wight Integrated Care Board,Persons,1380.0,,,CVDP006CKD,"Patients with GP recorded CKD (G3a to G5), with a record of an eGFR test in the preceding 12 months.",CKD: Monitoring with eGFR (CVDP006CKD),88.93,People with SMI,Mental Health,0,1250.0,To March 2026,91.97,90.57,
E54000042,Nhs Hampshire And Isle Of Wight Integrated Care Board,Persons,70585.0,,,CVDP006CKD,"Patients with GP recorded CKD (G3a to G5), with a record of an eGFR test in the preceding 12 months.",CKD: Monitoring with eGFR (CVDP006CKD),87.06,People without a diagnosed learning disability,Learning Disability,0,61625.0,To March 2026,87.55,87.3,
E54000042,Nhs Hampshire And Isle Of Wight Integrated Care Board,Persons,285.0,,,CVDP006CKD,"Patients with GP recorded CKD (G3a to G5), with a record of an eGFR test in the preceding 12 months.",CKD: Monitoring with eGFR (CVDP006CKD),82.01,People with a diagnosed learning disability,Learning Disability,0,245.0,To March 2026,89.97,86.36,
E54000019,NHS Herefordshire and Worcestershire Integrated Care Board,Persons,44675.0,,,CVDP006CKD,"Patients with GP recorded CKD (G3a to G5), with a record of an eGFR test in the preceding 12 months.",CKD: Monitoring with eGFR (CVDP006CKD),93.79,Persons,Sex,0,42005.0,To March 2026,94.23,94.02,
E54000019,NHS Herefordshire and Worcestershire Integrated Care Board,Female,24690.0,,,CVDP006CKD,"Patients with GP recorded CKD (G3a to G5), with a record of an eGFR test in the preceding 12 months.",CKD: Monitoring with eGFR (CVDP006CKD),93.17,Female,Sex,0,23080.0,To March 2026,93.78,93.48,
E54000019,NHS Herefordshire and Worcestershire Integrated Care Board,Male,19985.0,,,CVDP006CKD,"Patients with GP recorded CKD (G3a to G5), with a record of an eGFR test in the preceding 12 months.",CKD: Monitoring with eGFR (CVDP006CKD),94.36,Male,Sex,0,18920.0,To March 2026,94.98,94.68,
E54000019,NHS Herefordshire and Worcestershire Integrated Care Board,Male,105.0,,,CVDP006CKD,"Patients with GP recorded CKD (G3a to G5), with a record of an eGFR test in the preceding 12 months.",CKD: Monitoring with eGFR (CVDP006CKD),75.45,18-39,Age group,0,90.0,To March 2026,89.09,83.18,
E54000019,NHS Herefordshire and Worcestershire Integrated Care Board,Female,120.0,,,CVDP006CKD,"Patients with GP recorded CKD (G3a to G5), with a record of an eGFR test in the preceding 12 months.",CKD: Monitoring with eGFR (CVDP006CKD),78.51,18-39,Age group,0,100.0,To March 2026,90.91,85.59,
E54000019,NHS Herefordshire and Worcestershire Integrated Care Board,Persons,225.0,,,CVDP006CKD,"Patients with GP recorded CKD (G3a to G5), with a record of an eGFR test in the preceding 12 months.",CKD: Monitoring with eGFR (CVDP006CKD),79.39,18-39,Age group,0,190.0,To March 2026,88.6,84.44,
E54000019,NHS Herefordshire and Worcestershire Integrated Care Board,Male,1085.0,,,CVDP006CKD,"Patients with GP recorded CKD (G3a to G5), with a record of an eGFR test in the preceding 12 months.",CKD: Monitoring with eGFR (CVDP006CKD),84.91,40-59,Age group,0,945.0,To March 2026,88.87,86.99,
E54000019,NHS Herefordshire and Worcestershire Integrated Care Board,Female,1250.0,,,CVDP006CKD,"Patients with GP recorded CKD (G3a to G5), with a record of an eGFR test in the preceding 12 months.",CKD: Monitoring with eGFR (CVDP006CKD),86.58,40-59,Age group,0,1105.0,To March 2026,90.1,88.47,
E54000019,NHS Herefordshire and Worcestershire Integrated Care Board,Persons,2335.0,,,CVDP006CKD,"Patients with GP recorded CKD (G3a to G5), with a record of an eGFR test in the preceding 12 months.",CKD: Monitoring with eGFR (CVDP006CKD),86.39,40-59,Age group,0,2050.0,To March 2026,89.04,87.78,
E54000019,NHS Herefordshire and Worcestershire Integrated Care Board,Male,9565.0,,,CVDP006CKD,"Patients with GP recorded CKD (G3a to G5), with a record of an eGFR test in the preceding 12 months.",CKD: Monitoring with eGFR (CVDP006CKD),94.46,60-79,Age group,0,9080.0,To March 2026,95.34,94.92,
E54000019,NHS Herefordshire and Worcestershire Integrated Care Board,Female,10715.0,,,CVDP006CKD,"Patients with GP recorded CKD (G3a to G5), with a record of an eGFR test in the preceding 12 months.",CKD: Monitoring with eGFR (CVDP006CKD),93.64,60-79,Age group,0,10085.0,To March 2026,94.52,94.09,
E54000019,NHS Herefordshire and Worcestershire Integrated Care Board,Persons,20285.0,,,CVDP006CKD,"Patients with GP recorded CKD (G3a to G5), with a record of an eGFR test in the preceding 12 months.",CKD: Monitoring with eGFR (CVDP006CKD),94.16,60-79,Age group,0,19165.0,To March 2026,94.79,94.48,
E54000019,NHS Herefordshire and Worcestershire Integrated Care Board,Male,9230.0,,,CVDP006CKD,"Patients with GP recorded CKD (G3a to G5), with a record of an eGFR test in the preceding 12 months.",CKD: Monitoring with eGFR (CVDP006CKD),95.02,80+,Age group,0,8810.0,To March 2026,95.86,95.46,
E54000019,NHS Herefordshire and Worcestershire Integrated Care Board,Female,12605.0,,,CVDP006CKD,"Patients with GP recorded CKD (G3a to G5), with a record of an eGFR test in the preceding 12 months.",CKD: Monitoring with eGFR (CVDP006CKD),93.09,80+,Age group,0,11790.0,To March 2026,93.95,93.54,
E54000019,NHS Herefordshire and Worcestershire Integrated Care Board,Persons,21835.0,,,CVDP006CKD,"Patients with GP recorded CKD (G3a to G5), with a record of an eGFR test in the preceding 12 months.",CKD: Monitoring with eGFR (CVDP006CKD),94.04,80+,Age group,0,20600.0,To March 2026,94.65,94.35,
E54000019,NHS Herefordshire and Worcestershire Integrated Care Board,Persons,4035.0,,,CVDP006CKD,"Patients with GP recorded CKD (G3a to G5), with a record of an eGFR test in the preceding 12 months.",CKD: Monitoring with eGFR (CVDP006CKD),91.72,1 - most deprived,Deprivation quintile,0,3735.0,To March 2026,93.33,92.56,
E54000019,NHS Herefordshire and Worcestershire Integrated Care Board,Persons,6935.0,,,CVDP006CKD,"Patients with GP recorded CKD (G3a to G5), with a record of an eGFR test in the preceding 12 months.",CKD: Monitoring with eGFR (CVDP006CKD),93.15,2,Deprivation quintile,0,6500.0,To March 2026,94.29,93.74,
E54000019,NHS Herefordshire and Worcestershire Integrated Care Board,Persons,13205.0,,,CVDP006CKD,"Patients with GP recorded CKD (G3a to G5), with a record of an eGFR test in the preceding 12 months.",CKD: Monitoring with eGFR (CVDP006CKD),93.54,3,Deprivation quintile,0,12405.0,To March 2026,94.35,93.96,
E54000019,NHS Herefordshire and Worcestershire Integrated Care Board,Persons,11510.0,,,CVDP006CKD,"Patients with GP recorded CKD (G3a to G5), with a record of an eGFR test in the preceding 12 months.",CKD: Monitoring with eGFR (CVDP006CKD),93.39,4,Deprivation quintile,0,10805.0,To March 2026,94.27,93.84,
E54000019,NHS Herefordshire and Worcestershire Integrated Care Board,Persons,9085.0,,,CVDP006CKD,"Patients with GP recorded CKD (G3a to G5), with a record of an eGFR test in the preceding 12 months.",CKD: Monitoring with eGFR (CVDP006CKD),93.95,5 - least deprived,Deprivation quintile,0,8580.0,To March 2026,94.88,94.43,
E54000019,NHS Herefordshire and Worcestershire Integrated Care Board,Persons,425.0,,,CVDP006CKD,"Patients with GP recorded CKD (G3a to G5), with a record of an eGFR test in the preceding 12 months.",CKD: Monitoring with eGFR (CVDP006CKD),89.74,Asian,Ethnicity,0,395.0,To March 2026,94.64,92.49,
E54000019,NHS Herefordshire and Worcestershire Integrated Care Board,Persons,280.0,,,CVDP006CKD,"Patients with GP recorded CKD (G3a to G5), with a record of an eGFR test in the preceding 12 months.",CKD: Monitoring with eGFR (CVDP006CKD),86.57,Black,Ethnicity,0,255.0,To March 2026,93.29,90.36,
E54000019,NHS Herefordshire and Worcestershire Integrated Care Board,Persons,500.0,,,CVDP006CKD,"Patients with GP recorded CKD (G3a to G5), with a record of an eGFR test in the preceding 12 months.",CKD: Monitoring with eGFR (CVDP006CKD),85.29,Missing,Ethnicity,0,440.0,To March 2026,90.85,88.4,
E54000019,NHS Herefordshire and Worcestershire Integrated Care Board,Persons,155.0,,,CVDP006CKD,"Patients with GP recorded CKD (G3a to G5), with a record of an eGFR test in the preceding 12 months.",CKD: Monitoring with eGFR (CVDP006CKD),84.08,Mixed,Ethnicity,0,140.0,To March 2026,93.63,89.61,
E54000019,NHS Herefordshire and Worcestershire Integrated Care Board,Persons,735.0,,,CVDP006CKD,"Patients with GP recorded CKD (G3a to G5), with a record of an eGFR test in the preceding 12 months.",CKD: Monitoring with eGFR (CVDP006CKD),88.08,Not stated,Ethnicity,0,665.0,To March 2026,92.28,90.34,
E54000019,NHS Herefordshire and Worcestershire Integrated Care Board,Persons,100.0,,,CVDP006CKD,"Patients with GP recorded CKD (G3a to G5), with a record of an eGFR test in the preceding 12 months.",CKD: Monitoring with eGFR (CVDP006CKD),81.55,Other,Ethnicity,0,90.0,To March 2026,93.2,89.0,
E54000019,NHS Herefordshire and Worcestershire Integrated Care Board,Persons,42480.0,,,CVDP006CKD,"Patients with GP recorded CKD (G3a to G5), with a record of an eGFR test in the preceding 12 months.",CKD: Monitoring with eGFR (CVDP006CKD),93.99,White,Ethnicity,0,40025.0,To March 2026,94.43,94.21,
E54000019,NHS Herefordshire and Worcestershire Integrated Care Board,Persons,43990.0,,,CVDP006CKD,"Patients with GP recorded CKD (G3a to G5), with a record of an eGFR test in the preceding 12 months.",CKD: Monitoring with eGFR (CVDP006CKD),93.81,People without SMI,Mental Health,0,41365.0,To March 2026,94.25,94.04,
E54000019,NHS Herefordshire and Worcestershire Integrated Care Board,Persons,685.0,,,CVDP006CKD,"Patients with GP recorded CKD (G3a to G5), with a record of an eGFR test in the preceding 12 months.",CKD: Monitoring with eGFR (CVDP006CKD),90.58,People with SMI,Mental Health,0,635.0,To March 2026,94.35,92.72,
E54000019,NHS Herefordshire and Worcestershire Integrated Care Board,Persons,44500.0,,,CVDP006CKD,"Patients with GP recorded CKD (G3a to G5), with a record of an eGFR test in the preceding 12 months.",CKD: Monitoring with eGFR (CVDP006CKD),93.79,People without a diagnosed learning disability,Learning Disability,0,41840.0,To March 2026,94.23,94.02,
E54000019,NHS Herefordshire and Worcestershire Integrated Care Board,Persons,175.0,,,CVDP006CKD,"Patients with GP recorded CKD (G3a to G5), with a record of an eGFR test in the preceding 12 months.",CKD: Monitoring with eGFR (CVDP006CKD),89.39,People with a diagnosed learning disability,Learning Disability,0,165.0,To March 2026,96.65,93.75,
E54000025,NHS Hertfordshire and West Essex Integrated Care Board,Persons,48500.0,,,CVDP006CKD,"Patients with GP recorded CKD (G3a to G5), with a record of an eGFR test in the preceding 12 months.",CKD: Monitoring with eGFR (CVDP006CKD),92.35,Persons,Sex,0,44910.0,To March 2026,92.82,92.59,
E54000025,NHS Hertfordshire and West Essex Integrated Care Board,Female,26850.0,,,CVDP006CKD,"Patients with GP recorded CKD (G3a to G5), with a record of an eGFR test in the preceding 12 months.",CKD: Monitoring with eGFR (CVDP006CKD),91.92,Female,Sex,0,24770.0,To March 2026,92.56,92.24,
E54000025,NHS Hertfordshire and West Essex Integrated Care Board,Male,21650.0,,,CVDP006CKD,"Patients with GP recorded CKD (G3a to G5), with a record of an eGFR test in the preceding 12 months.",CKD: Monitoring with eGFR (CVDP006CKD),92.68,Male,Sex,0,20140.0,To March 2026,93.35,93.02,
E54000025,NHS Hertfordshire and West Essex Integrated Care Board,Male,190.0,,,CVDP006CKD,"Patients with GP recorded CKD (G3a to G5), with a record of an eGFR test in the preceding 12 months.",CKD: Monitoring with eGFR (CVDP006CKD),70.68,18-39,Age group,0,145.0,To March 2026,82.2,77.13,
E54000025,NHS Hertfordshire and West Essex Integrated Care Board,Female,155.0,,,CVDP006CKD,"Patients with GP recorded CKD (G3a to G5), with a record of an eGFR test in the preceding 12 months.",CKD: Monitoring with eGFR (CVDP006CKD),69.87,18-39,Age group,0,120.0,To March 2026,82.69,77.12,
E54000025,NHS Hertfordshire and West Essex Integrated Care Board,Persons,340.0,,,CVDP006CKD,"Patients with GP recorded CKD (G3a to G5), with a record of an eGFR test in the preceding 12 months.",CKD: Monitoring with eGFR (CVDP006CKD),72.38,18-39,Age group,0,265.0,To March 2026,81.1,77.13,
E54000025,NHS Hertfordshire and West Essex Integrated Care Board,Male,1650.0,,,CVDP006CKD,"Patients with GP recorded CKD (G3a to G5), with a record of an eGFR test in the preceding 12 months.",CKD: Monitoring with eGFR (CVDP006CKD),81.75,40-59,Age group,0,1380.0,To March 2026,85.32,83.6,
E54000025,NHS Hertfordshire and West Essex Integrated Care Board,Female,1675.0,,,CVDP006CKD,"Patients with GP recorded CKD (G3a to G5), with a record of an eGFR test in the preceding 12 months.",CKD: Monitoring with eGFR (CVDP006CKD),86.25,40-59,Age group,0,1475.0,To March 2026,89.35,87.9,
E54000025,NHS Hertfordshire and West Essex Integrated Care Board,Persons,3330.0,,,CVDP006CKD,"Patients with GP recorded CKD (G3a to G5), with a record of an eGFR test in the preceding 12 months.",CKD: Monitoring with eGFR (CVDP006CKD),84.54,40-59,Age group,0,2855.0,To March 2026,86.91,85.76,
E54000025,NHS Hertfordshire and West Essex Integrated Care Board,Male,9860.0,,,CVDP006CKD,"Patients with GP recorded CKD (G3a to G5), with a record of an eGFR test in the preceding 12 months.",CKD: Monitoring with eGFR (CVDP006CKD),92.62,60-79,Age group,0,9180.0,To March 2026,93.61,93.13,
E54000025,NHS Hertfordshire and West Essex Integrated Care Board,Female,10700.0,,,CVDP006CKD,"Patients with GP recorded CKD (G3a to G5), with a record of an eGFR test in the preceding 12 months.",CKD: Monitoring with eGFR (CVDP006CKD),91.98,60-79,Age group,0,9895.0,To March 2026,92.97,92.49,
E54000025,NHS Hertfordshire and West Essex Integrated Care Board,Persons,20555.0,,,CVDP006CKD,"Patients with GP recorded CKD (G3a to G5), with a record of an eGFR test in the preceding 12 months.",CKD: Monitoring with eGFR (CVDP006CKD),92.44,60-79,Age group,0,19075.0,To March 2026,93.15,92.8,
E54000025,NHS Hertfordshire and West Essex Integrated Care Board,Male,9950.0,,,CVDP006CKD,"Patients with GP recorded CKD (G3a to G5), with a record of an eGFR test in the preceding 12 months.",CKD: Monitoring with eGFR (CVDP006CKD),94.32,80+,Age group,0,9430.0,To March 2026,95.2,94.77,
E54000025,NHS Hertfordshire and West Essex Integrated Care Board,Female,14325.0,,,CVDP006CKD,"Patients with GP recorded CKD (G3a to G5), with a record of an eGFR test in the preceding 12 months.",CKD: Monitoring with eGFR (CVDP006CKD),92.29,80+,Age group,0,13280.0,To March 2026,93.14,92.72,
E54000025,NHS Hertfordshire and West Essex Integrated Care Board,Persons,24275.0,,,CVDP006CKD,"Patients with GP recorded CKD (G3a to G5), with a record of an eGFR test in the preceding 12 months.",CKD: Monitoring with eGFR (CVDP006CKD),93.25,80+,Age group,0,22715.0,To March 2026,93.87,93.57,
E54000025,NHS Hertfordshire and West Essex Integrated Care Board,Persons,880.0,,,CVDP006CKD,"Patients with GP recorded CKD (G3a to G5), with a record of an eGFR test in the preceding 12 months.",CKD: Monitoring with eGFR (CVDP006CKD),90.47,1 - most deprived,Deprivation quintile,0,810.0,To March 2026,93.98,92.37,
E54000025,NHS Hertfordshire and West Essex Integrated Care Board,Persons,7330.0,,,CVDP006CKD,"Patients with GP recorded CKD (G3a to G5), with a record of an eGFR test in the preceding 12 months.",CKD: Monitoring with eGFR (CVDP006CKD),91.93,2,Deprivation quintile,0,6785.0,To March 2026,93.13,92.55,
E54000025,NHS Hertfordshire and West Essex Integrated Care Board,Persons,11420.0,,,CVDP006CKD,"Patients with GP recorded CKD (G3a to G5), with a record of an eGFR test in the preceding 12 months.",CKD: Monitoring with eGFR (CVDP006CKD),91.62,3,Deprivation quintile,0,10520.0,To March 2026,92.6,92.13,
E54000025,NHS Hertfordshire and West Essex Integrated Care Board,Persons,11055.0,,,CVDP006CKD,"Patients with GP recorded CKD (G3a to G5), with a record of an eGFR test in the preceding 12 months.",CKD: Monitoring with eGFR (CVDP006CKD),92.13,4,Deprivation quintile,0,10240.0,To March 2026,93.1,92.63,
E54000025,NHS Hertfordshire and West Essex Integrated Care Board,Persons,17820.0,,,CVDP006CKD,"Patients with GP recorded CKD (G3a to G5), with a record of an eGFR test in the preceding 12 months.",CKD: Monitoring with eGFR (CVDP006CKD),92.34,5 - least deprived,Deprivation quintile,0,16525.0,To March 2026,93.09,92.72,
E54000025,NHS Hertfordshire and West Essex Integrated Care Board,Persons,2120.0,,,CVDP006CKD,"Patients with GP recorded CKD (G3a to G5), with a record of an eGFR test in the preceding 12 months.",CKD: Monitoring with eGFR (CVDP006CKD),90.19,Asian,Ethnicity,0,1935.0,To March 2026,92.55,91.45,
E54000025,NHS Hertfordshire and West Essex Integrated Care Board,Persons,1545.0,,,CVDP006CKD,"Patients with GP recorded CKD (G3a to G5), with a record of an eGFR test in the preceding 12 months.",CKD: Monitoring with eGFR (CVDP006CKD),86.89,Black,Ethnicity,0,1370.0,To March 2026,90.05,88.54,
E54000025,NHS Hertfordshire and West Essex Integrated Care Board,Persons,765.0,,,CVDP006CKD,"Patients with GP recorded CKD (G3a to G5), with a record of an eGFR test in the preceding 12 months.",CKD: Monitoring with eGFR (CVDP006CKD),85.25,Missing,Ethnicity,0,670.0,To March 2026,89.82,87.68,
E54000025,NHS Hertfordshire and West Essex Integrated Care Board,Persons,420.0,,,CVDP006CKD,"Patients with GP recorded CKD (G3a to G5), with a record of an eGFR test in the preceding 12 months.",CKD: Monitoring with eGFR (CVDP006CKD),82.27,Mixed,Ethnicity,0,360.0,To March 2026,88.89,85.95,
E54000025,NHS Hertfordshire and West Essex Integrated Care Board,Persons,1910.0,,,CVDP006CKD,"Patients with GP recorded CKD (G3a to G5), with a record of an eGFR test in the preceding 12 months.",CKD: Monitoring with eGFR (CVDP006CKD),89.5,Not stated,Ethnicity,0,1735.0,To March 2026,92.06,90.84,
E54000025,NHS Hertfordshire and West Essex Integrated Care Board,Persons,370.0,,,CVDP006CKD,"Patients with GP recorded CKD (G3a to G5), with a record of an eGFR test in the preceding 12 months.",CKD: Monitoring with eGFR (CVDP006CKD),87.33,Other,Ethnicity,0,335.0,To March 2026,93.26,90.76,
E54000025,NHS Hertfordshire and West Essex Integrated Care Board,Persons,41375.0,,,CVDP006CKD,"Patients with GP recorded CKD (G3a to G5), with a record of an eGFR test in the preceding 12 months.",CKD: Monitoring with eGFR (CVDP006CKD),92.81,White,Ethnicity,0,38505.0,To March 2026,93.29,93.05,
E54000025,NHS Hertfordshire and West Essex Integrated Care Board,Persons,47625.0,,,CVDP006CKD,"Patients with GP recorded CKD (G3a to G5), with a record of an eGFR test in the preceding 12 months.",CKD: Monitoring with eGFR (CVDP006CKD),92.32,People without SMI,Mental Health,0,44085.0,To March 2026,92.79,92.56,
E54000025,NHS Hertfordshire and West Essex Integrated Care Board,Persons,875.0,,,CVDP006CKD,"Patients with GP recorded CKD (G3a to G5), with a record of an eGFR test in the preceding 12 months.",CKD: Monitoring with eGFR (CVDP006CKD),92.37,People with SMI,Mental Health,0,825.0,To March 2026,95.44,94.06,
E54000025,NHS Hertfordshire and West Essex Integrated Care Board,Persons,48270.0,,,CVDP006CKD,"Patients with GP recorded CKD (G3a to G5), with a record of an eGFR test in the preceding 12 months.",CKD: Monitoring with eGFR (CVDP006CKD),92.35,People without a diagnosed learning disability,Learning Disability,0,44685.0,To March 2026,92.81,92.58,
E54000025,NHS Hertfordshire and West Essex Integrated Care Board,Persons,235.0,,,CVDP006CKD,"Patients with GP recorded CKD (G3a to G5), with a record of an eGFR test in the preceding 12 months.",CKD: Monitoring with eGFR (CVDP006CKD),90.72,People with a diagnosed learning disability,Learning Disability,0,220.0,To March 2026,96.62,94.44,
E54000051,NHS Humber and North Yorkshire Integrated Care Board,Persons,81260.0,,,CVDP006CKD,"Patients with GP recorded CKD (G3a to G5), with a record of an eGFR test in the preceding 12 months.",CKD: Monitoring with eGFR (CVDP006CKD),92.68,Persons,Sex,0,75455.0,To March 2026,93.03,92.86,
E54000051,NHS Humber and North Yorkshire Integrated Care Board,Female,45575.0,,,CVDP006CKD,"Patients with GP recorded CKD (G3a to G5), with a record of an eGFR test in the preceding 12 months.",CKD: Monitoring with eGFR (CVDP006CKD),92.06,Female,Sex,0,42070.0,To March 2026,92.55,92.31,
E54000051,NHS Humber and North Yorkshire Integrated Care Board,Male,35685.0,,,CVDP006CKD,"Patients with GP recorded CKD (G3a to G5), with a record of an eGFR test in the preceding 12 months.",CKD: Monitoring with eGFR (CVDP006CKD),93.3,Male,Sex,0,33385.0,To March 2026,93.8,93.55,
E54000051,NHS Humber and North Yorkshire Integrated Care Board,Male,225.0,,,CVDP006CKD,"Patients with GP recorded CKD (G3a to G5), with a record of an eGFR test in the preceding 12 months.",CKD: Monitoring with eGFR (CVDP006CKD),68.56,18-39,Age group,0,170.0,To March 2026,79.48,74.34,
E54000051,NHS Humber and North Yorkshire Integrated Care Board,Female,210.0,,,CVDP006CKD,"Patients with GP recorded CKD (G3a to G5), with a record of an eGFR test in the preceding 12 months.",CKD: Monitoring with eGFR (CVDP006CKD),67.76,18-39,Age group,0,155.0,To March 2026,79.44,73.93,
E54000051,NHS Humber and North Yorkshire Integrated Care Board,Persons,435.0,,,CVDP006CKD,"Patients with GP recorded CKD (G3a to G5), with a record of an eGFR test in the preceding 12 months.",CKD: Monitoring with eGFR (CVDP006CKD),69.77,18-39,Age group,0,325.0,To March 2026,77.95,74.14,
E54000051,NHS Humber and North Yorkshire Integrated Care Board,Male,1740.0,,,CVDP006CKD,"Patients with GP recorded CKD (G3a to G5), with a record of an eGFR test in the preceding 12 months.",CKD: Monitoring with eGFR (CVDP006CKD),81.72,40-59,Age group,0,1455.0,To March 2026,85.16,83.52,
E54000051,NHS Humber and North Yorkshire Integrated Care Board,Female,2100.0,,,CVDP006CKD,"Patients with GP recorded CKD (G3a to G5), with a record of an eGFR test in the preceding 12 months.",CKD: Monitoring with eGFR (CVDP006CKD),86.59,40-59,Age group,0,1850.0,To March 2026,89.35,88.05,
E54000051,NHS Humber and North Yorkshire Integrated Care Board,Persons,3840.0,,,CVDP006CKD,"Patients with GP recorded CKD (G3a to G5), with a record of an eGFR test in the preceding 12 months.",CKD: Monitoring with eGFR (CVDP006CKD),84.86,40-59,Age group,0,3305.0,To March 2026,87.05,86.0,
E54000051,NHS Humber and North Yorkshire Integrated Care Board,Male,17430.0,,,CVDP006CKD,"Patients with GP recorded CKD (G3a to G5), with a record of an eGFR test in the preceding 12 months.",CKD: Monitoring with eGFR (CVDP006CKD),93.43,60-79,Age group,0,16350.0,To March 2026,94.14,93.8,
E54000051,NHS Humber and North Yorkshire Integrated Care Board,Female,19655.0,,,CVDP006CKD,"Patients with GP recorded CKD (G3a to G5), with a record of an eGFR test in the preceding 12 months.",CKD: Monitoring with eGFR (CVDP006CKD),92.39,60-79,Age group,0,18230.0,To March 2026,93.12,92.76,
E54000051,NHS Humber and North Yorkshire Integrated Care Board,Persons,37085.0,,,CVDP006CKD,"Patients with GP recorded CKD (G3a to G5), with a record of an eGFR test in the preceding 12 months.",CKD: Monitoring with eGFR (CVDP006CKD),92.99,60-79,Age group,0,34580.0,To March 2026,93.5,93.25,
E54000051,NHS Humber and North Yorkshire Integrated Care Board,Male,16285.0,,,CVDP006CKD,"Patients with GP recorded CKD (G3a to G5), with a record of an eGFR test in the preceding 12 months.",CKD: Monitoring with eGFR (CVDP006CKD),94.28,80+,Age group,0,15410.0,To March 2026,94.97,94.63,
E54000051,NHS Humber and North Yorkshire Integrated Care Board,Female,23610.0,,,CVDP006CKD,"Patients with GP recorded CKD (G3a to G5), with a record of an eGFR test in the preceding 12 months.",CKD: Monitoring with eGFR (CVDP006CKD),92.13,80+,Age group,0,21835.0,To March 2026,92.8,92.47,
E54000051,NHS Humber and North Yorkshire Integrated Care Board,Persons,39900.0,,,CVDP006CKD,"Patients with GP recorded CKD (G3a to G5), with a record of an eGFR test in the preceding 12 months.",CKD: Monitoring with eGFR (CVDP006CKD),93.11,80+,Age group,0,37245.0,To March 2026,93.6,93.36,
E54000051,NHS Humber and North Yorkshire Integrated Care Board,Persons,10545.0,,,CVDP006CKD,"Patients with GP recorded CKD (G3a to G5), with a record of an eGFR test in the preceding 12 months.",CKD: Monitoring with eGFR (CVDP006CKD),90.47,1 - most deprived,Deprivation quintile,0,9595.0,To March 2026,91.56,91.03,
E54000051,NHS Humber and North Yorkshire Integrated Care Board,Persons,11205.0,,,CVDP006CKD,"Patients with GP recorded CKD (G3a to G5), with a record of an eGFR test in the preceding 12 months.",CKD: Monitoring with eGFR (CVDP006CKD),91.53,2,Deprivation quintile,0,10315.0,To March 2026,92.52,92.04,
E54000051,NHS Humber and North Yorkshire Integrated Care Board,Persons,16470.0,,,CVDP006CKD,"Patients with GP recorded CKD (G3a to G5), with a record of an eGFR test in the preceding 12 months.",CKD: Monitoring with eGFR (CVDP006CKD),92.83,3,Deprivation quintile,0,15355.0,To March 2026,93.6,93.22,
E54000051,NHS Humber and North Yorkshire Integrated Care Board,Persons,21310.0,,,CVDP006CKD,"Patients with GP recorded CKD (G3a to G5), with a record of an eGFR test in the preceding 12 months.",CKD: Monitoring with eGFR (CVDP006CKD),92.83,4,Deprivation quintile,0,19860.0,To March 2026,93.51,93.18,
E54000051,NHS Humber and North Yorkshire Integrated Care Board,Persons,21995.0,,,CVDP006CKD,"Patients with GP recorded CKD (G3a to G5), with a record of an eGFR test in the preceding 12 months.",CKD: Monitoring with eGFR (CVDP006CKD),93.4,5 - least deprived,Deprivation quintile,0,20615.0,To March 2026,94.04,93.73,
E54000051,NHS Humber and North Yorkshire Integrated Care Board,Persons,450.0,,,CVDP006CKD,"Patients with GP recorded CKD (G3a to G5), with a record of an eGFR test in the preceding 12 months.",CKD: Monitoring with eGFR (CVDP006CKD),85.84,Asian,Ethnicity,0,400.0,To March 2026,91.59,89.09,
E54000051,NHS Humber and North Yorkshire Integrated Care Board,Persons,295.0,,,CVDP006CKD,"Patients with GP recorded CKD (G3a to G5), with a record of an eGFR test in the preceding 12 months.",CKD: Monitoring with eGFR (CVDP006CKD),87.25,Black,Ethnicity,0,270.0,To March 2026,93.62,90.85,
E54000051,NHS Humber and North Yorkshire Integrated Care Board,Persons,2550.0,,,CVDP006CKD,"Patients with GP recorded CKD (G3a to G5), with a record of an eGFR test in the preceding 12 months.",CKD: Monitoring with eGFR (CVDP006CKD),90.09,Missing,Ethnicity,0,2330.0,To March 2026,92.29,91.26,
E54000051,NHS Humber and North Yorkshire Integrated Care Board,Persons,160.0,,,CVDP006CKD,"Patients with GP recorded CKD (G3a to G5), with a record of an eGFR test in the preceding 12 months.",CKD: Monitoring with eGFR (CVDP006CKD),80.37,Mixed,Ethnicity,0,140.0,To March 2026,90.8,86.25,
E54000051,NHS Humber and North Yorkshire Integrated Care Board,Persons,2275.0,,,CVDP006CKD,"Patients with GP recorded CKD (G3a to G5), with a record of an eGFR test in the preceding 12 months.",CKD: Monitoring with eGFR (CVDP006CKD),90.96,Not stated,Ethnicity,0,2100.0,To March 2026,93.16,92.14,
E54000051,NHS Humber and North Yorkshire Integrated Care Board,Persons,140.0,,,CVDP006CKD,"Patients with GP recorded CKD (G3a to G5), with a record of an eGFR test in the preceding 12 months.",CKD: Monitoring with eGFR (CVDP006CKD),89.58,Other,Ethnicity,0,135.0,To March 2026,97.22,94.33,
E54000051,NHS Humber and North Yorkshire Integrated Care Board,Persons,75390.0,,,CVDP006CKD,"Patients with GP recorded CKD (G3a to G5), with a record of an eGFR test in the preceding 12 months.",CKD: Monitoring with eGFR (CVDP006CKD),92.79,White,Ethnicity,0,70090.0,To March 2026,93.15,92.97,
E54000051,NHS Humber and North Yorkshire Integrated Care Board,Persons,80045.0,,,CVDP006CKD,"Patients with GP recorded CKD (G3a to G5), with a record of an eGFR test in the preceding 12 months.",CKD: Monitoring with eGFR (CVDP006CKD),92.69,People without SMI,Mental Health,0,74335.0,To March 2026,93.04,92.87,
E54000051,NHS Humber and North Yorkshire Integrated Care Board,Persons,1215.0,,,CVDP006CKD,"Patients with GP recorded CKD (G3a to G5), with a record of an eGFR test in the preceding 12 months.",CKD: Monitoring with eGFR (CVDP006CKD),90.63,People with SMI,Mental Health,0,1120.0,To March 2026,93.59,92.26,
E54000051,NHS Humber and North Yorkshire Integrated Care Board,Persons,80915.0,,,CVDP006CKD,"Patients with GP recorded CKD (G3a to G5), with a record of an eGFR test in the preceding 12 months.",CKD: Monitoring with eGFR (CVDP006CKD),92.69,People without a diagnosed learning disability,Learning Disability,0,75145.0,To March 2026,93.04,92.87,
E54000051,NHS Humber and North Yorkshire Integrated Care Board,Persons,345.0,,,CVDP006CKD,"Patients with GP recorded CKD (G3a to G5), with a record of an eGFR test in the preceding 12 months.",CKD: Monitoring with eGFR (CVDP006CKD),87.32,People with a diagnosed learning disability,Learning Disability,0,310.0,To March 2026,93.37,90.7,
E54000032,NHS Kent and Medway Integrated Care Board,Persons,85610.0,,,CVDP006CKD,"Patients with GP recorded CKD (G3a to G5), with a record of an eGFR test in the preceding 12 months.",CKD: Monitoring with eGFR (CVDP006CKD),89.03,Persons,Sex,0,76395.0,To March 2026,89.44,89.23,
E54000032,NHS Kent and Medway Integrated Care Board,Female,49455.0,,,CVDP006CKD,"Patients with GP recorded CKD (G3a to G5), with a record of an eGFR test in the preceding 12 months.",CKD: Monitoring with eGFR (CVDP006CKD),88.33,Female,Sex,0,43825.0,To March 2026,88.89,88.61,
E54000032,NHS Kent and Medway Integrated Care Board,Male,36155.0,,,CVDP006CKD,"Patients with GP recorded CKD (G3a to G5), with a record of an eGFR test in the preceding 12 months.",CKD: Monitoring with eGFR (CVDP006CKD),89.77,Male,Sex,0,32570.0,To March 2026,90.39,90.09,
E54000032,NHS Kent and Medway Integrated Care Board,Male,330.0,,,CVDP006CKD,"Patients with GP recorded CKD (G3a to G5), with a record of an eGFR test in the preceding 12 months.",CKD: Monitoring with eGFR (CVDP006CKD),71.6,18-39,Age group,0,250.0,To March 2026,80.66,76.52,
E54000032,NHS Kent and Medway Integrated Care Board,Female,330.0,,,CVDP006CKD,"Patients with GP recorded CKD (G3a to G5), with a record of an eGFR test in the preceding 12 months.",CKD: Monitoring with eGFR (CVDP006CKD),71.64,18-39,Age group,0,255.0,To March 2026,80.6,76.51,
E54000032,NHS Kent and Medway Integrated Care Board,Persons,660.0,,,CVDP006CKD,"Patients with GP recorded CKD (G3a to G5), with a record of an eGFR test in the preceding 12 months.",CKD: Monitoring with eGFR (CVDP006CKD),73.15,18-39,Age group,0,505.0,To March 2026,79.49,76.52,
E54000032,NHS Kent and Medway Integrated Care Board,Male,3045.0,,,CVDP006CKD,"Patients with GP recorded CKD (G3a to G5), with a record of an eGFR test in the preceding 12 months.",CKD: Monitoring with eGFR (CVDP006CKD),80.52,40-59,Age group,0,2495.0,To March 2026,83.24,81.91,
E54000032,NHS Kent and Medway Integrated Care Board,Female,4040.0,,,CVDP006CKD,"Patients with GP recorded CKD (G3a to G5), with a record of an eGFR test in the preceding 12 months.",CKD: Monitoring with eGFR (CVDP006CKD),85.08,40-59,Age group,0,3480.0,To March 2026,87.21,86.18,
E54000032,NHS Kent and Medway Integrated Care Board,Persons,7085.0,,,CVDP006CKD,"Patients with GP recorded CKD (G3a to G5), with a record of an eGFR test in the preceding 12 months.",CKD: Monitoring with eGFR (CVDP006CKD),83.49,40-59,Age group,0,5975.0,To March 2026,85.17,84.35,
E54000032,NHS Kent and Medway Integrated Care Board,Male,17735.0,,,CVDP006CKD,"Patients with GP recorded CKD (G3a to G5), with a record of an eGFR test in the preceding 12 months.",CKD: Monitoring with eGFR (CVDP006CKD),89.87,60-79,Age group,0,16020.0,To March 2026,90.74,90.31,
E54000032,NHS Kent and Medway Integrated Care Board,Female,22265.0,,,CVDP006CKD,"Patients with GP recorded CKD (G3a to G5), with a record of an eGFR test in the preceding 12 months.",CKD: Monitoring with eGFR (CVDP006CKD),88.23,60-79,Age group,0,19735.0,To March 2026,89.06,88.65,
E54000032,NHS Kent and Medway Integrated Care Board,Persons,40000.0,,,CVDP006CKD,"Patients with GP recorded CKD (G3a to G5), with a record of an eGFR test in the preceding 12 months.",CKD: Monitoring with eGFR (CVDP006CKD),89.09,60-79,Age group,0,35755.0,To March 2026,89.69,89.39,
E54000032,NHS Kent and Medway Integrated Care Board,Male,15045.0,,,CVDP006CKD,"Patients with GP recorded CKD (G3a to G5), with a record of an eGFR test in the preceding 12 months.",CKD: Monitoring with eGFR (CVDP006CKD),91.32,80+,Age group,0,13805.0,To March 2026,92.2,91.77,
E54000032,NHS Kent and Medway Integrated Care Board,Female,22820.0,,,CVDP006CKD,"Patients with GP recorded CKD (G3a to G5), with a record of an eGFR test in the preceding 12 months.",CKD: Monitoring with eGFR (CVDP006CKD),88.77,80+,Age group,0,20350.0,To March 2026,89.57,89.18,
E54000032,NHS Kent and Medway Integrated Care Board,Persons,37865.0,,,CVDP006CKD,"Patients with GP recorded CKD (G3a to G5), with a record of an eGFR test in the preceding 12 months.",CKD: Monitoring with eGFR (CVDP006CKD),89.9,80+,Age group,0,34155.0,To March 2026,90.5,90.21,
E54000032,NHS Kent and Medway Integrated Care Board,Persons,11625.0,,,CVDP006CKD,"Patients with GP recorded CKD (G3a to G5), with a record of an eGFR test in the preceding 12 months.",CKD: Monitoring with eGFR (CVDP006CKD),87.1,1 - most deprived,Deprivation quintile,0,10195.0,To March 2026,88.29,87.71,
E54000032,NHS Kent and Medway Integrated Care Board,Persons,16905.0,,,CVDP006CKD,"Patients with GP recorded CKD (G3a to G5), with a record of an eGFR test in the preceding 12 months.",CKD: Monitoring with eGFR (CVDP006CKD),88.38,2,Deprivation quintile,0,15025.0,To March 2026,89.33,88.87,
E54000032,NHS Kent and Medway Integrated Care Board,Persons,20415.0,,,CVDP006CKD,"Patients with GP recorded CKD (G3a to G5), with a record of an eGFR test in the preceding 12 months.",CKD: Monitoring with eGFR (CVDP006CKD),89.36,3,Deprivation quintile,0,18325.0,To March 2026,90.18,89.78,
E54000032,NHS Kent and Medway Integrated Care Board,Persons,20930.0,,,CVDP006CKD,"Patients with GP recorded CKD (G3a to G5), with a record of an eGFR test in the preceding 12 months.",CKD: Monitoring with eGFR (CVDP006CKD),89.36,4,Deprivation quintile,0,18790.0,To March 2026,90.17,89.77,
E54000032,NHS Kent and Medway Integrated Care Board,Persons,15590.0,,,CVDP006CKD,"Patients with GP recorded CKD (G3a to G5), with a record of an eGFR test in the preceding 12 months.",CKD: Monitoring with eGFR (CVDP006CKD),88.82,5 - least deprived,Deprivation quintile,0,13925.0,To March 2026,89.78,89.31,
E54000032,NHS Kent and Medway Integrated Care Board,Persons,1945.0,,,CVDP006CKD,"Patients with GP recorded CKD (G3a to G5), with a record of an eGFR test in the preceding 12 months.",CKD: Monitoring with eGFR (CVDP006CKD),86.54,Asian,Ethnicity,0,1710.0,To March 2026,89.42,88.07,
E54000032,NHS Kent and Medway Integrated Care Board,Persons,2080.0,,,CVDP006CKD,"Patients with GP recorded CKD (G3a to G5), with a record of an eGFR test in the preceding 12 months.",CKD: Monitoring with eGFR (CVDP006CKD),82.77,Black,Ethnicity,0,1755.0,To March 2026,85.89,84.38,
E54000032,NHS Kent and Medway Integrated Care Board,Persons,1085.0,,,CVDP006CKD,"Patients with GP recorded CKD (G3a to G5), with a record of an eGFR test in the preceding 12 months.",CKD: Monitoring with eGFR (CVDP006CKD),78.75,Missing,Ethnicity,0,880.0,To March 2026,83.35,81.18,
E54000032,NHS Kent and Medway Integrated Care Board,Persons,545.0,,,CVDP006CKD,"Patients with GP recorded CKD (G3a to G5), with a record of an eGFR test in the preceding 12 months.",CKD: Monitoring with eGFR (CVDP006CKD),82.33,Mixed,Ethnicity,0,465.0,To March 2026,88.16,85.53,
E54000032,NHS Kent and Medway Integrated Care Board,Persons,2255.0,,,CVDP006CKD,"Patients with GP recorded CKD (G3a to G5), with a record of an eGFR test in the preceding 12 months.",CKD: Monitoring with eGFR (CVDP006CKD),81.7,Not stated,Ethnicity,0,1875.0,To March 2026,84.76,83.27,
E54000032,NHS Kent and Medway Integrated Care Board,Persons,310.0,,,CVDP006CKD,"Patients with GP recorded CKD (G3a to G5), with a record of an eGFR test in the preceding 12 months.",CKD: Monitoring with eGFR (CVDP006CKD),86.86,Other,Ethnicity,0,280.0,To March 2026,93.27,90.61,
E54000032,NHS Kent and Medway Integrated Care Board,Persons,77390.0,,,CVDP006CKD,"Patients with GP recorded CKD (G3a to G5), with a record of an eGFR test in the preceding 12 months.",CKD: Monitoring with eGFR (CVDP006CKD),89.49,White,Ethnicity,0,69420.0,To March 2026,89.91,89.7,
E54000032,NHS Kent and Medway Integrated Care Board,Persons,84190.0,,,CVDP006CKD,"Patients with GP recorded CKD (G3a to G5), with a record of an eGFR test in the preceding 12 months.",CKD: Monitoring with eGFR (CVDP006CKD),88.96,People without SMI,Mental Health,0,75075.0,To March 2026,89.38,89.17,
E54000032,NHS Kent and Medway Integrated Care Board,Persons,1420.0,,,CVDP006CKD,"Patients with GP recorded CKD (G3a to G5), with a record of an eGFR test in the preceding 12 months.",CKD: Monitoring with eGFR (CVDP006CKD),91.42,People with SMI,Mental Health,0,1320.0,To March 2026,94.09,92.88,
E54000032,NHS Kent and Medway Integrated Care Board,Persons,85200.0,,,CVDP006CKD,"Patients with GP recorded CKD (G3a to G5), with a record of an eGFR test in the preceding 12 months.",CKD: Monitoring with eGFR (CVDP006CKD),89.02,People without a diagnosed learning disability,Learning Disability,0,76025.0,To March 2026,89.44,89.23,
E54000032,NHS Kent and Medway Integrated Care Board,Persons,405.0,,,CVDP006CKD,"Patients with GP recorded CKD (G3a to G5), with a record of an eGFR test in the preceding 12 months.",CKD: Monitoring with eGFR (CVDP006CKD),86.59,People with a diagnosed learning disability,Learning Disability,0,365.0,To March 2026,92.44,89.93,
E54000048,NHS Lancashire and South Cumbria Integrated Care Board,Persons,72445.0,,,CVDP006CKD,"Patients with GP recorded CKD (G3a to G5), with a record of an eGFR test in the preceding 12 months.",CKD: Monitoring with eGFR (CVDP006CKD),91.99,Persons,Sex,0,66785.0,To March 2026,92.38,92.19,
E54000048,NHS Lancashire and South Cumbria Integrated Care Board,Female,40615.0,,,CVDP006CKD,"Patients with GP recorded CKD (G3a to G5), with a record of an eGFR test in the preceding 12 months.",CKD: Monitoring with eGFR (CVDP006CKD),91.4,Female,Sex,0,37235.0,To March 2026,91.94,91.67,
E54000048,NHS Lancashire and South Cumbria Integrated Care Board,Male,31830.0,,,CVDP006CKD,"Patients with GP recorded CKD (G3a to G5), with a record of an eGFR test in the preceding 12 months.",CKD: Monitoring with eGFR (CVDP006CKD),92.56,Male,Sex,0,29555.0,To March 2026,93.13,92.85,
E54000048,NHS Lancashire and South Cumbria Integrated Care Board,Male,230.0,,,CVDP006CKD,"Patients with GP recorded CKD (G3a to G5), with a record of an eGFR test in the preceding 12 months.",CKD: Monitoring with eGFR (CVDP006CKD),64.81,18-39,Age group,0,165.0,To March 2026,76.39,70.87,
E54000048,NHS Lancashire and South Cumbria Integrated Care Board,Female,235.0,,,CVDP006CKD,"Patients with GP recorded CKD (G3a to G5), with a record of an eGFR test in the preceding 12 months.",CKD: Monitoring with eGFR (CVDP006CKD),71.13,18-39,Age group,0,180.0,To March 2026,81.59,76.69,
E54000048,NHS Lancashire and South Cumbria Integrated Care Board,Persons,465.0,,,CVDP006CKD,"Patients with GP recorded CKD (G3a to G5), with a record of an eGFR test in the preceding 12 months.",CKD: Monitoring with eGFR (CVDP006CKD),69.72,18-39,Age group,0,345.0,To March 2026,77.61,73.82,
E54000048,NHS Lancashire and South Cumbria Integrated Care Board,Male,1835.0,,,CVDP006CKD,"Patients with GP recorded CKD (G3a to G5), with a record of an eGFR test in the preceding 12 months.",CKD: Monitoring with eGFR (CVDP006CKD),81.73,40-59,Age group,0,1535.0,To March 2026,85.1,83.5,
E54000048,NHS Lancashire and South Cumbria Integrated Care Board,Female,2120.0,,,CVDP006CKD,"Patients with GP recorded CKD (G3a to G5), with a record of an eGFR test in the preceding 12 months.",CKD: Monitoring with eGFR (CVDP006CKD),83.48,40-59,Age group,0,1805.0,To March 2026,86.49,85.06,
E54000048,NHS Lancashire and South Cumbria Integrated Care Board,Persons,3960.0,,,CVDP006CKD,"Patients with GP recorded CKD (G3a to G5), with a record of an eGFR test in the preceding 12 months.",CKD: Monitoring with eGFR (CVDP006CKD),83.19,40-59,Age group,0,3340.0,To March 2026,85.43,84.34,
E54000048,NHS Lancashire and South Cumbria Integrated Care Board,Male,15660.0,,,CVDP006CKD,"Patients with GP recorded CKD (G3a to G5), with a record of an eGFR test in the preceding 12 months.",CKD: Monitoring with eGFR (CVDP006CKD),92.64,60-79,Age group,0,14570.0,To March 2026,93.43,93.05,
E54000048,NHS Lancashire and South Cumbria Integrated Care Board,Female,17625.0,,,CVDP006CKD,"Patients with GP recorded CKD (G3a to G5), with a record of an eGFR test in the preceding 12 months.",CKD: Monitoring with eGFR (CVDP006CKD),91.57,60-79,Age group,0,16210.0,To March 2026,92.37,91.98,
E54000048,NHS Lancashire and South Cumbria Integrated Care Board,Persons,33285.0,,,CVDP006CKD,"Patients with GP recorded CKD (G3a to G5), with a record of an eGFR test in the preceding 12 months.",CKD: Monitoring with eGFR (CVDP006CKD),92.19,60-79,Age group,0,30780.0,To March 2026,92.76,92.48,
E54000048,NHS Lancashire and South Cumbria Integrated Care Board,Male,14105.0,,,CVDP006CKD,"Patients with GP recorded CKD (G3a to G5), with a record of an eGFR test in the preceding 12 months.",CKD: Monitoring with eGFR (CVDP006CKD),93.82,80+,Age group,0,13285.0,To March 2026,94.58,94.21,
E54000048,NHS Lancashire and South Cumbria Integrated Care Board,Female,20630.0,,,CVDP006CKD,"Patients with GP recorded CKD (G3a to G5), with a record of an eGFR test in the preceding 12 months.",CKD: Monitoring with eGFR (CVDP006CKD),91.89,80+,Age group,0,19035.0,To March 2026,92.62,92.26,
E54000048,NHS Lancashire and South Cumbria Integrated Care Board,Persons,34735.0,,,CVDP006CKD,"Patients with GP recorded CKD (G3a to G5), with a record of an eGFR test in the preceding 12 months.",CKD: Monitoring with eGFR (CVDP006CKD),92.79,80+,Age group,0,32320.0,To March 2026,93.32,93.06,
E54000048,NHS Lancashire and South Cumbria Integrated Care Board,Persons,17105.0,,,CVDP006CKD,"Patients with GP recorded CKD (G3a to G5), with a record of an eGFR test in the preceding 12 months.",CKD: Monitoring with eGFR (CVDP006CKD),90.57,1 - most deprived,Deprivation quintile,0,15565.0,To March 2026,91.42,91.0,
E54000048,NHS Lancashire and South Cumbria Integrated Care Board,Persons,14195.0,,,CVDP006CKD,"Patients with GP recorded CKD (G3a to G5), with a record of an eGFR test in the preceding 12 months.",CKD: Monitoring with eGFR (CVDP006CKD),91.63,2,Deprivation quintile,0,13070.0,To March 2026,92.51,92.08,
E54000048,NHS Lancashire and South Cumbria Integrated Care Board,Persons,12065.0,,,CVDP006CKD,"Patients with GP recorded CKD (G3a to G5), with a record of an eGFR test in the preceding 12 months.",CKD: Monitoring with eGFR (CVDP006CKD),92.3,3,Deprivation quintile,0,11190.0,To March 2026,93.22,92.77,
E54000048,NHS Lancashire and South Cumbria Integrated Care Board,Persons,16860.0,,,CVDP006CKD,"Patients with GP recorded CKD (G3a to G5), with a record of an eGFR test in the preceding 12 months.",CKD: Monitoring with eGFR (CVDP006CKD),92.56,4,Deprivation quintile,0,15670.0,To March 2026,93.33,92.96,
E54000048,NHS Lancashire and South Cumbria Integrated Care Board,Persons,12735.0,,,CVDP006CKD,"Patients with GP recorded CKD (G3a to G5), with a record of an eGFR test in the preceding 12 months.",CKD: Monitoring with eGFR (CVDP006CKD),91.9,5 - least deprived,Deprivation quintile,0,11765.0,To March 2026,92.82,92.37,
E54000048,NHS Lancashire and South Cumbria Integrated Care Board,Persons,2990.0,,,CVDP006CKD,"Patients with GP recorded CKD (G3a to G5), with a record of an eGFR test in the preceding 12 months.",CKD: Monitoring with eGFR (CVDP006CKD),89.65,Asian,Ethnicity,0,2715.0,To March 2026,91.72,90.74,
E54000048,NHS Lancashire and South Cumbria Integrated Care Board,Persons,435.0,,,CVDP006CKD,"Patients with GP recorded CKD (G3a to G5), with a record of an eGFR test in the preceding 12 months.",CKD: Monitoring with eGFR (CVDP006CKD),82.27,Black,Ethnicity,0,375.0,To March 2026,88.64,85.81,
E54000048,NHS Lancashire and South Cumbria Integrated Care Board,Persons,305.0,,,CVDP006CKD,"Patients with GP recorded CKD (G3a to G5), with a record of an eGFR test in the preceding 12 months.",CKD: Monitoring with eGFR (CVDP006CKD),80.19,Missing,Ethnicity,0,260.0,To March 2026,87.99,84.59,
E54000048,NHS Lancashire and South Cumbria Integrated Care Board,Persons,220.0,,,CVDP006CKD,"Patients with GP recorded CKD (G3a to G5), with a record of an eGFR test in the preceding 12 months.",CKD: Monitoring with eGFR (CVDP006CKD),83.04,Mixed,Ethnicity,0,195.0,To March 2026,91.52,87.78,
E54000048,NHS Lancashire and South Cumbria Integrated Care Board,Persons,700.0,,,CVDP006CKD,"Patients with GP recorded CKD (G3a to G5), with a record of an eGFR test in the preceding 12 months.",CKD: Monitoring with eGFR (CVDP006CKD),84.09,Not stated,Ethnicity,0,610.0,To March 2026,89.06,86.73,
E54000048,NHS Lancashire and South Cumbria Integrated Care Board,Persons,1265.0,,,CVDP006CKD,"Patients with GP recorded CKD (G3a to G5), with a record of an eGFR test in the preceding 12 months.",CKD: Monitoring with eGFR (CVDP006CKD),84.32,Other,Ethnicity,0,1095.0,To March 2026,88.1,86.33,
E54000048,NHS Lancashire and South Cumbria Integrated Care Board,Persons,66520.0,,,CVDP006CKD,"Patients with GP recorded CKD (G3a to G5), with a record of an eGFR test in the preceding 12 months.",CKD: Monitoring with eGFR (CVDP006CKD),92.31,White,Ethnicity,0,61545.0,To March 2026,92.71,92.52,
E54000048,NHS Lancashire and South Cumbria Integrated Care Board,Persons,71015.0,,,CVDP006CKD,"Patients with GP recorded CKD (G3a to G5), with a record of an eGFR test in the preceding 12 months.",CKD: Monitoring with eGFR (CVDP006CKD),91.99,People without SMI,Mental Health,0,65465.0,To March 2026,92.38,92.19,
E54000048,NHS Lancashire and South Cumbria Integrated Care Board,Persons,1430.0,,,CVDP006CKD,"Patients with GP recorded CKD (G3a to G5), with a record of an eGFR test in the preceding 12 months.",CKD: Monitoring with eGFR (CVDP006CKD),91.0,People with SMI,Mental Health,0,1320.0,To March 2026,93.72,92.45,
E54000048,NHS Lancashire and South Cumbria Integrated Care Board,Persons,72140.0,,,CVDP006CKD,"Patients with GP recorded CKD (G3a to G5), with a record of an eGFR test in the preceding 12 months.",CKD: Monitoring with eGFR (CVDP006CKD),92.0,People without a diagnosed learning disability,Learning Disability,0,66515.0,To March 2026,92.39,92.2,
E54000048,NHS Lancashire and South Cumbria Integrated Care Board,Persons,300.0,,,CVDP006CKD,"Patients with GP recorded CKD (G3a to G5), with a record of an eGFR test in the preceding 12 months.",CKD: Monitoring with eGFR (CVDP006CKD),86.56,People with a diagnosed learning disability,Learning Disability,0,275.0,To March 2026,93.11,90.4,
E54000015,"NHS Leicester, Leicestershire and Rutland Integrated Care Board",Persons,53570.0,,,CVDP006CKD,"Patients with GP recorded CKD (G3a to G5), with a record of an eGFR test in the preceding 12 months.",CKD: Monitoring with eGFR (CVDP006CKD),94.19,Persons,Sex,0,50565.0,To March 2026,94.58,94.39,
E54000015,"NHS Leicester, Leicestershire and Rutland Integrated Care Board",Female,29805.0,,,CVDP006CKD,"Patients with GP recorded CKD (G3a to G5), with a record of an eGFR test in the preceding 12 months.",CKD: Monitoring with eGFR (CVDP006CKD),93.61,Female,Sex,0,27980.0,To March 2026,94.15,93.88,
E54000015,"NHS Leicester, Leicestershire and Rutland Integrated Care Board",Male,23765.0,,,CVDP006CKD,"Patients with GP recorded CKD (G3a to G5), with a record of an eGFR test in the preceding 12 months.",CKD: Monitoring with eGFR (CVDP006CKD),94.74,Male,Sex,0,22585.0,To March 2026,95.29,95.02,
E54000015,"NHS Leicester, Leicestershire and Rutland Integrated Care Board",Male,190.0,,,CVDP006CKD,"Patients with GP recorded CKD (G3a to G5), with a record of an eGFR test in the preceding 12 months.",CKD: Monitoring with eGFR (CVDP006CKD),72.31,18-39,Age group,0,150.0,To March 2026,83.59,78.65,
E54000015,"NHS Leicester, Leicestershire and Rutland Integrated Care Board",Female,160.0,,,CVDP006CKD,"Patients with GP recorded CKD (G3a to G5), with a record of an eGFR test in the preceding 12 months.",CKD: Monitoring with eGFR (CVDP006CKD),68.32,18-39,Age group,0,120.0,To March 2026,81.37,75.32,
E54000015,"NHS Leicester, Leicestershire and Rutland Integrated Care Board",Persons,350.0,,,CVDP006CKD,"Patients with GP recorded CKD (G3a to G5), with a record of an eGFR test in the preceding 12 months.",CKD: Monitoring with eGFR (CVDP006CKD),72.52,18-39,Age group,0,270.0,To March 2026,81.02,77.14,
E54000015,"NHS Leicester, Leicestershire and Rutland Integrated Care Board",Male,1580.0,,,CVDP006CKD,"Patients with GP recorded CKD (G3a to G5), with a record of an eGFR test in the preceding 12 months.",CKD: Monitoring with eGFR (CVDP006CKD),87.43,40-59,Age group,0,1405.0,To March 2026,90.46,89.05,
E54000015,"NHS Leicester, Leicestershire and Rutland Integrated Care Board",Female,1750.0,,,CVDP006CKD,"Patients with GP recorded CKD (G3a to G5), with a record of an eGFR test in the preceding 12 months.",CKD: Monitoring with eGFR (CVDP006CKD),88.72,40-59,Age group,0,1580.0,To March 2026,91.45,90.18,
E54000015,"NHS Leicester, Leicestershire and Rutland Integrated Care Board",Persons,3330.0,,,CVDP006CKD,"Patients with GP recorded CKD (G3a to G5), with a record of an eGFR test in the preceding 12 months.",CKD: Monitoring with eGFR (CVDP006CKD),88.58,40-59,Age group,0,2985.0,To March 2026,90.64,89.65,
E54000015,"NHS Leicester, Leicestershire and Rutland Integrated Care Board",Male,11985.0,,,CVDP006CKD,"Patients with GP recorded CKD (G3a to G5), with a record of an eGFR test in the preceding 12 months.",CKD: Monitoring with eGFR (CVDP006CKD),94.97,60-79,Age group,0,11430.0,To March 2026,95.72,95.36,
E54000015,"NHS Leicester, Leicestershire and Rutland Integrated Care Board",Female,13615.0,,,CVDP006CKD,"Patients with GP recorded CKD (G3a to G5), with a record of an eGFR test in the preceding 12 months.",CKD: Monitoring with eGFR (CVDP006CKD),93.85,60-79,Age group,0,12830.0,To March 2026,94.62,94.25,
E54000015,"NHS Leicester, Leicestershire and Rutland Integrated Care Board",Persons,25600.0,,,CVDP006CKD,"Patients with GP recorded CKD (G3a to G5), with a record of an eGFR test in the preceding 12 months.",CKD: Monitoring with eGFR (CVDP006CKD),94.49,60-79,Age group,0,24260.0,To March 2026,95.04,94.77,
E54000015,"NHS Leicester, Leicestershire and Rutland Integrated Care Board",Male,10010.0,,,CVDP006CKD,"Patients with GP recorded CKD (G3a to G5), with a record of an eGFR test in the preceding 12 months.",CKD: Monitoring with eGFR (CVDP006CKD),95.47,80+,Age group,0,9600.0,To March 2026,96.25,95.87,
E54000015,"NHS Leicester, Leicestershire and Rutland Integrated Care Board",Female,14280.0,,,CVDP006CKD,"Patients with GP recorded CKD (G3a to G5), with a record of an eGFR test in the preceding 12 months.",CKD: Monitoring with eGFR (CVDP006CKD),93.8,80+,Age group,0,13450.0,To March 2026,94.57,94.19,
E54000015,"NHS Leicester, Leicestershire and Rutland Integrated Care Board",Persons,24290.0,,,CVDP006CKD,"Patients with GP recorded CKD (G3a to G5), with a record of an eGFR test in the preceding 12 months.",CKD: Monitoring with eGFR (CVDP006CKD),94.6,80+,Age group,0,23050.0,To March 2026,95.15,94.89,
E54000015,"NHS Leicester, Leicestershire and Rutland Integrated Care Board",Persons,5635.0,,,CVDP006CKD,"Patients with GP recorded CKD (G3a to G5), with a record of an eGFR test in the preceding 12 months.",CKD: Monitoring with eGFR (CVDP006CKD),93.93,1 - most deprived,Deprivation quintile,0,5330.0,To March 2026,95.1,94.55,
E54000015,"NHS Leicester, Leicestershire and Rutland Integrated Care Board",Persons,8665.0,,,CVDP006CKD,"Patients with GP recorded CKD (G3a to G5), with a record of an eGFR test in the preceding 12 months.",CKD: Monitoring with eGFR (CVDP006CKD),93.77,2,Deprivation quintile,0,8170.0,To March 2026,94.74,94.28,
E54000015,"NHS Leicester, Leicestershire and Rutland Integrated Care Board",Persons,9365.0,,,CVDP006CKD,"Patients with GP recorded CKD (G3a to G5), with a record of an eGFR test in the preceding 12 months.",CKD: Monitoring with eGFR (CVDP006CKD),93.92,3,Deprivation quintile,0,8840.0,To March 2026,94.85,94.4,
E54000015,"NHS Leicester, Leicestershire and Rutland Integrated Care Board",Persons,14470.0,,,CVDP006CKD,"Patients with GP recorded CKD (G3a to G5), with a record of an eGFR test in the preceding 12 months.",CKD: Monitoring with eGFR (CVDP006CKD),93.92,4,Deprivation quintile,0,13645.0,To March 2026,94.67,94.31,
E54000015,"NHS Leicester, Leicestershire and Rutland Integrated Care Board",Persons,15765.0,,,CVDP006CKD,"Patients with GP recorded CKD (G3a to G5), with a record of an eGFR test in the preceding 12 months.",CKD: Monitoring with eGFR (CVDP006CKD),94.28,5 - least deprived,Deprivation quintile,0,14920.0,To March 2026,94.98,94.64,
E54000015,"NHS Leicester, Leicestershire and Rutland Integrated Care Board",Persons,8685.0,,,CVDP006CKD,"Patients with GP recorded CKD (G3a to G5), with a record of an eGFR test in the preceding 12 months.",CKD: Monitoring with eGFR (CVDP006CKD),94.91,Asian,Ethnicity,0,8280.0,To March 2026,95.79,95.37,
E54000015,"NHS Leicester, Leicestershire and Rutland Integrated Care Board",Persons,1240.0,,,CVDP006CKD,"Patients with GP recorded CKD (G3a to G5), with a record of an eGFR test in the preceding 12 months.",CKD: Monitoring with eGFR (CVDP006CKD),88.34,Black,Ethnicity,0,1120.0,To March 2026,91.64,90.09,
E54000015,"NHS Leicester, Leicestershire and Rutland Integrated Care Board",Persons,545.0,,,CVDP006CKD,"Patients with GP recorded CKD (G3a to G5), with a record of an eGFR test in the preceding 12 months.",CKD: Monitoring with eGFR (CVDP006CKD),87.45,Missing,Ethnicity,0,495.0,To March 2026,92.36,90.13,
E54000015,"NHS Leicester, Leicestershire and Rutland Integrated Care Board",Persons,390.0,,,CVDP006CKD,"Patients with GP recorded CKD (G3a to G5), with a record of an eGFR test in the preceding 12 months.",CKD: Monitoring with eGFR (CVDP006CKD),89.26,Mixed,Ethnicity,0,360.0,To March 2026,94.37,92.27,
E54000015,"NHS Leicester, Leicestershire and Rutland Integrated Care Board",Persons,890.0,,,CVDP006CKD,"Patients with GP recorded CKD (G3a to G5), with a record of an eGFR test in the preceding 12 months.",CKD: Monitoring with eGFR (CVDP006CKD),89.39,Not stated,Ethnicity,0,815.0,To March 2026,93.07,91.37,
E54000015,"NHS Leicester, Leicestershire and Rutland Integrated Care Board",Persons,190.0,,,CVDP006CKD,"Patients with GP recorded CKD (G3a to G5), with a record of an eGFR test in the preceding 12 months.",CKD: Monitoring with eGFR (CVDP006CKD),89.18,Other,Ethnicity,0,180.0,To March 2026,95.88,93.19,
E54000015,"NHS Leicester, Leicestershire and Rutland Integrated Care Board",Persons,41630.0,,,CVDP006CKD,"Patients with GP recorded CKD (G3a to G5), with a record of an eGFR test in the preceding 12 months.",CKD: Monitoring with eGFR (CVDP006CKD),94.24,White,Ethnicity,0,39320.0,To March 2026,94.67,94.46,
E54000015,"NHS Leicester, Leicestershire and Rutland Integrated Care Board",Persons,52490.0,,,CVDP006CKD,"Patients with GP recorded CKD (G3a to G5), with a record of an eGFR test in the preceding 12 months.",CKD: Monitoring with eGFR (CVDP006CKD),94.16,People without SMI,Mental Health,0,49525.0,To March 2026,94.55,94.36,
E54000015,"NHS Leicester, Leicestershire and Rutland Integrated Care Board",Persons,1085.0,,,CVDP006CKD,"Patients with GP recorded CKD (G3a to G5), with a record of an eGFR test in the preceding 12 months.",CKD: Monitoring with eGFR (CVDP006CKD),94.48,People with SMI,Mental Health,0,1040.0,To March 2026,96.87,95.84,
E54000015,"NHS Leicester, Leicestershire and Rutland Integrated Care Board",Persons,53350.0,,,CVDP006CKD,"Patients with GP recorded CKD (G3a to G5), with a record of an eGFR test in the preceding 12 months.",CKD: Monitoring with eGFR (CVDP006CKD),94.19,People without a diagnosed learning disability,Learning Disability,0,50360.0,To March 2026,94.58,94.39,
E54000015,"NHS Leicester, Leicestershire and Rutland Integrated Care Board",Persons,220.0,,,CVDP006CKD,"Patients with GP recorded CKD (G3a to G5), with a record of an eGFR test in the preceding 12 months.",CKD: Monitoring with eGFR (CVDP006CKD),90.99,People with a diagnosed learning disability,Learning Disability,0,205.0,To March 2026,96.85,94.52,
E54000013,NHS Lincolnshire Integrated Care Board,Persons,52420.0,,,CVDP006CKD,"Patients with GP recorded CKD (G3a to G5), with a record of an eGFR test in the preceding 12 months.",CKD: Monitoring with eGFR (CVDP006CKD),93.84,Persons,Sex,0,49295.0,To March 2026,94.24,94.04,
E54000013,NHS Lincolnshire Integrated Care Board,Female,29105.0,,,CVDP006CKD,"Patients with GP recorded CKD (G3a to G5), with a record of an eGFR test in the preceding 12 months.",CKD: Monitoring with eGFR (CVDP006CKD),93.14,Female,Sex,0,27190.0,To March 2026,93.7,93.42,
E54000013,NHS Lincolnshire Integrated Care Board,Male,23315.0,,,CVDP006CKD,"Patients with GP recorded CKD (G3a to G5), with a record of an eGFR test in the preceding 12 months.",CKD: Monitoring with eGFR (CVDP006CKD),94.53,Male,Sex,0,22105.0,To March 2026,95.09,94.82,
E54000013,NHS Lincolnshire Integrated Care Board,Male,140.0,,,CVDP006CKD,"Patients with GP recorded CKD (G3a to G5), with a record of an eGFR test in the preceding 12 months.",CKD: Monitoring with eGFR (CVDP006CKD),70.34,18-39,Age group,0,110.0,To March 2026,83.45,77.46,
E54000013,NHS Lincolnshire Integrated Care Board,Female,110.0,,,CVDP006CKD,"Patients with GP recorded CKD (G3a to G5), with a record of an eGFR test in the preceding 12 months.",CKD: Monitoring with eGFR (CVDP006CKD),81.58,18-39,Age group,0,100.0,To March 2026,92.98,88.29,
E54000013,NHS Lincolnshire Integrated Care Board,Persons,255.0,,,CVDP006CKD,"Patients with GP recorded CKD (G3a to G5), with a record of an eGFR test in the preceding 12 months.",CKD: Monitoring with eGFR (CVDP006CKD),76.95,18-39,Age group,0,210.0,To March 2026,86.33,82.21,
E54000013,NHS Lincolnshire Integrated Care Board,Male,1215.0,,,CVDP006CKD,"Patients with GP recorded CKD (G3a to G5), with a record of an eGFR test in the preceding 12 months.",CKD: Monitoring with eGFR (CVDP006CKD),85.41,40-59,Age group,0,1065.0,To March 2026,89.1,87.35,
E54000013,NHS Lincolnshire Integrated Care Board,Female,1555.0,,,CVDP006CKD,"Patients with GP recorded CKD (G3a to G5), with a record of an eGFR test in the preceding 12 months.",CKD: Monitoring with eGFR (CVDP006CKD),86.63,40-59,Age group,0,1370.0,To March 2026,89.78,88.28,
E54000013,NHS Lincolnshire Integrated Care Board,Persons,2770.0,,,CVDP006CKD,"Patients with GP recorded CKD (G3a to G5), with a record of an eGFR test in the preceding 12 months.",CKD: Monitoring with eGFR (CVDP006CKD),86.62,40-59,Age group,0,2435.0,To March 2026,89.04,87.87,
E54000013,NHS Lincolnshire Integrated Care Board,Male,11670.0,,,CVDP006CKD,"Patients with GP recorded CKD (G3a to G5), with a record of an eGFR test in the preceding 12 months.",CKD: Monitoring with eGFR (CVDP006CKD),94.39,60-79,Age group,0,11065.0,To March 2026,95.19,94.81,
E54000013,NHS Lincolnshire Integrated Care Board,Female,13620.0,,,CVDP006CKD,"Patients with GP recorded CKD (G3a to G5), with a record of an eGFR test in the preceding 12 months.",CKD: Monitoring with eGFR (CVDP006CKD),93.13,60-79,Age group,0,12745.0,To March 2026,93.95,93.55,
E54000013,NHS Lincolnshire Integrated Care Board,Persons,25290.0,,,CVDP006CKD,"Patients with GP recorded CKD (G3a to G5), with a record of an eGFR test in the preceding 12 months.",CKD: Monitoring with eGFR (CVDP006CKD),93.84,60-79,Age group,0,23810.0,To March 2026,94.41,94.13,
E54000013,NHS Lincolnshire Integrated Care Board,Male,10285.0,,,CVDP006CKD,"Patients with GP recorded CKD (G3a to G5), with a record of an eGFR test in the preceding 12 months.",CKD: Monitoring with eGFR (CVDP006CKD),95.56,80+,Age group,0,9870.0,To March 2026,96.32,95.95,
E54000013,NHS Lincolnshire Integrated Care Board,Female,13820.0,,,CVDP006CKD,"Patients with GP recorded CKD (G3a to G5), with a record of an eGFR test in the preceding 12 months.",CKD: Monitoring with eGFR (CVDP006CKD),93.5,80+,Age group,0,12980.0,To March 2026,94.3,93.91,
E54000013,NHS Lincolnshire Integrated Care Board,Persons,24105.0,,,CVDP006CKD,"Patients with GP recorded CKD (G3a to G5), with a record of an eGFR test in the preceding 12 months.",CKD: Monitoring with eGFR (CVDP006CKD),94.5,80+,Age group,0,22845.0,To March 2026,95.06,94.78,
E54000013,NHS Lincolnshire Integrated Care Board,Persons,8030.0,,,CVDP006CKD,"Patients with GP recorded CKD (G3a to G5), with a record of an eGFR test in the preceding 12 months.",CKD: Monitoring with eGFR (CVDP006CKD),92.79,1 - most deprived,Deprivation quintile,0,7495.0,To March 2026,93.88,93.35,
E54000013,NHS Lincolnshire Integrated Care Board,Persons,11625.0,,,CVDP006CKD,"Patients with GP recorded CKD (G3a to G5), with a record of an eGFR test in the preceding 12 months.",CKD: Monitoring with eGFR (CVDP006CKD),92.33,2,Deprivation quintile,0,10790.0,To March 2026,93.27,92.81,
E54000013,NHS Lincolnshire Integrated Care Board,Persons,11260.0,,,CVDP006CKD,"Patients with GP recorded CKD (G3a to G5), with a record of an eGFR test in the preceding 12 months.",CKD: Monitoring with eGFR (CVDP006CKD),93.84,3,Deprivation quintile,0,10615.0,To March 2026,94.69,94.28,
E54000013,NHS Lincolnshire Integrated Care Board,Persons,12065.0,,,CVDP006CKD,"Patients with GP recorded CKD (G3a to G5), with a record of an eGFR test in the preceding 12 months.",CKD: Monitoring with eGFR (CVDP006CKD),94.23,4,Deprivation quintile,0,11415.0,To March 2026,95.03,94.64,
E54000013,NHS Lincolnshire Integrated Care Board,Persons,9210.0,,,CVDP006CKD,"Patients with GP recorded CKD (G3a to G5), with a record of an eGFR test in the preceding 12 months.",CKD: Monitoring with eGFR (CVDP006CKD),94.17,5 - least deprived,Deprivation quintile,0,8720.0,To March 2026,95.08,94.65,
E54000013,NHS Lincolnshire Integrated Care Board,Persons,230.0,,,CVDP006CKD,"Patients with GP recorded CKD (G3a to G5), with a record of an eGFR test in the preceding 12 months.",CKD: Monitoring with eGFR (CVDP006CKD),87.18,Asian,Ethnicity,0,210.0,To March 2026,94.44,91.34,
E54000013,NHS Lincolnshire Integrated Care Board,Persons,285.0,,,CVDP006CKD,"Patients with GP recorded CKD (G3a to G5), with a record of an eGFR test in the preceding 12 months.",CKD: Monitoring with eGFR (CVDP006CKD),86.41,Black,Ethnicity,0,255.0,To March 2026,93.03,90.14,
E54000013,NHS Lincolnshire Integrated Care Board,Persons,1425.0,,,CVDP006CKD,"Patients with GP recorded CKD (G3a to G5), with a record of an eGFR test in the preceding 12 months.",CKD: Monitoring with eGFR (CVDP006CKD),90.2,Missing,Ethnicity,0,1305.0,To March 2026,93.0,91.72,
E54000013,NHS Lincolnshire Integrated Care Board,Persons,120.0,,,CVDP006CKD,"Patients with GP recorded CKD (G3a to G5), with a record of an eGFR test in the preceding 12 months.",CKD: Monitoring with eGFR (CVDP006CKD),78.86,Mixed,Ethnicity,0,105.0,To March 2026,91.06,85.83,
E54000013,NHS Lincolnshire Integrated Care Board,Persons,635.0,,,CVDP006CKD,"Patients with GP recorded CKD (G3a to G5), with a record of an eGFR test in the preceding 12 months.",CKD: Monitoring with eGFR (CVDP006CKD),89.97,Not stated,Ethnicity,0,585.0,To March 2026,94.04,92.28,
E54000013,NHS Lincolnshire Integrated Care Board,Persons,80.0,,,CVDP006CKD,"Patients with GP recorded CKD (G3a to G5), with a record of an eGFR test in the preceding 12 months.",CKD: Monitoring with eGFR (CVDP006CKD),83.53,Other,Ethnicity,0,75.0,To March 2026,95.29,91.46,
E54000013,NHS Lincolnshire Integrated Care Board,Persons,49640.0,,,CVDP006CKD,"Patients with GP recorded CKD (G3a to G5), with a record of an eGFR test in the preceding 12 months.",CKD: Monitoring with eGFR (CVDP006CKD),93.98,White,Ethnicity,0,46760.0,To March 2026,94.39,94.19,
E54000013,NHS Lincolnshire Integrated Care Board,Persons,51770.0,,,CVDP006CKD,"Patients with GP recorded CKD (G3a to G5), with a record of an eGFR test in the preceding 12 months.",CKD: Monitoring with eGFR (CVDP006CKD),93.83,People without SMI,Mental Health,0,48680.0,To March 2026,94.24,94.04,
E54000013,NHS Lincolnshire Integrated Care Board,Persons,650.0,,,CVDP006CKD,"Patients with GP recorded CKD (G3a to G5), with a record of an eGFR test in the preceding 12 months.",CKD: Monitoring with eGFR (CVDP006CKD),92.65,People with SMI,Mental Health,0,615.0,To March 2026,96.02,94.62,
E54000013,NHS Lincolnshire Integrated Care Board,Persons,52215.0,,,CVDP006CKD,"Patients with GP recorded CKD (G3a to G5), with a record of an eGFR test in the preceding 12 months.",CKD: Monitoring with eGFR (CVDP006CKD),93.85,People without a diagnosed learning disability,Learning Disability,0,49110.0,To March 2026,94.25,94.06,
E54000013,NHS Lincolnshire Integrated Care Board,Persons,205.0,,,CVDP006CKD,"Patients with GP recorded CKD (G3a to G5), with a record of an eGFR test in the preceding 12 months.",CKD: Monitoring with eGFR (CVDP006CKD),86.47,People with a diagnosed learning disability,Learning Disability,0,185.0,To March 2026,94.2,91.18,
E54000026,NHS Mid and South Essex Integrated Care Board,Persons,51395.0,,,CVDP006CKD,"Patients with GP recorded CKD (G3a to G5), with a record of an eGFR test in the preceding 12 months.",CKD: Monitoring with eGFR (CVDP006CKD),89.05,Persons,Sex,0,45905.0,To March 2026,89.58,89.32,
E54000026,NHS Mid and South Essex Integrated Care Board,Female,28995.0,,,CVDP006CKD,"Patients with GP recorded CKD (G3a to G5), with a record of an eGFR test in the preceding 12 months.",CKD: Monitoring with eGFR (CVDP006CKD),88.38,Female,Sex,0,25730.0,To March 2026,89.1,88.75,
E54000026,NHS Mid and South Essex Integrated Care Board,Male,22400.0,,,CVDP006CKD,"Patients with GP recorded CKD (G3a to G5), with a record of an eGFR test in the preceding 12 months.",CKD: Monitoring with eGFR (CVDP006CKD),89.67,Male,Sex,0,20170.0,To March 2026,90.45,90.06,
E54000026,NHS Mid and South Essex Integrated Care Board,Male,145.0,,,CVDP006CKD,"Patients with GP recorded CKD (G3a to G5), with a record of an eGFR test in the preceding 12 months.",CKD: Monitoring with eGFR (CVDP006CKD),50.0,18-39,Age group,0,85.0,To March 2026,65.54,57.93,
E54000026,NHS Mid and South Essex Integrated Care Board,Female,110.0,,,CVDP006CKD,"Patients with GP recorded CKD (G3a to G5), with a record of an eGFR test in the preceding 12 months.",CKD: Monitoring with eGFR (CVDP006CKD),66.09,18-39,Age group,0,85.0,To March 2026,81.74,75.0,
E54000026,NHS Mid and South Essex Integrated Care Board,Persons,255.0,,,CVDP006CKD,"Patients with GP recorded CKD (G3a to G5), with a record of an eGFR test in the preceding 12 months.",CKD: Monitoring with eGFR (CVDP006CKD),59.23,18-39,Age group,0,170.0,To March 2026,70.77,65.37,
E54000026,NHS Mid and South Essex Integrated Care Board,Male,1505.0,,,CVDP006CKD,"Patients with GP recorded CKD (G3a to G5), with a record of an eGFR test in the preceding 12 months.",CKD: Monitoring with eGFR (CVDP006CKD),76.78,40-59,Age group,0,1185.0,To March 2026,80.89,78.92,
E54000026,NHS Mid and South Essex Integrated Care Board,Female,1600.0,,,CVDP006CKD,"Patients with GP recorded CKD (G3a to G5), with a record of an eGFR test in the preceding 12 months.",CKD: Monitoring with eGFR (CVDP006CKD),81.57,40-59,Age group,0,1335.0,To March 2026,85.2,83.48,
E54000026,NHS Mid and South Essex Integrated Care Board,Persons,3100.0,,,CVDP006CKD,"Patients with GP recorded CKD (G3a to G5), with a record of an eGFR test in the preceding 12 months.",CKD: Monitoring with eGFR (CVDP006CKD),79.87,40-59,Age group,0,2520.0,To March 2026,82.61,81.27,
E54000026,NHS Mid and South Essex Integrated Care Board,Male,10960.0,,,CVDP006CKD,"Patients with GP recorded CKD (G3a to G5), with a record of an eGFR test in the preceding 12 months.",CKD: Monitoring with eGFR (CVDP006CKD),90.05,60-79,Age group,0,9930.0,To March 2026,91.13,90.6,
E54000026,NHS Mid and South Essex Integrated Care Board,Female,12820.0,,,CVDP006CKD,"Patients with GP recorded CKD (G3a to G5), with a record of an eGFR test in the preceding 12 months.",CKD: Monitoring with eGFR (CVDP006CKD),88.12,60-79,Age group,0,11370.0,To March 2026,89.21,88.68,
E54000026,NHS Mid and South Essex Integrated Care Board,Persons,23775.0,,,CVDP006CKD,"Patients with GP recorded CKD (G3a to G5), with a record of an eGFR test in the preceding 12 months.",CKD: Monitoring with eGFR (CVDP006CKD),89.17,60-79,Age group,0,21295.0,To March 2026,89.95,89.57,
E54000026,NHS Mid and South Essex Integrated Care Board,Male,9790.0,,,CVDP006CKD,"Patients with GP recorded CKD (G3a to G5), with a record of an eGFR test in the preceding 12 months.",CKD: Monitoring with eGFR (CVDP006CKD),91.09,80+,Age group,0,8975.0,To March 2026,92.18,91.65,
E54000026,NHS Mid and South Essex Integrated Care Board,Female,14465.0,,,CVDP006CKD,"Patients with GP recorded CKD (G3a to G5), with a record of an eGFR test in the preceding 12 months.",CKD: Monitoring with eGFR (CVDP006CKD),88.98,80+,Age group,0,12945.0,To March 2026,89.98,89.49,
E54000026,NHS Mid and South Essex Integrated Care Board,Persons,24255.0,,,CVDP006CKD,"Patients with GP recorded CKD (G3a to G5), with a record of an eGFR test in the preceding 12 months.",CKD: Monitoring with eGFR (CVDP006CKD),89.98,80+,Age group,0,21920.0,To March 2026,90.73,90.36,
E54000026,NHS Mid and South Essex Integrated Care Board,Persons,5025.0,,,CVDP006CKD,"Patients with GP recorded CKD (G3a to G5), with a record of an eGFR test in the preceding 12 months.",CKD: Monitoring with eGFR (CVDP006CKD),86.5,1 - most deprived,Deprivation quintile,0,4395.0,To March 2026,88.33,87.45,
E54000026,NHS Mid and South Essex Integrated Care Board,Persons,8930.0,,,CVDP006CKD,"Patients with GP recorded CKD (G3a to G5), with a record of an eGFR test in the preceding 12 months.",CKD: Monitoring with eGFR (CVDP006CKD),88.1,2,Deprivation quintile,0,7930.0,To March 2026,89.41,88.77,
E54000026,NHS Mid and South Essex Integrated Care Board,Persons,11230.0,,,CVDP006CKD,"Patients with GP recorded CKD (G3a to G5), with a record of an eGFR test in the preceding 12 months.",CKD: Monitoring with eGFR (CVDP006CKD),88.78,3,Deprivation quintile,0,10035.0,To March 2026,89.92,89.37,
E54000026,NHS Mid and South Essex Integrated Care Board,Persons,12880.0,,,CVDP006CKD,"Patients with GP recorded CKD (G3a to G5), with a record of an eGFR test in the preceding 12 months.",CKD: Monitoring with eGFR (CVDP006CKD),89.41,4,Deprivation quintile,0,11585.0,To March 2026,90.44,89.94,
E54000026,NHS Mid and South Essex Integrated Care Board,Persons,13640.0,,,CVDP006CKD,"Patients with GP recorded CKD (G3a to G5), with a record of an eGFR test in the preceding 12 months.",CKD: Monitoring with eGFR (CVDP006CKD),89.44,5 - least deprived,Deprivation quintile,0,12270.0,To March 2026,90.45,89.96,
E54000026,NHS Mid and South Essex Integrated Care Board,Persons,880.0,,,CVDP006CKD,"Patients with GP recorded CKD (G3a to G5), with a record of an eGFR test in the preceding 12 months.",CKD: Monitoring with eGFR (CVDP006CKD),86.51,Asian,Ethnicity,0,780.0,To March 2026,90.59,88.74,
E54000026,NHS Mid and South Essex Integrated Care Board,Persons,1310.0,,,CVDP006CKD,"Patients with GP recorded CKD (G3a to G5), with a record of an eGFR test in the preceding 12 months.",CKD: Monitoring with eGFR (CVDP006CKD),81.52,Black,Ethnicity,0,1095.0,To March 2026,85.48,83.61,
E54000026,NHS Mid and South Essex Integrated Care Board,Persons,2630.0,,,CVDP006CKD,"Patients with GP recorded CKD (G3a to G5), with a record of an eGFR test in the preceding 12 months.",CKD: Monitoring with eGFR (CVDP006CKD),85.48,Missing,Ethnicity,0,2280.0,To March 2026,88.07,86.83,
E54000026,NHS Mid and South Essex Integrated Care Board,Persons,335.0,,,CVDP006CKD,"Patients with GP recorded CKD (G3a to G5), with a record of an eGFR test in the preceding 12 months.",CKD: Monitoring with eGFR (CVDP006CKD),80.18,Mixed,Ethnicity,0,285.0,To March 2026,87.87,84.48,
E54000026,NHS Mid and South Essex Integrated Care Board,Persons,1570.0,,,CVDP006CKD,"Patients with GP recorded CKD (G3a to G5), with a record of an eGFR test in the preceding 12 months.",CKD: Monitoring with eGFR (CVDP006CKD),84.04,Not stated,Ethnicity,0,1350.0,To March 2026,87.48,85.86,
E54000026,NHS Mid and South Essex Integrated Care Board,Persons,125.0,,,CVDP006CKD,"Patients with GP recorded CKD (G3a to G5), with a record of an eGFR test in the preceding 12 months.",CKD: Monitoring with eGFR (CVDP006CKD),84.92,Other,Ethnicity,0,110.0,To March 2026,94.44,91.06,
E54000026,NHS Mid and South Essex Integrated Care Board,Persons,44545.0,,,CVDP006CKD,"Patients with GP recorded CKD (G3a to G5), with a record of an eGFR test in the preceding 12 months.",CKD: Monitoring with eGFR (CVDP006CKD),89.51,White,Ethnicity,0,40000.0,To March 2026,90.08,89.8,
E54000026,NHS Mid and South Essex Integrated Care Board,Persons,50640.0,,,CVDP006CKD,"Patients with GP recorded CKD (G3a to G5), with a record of an eGFR test in the preceding 12 months.",CKD: Monitoring with eGFR (CVDP006CKD),89.01,People without SMI,Mental Health,0,45215.0,To March 2026,89.55,89.28,
E54000026,NHS Mid and South Essex Integrated Care Board,Persons,750.0,,,CVDP006CKD,"Patients with GP recorded CKD (G3a to G5), with a record of an eGFR test in the preceding 12 months.",CKD: Monitoring with eGFR (CVDP006CKD),89.66,People with SMI,Mental Health,0,690.0,To March 2026,93.5,91.74,
E54000026,NHS Mid and South Essex Integrated Care Board,Persons,51190.0,,,CVDP006CKD,"Patients with GP recorded CKD (G3a to G5), with a record of an eGFR test in the preceding 12 months.",CKD: Monitoring with eGFR (CVDP006CKD),89.05,People without a diagnosed learning disability,Learning Disability,0,45725.0,To March 2026,89.58,89.32,
E54000026,NHS Mid and South Essex Integrated Care Board,Persons,200.0,,,CVDP006CKD,"Patients with GP recorded CKD (G3a to G5), with a record of an eGFR test in the preceding 12 months.",CKD: Monitoring with eGFR (CVDP006CKD),84.31,People with a diagnosed learning disability,Learning Disability,0,180.0,To March 2026,92.65,89.05,
E54000022,Nhs Norfolk And Waveney Integrated Care Board,Persons,48340.0,,,CVDP006CKD,"Patients with GP recorded CKD (G3a to G5), with a record of an eGFR test in the preceding 12 months.",CKD: Monitoring with eGFR (CVDP006CKD),94.07,Persons,Sex,0,45575.0,To March 2026,94.48,94.28,
E54000022,Nhs Norfolk And Waveney Integrated Care Board,Female,26325.0,,,CVDP006CKD,"Patients with GP recorded CKD (G3a to G5), with a record of an eGFR test in the preceding 12 months.",CKD: Monitoring with eGFR (CVDP006CKD),93.33,Female,Sex,0,24645.0,To March 2026,93.92,93.63,
E54000022,Nhs Norfolk And Waveney Integrated Care Board,Male,22015.0,,,CVDP006CKD,"Patients with GP recorded CKD (G3a to G5), with a record of an eGFR test in the preceding 12 months.",CKD: Monitoring with eGFR (CVDP006CKD),94.75,Male,Sex,0,20925.0,To March 2026,95.33,95.05,
E54000022,Nhs Norfolk And Waveney Integrated Care Board,Male,110.0,,,CVDP006CKD,"Patients with GP recorded CKD (G3a to G5), with a record of an eGFR test in the preceding 12 months.",CKD: Monitoring with eGFR (CVDP006CKD),76.11,18-39,Age group,0,90.0,To March 2026,89.38,83.64,
E54000022,Nhs Norfolk And Waveney Integrated Care Board,Female,115.0,,,CVDP006CKD,"Patients with GP recorded CKD (G3a to G5), with a record of an eGFR test in the preceding 12 months.",CKD: Monitoring with eGFR (CVDP006CKD),77.78,18-39,Age group,0,95.0,To March 2026,90.6,85.09,
E54000022,Nhs Norfolk And Waveney Integrated Care Board,Persons,225.0,,,CVDP006CKD,"Patients with GP recorded CKD (G3a to G5), with a record of an eGFR test in the preceding 12 months.",CKD: Monitoring with eGFR (CVDP006CKD),79.3,18-39,Age group,0,190.0,To March 2026,88.55,84.38,
E54000022,Nhs Norfolk And Waveney Integrated Care Board,Male,895.0,,,CVDP006CKD,"Patients with GP recorded CKD (G3a to G5), with a record of an eGFR test in the preceding 12 months.",CKD: Monitoring with eGFR (CVDP006CKD),85.86,40-59,Age group,0,790.0,To March 2026,90.09,88.16,
E54000022,Nhs Norfolk And Waveney Integrated Care Board,Female,1085.0,,,CVDP006CKD,"Patients with GP recorded CKD (G3a to G5), with a record of an eGFR test in the preceding 12 months.",CKD: Monitoring with eGFR (CVDP006CKD),87.24,40-59,Age group,0,970.0,To March 2026,90.91,89.23,
E54000022,Nhs Norfolk And Waveney Integrated Care Board,Persons,1980.0,,,CVDP006CKD,"Patients with GP recorded CKD (G3a to G5), with a record of an eGFR test in the preceding 12 months.",CKD: Monitoring with eGFR (CVDP006CKD),87.3,40-59,Age group,0,1760.0,To March 2026,90.07,88.74,
E54000022,Nhs Norfolk And Waveney Integrated Care Board,Male,9960.0,,,CVDP006CKD,"Patients with GP recorded CKD (G3a to G5), with a record of an eGFR test in the preceding 12 months.",CKD: Monitoring with eGFR (CVDP006CKD),94.25,60-79,Age group,0,9430.0,To March 2026,95.12,94.7,
E54000022,Nhs Norfolk And Waveney Integrated Care Board,Female,10525.0,,,CVDP006CKD,"Patients with GP recorded CKD (G3a to G5), with a record of an eGFR test in the preceding 12 months.",CKD: Monitoring with eGFR (CVDP006CKD),93.07,60-79,Age group,0,9845.0,To March 2026,94.01,93.56,
E54000022,Nhs Norfolk And Waveney Integrated Care Board,Persons,20480.0,,,CVDP006CKD,"Patients with GP recorded CKD (G3a to G5), with a record of an eGFR test in the preceding 12 months.",CKD: Monitoring with eGFR (CVDP006CKD),93.78,60-79,Age group,0,19275.0,To March 2026,94.43,94.11,
E54000022,Nhs Norfolk And Waveney Integrated Care Board,Male,11055.0,,,CVDP006CKD,"Patients with GP recorded CKD (G3a to G5), with a record of an eGFR test in the preceding 12 months.",CKD: Monitoring with eGFR (CVDP006CKD),95.66,80+,Age group,0,10615.0,To March 2026,96.38,96.04,
E54000022,Nhs Norfolk And Waveney Integrated Care Board,Female,14600.0,,,CVDP006CKD,"Patients with GP recorded CKD (G3a to G5), with a record of an eGFR test in the preceding 12 months.",CKD: Monitoring with eGFR (CVDP006CKD),93.69,80+,Age group,0,13735.0,To March 2026,94.45,94.08,
E54000022,Nhs Norfolk And Waveney Integrated Care Board,Persons,25655.0,,,CVDP006CKD,"Patients with GP recorded CKD (G3a to G5), with a record of an eGFR test in the preceding 12 months.",CKD: Monitoring with eGFR (CVDP006CKD),94.65,80+,Age group,0,24350.0,To March 2026,95.18,94.92,
E54000022,Nhs Norfolk And Waveney Integrated Care Board,Persons,6080.0,,,CVDP006CKD,"Patients with GP recorded CKD (G3a to G5), with a record of an eGFR test in the preceding 12 months.",CKD: Monitoring with eGFR (CVDP006CKD),92.54,1 - most deprived,Deprivation quintile,0,5665.0,To March 2026,93.8,93.19,
E54000022,Nhs Norfolk And Waveney Integrated Care Board,Persons,11600.0,,,CVDP006CKD,"Patients with GP recorded CKD (G3a to G5), with a record of an eGFR test in the preceding 12 months.",CKD: Monitoring with eGFR (CVDP006CKD),94.2,2,Deprivation quintile,0,10975.0,To March 2026,95.02,94.62,
E54000022,Nhs Norfolk And Waveney Integrated Care Board,Persons,17080.0,,,CVDP006CKD,"Patients with GP recorded CKD (G3a to G5), with a record of an eGFR test in the preceding 12 months.",CKD: Monitoring with eGFR (CVDP006CKD),93.65,3,Deprivation quintile,0,16055.0,To March 2026,94.36,94.02,
E54000022,Nhs Norfolk And Waveney Integrated Care Board,Persons,8655.0,,,CVDP006CKD,"Patients with GP recorded CKD (G3a to G5), with a record of an eGFR test in the preceding 12 months.",CKD: Monitoring with eGFR (CVDP006CKD),94.32,4,Deprivation quintile,0,8205.0,To March 2026,95.25,94.8,
E54000022,Nhs Norfolk And Waveney Integrated Care Board,Persons,5260.0,,,CVDP006CKD,"Patients with GP recorded CKD (G3a to G5), with a record of an eGFR test in the preceding 12 months.",CKD: Monitoring with eGFR (CVDP006CKD),94.13,5 - least deprived,Deprivation quintile,0,4985.0,To March 2026,95.33,94.75,
E54000022,Nhs Norfolk And Waveney Integrated Care Board,Persons,225.0,,,CVDP006CKD,"Patients with GP recorded CKD (G3a to G5), with a record of an eGFR test in the preceding 12 months.",CKD: Monitoring with eGFR (CVDP006CKD),85.84,Asian,Ethnicity,0,200.0,To March 2026,93.36,90.13,
E54000022,Nhs Norfolk And Waveney Integrated Care Board,Persons,215.0,,,CVDP006CKD,"Patients with GP recorded CKD (G3a to G5), with a record of an eGFR test in the preceding 12 months.",CKD: Monitoring with eGFR (CVDP006CKD),82.57,Black,Ethnicity,0,190.0,To March 2026,91.28,87.44,
E54000022,Nhs Norfolk And Waveney Integrated Care Board,Persons,1620.0,,,CVDP006CKD,"Patients with GP recorded CKD (G3a to G5), with a record of an eGFR test in the preceding 12 months.",CKD: Monitoring with eGFR (CVDP006CKD),91.49,Missing,Ethnicity,0,1505.0,To March 2026,93.96,92.84,
E54000022,Nhs Norfolk And Waveney Integrated Care Board,Persons,105.0,,,CVDP006CKD,"Patients with GP recorded CKD (G3a to G5), with a record of an eGFR test in the preceding 12 months.",CKD: Monitoring with eGFR (CVDP006CKD),90.74,Mixed,Ethnicity,0,100.0,To March 2026,98.15,96.19,
E54000022,Nhs Norfolk And Waveney Integrated Care Board,Persons,1000.0,,,CVDP006CKD,"Patients with GP recorded CKD (G3a to G5), with a record of an eGFR test in the preceding 12 months.",CKD: Monitoring with eGFR (CVDP006CKD),90.84,Not stated,Ethnicity,0,925.0,To March 2026,94.02,92.61,
E54000022,Nhs Norfolk And Waveney Integrated Care Board,Persons,100.0,,,CVDP006CKD,"Patients with GP recorded CKD (G3a to G5), with a record of an eGFR test in the preceding 12 months.",CKD: Monitoring with eGFR (CVDP006CKD),79.41,Other,Ethnicity,0,85.0,To March 2026,92.16,86.87,
E54000022,Nhs Norfolk And Waveney Integrated Care Board,Persons,45080.0,,,CVDP006CKD,"Patients with GP recorded CKD (G3a to G5), with a record of an eGFR test in the preceding 12 months.",CKD: Monitoring with eGFR (CVDP006CKD),94.21,White,Ethnicity,0,42570.0,To March 2026,94.64,94.43,
E54000022,Nhs Norfolk And Waveney Integrated Care Board,Persons,47535.0,,,CVDP006CKD,"Patients with GP recorded CKD (G3a to G5), with a record of an eGFR test in the preceding 12 months.",CKD: Monitoring with eGFR (CVDP006CKD),94.07,People without SMI,Mental Health,0,44815.0,To March 2026,94.48,94.28,
E54000022,Nhs Norfolk And Waveney Integrated Care Board,Persons,810.0,,,CVDP006CKD,"Patients with GP recorded CKD (G3a to G5), with a record of an eGFR test in the preceding 12 months.",CKD: Monitoring with eGFR (CVDP006CKD),92.36,People with SMI,Mental Health,0,760.0,To March 2026,95.56,94.18,
E54000022,Nhs Norfolk And Waveney Integrated Care Board,Persons,48135.0,,,CVDP006CKD,"Patients with GP recorded CKD (G3a to G5), with a record of an eGFR test in the preceding 12 months.",CKD: Monitoring with eGFR (CVDP006CKD),94.06,People without a diagnosed learning disability,Learning Disability,0,45380.0,To March 2026,94.48,94.27,
E54000022,Nhs Norfolk And Waveney Integrated Care Board,Persons,205.0,,,CVDP006CKD,"Patients with GP recorded CKD (G3a to G5), with a record of an eGFR test in the preceding 12 months.",CKD: Monitoring with eGFR (CVDP006CKD),90.91,People with a diagnosed learning disability,Learning Disability,0,195.0,To March 2026,97.13,94.66,
E54000028,NHS North Central London Integrated Care Board,Persons,41945.0,,,CVDP006CKD,"Patients with GP recorded CKD (G3a to G5), with a record of an eGFR test in the preceding 12 months.",CKD: Monitoring with eGFR (CVDP006CKD),90.66,Persons,Sex,0,38145.0,To March 2026,91.2,90.93,
E54000028,NHS North Central London Integrated Care Board,Female,22200.0,,,CVDP006CKD,"Patients with GP recorded CKD (G3a to G5), with a record of an eGFR test in the preceding 12 months.",CKD: Monitoring with eGFR (CVDP006CKD),90.28,Female,Sex,0,20125.0,To March 2026,91.04,90.66,
E54000028,NHS North Central London Integrated Care Board,Male,19750.0,,,CVDP006CKD,"Patients with GP recorded CKD (G3a to G5), with a record of an eGFR test in the preceding 12 months.",CKD: Monitoring with eGFR (CVDP006CKD),90.84,Male,Sex,0,18020.0,To March 2026,91.63,91.24,
E54000028,NHS North Central London Integrated Care Board,Male,275.0,,,CVDP006CKD,"Patients with GP recorded CKD (G3a to G5), with a record of an eGFR test in the preceding 12 months.",CKD: Monitoring with eGFR (CVDP006CKD),75.18,18-39,Age group,0,220.0,To March 2026,84.53,80.36,
E54000028,NHS North Central London Integrated Care Board,Female,200.0,,,CVDP006CKD,"Patients with GP recorded CKD (G3a to G5), with a record of an eGFR test in the preceding 12 months.",CKD: Monitoring with eGFR (CVDP006CKD),78.05,18-39,Age group,0,170.0,To March 2026,87.8,83.66,
E54000028,NHS North Central London Integrated Care Board,Persons,475.0,,,CVDP006CKD,"Patients with GP recorded CKD (G3a to G5), with a record of an eGFR test in the preceding 12 months.",CKD: Monitoring with eGFR (CVDP006CKD),78.13,18-39,Age group,0,390.0,To March 2026,85.0,81.76,
E54000028,NHS North Central London Integrated Care Board,Male,2480.0,,,CVDP006CKD,"Patients with GP recorded CKD (G3a to G5), with a record of an eGFR test in the preceding 12 months.",CKD: Monitoring with eGFR (CVDP006CKD),83.98,40-59,Age group,0,2120.0,To March 2026,86.76,85.41,
E54000028,NHS North Central London Integrated Care Board,Female,1955.0,,,CVDP006CKD,"Patients with GP recorded CKD (G3a to G5), with a record of an eGFR test in the preceding 12 months.",CKD: Monitoring with eGFR (CVDP006CKD),85.69,40-59,Age group,0,1705.0,To March 2026,88.6,87.2,
E54000028,NHS North Central London Integrated Care Board,Persons,4435.0,,,CVDP006CKD,"Patients with GP recorded CKD (G3a to G5), with a record of an eGFR test in the preceding 12 months.",CKD: Monitoring with eGFR (CVDP006CKD),85.15,40-59,Age group,0,3820.0,To March 2026,87.18,86.2,
E54000028,NHS North Central London Integrated Care Board,Male,9785.0,,,CVDP006CKD,"Patients with GP recorded CKD (G3a to G5), with a record of an eGFR test in the preceding 12 months.",CKD: Monitoring with eGFR (CVDP006CKD),91.11,60-79,Age group,0,8970.0,To March 2026,92.2,91.67,
E54000028,NHS North Central London Integrated Care Board,Female,9850.0,,,CVDP006CKD,"Patients with GP recorded CKD (G3a to G5), with a record of an eGFR test in the preceding 12 months.",CKD: Monitoring with eGFR (CVDP006CKD),90.97,60-79,Age group,0,9015.0,To March 2026,92.06,91.53,
E54000028,NHS North Central London Integrated Care Board,Persons,19630.0,,,CVDP006CKD,"Patients with GP recorded CKD (G3a to G5), with a record of an eGFR test in the preceding 12 months.",CKD: Monitoring with eGFR (CVDP006CKD),91.2,60-79,Age group,0,17985.0,To March 2026,91.98,91.6,
E54000028,NHS North Central London Integrated Care Board,Male,7210.0,,,CVDP006CKD,"Patients with GP recorded CKD (G3a to G5), with a record of an eGFR test in the preceding 12 months.",CKD: Monitoring with eGFR (CVDP006CKD),92.47,80+,Age group,0,6710.0,To March 2026,93.64,93.08,
E54000028,NHS North Central London Integrated Care Board,Female,10195.0,,,CVDP006CKD,"Patients with GP recorded CKD (G3a to G5), with a record of an eGFR test in the preceding 12 months.",CKD: Monitoring with eGFR (CVDP006CKD),90.05,80+,Age group,0,9240.0,To March 2026,91.17,90.62,
E54000028,NHS North Central London Integrated Care Board,Persons,17405.0,,,CVDP006CKD,"Patients with GP recorded CKD (G3a to G5), with a record of an eGFR test in the preceding 12 months.",CKD: Monitoring with eGFR (CVDP006CKD),91.22,80+,Age group,0,15950.0,To March 2026,92.04,91.64,
E54000028,NHS North Central London Integrated Care Board,Persons,8945.0,,,CVDP006CKD,"Patients with GP recorded CKD (G3a to G5), with a record of an eGFR test in the preceding 12 months.",CKD: Monitoring with eGFR (CVDP006CKD),90.41,1 - most deprived,Deprivation quintile,0,8145.0,To March 2026,91.6,91.02,
E54000028,NHS North Central London Integrated Care Board,Persons,11485.0,,,CVDP006CKD,"Patients with GP recorded CKD (G3a to G5), with a record of an eGFR test in the preceding 12 months.",CKD: Monitoring with eGFR (CVDP006CKD),90.2,2,Deprivation quintile,0,10420.0,To March 2026,91.25,90.74,
E54000028,NHS North Central London Integrated Care Board,Persons,8320.0,,,CVDP006CKD,"Patients with GP recorded CKD (G3a to G5), with a record of an eGFR test in the preceding 12 months.",CKD: Monitoring with eGFR (CVDP006CKD),90.33,3,Deprivation quintile,0,7570.0,To March 2026,91.55,90.96,
E54000028,NHS North Central London Integrated Care Board,Persons,8290.0,,,CVDP006CKD,"Patients with GP recorded CKD (G3a to G5), with a record of an eGFR test in the preceding 12 months.",CKD: Monitoring with eGFR (CVDP006CKD),90.56,4,Deprivation quintile,0,7560.0,To March 2026,91.78,91.18,
E54000028,NHS North Central London Integrated Care Board,Persons,4370.0,,,CVDP006CKD,"Patients with GP recorded CKD (G3a to G5), with a record of an eGFR test in the preceding 12 months.",CKD: Monitoring with eGFR (CVDP006CKD),90.56,5 - least deprived,Deprivation quintile,0,3995.0,To March 2026,92.2,91.42,
E54000028,NHS North Central London Integrated Care Board,Persons,5705.0,,,CVDP006CKD,"Patients with GP recorded CKD (G3a to G5), with a record of an eGFR test in the preceding 12 months.",CKD: Monitoring with eGFR (CVDP006CKD),91.72,Asian,Ethnicity,0,5275.0,To March 2026,93.08,92.43,
E54000028,NHS North Central London Integrated Care Board,Persons,8585.0,,,CVDP006CKD,"Patients with GP recorded CKD (G3a to G5), with a record of an eGFR test in the preceding 12 months.",CKD: Monitoring with eGFR (CVDP006CKD),89.1,Black,Ethnicity,0,7705.0,To March 2026,90.38,89.76,
E54000028,NHS North Central London Integrated Care Board,Persons,195.0,,,CVDP006CKD,"Patients with GP recorded CKD (G3a to G5), with a record of an eGFR test in the preceding 12 months.",CKD: Monitoring with eGFR (CVDP006CKD),72.0,Missing,Ethnicity,0,155.0,To March 2026,83.0,78.17,
E54000028,NHS North Central London Integrated Care Board,Persons,1175.0,,,CVDP006CKD,"Patients with GP recorded CKD (G3a to G5), with a record of an eGFR test in the preceding 12 months.",CKD: Monitoring with eGFR (CVDP006CKD),85.82,Mixed,Ethnicity,0,1030.0,To March 2026,89.56,87.83,
E54000028,NHS North Central London Integrated Care Board,Persons,780.0,,,CVDP006CKD,"Patients with GP recorded CKD (G3a to G5), with a record of an eGFR test in the preceding 12 months.",CKD: Monitoring with eGFR (CVDP006CKD),83.44,Not stated,Ethnicity,0,675.0,To March 2026,88.28,86.06,
E54000028,NHS North Central London Integrated Care Board,Persons,1915.0,,,CVDP006CKD,"Patients with GP recorded CKD (G3a to G5), with a record of an eGFR test in the preceding 12 months.",CKD: Monitoring with eGFR (CVDP006CKD),88.85,Other,Ethnicity,0,1730.0,To March 2026,91.51,90.24,
E54000028,NHS North Central London Integrated Care Board,Persons,23585.0,,,CVDP006CKD,"Patients with GP recorded CKD (G3a to G5), with a record of an eGFR test in the preceding 12 months.",CKD: Monitoring with eGFR (CVDP006CKD),91.11,White,Ethnicity,0,21575.0,To March 2026,91.83,91.48,
E54000028,NHS North Central London Integrated Care Board,Persons,40540.0,,,CVDP006CKD,"Patients with GP recorded CKD (G3a to G5), with a record of an eGFR test in the preceding 12 months.",CKD: Monitoring with eGFR (CVDP006CKD),90.58,People without SMI,Mental Health,0,36835.0,To March 2026,91.14,90.86,
E54000028,NHS North Central London Integrated Care Board,Persons,1410.0,,,CVDP006CKD,"Patients with GP recorded CKD (G3a to G5), with a record of an eGFR test in the preceding 12 months.",CKD: Monitoring with eGFR (CVDP006CKD),91.57,People with SMI,Mental Health,0,1310.0,To March 2026,94.19,92.97,
E54000028,NHS North Central London Integrated Care Board,Persons,41700.0,,,CVDP006CKD,"Patients with GP recorded CKD (G3a to G5), with a record of an eGFR test in the preceding 12 months.",CKD: Monitoring with eGFR (CVDP006CKD),90.65,People without a diagnosed learning disability,Learning Disability,0,37915.0,To March 2026,91.19,90.92,
E54000028,NHS North Central London Integrated Care Board,Persons,245.0,,,CVDP006CKD,"Patients with GP recorded CKD (G3a to G5), with a record of an eGFR test in the preceding 12 months.",CKD: Monitoring with eGFR (CVDP006CKD),88.8,People with a diagnosed learning disability,Learning Disability,0,230.0,To March 2026,95.2,92.71,
E54000050,NHS North East and North Cumbria Integrated Care Board,Persons,142155.0,,,CVDP006CKD,"Patients with GP recorded CKD (G3a to G5), with a record of an eGFR test in the preceding 12 months.",CKD: Monitoring with eGFR (CVDP006CKD),93.98,Persons,Sex,0,133780.0,To March 2026,94.23,94.11,
E54000050,NHS North East and North Cumbria Integrated Care Board,Female,80890.0,,,CVDP006CKD,"Patients with GP recorded CKD (G3a to G5), with a record of an eGFR test in the preceding 12 months.",CKD: Monitoring with eGFR (CVDP006CKD),93.58,Female,Sex,0,75835.0,To March 2026,93.91,93.75,
E54000050,NHS North East and North Cumbria Integrated Care Board,Male,61265.0,,,CVDP006CKD,"Patients with GP recorded CKD (G3a to G5), with a record of an eGFR test in the preceding 12 months.",CKD: Monitoring with eGFR (CVDP006CKD),94.4,Male,Sex,0,57945.0,To March 2026,94.76,94.58,
E54000050,NHS North East and North Cumbria Integrated Care Board,Male,460.0,,,CVDP006CKD,"Patients with GP recorded CKD (G3a to G5), with a record of an eGFR test in the preceding 12 months.",CKD: Monitoring with eGFR (CVDP006CKD),68.03,18-39,Age group,0,330.0,To March 2026,76.03,72.17,
E54000050,NHS North East and North Cumbria Integrated Care Board,Female,370.0,,,CVDP006CKD,"Patients with GP recorded CKD (G3a to G5), with a record of an eGFR test in the preceding 12 months.",CKD: Monitoring with eGFR (CVDP006CKD),75.67,18-39,Age group,0,295.0,To March 2026,83.69,80.05,
E54000050,NHS North East and North Cumbria Integrated Care Board,Persons,830.0,,,CVDP006CKD,"Patients with GP recorded CKD (G3a to G5), with a record of an eGFR test in the preceding 12 months.",CKD: Monitoring with eGFR (CVDP006CKD),72.66,18-39,Age group,0,630.0,To March 2026,78.42,75.69,
E54000050,NHS North East and North Cumbria Integrated Care Board,Male,3635.0,,,CVDP006CKD,"Patients with GP recorded CKD (G3a to G5), with a record of an eGFR test in the preceding 12 months.",CKD: Monitoring with eGFR (CVDP006CKD),86.13,40-59,Age group,0,3175.0,To March 2026,88.27,87.24,
E54000050,NHS North East and North Cumbria Integrated Care Board,Female,3935.0,,,CVDP006CKD,"Patients with GP recorded CKD (G3a to G5), with a record of an eGFR test in the preceding 12 months.",CKD: Monitoring with eGFR (CVDP006CKD),86.16,40-59,Age group,0,3435.0,To March 2026,88.24,87.24,
E54000050,NHS North East and North Cumbria Integrated Care Board,Persons,7570.0,,,CVDP006CKD,"Patients with GP recorded CKD (G3a to G5), with a record of an eGFR test in the preceding 12 months.",CKD: Monitoring with eGFR (CVDP006CKD),86.48,40-59,Age group,0,6605.0,To March 2026,87.97,87.24,
E54000050,NHS North East and North Cumbria Integrated Care Board,Male,31055.0,,,CVDP006CKD,"Patients with GP recorded CKD (G3a to G5), with a record of an eGFR test in the preceding 12 months.",CKD: Monitoring with eGFR (CVDP006CKD),94.57,60-79,Age group,0,29445.0,To March 2026,95.06,94.82,
E54000050,NHS North East and North Cumbria Integrated Care Board,Female,36450.0,,,CVDP006CKD,"Patients with GP recorded CKD (G3a to G5), with a record of an eGFR test in the preceding 12 months.",CKD: Monitoring with eGFR (CVDP006CKD),93.75,60-79,Age group,0,34260.0,To March 2026,94.23,93.99,
E54000050,NHS North East and North Cumbria Integrated Care Board,Persons,67505.0,,,CVDP006CKD,"Patients with GP recorded CKD (G3a to G5), with a record of an eGFR test in the preceding 12 months.",CKD: Monitoring with eGFR (CVDP006CKD),94.19,60-79,Age group,0,63705.0,To March 2026,94.54,94.37,
E54000050,NHS North East and North Cumbria Integrated Care Board,Male,26115.0,,,CVDP006CKD,"Patients with GP recorded CKD (G3a to G5), with a record of an eGFR test in the preceding 12 months.",CKD: Monitoring with eGFR (CVDP006CKD),95.47,80+,Age group,0,24995.0,To March 2026,95.96,95.72,
E54000050,NHS North East and North Cumbria Integrated Care Board,Female,40135.0,,,CVDP006CKD,"Patients with GP recorded CKD (G3a to G5), with a record of an eGFR test in the preceding 12 months.",CKD: Monitoring with eGFR (CVDP006CKD),94.06,80+,Age group,0,37845.0,To March 2026,94.52,94.29,
E54000050,NHS North East and North Cumbria Integrated Care Board,Persons,66245.0,,,CVDP006CKD,"Patients with GP recorded CKD (G3a to G5), with a record of an eGFR test in the preceding 12 months.",CKD: Monitoring with eGFR (CVDP006CKD),94.69,80+,Age group,0,62840.0,To March 2026,95.02,94.86,
E54000050,NHS North East and North Cumbria Integrated Care Board,Persons,40755.0,,,CVDP006CKD,"Patients with GP recorded CKD (G3a to G5), with a record of an eGFR test in the preceding 12 months.",CKD: Monitoring with eGFR (CVDP006CKD),92.98,1 - most deprived,Deprivation quintile,0,37990.0,To March 2026,93.46,93.22,
E54000050,NHS North East and North Cumbria Integrated Care Board,Persons,32605.0,,,CVDP006CKD,"Patients with GP recorded CKD (G3a to G5), with a record of an eGFR test in the preceding 12 months.",CKD: Monitoring with eGFR (CVDP006CKD),94.1,2,Deprivation quintile,0,30765.0,To March 2026,94.6,94.35,
E54000050,NHS North East and North Cumbria Integrated Care Board,Persons,24670.0,,,CVDP006CKD,"Patients with GP recorded CKD (G3a to G5), with a record of an eGFR test in the preceding 12 months.",CKD: Monitoring with eGFR (CVDP006CKD),94.49,3,Deprivation quintile,0,23380.0,To March 2026,95.04,94.77,
E54000050,NHS North East and North Cumbria Integrated Care Board,Persons,23645.0,,,CVDP006CKD,"Patients with GP recorded CKD (G3a to G5), with a record of an eGFR test in the preceding 12 months.",CKD: Monitoring with eGFR (CVDP006CKD),94.08,4,Deprivation quintile,0,22315.0,To March 2026,94.66,94.38,
E54000050,NHS North East and North Cumbria Integrated Care Board,Persons,20475.0,,,CVDP006CKD,"Patients with GP recorded CKD (G3a to G5), with a record of an eGFR test in the preceding 12 months.",CKD: Monitoring with eGFR (CVDP006CKD),94.03,5 - least deprived,Deprivation quintile,0,19315.0,To March 2026,94.66,94.35,
E54000050,NHS North East and North Cumbria Integrated Care Board,Persons,1640.0,,,CVDP006CKD,"Patients with GP recorded CKD (G3a to G5), with a record of an eGFR test in the preceding 12 months.",CKD: Monitoring with eGFR (CVDP006CKD),89.54,Asian,Ethnicity,0,1495.0,To March 2026,92.28,90.99,
E54000050,NHS North East and North Cumbria Integrated Care Board,Persons,600.0,,,CVDP006CKD,"Patients with GP recorded CKD (G3a to G5), with a record of an eGFR test in the preceding 12 months.",CKD: Monitoring with eGFR (CVDP006CKD),86.86,Black,Ethnicity,0,535.0,To March 2026,91.68,89.46,
E54000050,NHS North East and North Cumbria Integrated Care Board,Persons,1450.0,,,CVDP006CKD,"Patients with GP recorded CKD (G3a to G5), with a record of an eGFR test in the preceding 12 months.",CKD: Monitoring with eGFR (CVDP006CKD),88.5,Missing,Ethnicity,0,1305.0,To March 2026,91.53,90.13,
E54000050,NHS North East and North Cumbria Integrated Care Board,Persons,345.0,,,CVDP006CKD,"Patients with GP recorded CKD (G3a to G5), with a record of an eGFR test in the preceding 12 months.",CKD: Monitoring with eGFR (CVDP006CKD),89.4,Mixed,Ethnicity,0,320.0,To March 2026,94.84,92.49,
E54000050,NHS North East and North Cumbria Integrated Care Board,Persons,2500.0,,,CVDP006CKD,"Patients with GP recorded CKD (G3a to G5), with a record of an eGFR test in the preceding 12 months.",CKD: Monitoring with eGFR (CVDP006CKD),90.65,Not stated,Ethnicity,0,2295.0,To March 2026,92.77,91.76,
E54000050,NHS North East and North Cumbria Integrated Care Board,Persons,310.0,,,CVDP006CKD,"Patients with GP recorded CKD (G3a to G5), with a record of an eGFR test in the preceding 12 months.",CKD: Monitoring with eGFR (CVDP006CKD),89.49,Other,Ethnicity,0,290.0,To March 2026,95.22,92.93,
E54000050,NHS North East and North Cumbria Integrated Care Board,Persons,135310.0,,,CVDP006CKD,"Patients with GP recorded CKD (G3a to G5), with a record of an eGFR test in the preceding 12 months.",CKD: Monitoring with eGFR (CVDP006CKD),94.13,White,Ethnicity,0,127540.0,To March 2026,94.38,94.26,
E54000050,NHS North East and North Cumbria Integrated Care Board,Persons,139485.0,,,CVDP006CKD,"Patients with GP recorded CKD (G3a to G5), with a record of an eGFR test in the preceding 12 months.",CKD: Monitoring with eGFR (CVDP006CKD),94.0,People without SMI,Mental Health,0,131285.0,To March 2026,94.24,94.12,
E54000050,NHS North East and North Cumbria Integrated Care Board,Persons,2675.0,,,CVDP006CKD,"Patients with GP recorded CKD (G3a to G5), with a record of an eGFR test in the preceding 12 months.",CKD: Monitoring with eGFR (CVDP006CKD),92.41,People with SMI,Mental Health,0,2495.0,To March 2026,94.28,93.42,
E54000050,NHS North East and North Cumbria Integrated Care Board,Persons,141385.0,,,CVDP006CKD,"Patients with GP recorded CKD (G3a to G5), with a record of an eGFR test in the preceding 12 months.",CKD: Monitoring with eGFR (CVDP006CKD),94.0,People without a diagnosed learning disability,Learning Disability,0,133070.0,To March 2026,94.24,94.12,
E54000050,NHS North East and North Cumbria Integrated Care Board,Persons,775.0,,,CVDP006CKD,"Patients with GP recorded CKD (G3a to G5), with a record of an eGFR test in the preceding 12 months.",CKD: Monitoring with eGFR (CVDP006CKD),90.08,People with a diagnosed learning disability,Learning Disability,0,710.0,To March 2026,93.81,92.11,
E54000029,NHS North East London Integrated Care Board,Persons,68080.0,,,CVDP006CKD,"Patients with GP recorded CKD (G3a to G5), with a record of an eGFR test in the preceding 12 months.",CKD: Monitoring with eGFR (CVDP006CKD),89.41,Persons,Sex,0,61025.0,To March 2026,89.87,89.64,
E54000029,NHS North East London Integrated Care Board,Female,36075.0,,,CVDP006CKD,"Patients with GP recorded CKD (G3a to G5), with a record of an eGFR test in the preceding 12 months.",CKD: Monitoring with eGFR (CVDP006CKD),89.14,Female,Sex,0,32275.0,To March 2026,89.77,89.46,
E54000029,NHS North East London Integrated Care Board,Male,32005.0,,,CVDP006CKD,"Patients with GP recorded CKD (G3a to G5), with a record of an eGFR test in the preceding 12 months.",CKD: Monitoring with eGFR (CVDP006CKD),89.51,Male,Sex,0,28755.0,To March 2026,90.17,89.85,
E54000029,NHS North East London Integrated Care Board,Male,675.0,,,CVDP006CKD,"Patients with GP recorded CKD (G3a to G5), with a record of an eGFR test in the preceding 12 months.",CKD: Monitoring with eGFR (CVDP006CKD),71.87,18-39,Age group,0,510.0,To March 2026,78.35,75.3,
E54000029,NHS North East London Integrated Care Board,Female,515.0,,,CVDP006CKD,"Patients with GP recorded CKD (G3a to G5), with a record of an eGFR test in the preceding 12 months.",CKD: Monitoring with eGFR (CVDP006CKD),75.44,18-39,Age group,0,405.0,To March 2026,82.4,79.18,
E54000029,NHS North East London Integrated Care Board,Persons,1190.0,,,CVDP006CKD,"Patients with GP recorded CKD (G3a to G5), with a record of an eGFR test in the preceding 12 months.",CKD: Monitoring with eGFR (CVDP006CKD),74.52,18-39,Age group,0,915.0,To March 2026,79.3,76.97,
E54000029,NHS North East London Integrated Care Board,Male,5835.0,,,CVDP006CKD,"Patients with GP recorded CKD (G3a to G5), with a record of an eGFR test in the preceding 12 months.",CKD: Monitoring with eGFR (CVDP006CKD),83.11,40-59,Age group,0,4905.0,To March 2026,84.98,84.06,
E54000029,NHS North East London Integrated Care Board,Female,4765.0,,,CVDP006CKD,"Patients with GP recorded CKD (G3a to G5), with a record of an eGFR test in the preceding 12 months.",CKD: Monitoring with eGFR (CVDP006CKD),85.38,40-59,Age group,0,4115.0,To March 2026,87.31,86.37,
E54000029,NHS North East London Integrated Care Board,Persons,10595.0,,,CVDP006CKD,"Patients with GP recorded CKD (G3a to G5), with a record of an eGFR test in the preceding 12 months.",CKD: Monitoring with eGFR (CVDP006CKD),84.42,40-59,Age group,0,9020.0,To March 2026,85.76,85.1,
E54000029,NHS North East London Integrated Care Board,Male,17025.0,,,CVDP006CKD,"Patients with GP recorded CKD (G3a to G5), with a record of an eGFR test in the preceding 12 months.",CKD: Monitoring with eGFR (CVDP006CKD),90.68,60-79,Age group,0,15510.0,To March 2026,91.54,91.12,
E54000029,NHS North East London Integrated Care Board,Female,18255.0,,,CVDP006CKD,"Patients with GP recorded CKD (G3a to G5), with a record of an eGFR test in the preceding 12 months.",CKD: Monitoring with eGFR (CVDP006CKD),89.64,60-79,Age group,0,16440.0,To March 2026,90.5,90.08,
E54000029,NHS North East London Integrated Care Board,Persons,35275.0,,,CVDP006CKD,"Patients with GP recorded CKD (G3a to G5), with a record of an eGFR test in the preceding 12 months.",CKD: Monitoring with eGFR (CVDP006CKD),90.27,60-79,Age group,0,31955.0,To March 2026,90.88,90.58,
E54000029,NHS North East London Integrated Care Board,Male,8470.0,,,CVDP006CKD,"Patients with GP recorded CKD (G3a to G5), with a record of an eGFR test in the preceding 12 months.",CKD: Monitoring with eGFR (CVDP006CKD),91.87,80+,Age group,0,7830.0,To March 2026,92.99,92.44,
E54000029,NHS North East London Integrated Care Board,Female,12545.0,,,CVDP006CKD,"Patients with GP recorded CKD (G3a to G5), with a record of an eGFR test in the preceding 12 months.",CKD: Monitoring with eGFR (CVDP006CKD),89.61,80+,Age group,0,11310.0,To March 2026,90.65,90.14,
E54000029,NHS North East London Integrated Care Board,Persons,21015.0,,,CVDP006CKD,"Patients with GP recorded CKD (G3a to G5), with a record of an eGFR test in the preceding 12 months.",CKD: Monitoring with eGFR (CVDP006CKD),90.68,80+,Age group,0,19140.0,To March 2026,91.45,91.07,
E54000029,NHS North East London Integrated Care Board,Persons,16975.0,,,CVDP006CKD,"Patients with GP recorded CKD (G3a to G5), with a record of an eGFR test in the preceding 12 months.",CKD: Monitoring with eGFR (CVDP006CKD),89.05,1 - most deprived,Deprivation quintile,0,15195.0,To March 2026,89.97,89.52,
E54000029,NHS North East London Integrated Care Board,Persons,27540.0,,,CVDP006CKD,"Patients with GP recorded CKD (G3a to G5), with a record of an eGFR test in the preceding 12 months.",CKD: Monitoring with eGFR (CVDP006CKD),89.15,2,Deprivation quintile,0,24655.0,To March 2026,89.87,89.52,
E54000029,NHS North East London Integrated Care Board,Persons,12230.0,,,CVDP006CKD,"Patients with GP recorded CKD (G3a to G5), with a record of an eGFR test in the preceding 12 months.",CKD: Monitoring with eGFR (CVDP006CKD),89.1,3,Deprivation quintile,0,10965.0,To March 2026,90.18,89.66,
E54000029,NHS North East London Integrated Care Board,Persons,6645.0,,,CVDP006CKD,"Patients with GP recorded CKD (G3a to G5), with a record of an eGFR test in the preceding 12 months.",CKD: Monitoring with eGFR (CVDP006CKD),89.38,4,Deprivation quintile,0,5990.0,To March 2026,90.81,90.11,
E54000029,NHS North East London Integrated Care Board,Persons,4220.0,,,CVDP006CKD,"Patients with GP recorded CKD (G3a to G5), with a record of an eGFR test in the preceding 12 months.",CKD: Monitoring with eGFR (CVDP006CKD),89.25,5 - least deprived,Deprivation quintile,0,3805.0,To March 2026,91.02,90.16,
E54000029,NHS North East London Integrated Care Board,Persons,17255.0,,,CVDP006CKD,"Patients with GP recorded CKD (G3a to G5), with a record of an eGFR test in the preceding 12 months.",CKD: Monitoring with eGFR (CVDP006CKD),91.02,Asian,Ethnicity,0,15780.0,To March 2026,91.86,91.45,
E54000029,NHS North East London Integrated Care Board,Persons,15295.0,,,CVDP006CKD,"Patients with GP recorded CKD (G3a to G5), with a record of an eGFR test in the preceding 12 months.",CKD: Monitoring with eGFR (CVDP006CKD),88.06,Black,Ethnicity,0,13545.0,To March 2026,89.07,88.58,
E54000029,NHS North East London Integrated Care Board,Persons,155.0,,,CVDP006CKD,"Patients with GP recorded CKD (G3a to G5), with a record of an eGFR test in the preceding 12 months.",CKD: Monitoring with eGFR (CVDP006CKD),74.68,Missing,Ethnicity,0,125.0,To March 2026,86.71,81.29,
E54000029,NHS North East London Integrated Care Board,Persons,1250.0,,,CVDP006CKD,"Patients with GP recorded CKD (G3a to G5), with a record of an eGFR test in the preceding 12 months.",CKD: Monitoring with eGFR (CVDP006CKD),86.58,Mixed,Ethnicity,0,1105.0,To March 2026,90.1,88.47,
E54000029,NHS North East London Integrated Care Board,Persons,665.0,,,CVDP006CKD,"Patients with GP recorded CKD (G3a to G5), with a record of an eGFR test in the preceding 12 months.",CKD: Monitoring with eGFR (CVDP006CKD),82.24,Not stated,Ethnicity,0,570.0,To March 2026,87.61,85.16,
E54000029,NHS North East London Integrated Care Board,Persons,1725.0,,,CVDP006CKD,"Patients with GP recorded CKD (G3a to G5), with a record of an eGFR test in the preceding 12 months.",CKD: Monitoring with eGFR (CVDP006CKD),88.07,Other,Ethnicity,0,1545.0,To March 2026,90.91,89.56,
E54000029,NHS North East London Integrated Care Board,Persons,31735.0,,,CVDP006CKD,"Patients with GP recorded CKD (G3a to G5), with a record of an eGFR test in the preceding 12 months.",CKD: Monitoring with eGFR (CVDP006CKD),89.01,White,Ethnicity,0,28355.0,To March 2026,89.69,89.35,
E54000029,NHS North East London Integrated Care Board,Persons,65915.0,,,CVDP006CKD,"Patients with GP recorded CKD (G3a to G5), with a record of an eGFR test in the preceding 12 months.",CKD: Monitoring with eGFR (CVDP006CKD),89.31,People without SMI,Mental Health,0,59025.0,To March 2026,89.78,89.55,
E54000029,NHS North East London Integrated Care Board,Persons,2165.0,,,CVDP006CKD,"Patients with GP recorded CKD (G3a to G5), with a record of an eGFR test in the preceding 12 months.",CKD: Monitoring with eGFR (CVDP006CKD),91.23,People with SMI,Mental Health,0,2000.0,To March 2026,93.45,92.42,
E54000029,NHS North East London Integrated Care Board,Persons,67650.0,,,CVDP006CKD,"Patients with GP recorded CKD (G3a to G5), with a record of an eGFR test in the preceding 12 months.",CKD: Monitoring with eGFR (CVDP006CKD),89.4,People without a diagnosed learning disability,Learning Disability,0,60635.0,To March 2026,89.86,89.63,
E54000029,NHS North East London Integrated Care Board,Persons,430.0,,,CVDP006CKD,"Patients with GP recorded CKD (G3a to G5), with a record of an eGFR test in the preceding 12 months.",CKD: Monitoring with eGFR (CVDP006CKD),88.22,People with a diagnosed learning disability,Learning Disability,0,390.0,To March 2026,93.53,91.16,
E54000027,NHS North West London Integrated Care Board,Persons,62190.0,,,CVDP006CKD,"Patients with GP recorded CKD (G3a to G5), with a record of an eGFR test in the preceding 12 months.",CKD: Monitoring with eGFR (CVDP006CKD),92.56,Persons,Sex,0,57690.0,To March 2026,92.97,92.77,
E54000027,NHS North West London Integrated Care Board,Female,32670.0,,,CVDP006CKD,"Patients with GP recorded CKD (G3a to G5), with a record of an eGFR test in the preceding 12 months.",CKD: Monitoring with eGFR (CVDP006CKD),92.46,Female,Sex,0,30300.0,To March 2026,93.03,92.75,
E54000027,NHS North West London Integrated Care Board,Male,29520.0,,,CVDP006CKD,"Patients with GP recorded CKD (G3a to G5), with a record of an eGFR test in the preceding 12 months.",CKD: Monitoring with eGFR (CVDP006CKD),92.49,Male,Sex,0,27390.0,To March 2026,93.08,92.79,
E54000027,NHS North West London Integrated Care Board,Male,425.0,,,CVDP006CKD,"Patients with GP recorded CKD (G3a to G5), with a record of an eGFR test in the preceding 12 months.",CKD: Monitoring with eGFR (CVDP006CKD),73.66,18-39,Age group,0,330.0,To March 2026,81.35,77.7,
E54000027,NHS North West London Integrated Care Board,Female,295.0,,,CVDP006CKD,"Patients with GP recorded CKD (G3a to G5), with a record of an eGFR test in the preceding 12 months.",CKD: Monitoring with eGFR (CVDP006CKD),74.41,18-39,Age group,0,235.0,To March 2026,83.5,79.25,
E54000027,NHS North West London Integrated Care Board,Persons,720.0,,,CVDP006CKD,"Patients with GP recorded CKD (G3a to G5), with a record of an eGFR test in the preceding 12 months.",CKD: Monitoring with eGFR (CVDP006CKD),75.24,18-39,Age group,0,565.0,To March 2026,81.19,78.33,
E54000027,NHS North West London Integrated Care Board,Male,3365.0,,,CVDP006CKD,"Patients with GP recorded CKD (G3a to G5), with a record of an eGFR test in the preceding 12 months.",CKD: Monitoring with eGFR (CVDP006CKD),85.77,40-59,Age group,0,2925.0,To March 2026,88.03,86.95,
E54000027,NHS North West London Integrated Care Board,Female,2470.0,,,CVDP006CKD,"Patients with GP recorded CKD (G3a to G5), with a record of an eGFR test in the preceding 12 months.",CKD: Monitoring with eGFR (CVDP006CKD),88.6,40-59,Age group,0,2220.0,To March 2026,90.94,89.84,
E54000027,NHS North West London Integrated Care Board,Persons,5835.0,,,CVDP006CKD,"Patients with GP recorded CKD (G3a to G5), with a record of an eGFR test in the preceding 12 months.",CKD: Monitoring with eGFR (CVDP006CKD),87.32,40-59,Age group,0,5145.0,To March 2026,88.97,88.17,
E54000027,NHS North West London Integrated Care Board,Male,14425.0,,,CVDP006CKD,"Patients with GP recorded CKD (G3a to G5), with a record of an eGFR test in the preceding 12 months.",CKD: Monitoring with eGFR (CVDP006CKD),93.0,60-79,Age group,0,13475.0,To March 2026,93.8,93.41,
E54000027,NHS North West London Integrated Care Board,Female,14355.0,,,CVDP006CKD,"Patients with GP recorded CKD (G3a to G5), with a record of an eGFR test in the preceding 12 months.",CKD: Monitoring with eGFR (CVDP006CKD),93.19,60-79,Age group,0,13440.0,To March 2026,93.99,93.6,
E54000027,NHS North West London Integrated Care Board,Persons,28780.0,,,CVDP006CKD,"Patients with GP recorded CKD (G3a to G5), with a record of an eGFR test in the preceding 12 months.",CKD: Monitoring with eGFR (CVDP006CKD),93.22,60-79,Age group,0,26915.0,To March 2026,93.78,93.51,
E54000027,NHS North West London Integrated Care Board,Male,11305.0,,,CVDP006CKD,"Patients with GP recorded CKD (G3a to G5), with a record of an eGFR test in the preceding 12 months.",CKD: Monitoring with eGFR (CVDP006CKD),93.85,80+,Age group,0,10660.0,To March 2026,94.7,94.29,
E54000027,NHS North West London Integrated Care Board,Female,15550.0,,,CVDP006CKD,"Patients with GP recorded CKD (G3a to G5), with a record of an eGFR test in the preceding 12 months.",CKD: Monitoring with eGFR (CVDP006CKD),92.27,80+,Age group,0,14410.0,To March 2026,93.08,92.68,
E54000027,NHS North West London Integrated Care Board,Persons,26855.0,,,CVDP006CKD,"Patients with GP recorded CKD (G3a to G5), with a record of an eGFR test in the preceding 12 months.",CKD: Monitoring with eGFR (CVDP006CKD),93.06,80+,Age group,0,25070.0,To March 2026,93.65,93.36,
E54000027,NHS North West London Integrated Care Board,Persons,8135.0,,,CVDP006CKD,"Patients with GP recorded CKD (G3a to G5), with a record of an eGFR test in the preceding 12 months.",CKD: Monitoring with eGFR (CVDP006CKD),91.84,1 - most deprived,Deprivation quintile,0,7520.0,To March 2026,92.98,92.43,
E54000027,NHS North West London Integrated Care Board,Persons,18820.0,,,CVDP006CKD,"Patients with GP recorded CKD (G3a to G5), with a record of an eGFR test in the preceding 12 months.",CKD: Monitoring with eGFR (CVDP006CKD),92.15,2,Deprivation quintile,0,17415.0,To March 2026,92.9,92.53,
E54000027,NHS North West London Integrated Care Board,Persons,18165.0,,,CVDP006CKD,"Patients with GP recorded CKD (G3a to G5), with a record of an eGFR test in the preceding 12 months.",CKD: Monitoring with eGFR (CVDP006CKD),92.51,3,Deprivation quintile,0,16870.0,To March 2026,93.26,92.89,
E54000027,NHS North West London Integrated Care Board,Persons,11315.0,,,CVDP006CKD,"Patients with GP recorded CKD (G3a to G5), with a record of an eGFR test in the preceding 12 months.",CKD: Monitoring with eGFR (CVDP006CKD),92.41,4,Deprivation quintile,0,10510.0,To March 2026,93.36,92.89,
E54000027,NHS North West London Integrated Care Board,Persons,5460.0,,,CVDP006CKD,"Patients with GP recorded CKD (G3a to G5), with a record of an eGFR test in the preceding 12 months.",CKD: Monitoring with eGFR (CVDP006CKD),92.33,5 - least deprived,Deprivation quintile,0,5080.0,To March 2026,93.67,93.02,
E54000027,NHS North West London Integrated Care Board,Persons,19155.0,,,CVDP006CKD,"Patients with GP recorded CKD (G3a to G5), with a record of an eGFR test in the preceding 12 months.",CKD: Monitoring with eGFR (CVDP006CKD),93.56,Asian,Ethnicity,0,17985.0,To March 2026,94.23,93.9,
E54000027,NHS North West London Integrated Care Board,Persons,9310.0,,,CVDP006CKD,"Patients with GP recorded CKD (G3a to G5), with a record of an eGFR test in the preceding 12 months.",CKD: Monitoring with eGFR (CVDP006CKD),90.36,Black,Ethnicity,0,8465.0,To March 2026,91.52,90.95,
E54000027,NHS North West London Integrated Care Board,Persons,515.0,,,CVDP006CKD,"Patients with GP recorded CKD (G3a to G5), with a record of an eGFR test in the preceding 12 months.",CKD: Monitoring with eGFR (CVDP006CKD),82.98,Missing,Ethnicity,0,445.0,To March 2026,88.78,86.19,
E54000027,NHS North West London Integrated Care Board,Persons,1695.0,,,CVDP006CKD,"Patients with GP recorded CKD (G3a to G5), with a record of an eGFR test in the preceding 12 months.",CKD: Monitoring with eGFR (CVDP006CKD),89.86,Mixed,Ethnicity,0,1545.0,To March 2026,92.51,91.26,
E54000027,NHS North West London Integrated Care Board,Persons,1920.0,,,CVDP006CKD,"Patients with GP recorded CKD (G3a to G5), with a record of an eGFR test in the preceding 12 months.",CKD: Monitoring with eGFR (CVDP006CKD),89.59,Not stated,Ethnicity,0,1745.0,To March 2026,92.14,90.93,
E54000027,NHS North West London Integrated Care Board,Persons,2315.0,,,CVDP006CKD,"Patients with GP recorded CKD (G3a to G5), with a record of an eGFR test in the preceding 12 months.",CKD: Monitoring with eGFR (CVDP006CKD),90.94,Other,Ethnicity,0,2130.0,To March 2026,93.1,92.1,
E54000027,NHS North West London Integrated Care Board,Persons,27285.0,,,CVDP006CKD,"Patients with GP recorded CKD (G3a to G5), with a record of an eGFR test in the preceding 12 months.",CKD: Monitoring with eGFR (CVDP006CKD),92.69,White,Ethnicity,0,25370.0,To March 2026,93.29,92.99,
E54000027,NHS North West London Integrated Care Board,Persons,60350.0,,,CVDP006CKD,"Patients with GP recorded CKD (G3a to G5), with a record of an eGFR test in the preceding 12 months.",CKD: Monitoring with eGFR (CVDP006CKD),92.51,People without SMI,Mental Health,0,55960.0,To March 2026,92.93,92.72,
E54000027,NHS North West London Integrated Care Board,Persons,1840.0,,,CVDP006CKD,"Patients with GP recorded CKD (G3a to G5), with a record of an eGFR test in the preceding 12 months.",CKD: Monitoring with eGFR (CVDP006CKD),93.05,People with SMI,Mental Health,0,1730.0,To March 2026,95.17,94.18,
E54000027,NHS North West London Integrated Care Board,Persons,61845.0,,,CVDP006CKD,"Patients with GP recorded CKD (G3a to G5), with a record of an eGFR test in the preceding 12 months.",CKD: Monitoring with eGFR (CVDP006CKD),92.55,People without a diagnosed learning disability,Learning Disability,0,57365.0,To March 2026,92.96,92.76,
E54000027,NHS North West London Integrated Care Board,Persons,345.0,,,CVDP006CKD,"Patients with GP recorded CKD (G3a to G5), with a record of an eGFR test in the preceding 12 months.",CKD: Monitoring with eGFR (CVDP006CKD),91.09,People with a diagnosed learning disability,Learning Disability,0,325.0,To March 2026,95.98,93.91,
E54000059,NHS Northamptonshire Integrated Care Board,Persons,32595.0,,,CVDP006CKD,"Patients with GP recorded CKD (G3a to G5), with a record of an eGFR test in the preceding 12 months.",CKD: Monitoring with eGFR (CVDP006CKD),93.14,Persons,Sex,0,30450.0,To March 2026,93.68,93.41,
E54000059,NHS Northamptonshire Integrated Care Board,Female,18295.0,,,CVDP006CKD,"Patients with GP recorded CKD (G3a to G5), with a record of an eGFR test in the preceding 12 months.",CKD: Monitoring with eGFR (CVDP006CKD),92.94,Female,Sex,0,17070.0,To March 2026,93.66,93.31,
E54000059,NHS Northamptonshire Integrated Care Board,Male,14300.0,,,CVDP006CKD,"Patients with GP recorded CKD (G3a to G5), with a record of an eGFR test in the preceding 12 months.",CKD: Monitoring with eGFR (CVDP006CKD),93.13,Male,Sex,0,13375.0,To March 2026,93.94,93.55,
E54000059,NHS Northamptonshire Integrated Care Board,Male,155.0,,,CVDP006CKD,"Patients with GP recorded CKD (G3a to G5), with a record of an eGFR test in the preceding 12 months.",CKD: Monitoring with eGFR (CVDP006CKD),68.13,18-39,Age group,0,120.0,To March 2026,81.25,75.16,
E54000059,NHS Northamptonshire Integrated Care Board,Female,125.0,,,CVDP006CKD,"Patients with GP recorded CKD (G3a to G5), with a record of an eGFR test in the preceding 12 months.",CKD: Monitoring with eGFR (CVDP006CKD),76.15,18-39,Age group,0,105.0,To March 2026,88.46,83.46,
E54000059,NHS Northamptonshire Integrated Care Board,Persons,285.0,,,CVDP006CKD,"Patients with GP recorded CKD (G3a to G5), with a record of an eGFR test in the preceding 12 months.",CKD: Monitoring with eGFR (CVDP006CKD),73.87,18-39,Age group,0,225.0,To March 2026,83.28,78.87,
E54000059,NHS Northamptonshire Integrated Care Board,Male,1245.0,,,CVDP006CKD,"Patients with GP recorded CKD (G3a to G5), with a record of an eGFR test in the preceding 12 months.",CKD: Monitoring with eGFR (CVDP006CKD),83.76,40-59,Age group,0,1070.0,To March 2026,87.6,85.81,
E54000059,NHS Northamptonshire Integrated Care Board,Female,1440.0,,,CVDP006CKD,"Patients with GP recorded CKD (G3a to G5), with a record of an eGFR test in the preceding 12 months.",CKD: Monitoring with eGFR (CVDP006CKD),87.93,40-59,Age group,0,1290.0,To March 2026,91.05,89.58,
E54000059,NHS Northamptonshire Integrated Care Board,Persons,2685.0,,,CVDP006CKD,"Patients with GP recorded CKD (G3a to G5), with a record of an eGFR test in the preceding 12 months.",CKD: Monitoring with eGFR (CVDP006CKD),86.54,40-59,Age group,0,2360.0,To March 2026,88.99,87.83,
E54000059,NHS Northamptonshire Integrated Care Board,Male,7135.0,,,CVDP006CKD,"Patients with GP recorded CKD (G3a to G5), with a record of an eGFR test in the preceding 12 months.",CKD: Monitoring with eGFR (CVDP006CKD),93.39,60-79,Age group,0,6700.0,To March 2026,94.48,93.96,
E54000059,NHS Northamptonshire Integrated Care Board,Female,8570.0,,,CVDP006CKD,"Patients with GP recorded CKD (G3a to G5), with a record of an eGFR test in the preceding 12 months.",CKD: Monitoring with eGFR (CVDP006CKD),92.48,60-79,Age group,0,7970.0,To March 2026,93.55,93.03,
E54000059,NHS Northamptonshire Integrated Care Board,Persons,15700.0,,,CVDP006CKD,"Patients with GP recorded CKD (G3a to G5), with a record of an eGFR test in the preceding 12 months.",CKD: Monitoring with eGFR (CVDP006CKD),93.06,60-79,Age group,0,14675.0,To March 2026,93.83,93.45,
E54000059,NHS Northamptonshire Integrated Care Board,Male,5765.0,,,CVDP006CKD,"Patients with GP recorded CKD (G3a to G5), with a record of an eGFR test in the preceding 12 months.",CKD: Monitoring with eGFR (CVDP006CKD),94.64,80+,Age group,0,5485.0,To March 2026,95.73,95.21,
E54000059,NHS Northamptonshire Integrated Care Board,Female,8160.0,,,CVDP006CKD,"Patients with GP recorded CKD (G3a to G5), with a record of an eGFR test in the preceding 12 months.",CKD: Monitoring with eGFR (CVDP006CKD),93.9,80+,Age group,0,7705.0,To March 2026,94.89,94.41,
E54000059,NHS Northamptonshire Integrated Care Board,Persons,13925.0,,,CVDP006CKD,"Patients with GP recorded CKD (G3a to G5), with a record of an eGFR test in the preceding 12 months.",CKD: Monitoring with eGFR (CVDP006CKD),94.36,80+,Age group,0,13190.0,To March 2026,95.1,94.74,
E54000059,NHS Northamptonshire Integrated Care Board,Persons,3775.0,,,CVDP006CKD,"Patients with GP recorded CKD (G3a to G5), with a record of an eGFR test in the preceding 12 months.",CKD: Monitoring with eGFR (CVDP006CKD),91.21,1 - most deprived,Deprivation quintile,0,3475.0,To March 2026,92.93,92.1,
E54000059,NHS Northamptonshire Integrated Care Board,Persons,5595.0,,,CVDP006CKD,"Patients with GP recorded CKD (G3a to G5), with a record of an eGFR test in the preceding 12 months.",CKD: Monitoring with eGFR (CVDP006CKD),92.69,2,Deprivation quintile,0,5225.0,To March 2026,94.0,93.37,
E54000059,NHS Northamptonshire Integrated Care Board,Persons,6035.0,,,CVDP006CKD,"Patients with GP recorded CKD (G3a to G5), with a record of an eGFR test in the preceding 12 months.",CKD: Monitoring with eGFR (CVDP006CKD),93.01,3,Deprivation quintile,0,5650.0,To March 2026,94.24,93.65,
E54000059,NHS Northamptonshire Integrated Care Board,Persons,10020.0,,,CVDP006CKD,"Patients with GP recorded CKD (G3a to G5), with a record of an eGFR test in the preceding 12 months.",CKD: Monitoring with eGFR (CVDP006CKD),93.28,4,Deprivation quintile,0,9395.0,To March 2026,94.22,93.77,
E54000059,NHS Northamptonshire Integrated Care Board,Persons,8340.0,,,CVDP006CKD,"Patients with GP recorded CKD (G3a to G5), with a record of an eGFR test in the preceding 12 months.",CKD: Monitoring with eGFR (CVDP006CKD),93.04,5 - least deprived,Deprivation quintile,0,7805.0,To March 2026,94.08,93.57,
E54000059,NHS Northamptonshire Integrated Care Board,Persons,895.0,,,CVDP006CKD,"Patients with GP recorded CKD (G3a to G5), with a record of an eGFR test in the preceding 12 months.",CKD: Monitoring with eGFR (CVDP006CKD),91.77,Asian,Ethnicity,0,840.0,To March 2026,94.99,93.53,
E54000059,NHS Northamptonshire Integrated Care Board,Persons,1210.0,,,CVDP006CKD,"Patients with GP recorded CKD (G3a to G5), with a record of an eGFR test in the preceding 12 months.",CKD: Monitoring with eGFR (CVDP006CKD),86.24,Black,Ethnicity,0,1070.0,To March 2026,89.87,88.19,
E54000059,NHS Northamptonshire Integrated Care Board,Persons,700.0,,,CVDP006CKD,"Patients with GP recorded CKD (G3a to G5), with a record of an eGFR test in the preceding 12 months.",CKD: Monitoring with eGFR (CVDP006CKD),84.8,Missing,Ethnicity,0,615.0,To March 2026,89.63,87.45,
E54000059,NHS Northamptonshire Integrated Care Board,Persons,270.0,,,CVDP006CKD,"Patients with GP recorded CKD (G3a to G5), with a record of an eGFR test in the preceding 12 months.",CKD: Monitoring with eGFR (CVDP006CKD),88.69,Mixed,Ethnicity,0,250.0,To March 2026,94.89,92.25,
E54000059,NHS Northamptonshire Integrated Care Board,Persons,930.0,,,CVDP006CKD,"Patients with GP recorded CKD (G3a to G5), with a record of an eGFR test in the preceding 12 months.",CKD: Monitoring with eGFR (CVDP006CKD),87.9,Not stated,Ethnicity,0,840.0,To March 2026,91.76,90.01,
E54000059,NHS Northamptonshire Integrated Care Board,Persons,105.0,,,CVDP006CKD,"Patients with GP recorded CKD (G3a to G5), with a record of an eGFR test in the preceding 12 months.",CKD: Monitoring with eGFR (CVDP006CKD),88.99,Other,Ethnicity,0,100.0,To March 2026,97.25,94.34,
E54000059,NHS Northamptonshire Integrated Care Board,Persons,28480.0,,,CVDP006CKD,"Patients with GP recorded CKD (G3a to G5), with a record of an eGFR test in the preceding 12 months.",CKD: Monitoring with eGFR (CVDP006CKD),93.61,White,Ethnicity,0,26740.0,To March 2026,94.17,93.9,
E54000059,NHS Northamptonshire Integrated Care Board,Persons,32025.0,,,CVDP006CKD,"Patients with GP recorded CKD (G3a to G5), with a record of an eGFR test in the preceding 12 months.",CKD: Monitoring with eGFR (CVDP006CKD),93.09,People without SMI,Mental Health,0,29900.0,To March 2026,93.63,93.36,
E54000059,NHS Northamptonshire Integrated Care Board,Persons,575.0,,,CVDP006CKD,"Patients with GP recorded CKD (G3a to G5), with a record of an eGFR test in the preceding 12 months.",CKD: Monitoring with eGFR (CVDP006CKD),94.27,People with SMI,Mental Health,0,550.0,To March 2026,97.4,96.16,
E54000059,NHS Northamptonshire Integrated Care Board,Persons,32455.0,,,CVDP006CKD,"Patients with GP recorded CKD (G3a to G5), with a record of an eGFR test in the preceding 12 months.",CKD: Monitoring with eGFR (CVDP006CKD),93.14,People without a diagnosed learning disability,Learning Disability,0,30315.0,To March 2026,93.67,93.41,
E54000059,NHS Northamptonshire Integrated Care Board,Persons,145.0,,,CVDP006CKD,"Patients with GP recorded CKD (G3a to G5), with a record of an eGFR test in the preceding 12 months.",CKD: Monitoring with eGFR (CVDP006CKD),89.73,People with a diagnosed learning disability,Learning Disability,0,135.0,To March 2026,97.26,94.41,
E54000060,NHS Nottingham and Nottinghamshire Integrated Care Board,Persons,49785.0,,,CVDP006CKD,"Patients with GP recorded CKD (G3a to G5), with a record of an eGFR test in the preceding 12 months.",CKD: Monitoring with eGFR (CVDP006CKD),93.68,Persons,Sex,0,46740.0,To March 2026,94.1,93.89,
E54000060,NHS Nottingham and Nottinghamshire Integrated Care Board,Female,27925.0,,,CVDP006CKD,"Patients with GP recorded CKD (G3a to G5), with a record of an eGFR test in the preceding 12 months.",CKD: Monitoring with eGFR (CVDP006CKD),93.21,Female,Sex,0,26115.0,To March 2026,93.79,93.5,
E54000060,NHS Nottingham and Nottinghamshire Integrated Care Board,Male,21855.0,,,CVDP006CKD,"Patients with GP recorded CKD (G3a to G5), with a record of an eGFR test in the preceding 12 months.",CKD: Monitoring with eGFR (CVDP006CKD),94.07,Male,Sex,0,20630.0,To March 2026,94.68,94.38,
E54000060,NHS Nottingham and Nottinghamshire Integrated Care Board,Male,180.0,,,CVDP006CKD,"Patients with GP recorded CKD (G3a to G5), with a record of an eGFR test in the preceding 12 months.",CKD: Monitoring with eGFR (CVDP006CKD),64.13,18-39,Age group,0,130.0,To March 2026,77.17,71.27,
E54000060,NHS Nottingham and Nottinghamshire Integrated Care Board,Female,175.0,,,CVDP006CKD,"Patients with GP recorded CKD (G3a to G5), with a record of an eGFR test in the preceding 12 months.",CKD: Monitoring with eGFR (CVDP006CKD),71.51,18-39,Age group,0,135.0,To March 2026,83.24,77.84,
E54000060,NHS Nottingham and Nottinghamshire Integrated Care Board,Persons,355.0,,,CVDP006CKD,"Patients with GP recorded CKD (G3a to G5), with a record of an eGFR test in the preceding 12 months.",CKD: Monitoring with eGFR (CVDP006CKD),69.72,18-39,Age group,0,265.0,To March 2026,78.61,74.51,
E54000060,NHS Nottingham and Nottinghamshire Integrated Care Board,Male,1415.0,,,CVDP006CKD,"Patients with GP recorded CKD (G3a to G5), with a record of an eGFR test in the preceding 12 months.",CKD: Monitoring with eGFR (CVDP006CKD),85.19,40-59,Age group,0,1230.0,To March 2026,88.65,87.0,
E54000060,NHS Nottingham and Nottinghamshire Integrated Care Board,Female,1510.0,,,CVDP006CKD,"Patients with GP recorded CKD (G3a to G5), with a record of an eGFR test in the preceding 12 months.",CKD: Monitoring with eGFR (CVDP006CKD),85.04,40-59,Age group,0,1310.0,To March 2026,88.42,86.8,
E54000060,NHS Nottingham and Nottinghamshire Integrated Care Board,Persons,2925.0,,,CVDP006CKD,"Patients with GP recorded CKD (G3a to G5), with a record of an eGFR test in the preceding 12 months.",CKD: Monitoring with eGFR (CVDP006CKD),85.65,40-59,Age group,0,2540.0,To March 2026,88.07,86.9,
E54000060,NHS Nottingham and Nottinghamshire Integrated Care Board,Male,10690.0,,,CVDP006CKD,"Patients with GP recorded CKD (G3a to G5), with a record of an eGFR test in the preceding 12 months.",CKD: Monitoring with eGFR (CVDP006CKD),94.11,60-79,Age group,0,10105.0,To March 2026,94.97,94.55,
E54000060,NHS Nottingham and Nottinghamshire Integrated Care Board,Female,11960.0,,,CVDP006CKD,"Patients with GP recorded CKD (G3a to G5), with a record of an eGFR test in the preceding 12 months.",CKD: Monitoring with eGFR (CVDP006CKD),93.24,60-79,Age group,0,11205.0,To March 2026,94.11,93.69,
E54000060,NHS Nottingham and Nottinghamshire Integrated Care Board,Persons,22645.0,,,CVDP006CKD,"Patients with GP recorded CKD (G3a to G5), with a record of an eGFR test in the preceding 12 months.",CKD: Monitoring with eGFR (CVDP006CKD),93.78,60-79,Age group,0,21310.0,To March 2026,94.4,94.1,
E54000060,NHS Nottingham and Nottinghamshire Integrated Care Board,Male,9570.0,,,CVDP006CKD,"Patients with GP recorded CKD (G3a to G5), with a record of an eGFR test in the preceding 12 months.",CKD: Monitoring with eGFR (CVDP006CKD),95.3,80+,Age group,0,9160.0,To March 2026,96.1,95.72,
E54000060,NHS Nottingham and Nottinghamshire Integrated Care Board,Female,14285.0,,,CVDP006CKD,"Patients with GP recorded CKD (G3a to G5), with a record of an eGFR test in the preceding 12 months.",CKD: Monitoring with eGFR (CVDP006CKD),93.86,80+,Age group,0,13465.0,To March 2026,94.62,94.25,
E54000060,NHS Nottingham and Nottinghamshire Integrated Care Board,Persons,23855.0,,,CVDP006CKD,"Patients with GP recorded CKD (G3a to G5), with a record of an eGFR test in the preceding 12 months.",CKD: Monitoring with eGFR (CVDP006CKD),94.56,80+,Age group,0,22625.0,To March 2026,95.11,94.84,
E54000060,NHS Nottingham and Nottinghamshire Integrated Care Board,Persons,10765.0,,,CVDP006CKD,"Patients with GP recorded CKD (G3a to G5), with a record of an eGFR test in the preceding 12 months.",CKD: Monitoring with eGFR (CVDP006CKD),92.37,1 - most deprived,Deprivation quintile,0,10000.0,To March 2026,93.33,92.87,
E54000060,NHS Nottingham and Nottinghamshire Integrated Care Board,Persons,9180.0,,,CVDP006CKD,"Patients with GP recorded CKD (G3a to G5), with a record of an eGFR test in the preceding 12 months.",CKD: Monitoring with eGFR (CVDP006CKD),93.1,2,Deprivation quintile,0,8590.0,To March 2026,94.09,93.6,
E54000060,NHS Nottingham and Nottinghamshire Integrated Care Board,Persons,10310.0,,,CVDP006CKD,"Patients with GP recorded CKD (G3a to G5), with a record of an eGFR test in the preceding 12 months.",CKD: Monitoring with eGFR (CVDP006CKD),93.65,3,Deprivation quintile,0,9705.0,To March 2026,94.55,94.11,
E54000060,NHS Nottingham and Nottinghamshire Integrated Care Board,Persons,9420.0,,,CVDP006CKD,"Patients with GP recorded CKD (G3a to G5), with a record of an eGFR test in the preceding 12 months.",CKD: Monitoring with eGFR (CVDP006CKD),94.02,4,Deprivation quintile,0,8900.0,To March 2026,94.93,94.49,
E54000060,NHS Nottingham and Nottinghamshire Integrated Care Board,Persons,10250.0,,,CVDP006CKD,"Patients with GP recorded CKD (G3a to G5), with a record of an eGFR test in the preceding 12 months.",CKD: Monitoring with eGFR (CVDP006CKD),93.99,5 - least deprived,Deprivation quintile,0,9680.0,To March 2026,94.87,94.45,
E54000060,NHS Nottingham and Nottinghamshire Integrated Care Board,Persons,1265.0,,,CVDP006CKD,"Patients with GP recorded CKD (G3a to G5), with a record of an eGFR test in the preceding 12 months.",CKD: Monitoring with eGFR (CVDP006CKD),91.1,Asian,Ethnicity,0,1175.0,To March 2026,93.93,92.65,
E54000060,NHS Nottingham and Nottinghamshire Integrated Care Board,Persons,1270.0,,,CVDP006CKD,"Patients with GP recorded CKD (G3a to G5), with a record of an eGFR test in the preceding 12 months.",CKD: Monitoring with eGFR (CVDP006CKD),88.86,Black,Ethnicity,0,1150.0,To March 2026,92.08,90.57,
E54000060,NHS Nottingham and Nottinghamshire Integrated Care Board,Persons,535.0,,,CVDP006CKD,"Patients with GP recorded CKD (G3a to G5), with a record of an eGFR test in the preceding 12 months.",CKD: Monitoring with eGFR (CVDP006CKD),84.92,Missing,Ethnicity,0,470.0,To March 2026,90.32,87.83,
E54000060,NHS Nottingham and Nottinghamshire Integrated Care Board,Persons,345.0,,,CVDP006CKD,"Patients with GP recorded CKD (G3a to G5), with a record of an eGFR test in the preceding 12 months.",CKD: Monitoring with eGFR (CVDP006CKD),86.21,Mixed,Ethnicity,0,310.0,To March 2026,92.53,89.86,
E54000060,NHS Nottingham and Nottinghamshire Integrated Care Board,Persons,290.0,,,CVDP006CKD,"Patients with GP recorded CKD (G3a to G5), with a record of an eGFR test in the preceding 12 months.",CKD: Monitoring with eGFR (CVDP006CKD),84.25,Not stated,Ethnicity,0,255.0,To March 2026,91.44,88.24,
E54000060,NHS Nottingham and Nottinghamshire Integrated Care Board,Persons,145.0,,,CVDP006CKD,"Patients with GP recorded CKD (G3a to G5), with a record of an eGFR test in the preceding 12 months.",CKD: Monitoring with eGFR (CVDP006CKD),77.4,Other,Ethnicity,0,120.0,To March 2026,89.04,83.92,
E54000060,NHS Nottingham and Nottinghamshire Integrated Care Board,Persons,45935.0,,,CVDP006CKD,"Patients with GP recorded CKD (G3a to G5), with a record of an eGFR test in the preceding 12 months.",CKD: Monitoring with eGFR (CVDP006CKD),93.97,White,Ethnicity,0,43260.0,To March 2026,94.39,94.18,
E54000060,NHS Nottingham and Nottinghamshire Integrated Care Board,Persons,48955.0,,,CVDP006CKD,"Patients with GP recorded CKD (G3a to G5), with a record of an eGFR test in the preceding 12 months.",CKD: Monitoring with eGFR (CVDP006CKD),93.67,People without SMI,Mental Health,0,45965.0,To March 2026,94.1,93.89,
E54000060,NHS Nottingham and Nottinghamshire Integrated Care Board,Persons,830.0,,,CVDP006CKD,"Patients with GP recorded CKD (G3a to G5), with a record of an eGFR test in the preceding 12 months.",CKD: Monitoring with eGFR (CVDP006CKD),92.18,People with SMI,Mental Health,0,780.0,To March 2026,95.43,93.96,
E54000060,NHS Nottingham and Nottinghamshire Integrated Care Board,Persons,49535.0,,,CVDP006CKD,"Patients with GP recorded CKD (G3a to G5), with a record of an eGFR test in the preceding 12 months.",CKD: Monitoring with eGFR (CVDP006CKD),93.69,People without a diagnosed learning disability,Learning Disability,0,46515.0,To March 2026,94.11,93.9,
E54000060,NHS Nottingham and Nottinghamshire Integrated Care Board,Persons,245.0,,,CVDP006CKD,"Patients with GP recorded CKD (G3a to G5), with a record of an eGFR test in the preceding 12 months.",CKD: Monitoring with eGFR (CVDP006CKD),88.0,People with a diagnosed learning disability,Learning Disability,0,225.0,To March 2026,94.8,91.9,
E54000011,"NHS Shropshire, Telford and Wrekin Integrated Care Board",Persons,28755.0,,,CVDP006CKD,"Patients with GP recorded CKD (G3a to G5), with a record of an eGFR test in the preceding 12 months.",CKD: Monitoring with eGFR (CVDP006CKD),90.52,Persons,Sex,0,26130.0,To March 2026,91.19,90.86,
E54000011,"NHS Shropshire, Telford and Wrekin Integrated Care Board",Female,15955.0,,,CVDP006CKD,"Patients with GP recorded CKD (G3a to G5), with a record of an eGFR test in the preceding 12 months.",CKD: Monitoring with eGFR (CVDP006CKD),89.6,Female,Sex,0,14370.0,To March 2026,90.52,90.07,
E54000011,"NHS Shropshire, Telford and Wrekin Integrated Care Board",Male,12805.0,,,CVDP006CKD,"Patients with GP recorded CKD (G3a to G5), with a record of an eGFR test in the preceding 12 months.",CKD: Monitoring with eGFR (CVDP006CKD),91.36,Male,Sex,0,11760.0,To March 2026,92.31,91.85,
E54000011,"NHS Shropshire, Telford and Wrekin Integrated Care Board",Male,65.0,,,CVDP006CKD,"Patients with GP recorded CKD (G3a to G5), with a record of an eGFR test in the preceding 12 months.",CKD: Monitoring with eGFR (CVDP006CKD),71.21,18-39,Age group,0,50.0,To March 2026,89.39,82.54,
E54000011,"NHS Shropshire, Telford and Wrekin Integrated Care Board",Female,60.0,,,CVDP006CKD,"Patients with GP recorded CKD (G3a to G5), with a record of an eGFR test in the preceding 12 months.",CKD: Monitoring with eGFR (CVDP006CKD),69.35,18-39,Age group,0,50.0,To March 2026,88.71,81.36,
E54000011,"NHS Shropshire, Telford and Wrekin Integrated Care Board",Persons,120.0,,,CVDP006CKD,"Patients with GP recorded CKD (G3a to G5), with a record of an eGFR test in the preceding 12 months.",CKD: Monitoring with eGFR (CVDP006CKD),74.4,18-39,Age group,0,100.0,To March 2026,87.2,81.97,
E54000011,"NHS Shropshire, Telford and Wrekin Integrated Care Board",Male,610.0,,,CVDP006CKD,"Patients with GP recorded CKD (G3a to G5), with a record of an eGFR test in the preceding 12 months.",CKD: Monitoring with eGFR (CVDP006CKD),82.08,40-59,Age group,0,520.0,To March 2026,87.62,85.11,
E54000011,"NHS Shropshire, Telford and Wrekin Integrated Care Board",Female,770.0,,,CVDP006CKD,"Patients with GP recorded CKD (G3a to G5), with a record of an eGFR test in the preceding 12 months.",CKD: Monitoring with eGFR (CVDP006CKD),83.03,40-59,Age group,0,660.0,To March 2026,87.95,85.7,
E54000011,"NHS Shropshire, Telford and Wrekin Integrated Care Board",Persons,1380.0,,,CVDP006CKD,"Patients with GP recorded CKD (G3a to G5), with a record of an eGFR test in the preceding 12 months.",CKD: Monitoring with eGFR (CVDP006CKD),83.51,40-59,Age group,0,1180.0,To March 2026,87.2,85.43,
E54000011,"NHS Shropshire, Telford and Wrekin Integrated Care Board",Male,6250.0,,,CVDP006CKD,"Patients with GP recorded CKD (G3a to G5), with a record of an eGFR test in the preceding 12 months.",CKD: Monitoring with eGFR (CVDP006CKD),90.82,60-79,Age group,0,5720.0,To March 2026,92.2,91.54,
E54000011,"NHS Shropshire, Telford and Wrekin Integrated Care Board",Female,6935.0,,,CVDP006CKD,"Patients with GP recorded CKD (G3a to G5), with a record of an eGFR test in the preceding 12 months.",CKD: Monitoring with eGFR (CVDP006CKD),89.0,60-79,Age group,0,6220.0,To March 2026,90.43,89.73,
E54000011,"NHS Shropshire, Telford and Wrekin Integrated Care Board",Persons,13185.0,,,CVDP006CKD,"Patients with GP recorded CKD (G3a to G5), with a record of an eGFR test in the preceding 12 months.",CKD: Monitoring with eGFR (CVDP006CKD),90.08,60-79,Age group,0,11940.0,To March 2026,91.07,90.59,
E54000011,"NHS Shropshire, Telford and Wrekin Integrated Care Board",Male,5880.0,,,CVDP006CKD,"Patients with GP recorded CKD (G3a to G5), with a record of an eGFR test in the preceding 12 months.",CKD: Monitoring with eGFR (CVDP006CKD),92.3,80+,Age group,0,5465.0,To March 2026,93.59,92.97,
E54000011,"NHS Shropshire, Telford and Wrekin Integrated Care Board",Female,8190.0,,,CVDP006CKD,"Patients with GP recorded CKD (G3a to G5), with a record of an eGFR test in the preceding 12 months.",CKD: Monitoring with eGFR (CVDP006CKD),90.19,80+,Age group,0,7440.0,To March 2026,91.43,90.83,
E54000011,"NHS Shropshire, Telford and Wrekin Integrated Care Board",Persons,14070.0,,,CVDP006CKD,"Patients with GP recorded CKD (G3a to G5), with a record of an eGFR test in the preceding 12 months.",CKD: Monitoring with eGFR (CVDP006CKD),91.26,80+,Age group,0,12905.0,To March 2026,92.17,91.73,
E54000011,"NHS Shropshire, Telford and Wrekin Integrated Care Board",Persons,2675.0,,,CVDP006CKD,"Patients with GP recorded CKD (G3a to G5), with a record of an eGFR test in the preceding 12 months.",CKD: Monitoring with eGFR (CVDP006CKD),87.8,1 - most deprived,Deprivation quintile,0,2385.0,To March 2026,90.15,89.02,
E54000011,"NHS Shropshire, Telford and Wrekin Integrated Care Board",Persons,6240.0,,,CVDP006CKD,"Patients with GP recorded CKD (G3a to G5), with a record of an eGFR test in the preceding 12 months.",CKD: Monitoring with eGFR (CVDP006CKD),89.06,2,Deprivation quintile,0,5605.0,To March 2026,90.55,89.82,
E54000011,"NHS Shropshire, Telford and Wrekin Integrated Care Board",Persons,8505.0,,,CVDP006CKD,"Patients with GP recorded CKD (G3a to G5), with a record of an eGFR test in the preceding 12 months.",CKD: Monitoring with eGFR (CVDP006CKD),90.53,3,Deprivation quintile,0,7750.0,To March 2026,91.72,91.15,
E54000011,"NHS Shropshire, Telford and Wrekin Integrated Care Board",Persons,7565.0,,,CVDP006CKD,"Patients with GP recorded CKD (G3a to G5), with a record of an eGFR test in the preceding 12 months.",CKD: Monitoring with eGFR (CVDP006CKD),91.35,4,Deprivation quintile,0,6960.0,To March 2026,92.56,91.98,
E54000011,"NHS Shropshire, Telford and Wrekin Integrated Care Board",Persons,3865.0,,,CVDP006CKD,"Patients with GP recorded CKD (G3a to G5), with a record of an eGFR test in the preceding 12 months.",CKD: Monitoring with eGFR (CVDP006CKD),89.92,5 - least deprived,Deprivation quintile,0,3510.0,To March 2026,91.73,90.87,
E54000011,"NHS Shropshire, Telford and Wrekin Integrated Care Board",Persons,290.0,,,CVDP006CKD,"Patients with GP recorded CKD (G3a to G5), with a record of an eGFR test in the preceding 12 months.",CKD: Monitoring with eGFR (CVDP006CKD),84.3,Asian,Ethnicity,0,255.0,To March 2026,91.47,88.28,
E54000011,"NHS Shropshire, Telford and Wrekin Integrated Care Board",Persons,210.0,,,CVDP006CKD,"Patients with GP recorded CKD (G3a to G5), with a record of an eGFR test in the preceding 12 months.",CKD: Monitoring with eGFR (CVDP006CKD),78.6,Black,Ethnicity,0,180.0,To March 2026,88.37,83.96,
E54000011,"NHS Shropshire, Telford and Wrekin Integrated Care Board",Persons,565.0,,,CVDP006CKD,"Patients with GP recorded CKD (G3a to G5), with a record of an eGFR test in the preceding 12 months.",CKD: Monitoring with eGFR (CVDP006CKD),84.04,Missing,Ethnicity,0,495.0,To March 2026,89.47,86.95,
E54000011,"NHS Shropshire, Telford and Wrekin Integrated Care Board",Persons,110.0,,,CVDP006CKD,"Patients with GP recorded CKD (G3a to G5), with a record of an eGFR test in the preceding 12 months.",CKD: Monitoring with eGFR (CVDP006CKD),77.68,Mixed,Ethnicity,0,95.0,To March 2026,90.18,85.32,
E54000011,"NHS Shropshire, Telford and Wrekin Integrated Care Board",Persons,485.0,,,CVDP006CKD,"Patients with GP recorded CKD (G3a to G5), with a record of an eGFR test in the preceding 12 months.",CKD: Monitoring with eGFR (CVDP006CKD),85.22,Not stated,Ethnicity,0,425.0,To March 2026,90.76,88.22,
E54000011,"NHS Shropshire, Telford and Wrekin Integrated Care Board",Persons,55.0,,,CVDP006CKD,"Patients with GP recorded CKD (G3a to G5), with a record of an eGFR test in the preceding 12 months.",CKD: Monitoring with eGFR (CVDP006CKD),81.36,Other,Ethnicity,0,50.0,To March 2026,94.92,91.07,
E54000011,"NHS Shropshire, Telford and Wrekin Integrated Care Board",Persons,27040.0,,,CVDP006CKD,"Patients with GP recorded CKD (G3a to G5), with a record of an eGFR test in the preceding 12 months.",CKD: Monitoring with eGFR (CVDP006CKD),90.75,White,Ethnicity,0,24630.0,To March 2026,91.43,91.09,
E54000011,"NHS Shropshire, Telford and Wrekin Integrated Care Board",Persons,28305.0,,,CVDP006CKD,"Patients with GP recorded CKD (G3a to G5), with a record of an eGFR test in the preceding 12 months.",CKD: Monitoring with eGFR (CVDP006CKD),90.52,People without SMI,Mental Health,0,25720.0,To March 2026,91.19,90.86,
E54000011,"NHS Shropshire, Telford and Wrekin Integrated Care Board",Persons,450.0,,,CVDP006CKD,"Patients with GP recorded CKD (G3a to G5), with a record of an eGFR test in the preceding 12 months.",CKD: Monitoring with eGFR (CVDP006CKD),87.83,People with SMI,Mental Health,0,410.0,To March 2026,93.14,90.87,
E54000011,"NHS Shropshire, Telford and Wrekin Integrated Care Board",Persons,28650.0,,,CVDP006CKD,"Patients with GP recorded CKD (G3a to G5), with a record of an eGFR test in the preceding 12 months.",CKD: Monitoring with eGFR (CVDP006CKD),90.53,People without a diagnosed learning disability,Learning Disability,0,26035.0,To March 2026,91.19,90.86,
E54000011,"NHS Shropshire, Telford and Wrekin Integrated Care Board",Persons,105.0,,,CVDP006CKD,"Patients with GP recorded CKD (G3a to G5), with a record of an eGFR test in the preceding 12 months.",CKD: Monitoring with eGFR (CVDP006CKD),83.18,People with a diagnosed learning disability,Learning Disability,0,95.0,To March 2026,94.39,90.38,
E54000038,NHS Somerset Integrated Care Board,Persons,24920.0,,,CVDP006CKD,"Patients with GP recorded CKD (G3a to G5), with a record of an eGFR test in the preceding 12 months.",CKD: Monitoring with eGFR (CVDP006CKD),92.39,Persons,Sex,0,23105.0,To March 2026,93.03,92.72,
E54000038,NHS Somerset Integrated Care Board,Female,13970.0,,,CVDP006CKD,"Patients with GP recorded CKD (G3a to G5), with a record of an eGFR test in the preceding 12 months.",CKD: Monitoring with eGFR (CVDP006CKD),91.43,Female,Sex,0,12835.0,To March 2026,92.33,91.89,
E54000038,NHS Somerset Integrated Care Board,Male,10955.0,,,CVDP006CKD,"Patients with GP recorded CKD (G3a to G5), with a record of an eGFR test in the preceding 12 months.",CKD: Monitoring with eGFR (CVDP006CKD),93.31,Male,Sex,0,10270.0,To March 2026,94.21,93.77,
E54000038,NHS Somerset Integrated Care Board,Male,75.0,,,CVDP006CKD,"Patients with GP recorded CKD (G3a to G5), with a record of an eGFR test in the preceding 12 months.",CKD: Monitoring with eGFR (CVDP006CKD),71.79,18-39,Age group,0,60.0,To March 2026,88.46,81.33,
E54000038,NHS Somerset Integrated Care Board,Female,70.0,,,CVDP006CKD,"Patients with GP recorded CKD (G3a to G5), with a record of an eGFR test in the preceding 12 months.",CKD: Monitoring with eGFR (CVDP006CKD),60.81,18-39,Age group,0,50.0,To March 2026,81.08,71.83,
E54000038,NHS Somerset Integrated Care Board,Persons,145.0,,,CVDP006CKD,"Patients with GP recorded CKD (G3a to G5), with a record of an eGFR test in the preceding 12 months.",CKD: Monitoring with eGFR (CVDP006CKD),69.13,18-39,Age group,0,110.0,To March 2026,82.55,76.71,
E54000038,NHS Somerset Integrated Care Board,Male,505.0,,,CVDP006CKD,"Patients with GP recorded CKD (G3a to G5), with a record of an eGFR test in the preceding 12 months.",CKD: Monitoring with eGFR (CVDP006CKD),81.93,40-59,Age group,0,430.0,To March 2026,88.02,85.18,
E54000038,NHS Somerset Integrated Care Board,Female,670.0,,,CVDP006CKD,"Patients with GP recorded CKD (G3a to G5), with a record of an eGFR test in the preceding 12 months.",CKD: Monitoring with eGFR (CVDP006CKD),82.02,40-59,Age group,0,570.0,To March 2026,87.37,84.93,
E54000038,NHS Somerset Integrated Care Board,Persons,1175.0,,,CVDP006CKD,"Patients with GP recorded CKD (G3a to G5), with a record of an eGFR test in the preceding 12 months.",CKD: Monitoring with eGFR (CVDP006CKD),82.87,40-59,Age group,0,1000.0,To March 2026,86.94,85.03,
E54000038,NHS Somerset Integrated Care Board,Male,5110.0,,,CVDP006CKD,"Patients with GP recorded CKD (G3a to G5), with a record of an eGFR test in the preceding 12 months.",CKD: Monitoring with eGFR (CVDP006CKD),93.0,60-79,Age group,0,4785.0,To March 2026,94.33,93.7,
E54000038,NHS Somerset Integrated Care Board,Female,5830.0,,,CVDP006CKD,"Patients with GP recorded CKD (G3a to G5), with a record of an eGFR test in the preceding 12 months.",CKD: Monitoring with eGFR (CVDP006CKD),91.83,60-79,Age group,0,5395.0,To March 2026,93.16,92.52,
E54000038,NHS Somerset Integrated Care Board,Persons,10940.0,,,CVDP006CKD,"Patients with GP recorded CKD (G3a to G5), with a record of an eGFR test in the preceding 12 months.",CKD: Monitoring with eGFR (CVDP006CKD),92.58,60-79,Age group,0,10180.0,To March 2026,93.53,93.07,
E54000038,NHS Somerset Integrated Care Board,Male,5265.0,,,CVDP006CKD,"Patients with GP recorded CKD (G3a to G5), with a record of an eGFR test in the preceding 12 months.",CKD: Monitoring with eGFR (CVDP006CKD),94.23,80+,Age group,0,4995.0,To March 2026,95.41,94.85,
E54000038,NHS Somerset Integrated Care Board,Female,7395.0,,,CVDP006CKD,"Patients with GP recorded CKD (G3a to G5), with a record of an eGFR test in the preceding 12 months.",CKD: Monitoring with eGFR (CVDP006CKD),91.58,80+,Age group,0,6820.0,To March 2026,92.8,92.21,
E54000038,NHS Somerset Integrated Care Board,Persons,12660.0,,,CVDP006CKD,"Patients with GP recorded CKD (G3a to G5), with a record of an eGFR test in the preceding 12 months.",CKD: Monitoring with eGFR (CVDP006CKD),92.86,80+,Age group,0,11815.0,To March 2026,93.73,93.31,
E54000038,NHS Somerset Integrated Care Board,Persons,1775.0,,,CVDP006CKD,"Patients with GP recorded CKD (G3a to G5), with a record of an eGFR test in the preceding 12 months.",CKD: Monitoring with eGFR (CVDP006CKD),89.98,1 - most deprived,Deprivation quintile,0,1620.0,To March 2026,92.57,91.37,
E54000038,NHS Somerset Integrated Care Board,Persons,5650.0,,,CVDP006CKD,"Patients with GP recorded CKD (G3a to G5), with a record of an eGFR test in the preceding 12 months.",CKD: Monitoring with eGFR (CVDP006CKD),91.93,2,Deprivation quintile,0,5230.0,To March 2026,93.29,92.63,
E54000038,NHS Somerset Integrated Care Board,Persons,8530.0,,,CVDP006CKD,"Patients with GP recorded CKD (G3a to G5), with a record of an eGFR test in the preceding 12 months.",CKD: Monitoring with eGFR (CVDP006CKD),92.16,3,Deprivation quintile,0,7910.0,To March 2026,93.26,92.73,
E54000038,NHS Somerset Integrated Care Board,Persons,6440.0,,,CVDP006CKD,"Patients with GP recorded CKD (G3a to G5), with a record of an eGFR test in the preceding 12 months.",CKD: Monitoring with eGFR (CVDP006CKD),92.15,4,Deprivation quintile,0,5975.0,To March 2026,93.4,92.79,
E54000038,NHS Somerset Integrated Care Board,Persons,2800.0,,,CVDP006CKD,"Patients with GP recorded CKD (G3a to G5), with a record of an eGFR test in the preceding 12 months.",CKD: Monitoring with eGFR (CVDP006CKD),92.76,5 - least deprived,Deprivation quintile,0,2625.0,To March 2026,94.54,93.72,
E54000038,NHS Somerset Integrated Care Board,Persons,110.0,,,CVDP006CKD,"Patients with GP recorded CKD (G3a to G5), with a record of an eGFR test in the preceding 12 months.",CKD: Monitoring with eGFR (CVDP006CKD),86.84,Asian,Ethnicity,0,105.0,To March 2026,96.49,92.79,
E54000038,NHS Somerset Integrated Care Board,Persons,65.0,,,CVDP006CKD,"Patients with GP recorded CKD (G3a to G5), with a record of an eGFR test in the preceding 12 months.",CKD: Monitoring with eGFR (CVDP006CKD),69.12,Black,Ethnicity,0,50.0,To March 2026,88.24,80.0,
E54000038,NHS Somerset Integrated Care Board,Persons,635.0,,,CVDP006CKD,"Patients with GP recorded CKD (G3a to G5), with a record of an eGFR test in the preceding 12 months.",CKD: Monitoring with eGFR (CVDP006CKD),88.05,Missing,Ethnicity,0,575.0,To March 2026,92.61,90.52,
E54000038,NHS Somerset Integrated Care Board,Persons,55.0,,,CVDP006CKD,"Patients with GP recorded CKD (G3a to G5), with a record of an eGFR test in the preceding 12 months.",CKD: Monitoring with eGFR (CVDP006CKD),83.05,Mixed,Ethnicity,0,50.0,To March 2026,96.61,92.86,
E54000038,NHS Somerset Integrated Care Board,Persons,440.0,,,CVDP006CKD,"Patients with GP recorded CKD (G3a to G5), with a record of an eGFR test in the preceding 12 months.",CKD: Monitoring with eGFR (CVDP006CKD),87.16,Not stated,Ethnicity,0,400.0,To March 2026,92.57,90.25,
E54000038,NHS Somerset Integrated Care Board,Persons,65.0,,,CVDP006CKD,"Patients with GP recorded CKD (G3a to G5), with a record of an eGFR test in the preceding 12 months.",CKD: Monitoring with eGFR (CVDP006CKD),71.01,Other,Ethnicity,0,55.0,To March 2026,88.41,81.82,
E54000038,NHS Somerset Integrated Care Board,Persons,23550.0,,,CVDP006CKD,"Patients with GP recorded CKD (G3a to G5), with a record of an eGFR test in the preceding 12 months.",CKD: Monitoring with eGFR (CVDP006CKD),92.55,White,Ethnicity,0,21875.0,To March 2026,93.21,92.89,
E54000038,NHS Somerset Integrated Care Board,Persons,24540.0,,,CVDP006CKD,"Patients with GP recorded CKD (G3a to G5), with a record of an eGFR test in the preceding 12 months.",CKD: Monitoring with eGFR (CVDP006CKD),92.35,People without SMI,Mental Health,0,22745.0,To March 2026,93.0,92.68,
E54000038,NHS Somerset Integrated Care Board,Persons,380.0,,,CVDP006CKD,"Patients with GP recorded CKD (G3a to G5), with a record of an eGFR test in the preceding 12 months.",CKD: Monitoring with eGFR (CVDP006CKD),92.43,People with SMI,Mental Health,0,360.0,To March 2026,96.61,95.0,
E54000038,NHS Somerset Integrated Care Board,Persons,24830.0,,,CVDP006CKD,"Patients with GP recorded CKD (G3a to G5), with a record of an eGFR test in the preceding 12 months.",CKD: Monitoring with eGFR (CVDP006CKD),92.38,People without a diagnosed learning disability,Learning Disability,0,23020.0,To March 2026,93.03,92.71,
E54000038,NHS Somerset Integrated Care Board,Persons,95.0,,,CVDP006CKD,"Patients with GP recorded CKD (G3a to G5), with a record of an eGFR test in the preceding 12 months.",CKD: Monitoring with eGFR (CVDP006CKD),88.54,People with a diagnosed learning disability,Learning Disability,0,90.0,To March 2026,97.92,94.62,
E54000030,NHS South East London Integrated Care Board,Persons,59845.0,,,CVDP006CKD,"Patients with GP recorded CKD (G3a to G5), with a record of an eGFR test in the preceding 12 months.",CKD: Monitoring with eGFR (CVDP006CKD),88.76,Persons,Sex,0,53270.0,To March 2026,89.26,89.01,
E54000030,NHS South East London Integrated Care Board,Female,33005.0,,,CVDP006CKD,"Patients with GP recorded CKD (G3a to G5), with a record of an eGFR test in the preceding 12 months.",CKD: Monitoring with eGFR (CVDP006CKD),88.47,Female,Sex,0,29315.0,To March 2026,89.15,88.82,
E54000030,NHS South East London Integrated Care Board,Male,26840.0,,,CVDP006CKD,"Patients with GP recorded CKD (G3a to G5), with a record of an eGFR test in the preceding 12 months.",CKD: Monitoring with eGFR (CVDP006CKD),88.88,Male,Sex,0,23955.0,To March 2026,89.62,89.26,
E54000030,NHS South East London Integrated Care Board,Male,415.0,,,CVDP006CKD,"Patients with GP recorded CKD (G3a to G5), with a record of an eGFR test in the preceding 12 months.",CKD: Monitoring with eGFR (CVDP006CKD),75.3,18-39,Age group,0,330.0,To March 2026,82.97,79.47,
E54000030,NHS South East London Integrated Care Board,Female,330.0,,,CVDP006CKD,"Patients with GP recorded CKD (G3a to G5), with a record of an eGFR test in the preceding 12 months.",CKD: Monitoring with eGFR (CVDP006CKD),72.29,18-39,Age group,0,255.0,To March 2026,81.33,77.2,
E54000030,NHS South East London Integrated Care Board,Persons,745.0,,,CVDP006CKD,"Patients with GP recorded CKD (G3a to G5), with a record of an eGFR test in the preceding 12 months.",CKD: Monitoring with eGFR (CVDP006CKD),75.34,18-39,Age group,0,585.0,To March 2026,81.23,78.47,
E54000030,NHS South East London Integrated Care Board,Male,4300.0,,,CVDP006CKD,"Patients with GP recorded CKD (G3a to G5), with a record of an eGFR test in the preceding 12 months.",CKD: Monitoring with eGFR (CVDP006CKD),81.3,40-59,Age group,0,3545.0,To March 2026,83.55,82.45,
E54000030,NHS South East London Integrated Care Board,Female,3870.0,,,CVDP006CKD,"Patients with GP recorded CKD (G3a to G5), with a record of an eGFR test in the preceding 12 months.",CKD: Monitoring with eGFR (CVDP006CKD),82.99,40-59,Age group,0,3260.0,To March 2026,85.29,84.17,
E54000030,NHS South East London Integrated Care Board,Persons,8175.0,,,CVDP006CKD,"Patients with GP recorded CKD (G3a to G5), with a record of an eGFR test in the preceding 12 months.",CKD: Monitoring with eGFR (CVDP006CKD),82.44,40-59,Age group,0,6805.0,To March 2026,84.05,83.26,
E54000030,NHS South East London Integrated Care Board,Male,13665.0,,,CVDP006CKD,"Patients with GP recorded CKD (G3a to G5), with a record of an eGFR test in the preceding 12 months.",CKD: Monitoring with eGFR (CVDP006CKD),89.31,60-79,Age group,0,12275.0,To March 2026,90.32,89.83,
E54000030,NHS South East London Integrated Care Board,Female,15240.0,,,CVDP006CKD,"Patients with GP recorded CKD (G3a to G5), with a record of an eGFR test in the preceding 12 months.",CKD: Monitoring with eGFR (CVDP006CKD),88.72,60-79,Age group,0,13595.0,To March 2026,89.7,89.22,
E54000030,NHS South East London Integrated Care Board,Persons,28905.0,,,CVDP006CKD,"Patients with GP recorded CKD (G3a to G5), with a record of an eGFR test in the preceding 12 months.",CKD: Monitoring with eGFR (CVDP006CKD),89.15,60-79,Age group,0,25870.0,To March 2026,89.85,89.51,
E54000030,NHS South East London Integrated Care Board,Male,8460.0,,,CVDP006CKD,"Patients with GP recorded CKD (G3a to G5), with a record of an eGFR test in the preceding 12 months.",CKD: Monitoring with eGFR (CVDP006CKD),91.68,80+,Age group,0,7805.0,To March 2026,92.82,92.27,
E54000030,NHS South East London Integrated Care Board,Female,13565.0,,,CVDP006CKD,"Patients with GP recorded CKD (G3a to G5), with a record of an eGFR test in the preceding 12 months.",CKD: Monitoring with eGFR (CVDP006CKD),89.46,80+,Age group,0,12205.0,To March 2026,90.47,89.97,
E54000030,NHS South East London Integrated Care Board,Persons,22025.0,,,CVDP006CKD,"Patients with GP recorded CKD (G3a to G5), with a record of an eGFR test in the preceding 12 months.",CKD: Monitoring with eGFR (CVDP006CKD),90.47,80+,Age group,0,20010.0,To March 2026,91.23,90.86,
E54000030,NHS South East London Integrated Care Board,Persons,10890.0,,,CVDP006CKD,"Patients with GP recorded CKD (G3a to G5), with a record of an eGFR test in the preceding 12 months.",CKD: Monitoring with eGFR (CVDP006CKD),87.65,1 - most deprived,Deprivation quintile,0,9615.0,To March 2026,88.86,88.27,
E54000030,NHS South East London Integrated Care Board,Persons,19685.0,,,CVDP006CKD,"Patients with GP recorded CKD (G3a to G5), with a record of an eGFR test in the preceding 12 months.",CKD: Monitoring with eGFR (CVDP006CKD),88.18,2,Deprivation quintile,0,17450.0,To March 2026,89.07,88.63,
E54000030,NHS South East London Integrated Care Board,Persons,11340.0,,,CVDP006CKD,"Patients with GP recorded CKD (G3a to G5), with a record of an eGFR test in the preceding 12 months.",CKD: Monitoring with eGFR (CVDP006CKD),88.75,3,Deprivation quintile,0,10130.0,To March 2026,89.88,89.33,
E54000030,NHS South East London Integrated Care Board,Persons,8970.0,,,CVDP006CKD,"Patients with GP recorded CKD (G3a to G5), with a record of an eGFR test in the preceding 12 months.",CKD: Monitoring with eGFR (CVDP006CKD),88.87,4,Deprivation quintile,0,8030.0,To March 2026,90.13,89.51,
E54000030,NHS South East London Integrated Care Board,Persons,8430.0,,,CVDP006CKD,"Patients with GP recorded CKD (G3a to G5), with a record of an eGFR test in the preceding 12 months.",CKD: Monitoring with eGFR (CVDP006CKD),89.79,5 - least deprived,Deprivation quintile,0,7625.0,To March 2026,91.04,90.43,
E54000030,NHS South East London Integrated Care Board,Persons,3930.0,,,CVDP006CKD,"Patients with GP recorded CKD (G3a to G5), with a record of an eGFR test in the preceding 12 months.",CKD: Monitoring with eGFR (CVDP006CKD),90.26,Asian,Ethnicity,0,3580.0,To March 2026,92.01,91.17,
E54000030,NHS South East London Integrated Care Board,Persons,16790.0,,,CVDP006CKD,"Patients with GP recorded CKD (G3a to G5), with a record of an eGFR test in the preceding 12 months.",CKD: Monitoring with eGFR (CVDP006CKD),86.63,Black,Ethnicity,0,14630.0,To March 2026,87.64,87.14,
E54000030,NHS South East London Integrated Care Board,Persons,450.0,,,CVDP006CKD,"Patients with GP recorded CKD (G3a to G5), with a record of an eGFR test in the preceding 12 months.",CKD: Monitoring with eGFR (CVDP006CKD),80.62,Missing,Ethnicity,0,380.0,To March 2026,87.22,84.26,
E54000030,NHS South East London Integrated Care Board,Persons,1580.0,,,CVDP006CKD,"Patients with GP recorded CKD (G3a to G5), with a record of an eGFR test in the preceding 12 months.",CKD: Monitoring with eGFR (CVDP006CKD),82.83,Mixed,Ethnicity,0,1340.0,To March 2026,86.36,84.69,
E54000030,NHS South East London Integrated Care Board,Persons,1315.0,,,CVDP006CKD,"Patients with GP recorded CKD (G3a to G5), with a record of an eGFR test in the preceding 12 months.",CKD: Monitoring with eGFR (CVDP006CKD),83.83,Not stated,Ethnicity,0,1125.0,To March 2026,87.55,85.77,
E54000030,NHS South East London Integrated Care Board,Persons,1025.0,,,CVDP006CKD,"Patients with GP recorded CKD (G3a to G5), with a record of an eGFR test in the preceding 12 months.",CKD: Monitoring with eGFR (CVDP006CKD),86.35,Other,Ethnicity,0,905.0,To March 2026,90.25,88.47,
E54000030,NHS South East London Integrated Care Board,Persons,34760.0,,,CVDP006CKD,"Patients with GP recorded CKD (G3a to G5), with a record of an eGFR test in the preceding 12 months.",CKD: Monitoring with eGFR (CVDP006CKD),89.75,White,Ethnicity,0,31310.0,To March 2026,90.38,90.07,
E54000030,NHS South East London Integrated Care Board,Persons,58090.0,,,CVDP006CKD,"Patients with GP recorded CKD (G3a to G5), with a record of an eGFR test in the preceding 12 months.",CKD: Monitoring with eGFR (CVDP006CKD),88.66,People without SMI,Mental Health,0,51655.0,To March 2026,89.17,88.92,
E54000030,NHS South East London Integrated Care Board,Persons,1755.0,,,CVDP006CKD,"Patients with GP recorded CKD (G3a to G5), with a record of an eGFR test in the preceding 12 months.",CKD: Monitoring with eGFR (CVDP006CKD),90.73,People with SMI,Mental Health,0,1615.0,To March 2026,93.23,92.08,
E54000030,NHS South East London Integrated Care Board,Persons,59540.0,,,CVDP006CKD,"Patients with GP recorded CKD (G3a to G5), with a record of an eGFR test in the preceding 12 months.",CKD: Monitoring with eGFR (CVDP006CKD),88.76,People without a diagnosed learning disability,Learning Disability,0,52995.0,To March 2026,89.26,89.01,
E54000030,NHS South East London Integrated Care Board,Persons,305.0,,,CVDP006CKD,"Patients with GP recorded CKD (G3a to G5), with a record of an eGFR test in the preceding 12 months.",CKD: Monitoring with eGFR (CVDP006CKD),86.08,People with a diagnosed learning disability,Learning Disability,0,275.0,To March 2026,92.56,89.87,
E54000031,NHS South West London Integrated Care Board,Persons,47730.0,,,CVDP006CKD,"Patients with GP recorded CKD (G3a to G5), with a record of an eGFR test in the preceding 12 months.",CKD: Monitoring with eGFR (CVDP006CKD),90.03,Persons,Sex,0,43100.0,To March 2026,90.56,90.3,
E54000031,NHS South West London Integrated Care Board,Female,25915.0,,,CVDP006CKD,"Patients with GP recorded CKD (G3a to G5), with a record of an eGFR test in the preceding 12 months.",CKD: Monitoring with eGFR (CVDP006CKD),89.48,Female,Sex,0,23285.0,To March 2026,90.21,89.85,
E54000031,NHS South West London Integrated Care Board,Male,21815.0,,,CVDP006CKD,"Patients with GP recorded CKD (G3a to G5), with a record of an eGFR test in the preceding 12 months.",CKD: Monitoring with eGFR (CVDP006CKD),90.43,Male,Sex,0,19810.0,To March 2026,91.2,90.82,
E54000031,NHS South West London Integrated Care Board,Male,225.0,,,CVDP006CKD,"Patients with GP recorded CKD (G3a to G5), with a record of an eGFR test in the preceding 12 months.",CKD: Monitoring with eGFR (CVDP006CKD),66.81,18-39,Age group,0,165.0,To March 2026,78.17,73.01,
E54000031,NHS South West London Integrated Care Board,Female,190.0,,,CVDP006CKD,"Patients with GP recorded CKD (G3a to G5), with a record of an eGFR test in the preceding 12 months.",CKD: Monitoring with eGFR (CVDP006CKD),75.65,18-39,Age group,0,155.0,To March 2026,86.53,81.58,
E54000031,NHS South West London Integrated Care Board,Persons,415.0,,,CVDP006CKD,"Patients with GP recorded CKD (G3a to G5), with a record of an eGFR test in the preceding 12 months.",CKD: Monitoring with eGFR (CVDP006CKD),72.79,18-39,Age group,0,320.0,To March 2026,80.67,76.92,
E54000031,NHS South West London Integrated Care Board,Male,2190.0,,,CVDP006CKD,"Patients with GP recorded CKD (G3a to G5), with a record of an eGFR test in the preceding 12 months.",CKD: Monitoring with eGFR (CVDP006CKD),82.81,40-59,Age group,0,1850.0,To March 2026,85.82,84.38,
E54000031,NHS South West London Integrated Care Board,Female,1905.0,,,CVDP006CKD,"Patients with GP recorded CKD (G3a to G5), with a record of an eGFR test in the preceding 12 months.",CKD: Monitoring with eGFR (CVDP006CKD),85.57,40-59,Age group,0,1660.0,To March 2026,88.56,87.13,
E54000031,NHS South West London Integrated Care Board,Persons,4095.0,,,CVDP006CKD,"Patients with GP recorded CKD (G3a to G5), with a record of an eGFR test in the preceding 12 months.",CKD: Monitoring with eGFR (CVDP006CKD),84.57,40-59,Age group,0,3505.0,To March 2026,86.69,85.66,
E54000031,NHS South West London Integrated Care Board,Male,10745.0,,,CVDP006CKD,"Patients with GP recorded CKD (G3a to G5), with a record of an eGFR test in the preceding 12 months.",CKD: Monitoring with eGFR (CVDP006CKD),90.66,60-79,Age group,0,9800.0,To March 2026,91.73,91.2,
E54000031,NHS South West London Integrated Care Board,Female,11125.0,,,CVDP006CKD,"Patients with GP recorded CKD (G3a to G5), with a record of an eGFR test in the preceding 12 months.",CKD: Monitoring with eGFR (CVDP006CKD),89.63,60-79,Age group,0,10035.0,To March 2026,90.73,90.19,
E54000031,NHS South West London Integrated Care Board,Persons,21870.0,,,CVDP006CKD,"Patients with GP recorded CKD (G3a to G5), with a record of an eGFR test in the preceding 12 months.",CKD: Monitoring with eGFR (CVDP006CKD),90.3,60-79,Age group,0,19830.0,To March 2026,91.07,90.69,
E54000031,NHS South West London Integrated Care Board,Male,8655.0,,,CVDP006CKD,"Patients with GP recorded CKD (G3a to G5), with a record of an eGFR test in the preceding 12 months.",CKD: Monitoring with eGFR (CVDP006CKD),91.87,80+,Age group,0,8000.0,To March 2026,92.98,92.44,
E54000031,NHS South West London Integrated Care Board,Female,12700.0,,,CVDP006CKD,"Patients with GP recorded CKD (G3a to G5), with a record of an eGFR test in the preceding 12 months.",CKD: Monitoring with eGFR (CVDP006CKD),89.55,80+,Age group,0,11440.0,To March 2026,90.59,90.09,
E54000031,NHS South West London Integrated Care Board,Persons,21355.0,,,CVDP006CKD,"Patients with GP recorded CKD (G3a to G5), with a record of an eGFR test in the preceding 12 months.",CKD: Monitoring with eGFR (CVDP006CKD),90.65,80+,Age group,0,19440.0,To March 2026,91.42,91.04,
E54000031,NHS South West London Integrated Care Board,Persons,3445.0,,,CVDP006CKD,"Patients with GP recorded CKD (G3a to G5), with a record of an eGFR test in the preceding 12 months.",CKD: Monitoring with eGFR (CVDP006CKD),88.58,1 - most deprived,Deprivation quintile,0,3090.0,To March 2026,90.61,89.64,
E54000031,NHS South West London Integrated Care Board,Persons,8875.0,,,CVDP006CKD,"Patients with GP recorded CKD (G3a to G5), with a record of an eGFR test in the preceding 12 months.",CKD: Monitoring with eGFR (CVDP006CKD),89.0,2,Deprivation quintile,0,7955.0,To March 2026,90.26,89.65,
E54000031,NHS South West London Integrated Care Board,Persons,10220.0,,,CVDP006CKD,"Patients with GP recorded CKD (G3a to G5), with a record of an eGFR test in the preceding 12 months.",CKD: Monitoring with eGFR (CVDP006CKD),89.86,3,Deprivation quintile,0,9245.0,To March 2026,90.99,90.44,
E54000031,NHS South West London Integrated Care Board,Persons,12375.0,,,CVDP006CKD,"Patients with GP recorded CKD (G3a to G5), with a record of an eGFR test in the preceding 12 months.",CKD: Monitoring with eGFR (CVDP006CKD),90.02,4,Deprivation quintile,0,11205.0,To March 2026,91.04,90.54,
E54000031,NHS South West London Integrated Care Board,Persons,13165.0,,,CVDP006CKD,"Patients with GP recorded CKD (G3a to G5), with a record of an eGFR test in the preceding 12 months.",CKD: Monitoring with eGFR (CVDP006CKD),89.82,5 - least deprived,Deprivation quintile,0,11895.0,To March 2026,90.82,90.33,
E54000031,NHS South West London Integrated Care Board,Persons,6680.0,,,CVDP006CKD,"Patients with GP recorded CKD (G3a to G5), with a record of an eGFR test in the preceding 12 months.",CKD: Monitoring with eGFR (CVDP006CKD),91.31,Asian,Ethnicity,0,6145.0,To March 2026,92.61,91.98,
E54000031,NHS South West London Integrated Care Board,Persons,7635.0,,,CVDP006CKD,"Patients with GP recorded CKD (G3a to G5), with a record of an eGFR test in the preceding 12 months.",CKD: Monitoring with eGFR (CVDP006CKD),88.29,Black,Ethnicity,0,6795.0,To March 2026,89.69,89.01,
E54000031,NHS South West London Integrated Care Board,Persons,255.0,,,CVDP006CKD,"Patients with GP recorded CKD (G3a to G5), with a record of an eGFR test in the preceding 12 months.",CKD: Monitoring with eGFR (CVDP006CKD),78.52,Missing,Ethnicity,0,210.0,To March 2026,87.5,83.4,
E54000031,NHS South West London Integrated Care Board,Persons,1395.0,,,CVDP006CKD,"Patients with GP recorded CKD (G3a to G5), with a record of an eGFR test in the preceding 12 months.",CKD: Monitoring with eGFR (CVDP006CKD),86.9,Mixed,Ethnicity,0,1235.0,To March 2026,90.19,88.67,
E54000031,NHS South West London Integrated Care Board,Persons,1505.0,,,CVDP006CKD,"Patients with GP recorded CKD (G3a to G5), with a record of an eGFR test in the preceding 12 months.",CKD: Monitoring with eGFR (CVDP006CKD),85.27,Not stated,Ethnicity,0,1310.0,To March 2026,88.65,87.03,
E54000031,NHS South West London Integrated Care Board,Persons,880.0,,,CVDP006CKD,"Patients with GP recorded CKD (G3a to G5), with a record of an eGFR test in the preceding 12 months.",CKD: Monitoring with eGFR (CVDP006CKD),89.0,Other,Ethnicity,0,800.0,To March 2026,92.74,91.01,
E54000031,NHS South West London Integrated Care Board,Persons,29385.0,,,CVDP006CKD,"Patients with GP recorded CKD (G3a to G5), with a record of an eGFR test in the preceding 12 months.",CKD: Monitoring with eGFR (CVDP006CKD),90.19,White,Ethnicity,0,26605.0,To March 2026,90.86,90.53,
E54000031,NHS South West London Integrated Care Board,Persons,46495.0,,,CVDP006CKD,"Patients with GP recorded CKD (G3a to G5), with a record of an eGFR test in the preceding 12 months.",CKD: Monitoring with eGFR (CVDP006CKD),89.95,People without SMI,Mental Health,0,41950.0,To March 2026,90.49,90.22,
E54000031,NHS South West London Integrated Care Board,Persons,1235.0,,,CVDP006CKD,"Patients with GP recorded CKD (G3a to G5), with a record of an eGFR test in the preceding 12 months.",CKD: Monitoring with eGFR (CVDP006CKD),91.59,People with SMI,Mental Health,0,1150.0,To March 2026,94.42,93.11,
E54000031,NHS South West London Integrated Care Board,Persons,47485.0,,,CVDP006CKD,"Patients with GP recorded CKD (G3a to G5), with a record of an eGFR test in the preceding 12 months.",CKD: Monitoring with eGFR (CVDP006CKD),90.02,People without a diagnosed learning disability,Learning Disability,0,42875.0,To March 2026,90.55,90.29,
E54000031,NHS South West London Integrated Care Board,Persons,245.0,,,CVDP006CKD,"Patients with GP recorded CKD (G3a to G5), with a record of an eGFR test in the preceding 12 months.",CKD: Monitoring with eGFR (CVDP006CKD),87.1,People with a diagnosed learning disability,Learning Disability,0,225.0,To March 2026,93.95,91.02,
E54000061,NHS South Yorkshire Integrated Care Board,Persons,52180.0,,,CVDP006CKD,"Patients with GP recorded CKD (G3a to G5), with a record of an eGFR test in the preceding 12 months.",CKD: Monitoring with eGFR (CVDP006CKD),93.08,Persons,Sex,0,48680.0,To March 2026,93.51,93.3,
E54000061,NHS South Yorkshire Integrated Care Board,Female,29785.0,,,CVDP006CKD,"Patients with GP recorded CKD (G3a to G5), with a record of an eGFR test in the preceding 12 months.",CKD: Monitoring with eGFR (CVDP006CKD),92.66,Female,Sex,0,27685.0,To March 2026,93.24,92.95,
E54000061,NHS South Yorkshire Integrated Care Board,Male,22390.0,,,CVDP006CKD,"Patients with GP recorded CKD (G3a to G5), with a record of an eGFR test in the preceding 12 months.",CKD: Monitoring with eGFR (CVDP006CKD),93.44,Male,Sex,0,20995.0,To March 2026,94.07,93.76,
E54000061,NHS South Yorkshire Integrated Care Board,Male,230.0,,,CVDP006CKD,"Patients with GP recorded CKD (G3a to G5), with a record of an eGFR test in the preceding 12 months.",CKD: Monitoring with eGFR (CVDP006CKD),66.24,18-39,Age group,0,165.0,To March 2026,77.35,72.29,
E54000061,NHS South Yorkshire Integrated Care Board,Female,195.0,,,CVDP006CKD,"Patients with GP recorded CKD (G3a to G5), with a record of an eGFR test in the preceding 12 months.",CKD: Monitoring with eGFR (CVDP006CKD),69.04,18-39,Age group,0,145.0,To March 2026,80.71,75.26,
E54000061,NHS South Yorkshire Integrated Care Board,Persons,425.0,,,CVDP006CKD,"Patients with GP recorded CKD (G3a to G5), with a record of an eGFR test in the preceding 12 months.",CKD: Monitoring with eGFR (CVDP006CKD),69.39,18-39,Age group,0,315.0,To March 2026,77.57,73.65,
E54000061,NHS South Yorkshire Integrated Care Board,Male,1465.0,,,CVDP006CKD,"Patients with GP recorded CKD (G3a to G5), with a record of an eGFR test in the preceding 12 months.",CKD: Monitoring with eGFR (CVDP006CKD),84.04,40-59,Age group,0,1255.0,To March 2026,87.59,85.92,
E54000061,NHS South Yorkshire Integrated Care Board,Female,1540.0,,,CVDP006CKD,"Patients with GP recorded CKD (G3a to G5), with a record of an eGFR test in the preceding 12 months.",CKD: Monitoring with eGFR (CVDP006CKD),84.77,40-59,Age group,0,1335.0,To March 2026,88.14,86.56,
E54000061,NHS South Yorkshire Integrated Care Board,Persons,3005.0,,,CVDP006CKD,"Patients with GP recorded CKD (G3a to G5), with a record of an eGFR test in the preceding 12 months.",CKD: Monitoring with eGFR (CVDP006CKD),84.96,40-59,Age group,0,2590.0,To March 2026,87.43,86.25,
E54000061,NHS South Yorkshire Integrated Care Board,Male,10700.0,,,CVDP006CKD,"Patients with GP recorded CKD (G3a to G5), with a record of an eGFR test in the preceding 12 months.",CKD: Monitoring with eGFR (CVDP006CKD),93.74,60-79,Age group,0,10080.0,To March 2026,94.62,94.2,
E54000061,NHS South Yorkshire Integrated Care Board,Female,12635.0,,,CVDP006CKD,"Patients with GP recorded CKD (G3a to G5), with a record of an eGFR test in the preceding 12 months.",CKD: Monitoring with eGFR (CVDP006CKD),93.17,60-79,Age group,0,11825.0,To March 2026,94.02,93.6,
E54000061,NHS South Yorkshire Integrated Care Board,Persons,23335.0,,,CVDP006CKD,"Patients with GP recorded CKD (G3a to G5), with a record of an eGFR test in the preceding 12 months.",CKD: Monitoring with eGFR (CVDP006CKD),93.56,60-79,Age group,0,21905.0,To March 2026,94.18,93.88,
E54000061,NHS South Yorkshire Integrated Care Board,Male,9995.0,,,CVDP006CKD,"Patients with GP recorded CKD (G3a to G5), with a record of an eGFR test in the preceding 12 months.",CKD: Monitoring with eGFR (CVDP006CKD),94.48,80+,Age group,0,9490.0,To March 2026,95.34,94.93,
E54000061,NHS South Yorkshire Integrated Care Board,Female,15420.0,,,CVDP006CKD,"Patients with GP recorded CKD (G3a to G5), with a record of an eGFR test in the preceding 12 months.",CKD: Monitoring with eGFR (CVDP006CKD),92.88,80+,Age group,0,14380.0,To March 2026,93.66,93.28,
E54000061,NHS South Yorkshire Integrated Care Board,Persons,25415.0,,,CVDP006CKD,"Patients with GP recorded CKD (G3a to G5), with a record of an eGFR test in the preceding 12 months.",CKD: Monitoring with eGFR (CVDP006CKD),93.63,80+,Age group,0,23870.0,To March 2026,94.22,93.93,
E54000061,NHS South Yorkshire Integrated Care Board,Persons,18580.0,,,CVDP006CKD,"Patients with GP recorded CKD (G3a to G5), with a record of an eGFR test in the preceding 12 months.",CKD: Monitoring with eGFR (CVDP006CKD),92.46,1 - most deprived,Deprivation quintile,0,17250.0,To March 2026,93.19,92.83,
E54000061,NHS South Yorkshire Integrated Care Board,Persons,10090.0,,,CVDP006CKD,"Patients with GP recorded CKD (G3a to G5), with a record of an eGFR test in the preceding 12 months.",CKD: Monitoring with eGFR (CVDP006CKD),92.36,2,Deprivation quintile,0,9370.0,To March 2026,93.36,92.87,
E54000061,NHS South Yorkshire Integrated Care Board,Persons,9540.0,,,CVDP006CKD,"Patients with GP recorded CKD (G3a to G5), with a record of an eGFR test in the preceding 12 months.",CKD: Monitoring with eGFR (CVDP006CKD),92.84,3,Deprivation quintile,0,8905.0,To March 2026,93.84,93.35,
E54000061,NHS South Yorkshire Integrated Care Board,Persons,8575.0,,,CVDP006CKD,"Patients with GP recorded CKD (G3a to G5), with a record of an eGFR test in the preceding 12 months.",CKD: Monitoring with eGFR (CVDP006CKD),93.58,4,Deprivation quintile,0,8065.0,To March 2026,94.57,94.09,
E54000061,NHS South Yorkshire Integrated Care Board,Persons,5395.0,,,CVDP006CKD,"Patients with GP recorded CKD (G3a to G5), with a record of an eGFR test in the preceding 12 months.",CKD: Monitoring with eGFR (CVDP006CKD),93.46,5 - least deprived,Deprivation quintile,0,5075.0,To March 2026,94.7,94.1,
E54000061,NHS South Yorkshire Integrated Care Board,Persons,1230.0,,,CVDP006CKD,"Patients with GP recorded CKD (G3a to G5), with a record of an eGFR test in the preceding 12 months.",CKD: Monitoring with eGFR (CVDP006CKD),91.39,Asian,Ethnicity,0,1140.0,To March 2026,94.23,92.92,
E54000061,NHS South Yorkshire Integrated Care Board,Persons,920.0,,,CVDP006CKD,"Patients with GP recorded CKD (G3a to G5), with a record of an eGFR test in the preceding 12 months.",CKD: Monitoring with eGFR (CVDP006CKD),89.06,Black,Ethnicity,0,840.0,To March 2026,92.74,91.09,
E54000061,NHS South Yorkshire Integrated Care Board,Persons,655.0,,,CVDP006CKD,"Patients with GP recorded CKD (G3a to G5), with a record of an eGFR test in the preceding 12 months.",CKD: Monitoring with eGFR (CVDP006CKD),87.96,Missing,Ethnicity,0,590.0,To March 2026,92.38,90.35,
E54000061,NHS South Yorkshire Integrated Care Board,Persons,260.0,,,CVDP006CKD,"Patients with GP recorded CKD (G3a to G5), with a record of an eGFR test in the preceding 12 months.",CKD: Monitoring with eGFR (CVDP006CKD),84.47,Mixed,Ethnicity,0,230.0,To March 2026,92.05,88.89,
E54000061,NHS South Yorkshire Integrated Care Board,Persons,1820.0,,,CVDP006CKD,"Patients with GP recorded CKD (G3a to G5), with a record of an eGFR test in the preceding 12 months.",CKD: Monitoring with eGFR (CVDP006CKD),91.82,Not stated,Ethnicity,0,1695.0,To March 2026,94.13,93.07,
E54000061,NHS South Yorkshire Integrated Care Board,Persons,215.0,,,CVDP006CKD,"Patients with GP recorded CKD (G3a to G5), with a record of an eGFR test in the preceding 12 months.",CKD: Monitoring with eGFR (CVDP006CKD),85.71,Other,Ethnicity,0,195.0,To March 2026,93.55,90.19,
E54000061,NHS South Yorkshire Integrated Care Board,Persons,47085.0,,,CVDP006CKD,"Patients with GP recorded CKD (G3a to G5), with a record of an eGFR test in the preceding 12 months.",CKD: Monitoring with eGFR (CVDP006CKD),93.21,White,Ethnicity,0,43995.0,To March 2026,93.66,93.44,
E54000061,NHS South Yorkshire Integrated Care Board,Persons,51215.0,,,CVDP006CKD,"Patients with GP recorded CKD (G3a to G5), with a record of an eGFR test in the preceding 12 months.",CKD: Monitoring with eGFR (CVDP006CKD),93.05,People without SMI,Mental Health,0,47770.0,To March 2026,93.49,93.27,
E54000061,NHS South Yorkshire Integrated Care Board,Persons,965.0,,,CVDP006CKD,"Patients with GP recorded CKD (G3a to G5), with a record of an eGFR test in the preceding 12 months.",CKD: Monitoring with eGFR (CVDP006CKD),93.08,People with SMI,Mental Health,0,915.0,To March 2026,95.87,94.61,
E54000061,NHS South Yorkshire Integrated Care Board,Persons,51885.0,,,CVDP006CKD,"Patients with GP recorded CKD (G3a to G5), with a record of an eGFR test in the preceding 12 months.",CKD: Monitoring with eGFR (CVDP006CKD),93.1,People without a diagnosed learning disability,Learning Disability,0,48415.0,To March 2026,93.53,93.32,
E54000061,NHS South Yorkshire Integrated Care Board,Persons,295.0,,,CVDP006CKD,"Patients with GP recorded CKD (G3a to G5), with a record of an eGFR test in the preceding 12 months.",CKD: Monitoring with eGFR (CVDP006CKD),85.57,People with a diagnosed learning disability,Learning Disability,0,265.0,To March 2026,92.28,89.49,
E54000010,NHS Staffordshire and Stoke-on-Trent Integrated Care Board,Persons,49455.0,,,CVDP006CKD,"Patients with GP recorded CKD (G3a to G5), with a record of an eGFR test in the preceding 12 months.",CKD: Monitoring with eGFR (CVDP006CKD),92.03,Persons,Sex,0,45635.0,To March 2026,92.5,92.27,
E54000010,NHS Staffordshire and Stoke-on-Trent Integrated Care Board,Female,27440.0,,,CVDP006CKD,"Patients with GP recorded CKD (G3a to G5), with a record of an eGFR test in the preceding 12 months.",CKD: Monitoring with eGFR (CVDP006CKD),91.34,Female,Sex,0,25155.0,To March 2026,91.99,91.67,
E54000010,NHS Staffordshire and Stoke-on-Trent Integrated Care Board,Male,22015.0,,,CVDP006CKD,"Patients with GP recorded CKD (G3a to G5), with a record of an eGFR test in the preceding 12 months.",CKD: Monitoring with eGFR (CVDP006CKD),92.68,Male,Sex,0,20480.0,To March 2026,93.35,93.02,
E54000010,NHS Staffordshire and Stoke-on-Trent Integrated Care Board,Male,170.0,,,CVDP006CKD,"Patients with GP recorded CKD (G3a to G5), with a record of an eGFR test in the preceding 12 months.",CKD: Monitoring with eGFR (CVDP006CKD),75.58,18-39,Age group,0,140.0,To March 2026,86.63,81.66,
E54000010,NHS Staffordshire and Stoke-on-Trent Integrated Care Board,Female,145.0,,,CVDP006CKD,"Patients with GP recorded CKD (G3a to G5), with a record of an eGFR test in the preceding 12 months.",CKD: Monitoring with eGFR (CVDP006CKD),75.0,18-39,Age group,0,120.0,To March 2026,87.16,82.07,
E54000010,NHS Staffordshire and Stoke-on-Trent Integrated Care Board,Persons,315.0,,,CVDP006CKD,"Patients with GP recorded CKD (G3a to G5), with a record of an eGFR test in the preceding 12 months.",CKD: Monitoring with eGFR (CVDP006CKD),77.29,18-39,Age group,0,255.0,To March 2026,85.8,81.85,
E54000010,NHS Staffordshire and Stoke-on-Trent Integrated Care Board,Male,1290.0,,,CVDP006CKD,"Patients with GP recorded CKD (G3a to G5), with a record of an eGFR test in the preceding 12 months.",CKD: Monitoring with eGFR (CVDP006CKD),82.42,40-59,Age group,0,1090.0,To March 2026,86.37,84.47,
E54000010,NHS Staffordshire and Stoke-on-Trent Integrated Care Board,Female,1245.0,,,CVDP006CKD,"Patients with GP recorded CKD (G3a to G5), with a record of an eGFR test in the preceding 12 months.",CKD: Monitoring with eGFR (CVDP006CKD),84.68,40-59,Age group,0,1080.0,To March 2026,88.45,86.66,
E54000010,NHS Staffordshire and Stoke-on-Trent Integrated Care Board,Persons,2530.0,,,CVDP006CKD,"Patients with GP recorded CKD (G3a to G5), with a record of an eGFR test in the preceding 12 months.",CKD: Monitoring with eGFR (CVDP006CKD),84.14,40-59,Age group,0,2165.0,To March 2026,86.86,85.55,
E54000010,NHS Staffordshire and Stoke-on-Trent Integrated Care Board,Male,10310.0,,,CVDP006CKD,"Patients with GP recorded CKD (G3a to G5), with a record of an eGFR test in the preceding 12 months.",CKD: Monitoring with eGFR (CVDP006CKD),92.75,60-79,Age group,0,9610.0,To March 2026,93.71,93.24,
E54000010,NHS Staffordshire and Stoke-on-Trent Integrated Care Board,Female,11360.0,,,CVDP006CKD,"Patients with GP recorded CKD (G3a to G5), with a record of an eGFR test in the preceding 12 months.",CKD: Monitoring with eGFR (CVDP006CKD),91.46,60-79,Age group,0,10450.0,To March 2026,92.46,91.97,
E54000010,NHS Staffordshire and Stoke-on-Trent Integrated Care Board,Persons,21670.0,,,CVDP006CKD,"Patients with GP recorded CKD (G3a to G5), with a record of an eGFR test in the preceding 12 months.",CKD: Monitoring with eGFR (CVDP006CKD),92.22,60-79,Age group,0,20060.0,To March 2026,92.92,92.57,
E54000010,NHS Staffordshire and Stoke-on-Trent Integrated Care Board,Male,10250.0,,,CVDP006CKD,"Patients with GP recorded CKD (G3a to G5), with a record of an eGFR test in the preceding 12 months.",CKD: Monitoring with eGFR (CVDP006CKD),93.6,80+,Age group,0,9640.0,To March 2026,94.51,94.07,
E54000010,NHS Staffordshire and Stoke-on-Trent Integrated Care Board,Female,14690.0,,,CVDP006CKD,"Patients with GP recorded CKD (G3a to G5), with a record of an eGFR test in the preceding 12 months.",CKD: Monitoring with eGFR (CVDP006CKD),91.51,80+,Age group,0,13510.0,To March 2026,92.39,91.95,
E54000010,NHS Staffordshire and Stoke-on-Trent Integrated Care Board,Persons,24940.0,,,CVDP006CKD,"Patients with GP recorded CKD (G3a to G5), with a record of an eGFR test in the preceding 12 months.",CKD: Monitoring with eGFR (CVDP006CKD),92.5,80+,Age group,0,23150.0,To March 2026,93.14,92.82,
E54000010,NHS Staffordshire and Stoke-on-Trent Integrated Care Board,Persons,8120.0,,,CVDP006CKD,"Patients with GP recorded CKD (G3a to G5), with a record of an eGFR test in the preceding 12 months.",CKD: Monitoring with eGFR (CVDP006CKD),91.66,1 - most deprived,Deprivation quintile,0,7495.0,To March 2026,92.81,92.26,
E54000010,NHS Staffordshire and Stoke-on-Trent Integrated Care Board,Persons,8915.0,,,CVDP006CKD,"Patients with GP recorded CKD (G3a to G5), with a record of an eGFR test in the preceding 12 months.",CKD: Monitoring with eGFR (CVDP006CKD),91.75,2,Deprivation quintile,0,8230.0,To March 2026,92.84,92.31,
E54000010,NHS Staffordshire and Stoke-on-Trent Integrated Care Board,Persons,10825.0,,,CVDP006CKD,"Patients with GP recorded CKD (G3a to G5), with a record of an eGFR test in the preceding 12 months.",CKD: Monitoring with eGFR (CVDP006CKD),92.32,3,Deprivation quintile,0,10045.0,To March 2026,93.29,92.82,
E54000010,NHS Staffordshire and Stoke-on-Trent Integrated Care Board,Persons,12600.0,,,CVDP006CKD,"Patients with GP recorded CKD (G3a to G5), with a record of an eGFR test in the preceding 12 months.",CKD: Monitoring with eGFR (CVDP006CKD),91.57,4,Deprivation quintile,0,11600.0,To March 2026,92.51,92.05,
E54000010,NHS Staffordshire and Stoke-on-Trent Integrated Care Board,Persons,10100.0,,,CVDP006CKD,"Patients with GP recorded CKD (G3a to G5), with a record of an eGFR test in the preceding 12 months.",CKD: Monitoring with eGFR (CVDP006CKD),91.39,5 - least deprived,Deprivation quintile,0,9285.0,To March 2026,92.45,91.93,
E54000010,NHS Staffordshire and Stoke-on-Trent Integrated Care Board,Persons,1010.0,,,CVDP006CKD,"Patients with GP recorded CKD (G3a to G5), with a record of an eGFR test in the preceding 12 months.",CKD: Monitoring with eGFR (CVDP006CKD),88.74,Asian,Ethnicity,0,915.0,To March 2026,92.29,90.68,
E54000010,NHS Staffordshire and Stoke-on-Trent Integrated Care Board,Persons,470.0,,,CVDP006CKD,"Patients with GP recorded CKD (G3a to G5), with a record of an eGFR test in the preceding 12 months.",CKD: Monitoring with eGFR (CVDP006CKD),83.97,Black,Ethnicity,0,410.0,To March 2026,89.87,87.26,
E54000010,NHS Staffordshire and Stoke-on-Trent Integrated Care Board,Persons,370.0,,,CVDP006CKD,"Patients with GP recorded CKD (G3a to G5), with a record of an eGFR test in the preceding 12 months.",CKD: Monitoring with eGFR (CVDP006CKD),87.47,Missing,Ethnicity,0,340.0,To March 2026,93.33,90.86,
E54000010,NHS Staffordshire and Stoke-on-Trent Integrated Care Board,Persons,205.0,,,CVDP006CKD,"Patients with GP recorded CKD (G3a to G5), with a record of an eGFR test in the preceding 12 months.",CKD: Monitoring with eGFR (CVDP006CKD),84.95,Mixed,Ethnicity,0,180.0,To March 2026,93.2,89.66,
E54000010,NHS Staffordshire and Stoke-on-Trent Integrated Care Board,Persons,400.0,,,CVDP006CKD,"Patients with GP recorded CKD (G3a to G5), with a record of an eGFR test in the preceding 12 months.",CKD: Monitoring with eGFR (CVDP006CKD),83.7,Not stated,Ethnicity,0,350.0,To March 2026,90.12,87.31,
E54000010,NHS Staffordshire and Stoke-on-Trent Integrated Care Board,Persons,200.0,,,CVDP006CKD,"Patients with GP recorded CKD (G3a to G5), with a record of an eGFR test in the preceding 12 months.",CKD: Monitoring with eGFR (CVDP006CKD),84.58,Other,Ethnicity,0,175.0,To March 2026,93.03,89.39,
E54000010,NHS Staffordshire and Stoke-on-Trent Integrated Care Board,Persons,46800.0,,,CVDP006CKD,"Patients with GP recorded CKD (G3a to G5), with a record of an eGFR test in the preceding 12 months.",CKD: Monitoring with eGFR (CVDP006CKD),92.19,White,Ethnicity,0,43260.0,To March 2026,92.67,92.43,
E54000010,NHS Staffordshire and Stoke-on-Trent Integrated Care Board,Persons,48775.0,,,CVDP006CKD,"Patients with GP recorded CKD (G3a to G5), with a record of an eGFR test in the preceding 12 months.",CKD: Monitoring with eGFR (CVDP006CKD),92.0,People without SMI,Mental Health,0,44990.0,To March 2026,92.47,92.24,
E54000010,NHS Staffordshire and Stoke-on-Trent Integrated Care Board,Persons,680.0,,,CVDP006CKD,"Patients with GP recorded CKD (G3a to G5), with a record of an eGFR test in the preceding 12 months.",CKD: Monitoring with eGFR (CVDP006CKD),92.83,People with SMI,Mental Health,0,645.0,To March 2026,96.19,94.71,
E54000010,NHS Staffordshire and Stoke-on-Trent Integrated Care Board,Persons,49260.0,,,CVDP006CKD,"Patients with GP recorded CKD (G3a to G5), with a record of an eGFR test in the preceding 12 months.",CKD: Monitoring with eGFR (CVDP006CKD),92.03,People without a diagnosed learning disability,Learning Disability,0,45450.0,To March 2026,92.5,92.27,
E54000010,NHS Staffordshire and Stoke-on-Trent Integrated Care Board,Persons,200.0,,,CVDP006CKD,"Patients with GP recorded CKD (G3a to G5), with a record of an eGFR test in the preceding 12 months.",CKD: Monitoring with eGFR (CVDP006CKD),88.06,People with a diagnosed learning disability,Learning Disability,0,185.0,To March 2026,95.02,92.42,
E54000023,NHS Suffolk and North East Essex Integrated Care Board,Persons,54790.0,,,CVDP006CKD,"Patients with GP recorded CKD (G3a to G5), with a record of an eGFR test in the preceding 12 months.",CKD: Monitoring with eGFR (CVDP006CKD),93.23,Persons,Sex,0,51195.0,To March 2026,93.65,93.44,
E54000023,NHS Suffolk and North East Essex Integrated Care Board,Female,29810.0,,,CVDP006CKD,"Patients with GP recorded CKD (G3a to G5), with a record of an eGFR test in the preceding 12 months.",CKD: Monitoring with eGFR (CVDP006CKD),92.73,Female,Sex,0,27730.0,To March 2026,93.31,93.02,
E54000023,NHS Suffolk and North East Essex Integrated Care Board,Male,24975.0,,,CVDP006CKD,"Patients with GP recorded CKD (G3a to G5), with a record of an eGFR test in the preceding 12 months.",CKD: Monitoring with eGFR (CVDP006CKD),93.64,Male,Sex,0,23465.0,To March 2026,94.23,93.94,
E54000023,NHS Suffolk and North East Essex Integrated Care Board,Male,160.0,,,CVDP006CKD,"Patients with GP recorded CKD (G3a to G5), with a record of an eGFR test in the preceding 12 months.",CKD: Monitoring with eGFR (CVDP006CKD),70.12,18-39,Age group,0,125.0,To March 2026,82.93,77.02,
E54000023,NHS Suffolk and North East Essex Integrated Care Board,Female,140.0,,,CVDP006CKD,"Patients with GP recorded CKD (G3a to G5), with a record of an eGFR test in the preceding 12 months.",CKD: Monitoring with eGFR (CVDP006CKD),80.0,18-39,Age group,0,125.0,To March 2026,91.03,86.62,
E54000023,NHS Suffolk and North East Essex Integrated Care Board,Persons,305.0,,,CVDP006CKD,"Patients with GP recorded CKD (G3a to G5), with a record of an eGFR test in the preceding 12 months.",CKD: Monitoring with eGFR (CVDP006CKD),76.8,18-39,Age group,0,245.0,To March 2026,85.29,81.52,
E54000023,NHS Suffolk and North East Essex Integrated Care Board,Male,1340.0,,,CVDP006CKD,"Patients with GP recorded CKD (G3a to G5), with a record of an eGFR test in the preceding 12 months.",CKD: Monitoring with eGFR (CVDP006CKD),86.06,40-59,Age group,0,1175.0,To March 2026,89.49,87.89,
E54000023,NHS Suffolk and North East Essex Integrated Care Board,Female,1425.0,,,CVDP006CKD,"Patients with GP recorded CKD (G3a to G5), with a record of an eGFR test in the preceding 12 months.",CKD: Monitoring with eGFR (CVDP006CKD),87.25,40-59,Age group,0,1265.0,To March 2026,90.47,88.97,
E54000023,NHS Suffolk and North East Essex Integrated Care Board,Persons,2760.0,,,CVDP006CKD,"Patients with GP recorded CKD (G3a to G5), with a record of an eGFR test in the preceding 12 months.",CKD: Monitoring with eGFR (CVDP006CKD),87.23,40-59,Age group,0,2445.0,To March 2026,89.58,88.45,
E54000023,NHS Suffolk and North East Essex Integrated Care Board,Male,11720.0,,,CVDP006CKD,"Patients with GP recorded CKD (G3a to G5), with a record of an eGFR test in the preceding 12 months.",CKD: Monitoring with eGFR (CVDP006CKD),93.62,60-79,Age group,0,11025.0,To March 2026,94.47,94.06,
E54000023,NHS Suffolk and North East Essex Integrated Care Board,Female,12885.0,,,CVDP006CKD,"Patients with GP recorded CKD (G3a to G5), with a record of an eGFR test in the preceding 12 months.",CKD: Monitoring with eGFR (CVDP006CKD),92.25,60-79,Age group,0,11945.0,To March 2026,93.14,92.7,
E54000023,NHS Suffolk and North East Essex Integrated Care Board,Persons,24605.0,,,CVDP006CKD,"Patients with GP recorded CKD (G3a to G5), with a record of an eGFR test in the preceding 12 months.",CKD: Monitoring with eGFR (CVDP006CKD),93.03,60-79,Age group,0,22970.0,To March 2026,93.66,93.35,
E54000023,NHS Suffolk and North East Essex Integrated Care Board,Male,11755.0,,,CVDP006CKD,"Patients with GP recorded CKD (G3a to G5), with a record of an eGFR test in the preceding 12 months.",CKD: Monitoring with eGFR (CVDP006CKD),94.33,80+,Age group,0,11140.0,To March 2026,95.13,94.74,
E54000023,NHS Suffolk and North East Essex Integrated Care Board,Female,15360.0,,,CVDP006CKD,"Patients with GP recorded CKD (G3a to G5), with a record of an eGFR test in the preceding 12 months.",CKD: Monitoring with eGFR (CVDP006CKD),93.34,80+,Age group,0,14400.0,To March 2026,94.1,93.72,
E54000023,NHS Suffolk and North East Essex Integrated Care Board,Persons,27120.0,,,CVDP006CKD,"Patients with GP recorded CKD (G3a to G5), with a record of an eGFR test in the preceding 12 months.",CKD: Monitoring with eGFR (CVDP006CKD),93.88,80+,Age group,0,25535.0,To March 2026,94.44,94.17,
E54000023,NHS Suffolk and North East Essex Integrated Care Board,Persons,6305.0,,,CVDP006CKD,"Patients with GP recorded CKD (G3a to G5), with a record of an eGFR test in the preceding 12 months.",CKD: Monitoring with eGFR (CVDP006CKD),92.6,1 - most deprived,Deprivation quintile,0,5880.0,To March 2026,93.83,93.24,
E54000023,NHS Suffolk and North East Essex Integrated Care Board,Persons,10010.0,,,CVDP006CKD,"Patients with GP recorded CKD (G3a to G5), with a record of an eGFR test in the preceding 12 months.",CKD: Monitoring with eGFR (CVDP006CKD),92.89,2,Deprivation quintile,0,9350.0,To March 2026,93.86,93.39,
E54000023,NHS Suffolk and North East Essex Integrated Care Board,Persons,15685.0,,,CVDP006CKD,"Patients with GP recorded CKD (G3a to G5), with a record of an eGFR test in the preceding 12 months.",CKD: Monitoring with eGFR (CVDP006CKD),93.18,3,Deprivation quintile,0,14680.0,To March 2026,93.95,93.57,
E54000023,NHS Suffolk and North East Essex Integrated Care Board,Persons,11805.0,,,CVDP006CKD,"Patients with GP recorded CKD (G3a to G5), with a record of an eGFR test in the preceding 12 months.",CKD: Monitoring with eGFR (CVDP006CKD),92.64,4,Deprivation quintile,0,10995.0,To March 2026,93.55,93.11,
E54000023,NHS Suffolk and North East Essex Integrated Care Board,Persons,10280.0,,,CVDP006CKD,"Patients with GP recorded CKD (G3a to G5), with a record of an eGFR test in the preceding 12 months.",CKD: Monitoring with eGFR (CVDP006CKD),93.2,5 - least deprived,Deprivation quintile,0,9630.0,To March 2026,94.14,93.69,
E54000023,NHS Suffolk and North East Essex Integrated Care Board,Persons,490.0,,,CVDP006CKD,"Patients with GP recorded CKD (G3a to G5), with a record of an eGFR test in the preceding 12 months.",CKD: Monitoring with eGFR (CVDP006CKD),88.59,Asian,Ethnicity,0,445.0,To March 2026,93.48,91.39,
E54000023,NHS Suffolk and North East Essex Integrated Care Board,Persons,695.0,,,CVDP006CKD,"Patients with GP recorded CKD (G3a to G5), with a record of an eGFR test in the preceding 12 months.",CKD: Monitoring with eGFR (CVDP006CKD),86.84,Black,Ethnicity,0,620.0,To March 2026,91.42,89.37,
E54000023,NHS Suffolk and North East Essex Integrated Care Board,Persons,390.0,,,CVDP006CKD,"Patients with GP recorded CKD (G3a to G5), with a record of an eGFR test in the preceding 12 months.",CKD: Monitoring with eGFR (CVDP006CKD),86.8,Missing,Ethnicity,0,350.0,To March 2026,92.64,90.03,
E54000023,NHS Suffolk and North East Essex Integrated Care Board,Persons,260.0,,,CVDP006CKD,"Patients with GP recorded CKD (G3a to G5), with a record of an eGFR test in the preceding 12 months.",CKD: Monitoring with eGFR (CVDP006CKD),84.15,Mixed,Ethnicity,0,230.0,To March 2026,91.7,88.55,
E54000023,NHS Suffolk and North East Essex Integrated Care Board,Persons,1070.0,,,CVDP006CKD,"Patients with GP recorded CKD (G3a to G5), with a record of an eGFR test in the preceding 12 months.",CKD: Monitoring with eGFR (CVDP006CKD),90.49,Not stated,Ethnicity,0,985.0,To March 2026,93.66,92.24,
E54000023,NHS Suffolk and North East Essex Integrated Care Board,Persons,130.0,,,CVDP006CKD,"Patients with GP recorded CKD (G3a to G5), with a record of an eGFR test in the preceding 12 months.",CKD: Monitoring with eGFR (CVDP006CKD),82.71,Other,Ethnicity,0,115.0,To March 2026,93.23,89.23,
E54000023,NHS Suffolk and North East Essex Integrated Care Board,Persons,51755.0,,,CVDP006CKD,"Patients with GP recorded CKD (G3a to G5), with a record of an eGFR test in the preceding 12 months.",CKD: Monitoring with eGFR (CVDP006CKD),93.39,White,Ethnicity,0,48440.0,To March 2026,93.81,93.6,
E54000023,NHS Suffolk and North East Essex Integrated Care Board,Persons,53865.0,,,CVDP006CKD,"Patients with GP recorded CKD (G3a to G5), with a record of an eGFR test in the preceding 12 months.",CKD: Monitoring with eGFR (CVDP006CKD),93.19,People without SMI,Mental Health,0,50310.0,To March 2026,93.61,93.4,
E54000023,NHS Suffolk and North East Essex Integrated Care Board,Persons,925.0,,,CVDP006CKD,"Patients with GP recorded CKD (G3a to G5), with a record of an eGFR test in the preceding 12 months.",CKD: Monitoring with eGFR (CVDP006CKD),94.19,People with SMI,Mental Health,0,885.0,To March 2026,96.77,95.68,
E54000023,NHS Suffolk and North East Essex Integrated Care Board,Persons,54575.0,,,CVDP006CKD,"Patients with GP recorded CKD (G3a to G5), with a record of an eGFR test in the preceding 12 months.",CKD: Monitoring with eGFR (CVDP006CKD),93.23,People without a diagnosed learning disability,Learning Disability,0,50995.0,To March 2026,93.65,93.44,
E54000023,NHS Suffolk and North East Essex Integrated Care Board,Persons,215.0,,,CVDP006CKD,"Patients with GP recorded CKD (G3a to G5), with a record of an eGFR test in the preceding 12 months.",CKD: Monitoring with eGFR (CVDP006CKD),88.94,People with a diagnosed learning disability,Learning Disability,0,200.0,To March 2026,95.85,92.99,
E54000063,Nhs Surrey Heartlands Integrated Care Board,Persons,39930.0,,,CVDP006CKD,"Patients with GP recorded CKD (G3a to G5), with a record of an eGFR test in the preceding 12 months.",CKD: Monitoring with eGFR (CVDP006CKD),92.56,Persons,Sex,0,37065.0,To March 2026,93.07,92.82,
E54000063,Nhs Surrey Heartlands Integrated Care Board,Female,22285.0,,,CVDP006CKD,"Patients with GP recorded CKD (G3a to G5), with a record of an eGFR test in the preceding 12 months.",CKD: Monitoring with eGFR (CVDP006CKD),91.75,Female,Sex,0,20525.0,To March 2026,92.45,92.11,
E54000063,Nhs Surrey Heartlands Integrated Care Board,Male,17645.0,,,CVDP006CKD,"Patients with GP recorded CKD (G3a to G5), with a record of an eGFR test in the preceding 12 months.",CKD: Monitoring with eGFR (CVDP006CKD),93.36,Male,Sex,0,16540.0,To March 2026,94.07,93.73,
E54000063,Nhs Surrey Heartlands Integrated Care Board,Male,110.0,,,CVDP006CKD,"Patients with GP recorded CKD (G3a to G5), with a record of an eGFR test in the preceding 12 months.",CKD: Monitoring with eGFR (CVDP006CKD),75.65,18-39,Age group,0,95.0,To March 2026,88.7,83.04,
E54000063,Nhs Surrey Heartlands Integrated Care Board,Female,75.0,,,CVDP006CKD,"Patients with GP recorded CKD (G3a to G5), with a record of an eGFR test in the preceding 12 months.",CKD: Monitoring with eGFR (CVDP006CKD),76.25,18-39,Age group,0,65.0,To March 2026,91.25,85.71,
E54000063,Nhs Surrey Heartlands Integrated Care Board,Persons,190.0,,,CVDP006CKD,"Patients with GP recorded CKD (G3a to G5), with a record of an eGFR test in the preceding 12 months.",CKD: Monitoring with eGFR (CVDP006CKD),78.65,18-39,Age group,0,160.0,To March 2026,88.54,84.13,
E54000063,Nhs Surrey Heartlands Integrated Care Board,Male,1040.0,,,CVDP006CKD,"Patients with GP recorded CKD (G3a to G5), with a record of an eGFR test in the preceding 12 months.",CKD: Monitoring with eGFR (CVDP006CKD),83.97,40-59,Age group,0,895.0,To March 2026,88.1,86.14,
E54000063,Nhs Surrey Heartlands Integrated Care Board,Female,1025.0,,,CVDP006CKD,"Patients with GP recorded CKD (G3a to G5), with a record of an eGFR test in the preceding 12 months.",CKD: Monitoring with eGFR (CVDP006CKD),84.56,40-59,Age group,0,890.0,To March 2026,88.64,86.76,
E54000063,Nhs Surrey Heartlands Integrated Care Board,Persons,2065.0,,,CVDP006CKD,"Patients with GP recorded CKD (G3a to G5), with a record of an eGFR test in the preceding 12 months.",CKD: Monitoring with eGFR (CVDP006CKD),84.92,40-59,Age group,0,1785.0,To March 2026,87.87,86.45,
E54000063,Nhs Surrey Heartlands Integrated Care Board,Male,7640.0,,,CVDP006CKD,"Patients with GP recorded CKD (G3a to G5), with a record of an eGFR test in the preceding 12 months.",CKD: Monitoring with eGFR (CVDP006CKD),93.39,60-79,Age group,0,7175.0,To March 2026,94.45,93.94,
E54000063,Nhs Surrey Heartlands Integrated Care Board,Female,8325.0,,,CVDP006CKD,"Patients with GP recorded CKD (G3a to G5), with a record of an eGFR test in the preceding 12 months.",CKD: Monitoring with eGFR (CVDP006CKD),91.01,60-79,Age group,0,7625.0,To March 2026,92.19,91.61,
E54000063,Nhs Surrey Heartlands Integrated Care Board,Persons,15965.0,,,CVDP006CKD,"Patients with GP recorded CKD (G3a to G5), with a record of an eGFR test in the preceding 12 months.",CKD: Monitoring with eGFR (CVDP006CKD),92.32,60-79,Age group,0,14805.0,To March 2026,93.12,92.73,
E54000063,Nhs Surrey Heartlands Integrated Care Board,Male,8855.0,,,CVDP006CKD,"Patients with GP recorded CKD (G3a to G5), with a record of an eGFR test in the preceding 12 months.",CKD: Monitoring with eGFR (CVDP006CKD),94.08,80+,Age group,0,8375.0,To March 2026,95.02,94.57,
E54000063,Nhs Surrey Heartlands Integrated Care Board,Female,12855.0,,,CVDP006CKD,"Patients with GP recorded CKD (G3a to G5), with a record of an eGFR test in the preceding 12 months.",CKD: Monitoring with eGFR (CVDP006CKD),92.43,80+,Age group,0,11940.0,To March 2026,93.32,92.89,
E54000063,Nhs Surrey Heartlands Integrated Care Board,Persons,21710.0,,,CVDP006CKD,"Patients with GP recorded CKD (G3a to G5), with a record of an eGFR test in the preceding 12 months.",CKD: Monitoring with eGFR (CVDP006CKD),93.24,80+,Age group,0,20315.0,To March 2026,93.89,93.57,
E54000063,Nhs Surrey Heartlands Integrated Care Board,Persons,160.0,,,CVDP006CKD,"Patients with GP recorded CKD (G3a to G5), with a record of an eGFR test in the preceding 12 months.",CKD: Monitoring with eGFR (CVDP006CKD),89.09,1 - most deprived,Deprivation quintile,0,150.0,To March 2026,96.36,93.83,
E54000063,Nhs Surrey Heartlands Integrated Care Board,Persons,3050.0,,,CVDP006CKD,"Patients with GP recorded CKD (G3a to G5), with a record of an eGFR test in the preceding 12 months.",CKD: Monitoring with eGFR (CVDP006CKD),92.73,2,Deprivation quintile,0,2855.0,To March 2026,94.43,93.64,
E54000063,Nhs Surrey Heartlands Integrated Care Board,Persons,5940.0,,,CVDP006CKD,"Patients with GP recorded CKD (G3a to G5), with a record of an eGFR test in the preceding 12 months.",CKD: Monitoring with eGFR (CVDP006CKD),93.02,3,Deprivation quintile,0,5565.0,To March 2026,94.25,93.65,
E54000063,Nhs Surrey Heartlands Integrated Care Board,Persons,10670.0,,,CVDP006CKD,"Patients with GP recorded CKD (G3a to G5), with a record of an eGFR test in the preceding 12 months.",CKD: Monitoring with eGFR (CVDP006CKD),92.01,4,Deprivation quintile,0,9870.0,To March 2026,93.0,92.52,
E54000063,Nhs Surrey Heartlands Integrated Care Board,Persons,20715.0,,,CVDP006CKD,"Patients with GP recorded CKD (G3a to G5), with a record of an eGFR test in the preceding 12 months.",CKD: Monitoring with eGFR (CVDP006CKD),92.18,5 - least deprived,Deprivation quintile,0,19170.0,To March 2026,92.9,92.55,
E54000063,Nhs Surrey Heartlands Integrated Care Board,Persons,1590.0,,,CVDP006CKD,"Patients with GP recorded CKD (G3a to G5), with a record of an eGFR test in the preceding 12 months.",CKD: Monitoring with eGFR (CVDP006CKD),91.78,Asian,Ethnicity,0,1480.0,To March 2026,94.22,93.08,
E54000063,Nhs Surrey Heartlands Integrated Care Board,Persons,625.0,,,CVDP006CKD,"Patients with GP recorded CKD (G3a to G5), with a record of an eGFR test in the preceding 12 months.",CKD: Monitoring with eGFR (CVDP006CKD),85.19,Black,Ethnicity,0,550.0,To March 2026,90.29,88.0,
E54000063,Nhs Surrey Heartlands Integrated Care Board,Persons,495.0,,,CVDP006CKD,"Patients with GP recorded CKD (G3a to G5), with a record of an eGFR test in the preceding 12 months.",CKD: Monitoring with eGFR (CVDP006CKD),78.6,Missing,Ethnicity,0,410.0,To March 2026,85.2,82.09,
E54000063,Nhs Surrey Heartlands Integrated Care Board,Persons,320.0,,,CVDP006CKD,"Patients with GP recorded CKD (G3a to G5), with a record of an eGFR test in the preceding 12 months.",CKD: Monitoring with eGFR (CVDP006CKD),86.34,Mixed,Ethnicity,0,285.0,To March 2026,92.86,89.97,
E54000063,Nhs Surrey Heartlands Integrated Care Board,Persons,1820.0,,,CVDP006CKD,"Patients with GP recorded CKD (G3a to G5), with a record of an eGFR test in the preceding 12 months.",CKD: Monitoring with eGFR (CVDP006CKD),86.9,Not stated,Ethnicity,0,1610.0,To March 2026,89.81,88.42,
E54000063,Nhs Surrey Heartlands Integrated Care Board,Persons,335.0,,,CVDP006CKD,"Patients with GP recorded CKD (G3a to G5), with a record of an eGFR test in the preceding 12 months.",CKD: Monitoring with eGFR (CVDP006CKD),88.79,Other,Ethnicity,0,310.0,To March 2026,94.4,91.96,
E54000063,Nhs Surrey Heartlands Integrated Care Board,Persons,34740.0,,,CVDP006CKD,"Patients with GP recorded CKD (G3a to G5), with a record of an eGFR test in the preceding 12 months.",CKD: Monitoring with eGFR (CVDP006CKD),93.05,White,Ethnicity,0,32420.0,To March 2026,93.57,93.32,
E54000063,Nhs Surrey Heartlands Integrated Care Board,Persons,39190.0,,,CVDP006CKD,"Patients with GP recorded CKD (G3a to G5), with a record of an eGFR test in the preceding 12 months.",CKD: Monitoring with eGFR (CVDP006CKD),92.53,People without SMI,Mental Health,0,36365.0,To March 2026,93.04,92.79,
E54000063,Nhs Surrey Heartlands Integrated Care Board,Persons,740.0,,,CVDP006CKD,"Patients with GP recorded CKD (G3a to G5), with a record of an eGFR test in the preceding 12 months.",CKD: Monitoring with eGFR (CVDP006CKD),92.71,People with SMI,Mental Health,0,700.0,To March 2026,95.95,94.58,
E54000063,Nhs Surrey Heartlands Integrated Care Board,Persons,39775.0,,,CVDP006CKD,"Patients with GP recorded CKD (G3a to G5), with a record of an eGFR test in the preceding 12 months.",CKD: Monitoring with eGFR (CVDP006CKD),92.57,People without a diagnosed learning disability,Learning Disability,0,36920.0,To March 2026,93.07,92.82,
E54000063,Nhs Surrey Heartlands Integrated Care Board,Persons,155.0,,,CVDP006CKD,"Patients with GP recorded CKD (G3a to G5), with a record of an eGFR test in the preceding 12 months.",CKD: Monitoring with eGFR (CVDP006CKD),87.26,People with a diagnosed learning disability,Learning Disability,0,140.0,To March 2026,95.54,92.21,
E54000064,Nhs Sussex Integrated Care Board,Persons,79415.0,,,CVDP006CKD,"Patients with GP recorded CKD (G3a to G5), with a record of an eGFR test in the preceding 12 months.",CKD: Monitoring with eGFR (CVDP006CKD),91.36,Persons,Sex,0,72705.0,To March 2026,91.74,91.55,
E54000064,Nhs Sussex Integrated Care Board,Female,45180.0,,,CVDP006CKD,"Patients with GP recorded CKD (G3a to G5), with a record of an eGFR test in the preceding 12 months.",CKD: Monitoring with eGFR (CVDP006CKD),90.5,Female,Sex,0,41010.0,To March 2026,91.03,90.77,
E54000064,Nhs Sussex Integrated Care Board,Male,34230.0,,,CVDP006CKD,"Patients with GP recorded CKD (G3a to G5), with a record of an eGFR test in the preceding 12 months.",CKD: Monitoring with eGFR (CVDP006CKD),92.3,Male,Sex,0,31690.0,To March 2026,92.86,92.58,
E54000064,Nhs Sussex Integrated Care Board,Male,200.0,,,CVDP006CKD,"Patients with GP recorded CKD (G3a to G5), with a record of an eGFR test in the preceding 12 months.",CKD: Monitoring with eGFR (CVDP006CKD),68.66,18-39,Age group,0,150.0,To March 2026,80.6,75.25,
E54000064,Nhs Sussex Integrated Care Board,Female,175.0,,,CVDP006CKD,"Patients with GP recorded CKD (G3a to G5), with a record of an eGFR test in the preceding 12 months.",CKD: Monitoring with eGFR (CVDP006CKD),74.16,18-39,Age group,0,140.0,To March 2026,85.39,80.57,
E54000064,Nhs Sussex Integrated Care Board,Persons,375.0,,,CVDP006CKD,"Patients with GP recorded CKD (G3a to G5), with a record of an eGFR test in the preceding 12 months.",CKD: Monitoring with eGFR (CVDP006CKD),73.4,18-39,Age group,0,290.0,To March 2026,81.65,77.75,
E54000064,Nhs Sussex Integrated Care Board,Male,2005.0,,,CVDP006CKD,"Patients with GP recorded CKD (G3a to G5), with a record of an eGFR test in the preceding 12 months.",CKD: Monitoring with eGFR (CVDP006CKD),84.21,40-59,Age group,0,1720.0,To March 2026,87.24,85.78,
E54000064,Nhs Sussex Integrated Care Board,Female,2565.0,,,CVDP006CKD,"Patients with GP recorded CKD (G3a to G5), with a record of an eGFR test in the preceding 12 months.",CKD: Monitoring with eGFR (CVDP006CKD),86.02,40-59,Age group,0,2240.0,To March 2026,88.59,87.37,
E54000064,Nhs Sussex Integrated Care Board,Persons,4570.0,,,CVDP006CKD,"Patients with GP recorded CKD (G3a to G5), with a record of an eGFR test in the preceding 12 months.",CKD: Monitoring with eGFR (CVDP006CKD),85.65,40-59,Age group,0,3960.0,To March 2026,87.62,86.67,
E54000064,Nhs Sussex Integrated Care Board,Male,15975.0,,,CVDP006CKD,"Patients with GP recorded CKD (G3a to G5), with a record of an eGFR test in the preceding 12 months.",CKD: Monitoring with eGFR (CVDP006CKD),92.02,60-79,Age group,0,14770.0,To March 2026,92.84,92.44,
E54000064,Nhs Sussex Integrated Care Board,Female,18685.0,,,CVDP006CKD,"Patients with GP recorded CKD (G3a to G5), with a record of an eGFR test in the preceding 12 months.",CKD: Monitoring with eGFR (CVDP006CKD),90.51,60-79,Age group,0,16990.0,To March 2026,91.33,90.93,
E54000064,Nhs Sussex Integrated Care Board,Persons,34665.0,,,CVDP006CKD,"Patients with GP recorded CKD (G3a to G5), with a record of an eGFR test in the preceding 12 months.",CKD: Monitoring with eGFR (CVDP006CKD),91.33,60-79,Age group,0,31760.0,To March 2026,91.91,91.63,
E54000064,Nhs Sussex Integrated Care Board,Male,16050.0,,,CVDP006CKD,"Patients with GP recorded CKD (G3a to G5), with a record of an eGFR test in the preceding 12 months.",CKD: Monitoring with eGFR (CVDP006CKD),93.41,80+,Age group,0,15055.0,To March 2026,94.15,93.79,
E54000064,Nhs Sussex Integrated Care Board,Female,23755.0,,,CVDP006CKD,"Patients with GP recorded CKD (G3a to G5), with a record of an eGFR test in the preceding 12 months.",CKD: Monitoring with eGFR (CVDP006CKD),90.72,80+,Age group,0,21640.0,To March 2026,91.44,91.09,
E54000064,Nhs Sussex Integrated Care Board,Persons,39805.0,,,CVDP006CKD,"Patients with GP recorded CKD (G3a to G5), with a record of an eGFR test in the preceding 12 months.",CKD: Monitoring with eGFR (CVDP006CKD),91.91,80+,Age group,0,36695.0,To March 2026,92.44,92.18,
E54000064,Nhs Sussex Integrated Care Board,Persons,6030.0,,,CVDP006CKD,"Patients with GP recorded CKD (G3a to G5), with a record of an eGFR test in the preceding 12 months.",CKD: Monitoring with eGFR (CVDP006CKD),88.89,1 - most deprived,Deprivation quintile,0,5405.0,To March 2026,90.42,89.68,
E54000064,Nhs Sussex Integrated Care Board,Persons,12055.0,,,CVDP006CKD,"Patients with GP recorded CKD (G3a to G5), with a record of an eGFR test in the preceding 12 months.",CKD: Monitoring with eGFR (CVDP006CKD),90.43,2,Deprivation quintile,0,10965.0,To March 2026,91.45,90.95,
E54000064,Nhs Sussex Integrated Care Board,Persons,21715.0,,,CVDP006CKD,"Patients with GP recorded CKD (G3a to G5), with a record of an eGFR test in the preceding 12 months.",CKD: Monitoring with eGFR (CVDP006CKD),91.57,3,Deprivation quintile,0,19965.0,To March 2026,92.29,91.94,
E54000064,Nhs Sussex Integrated Care Board,Persons,20950.0,,,CVDP006CKD,"Patients with GP recorded CKD (G3a to G5), with a record of an eGFR test in the preceding 12 months.",CKD: Monitoring with eGFR (CVDP006CKD),91.05,4,Deprivation quintile,0,19155.0,To March 2026,91.8,91.44,
E54000064,Nhs Sussex Integrated Care Board,Persons,18680.0,,,CVDP006CKD,"Patients with GP recorded CKD (G3a to G5), with a record of an eGFR test in the preceding 12 months.",CKD: Monitoring with eGFR (CVDP006CKD),91.57,5 - least deprived,Deprivation quintile,0,17180.0,To March 2026,92.35,91.97,
E54000064,Nhs Sussex Integrated Care Board,Persons,1415.0,,,CVDP006CKD,"Patients with GP recorded CKD (G3a to G5), with a record of an eGFR test in the preceding 12 months.",CKD: Monitoring with eGFR (CVDP006CKD),90.49,Asian,Ethnicity,0,1305.0,To March 2026,93.31,92.02,
E54000064,Nhs Sussex Integrated Care Board,Persons,810.0,,,CVDP006CKD,"Patients with GP recorded CKD (G3a to G5), with a record of an eGFR test in the preceding 12 months.",CKD: Monitoring with eGFR (CVDP006CKD),86.21,Black,Ethnicity,0,715.0,To March 2026,90.52,88.5,
E54000064,Nhs Sussex Integrated Care Board,Persons,2135.0,,,CVDP006CKD,"Patients with GP recorded CKD (G3a to G5), with a record of an eGFR test in the preceding 12 months.",CKD: Monitoring with eGFR (CVDP006CKD),85.97,Missing,Ethnicity,0,1865.0,To March 2026,88.77,87.45,
E54000064,Nhs Sussex Integrated Care Board,Persons,505.0,,,CVDP006CKD,"Patients with GP recorded CKD (G3a to G5), with a record of an eGFR test in the preceding 12 months.",CKD: Monitoring with eGFR (CVDP006CKD),86.25,Mixed,Ethnicity,0,450.0,To March 2026,91.55,89.13,
E54000064,Nhs Sussex Integrated Care Board,Persons,5065.0,,,CVDP006CKD,"Patients with GP recorded CKD (G3a to G5), with a record of an eGFR test in the preceding 12 months.",CKD: Monitoring with eGFR (CVDP006CKD),89.74,Not stated,Ethnicity,0,4585.0,To March 2026,91.33,90.56,
E54000064,Nhs Sussex Integrated Care Board,Persons,370.0,,,CVDP006CKD,"Patients with GP recorded CKD (G3a to G5), with a record of an eGFR test in the preceding 12 months.",CKD: Monitoring with eGFR (CVDP006CKD),83.33,Other,Ethnicity,0,320.0,To March 2026,90.05,86.99,
E54000064,Nhs Sussex Integrated Care Board,Persons,69115.0,,,CVDP006CKD,"Patients with GP recorded CKD (G3a to G5), with a record of an eGFR test in the preceding 12 months.",CKD: Monitoring with eGFR (CVDP006CKD),91.61,White,Ethnicity,0,63460.0,To March 2026,92.02,91.82,
E54000064,Nhs Sussex Integrated Care Board,Persons,77835.0,,,CVDP006CKD,"Patients with GP recorded CKD (G3a to G5), with a record of an eGFR test in the preceding 12 months.",CKD: Monitoring with eGFR (CVDP006CKD),91.31,People without SMI,Mental Health,0,71225.0,To March 2026,91.7,91.51,
E54000064,Nhs Sussex Integrated Care Board,Persons,1580.0,,,CVDP006CKD,"Patients with GP recorded CKD (G3a to G5), with a record of an eGFR test in the preceding 12 months.",CKD: Monitoring with eGFR (CVDP006CKD),92.23,People with SMI,Mental Health,0,1475.0,To March 2026,94.63,93.54,
E54000064,Nhs Sussex Integrated Care Board,Persons,79060.0,,,CVDP006CKD,"Patients with GP recorded CKD (G3a to G5), with a record of an eGFR test in the preceding 12 months.",CKD: Monitoring with eGFR (CVDP006CKD),91.36,People without a diagnosed learning disability,Learning Disability,0,72380.0,To March 2026,91.75,91.55,
E54000064,Nhs Sussex Integrated Care Board,Persons,355.0,,,CVDP006CKD,"Patients with GP recorded CKD (G3a to G5), with a record of an eGFR test in the preceding 12 months.",CKD: Monitoring with eGFR (CVDP006CKD),87.68,People with a diagnosed learning disability,Learning Disability,0,320.0,To March 2026,93.56,90.96,
E54000054,NHS West Yorkshire Integrated Care Board,Persons,96960.0,,,CVDP006CKD,"Patients with GP recorded CKD (G3a to G5), with a record of an eGFR test in the preceding 12 months.",CKD: Monitoring with eGFR (CVDP006CKD),93.66,Persons,Sex,0,90955.0,To March 2026,93.96,93.81,
E54000054,NHS West Yorkshire Integrated Care Board,Female,54460.0,,,CVDP006CKD,"Patients with GP recorded CKD (G3a to G5), with a record of an eGFR test in the preceding 12 months.",CKD: Monitoring with eGFR (CVDP006CKD),93.39,Female,Sex,0,50970.0,To March 2026,93.8,93.6,
E54000054,NHS West Yorkshire Integrated Care Board,Male,42500.0,,,CVDP006CKD,"Patients with GP recorded CKD (G3a to G5), with a record of an eGFR test in the preceding 12 months.",CKD: Monitoring with eGFR (CVDP006CKD),93.85,Male,Sex,0,39985.0,To March 2026,94.3,94.08,
E54000054,NHS West Yorkshire Integrated Care Board,Male,535.0,,,CVDP006CKD,"Patients with GP recorded CKD (G3a to G5), with a record of an eGFR test in the preceding 12 months.",CKD: Monitoring with eGFR (CVDP006CKD),70.69,18-39,Age group,0,400.0,To March 2026,77.92,74.44,
E54000054,NHS West Yorkshire Integrated Care Board,Female,465.0,,,CVDP006CKD,"Patients with GP recorded CKD (G3a to G5), with a record of an eGFR test in the preceding 12 months.",CKD: Monitoring with eGFR (CVDP006CKD),79.61,18-39,Age group,0,385.0,To March 2026,86.27,83.15,
E54000054,NHS West Yorkshire Integrated Care Board,Persons,1000.0,,,CVDP006CKD,"Patients with GP recorded CKD (G3a to G5), with a record of an eGFR test in the preceding 12 months.",CKD: Monitoring with eGFR (CVDP006CKD),75.85,18-39,Age group,0,785.0,To March 2026,80.94,78.48,
E54000054,NHS West Yorkshire Integrated Care Board,Male,3845.0,,,CVDP006CKD,"Patients with GP recorded CKD (G3a to G5), with a record of an eGFR test in the preceding 12 months.",CKD: Monitoring with eGFR (CVDP006CKD),85.97,40-59,Age group,0,3350.0,To March 2026,88.08,87.05,
E54000054,NHS West Yorkshire Integrated Care Board,Female,3790.0,,,CVDP006CKD,"Patients with GP recorded CKD (G3a to G5), with a record of an eGFR test in the preceding 12 months.",CKD: Monitoring with eGFR (CVDP006CKD),88.72,40-59,Age group,0,3400.0,To March 2026,90.64,89.71,
E54000054,NHS West Yorkshire Integrated Care Board,Persons,7635.0,,,CVDP006CKD,"Patients with GP recorded CKD (G3a to G5), with a record of an eGFR test in the preceding 12 months.",CKD: Monitoring with eGFR (CVDP006CKD),87.64,40-59,Age group,0,6750.0,To March 2026,89.07,88.37,
E54000054,NHS West Yorkshire Integrated Care Board,Male,21120.0,,,CVDP006CKD,"Patients with GP recorded CKD (G3a to G5), with a record of an eGFR test in the preceding 12 months.",CKD: Monitoring with eGFR (CVDP006CKD),94.43,60-79,Age group,0,20010.0,To March 2026,95.03,94.74,
E54000054,NHS West Yorkshire Integrated Care Board,Female,24690.0,,,CVDP006CKD,"Patients with GP recorded CKD (G3a to G5), with a record of an eGFR test in the preceding 12 months.",CKD: Monitoring with eGFR (CVDP006CKD),93.63,60-79,Age group,0,23195.0,To March 2026,94.23,93.94,
E54000054,NHS West Yorkshire Integrated Care Board,Persons,45810.0,,,CVDP006CKD,"Patients with GP recorded CKD (G3a to G5), with a record of an eGFR test in the preceding 12 months.",CKD: Monitoring with eGFR (CVDP006CKD),94.09,60-79,Age group,0,43205.0,To March 2026,94.51,94.31,
E54000054,NHS West Yorkshire Integrated Care Board,Male,17000.0,,,CVDP006CKD,"Patients with GP recorded CKD (G3a to G5), with a record of an eGFR test in the preceding 12 months.",CKD: Monitoring with eGFR (CVDP006CKD),95.14,80+,Age group,0,16225.0,To March 2026,95.76,95.46,
E54000054,NHS West Yorkshire Integrated Care Board,Female,25515.0,,,CVDP006CKD,"Patients with GP recorded CKD (G3a to G5), with a record of an eGFR test in the preceding 12 months.",CKD: Monitoring with eGFR (CVDP006CKD),93.74,80+,Age group,0,23995.0,To March 2026,94.32,94.04,
E54000054,NHS West Yorkshire Integrated Care Board,Persons,42515.0,,,CVDP006CKD,"Patients with GP recorded CKD (G3a to G5), with a record of an eGFR test in the preceding 12 months.",CKD: Monitoring with eGFR (CVDP006CKD),94.39,80+,Age group,0,40220.0,To March 2026,94.82,94.61,
E54000054,NHS West Yorkshire Integrated Care Board,Persons,30000.0,,,CVDP006CKD,"Patients with GP recorded CKD (G3a to G5), with a record of an eGFR test in the preceding 12 months.",CKD: Monitoring with eGFR (CVDP006CKD),93.08,1 - most deprived,Deprivation quintile,0,28010.0,To March 2026,93.64,93.37,
E54000054,NHS West Yorkshire Integrated Care Board,Persons,17655.0,,,CVDP006CKD,"Patients with GP recorded CKD (G3a to G5), with a record of an eGFR test in the preceding 12 months.",CKD: Monitoring with eGFR (CVDP006CKD),93.14,2,Deprivation quintile,0,16510.0,To March 2026,93.86,93.51,
E54000054,NHS West Yorkshire Integrated Care Board,Persons,17600.0,,,CVDP006CKD,"Patients with GP recorded CKD (G3a to G5), with a record of an eGFR test in the preceding 12 months.",CKD: Monitoring with eGFR (CVDP006CKD),93.52,3,Deprivation quintile,0,16525.0,To March 2026,94.22,93.88,
E54000054,NHS West Yorkshire Integrated Care Board,Persons,18765.0,,,CVDP006CKD,"Patients with GP recorded CKD (G3a to G5), with a record of an eGFR test in the preceding 12 months.",CKD: Monitoring with eGFR (CVDP006CKD),93.66,4,Deprivation quintile,0,17640.0,To March 2026,94.34,94.01,
E54000054,NHS West Yorkshire Integrated Care Board,Persons,12310.0,,,CVDP006CKD,"Patients with GP recorded CKD (G3a to G5), with a record of an eGFR test in the preceding 12 months.",CKD: Monitoring with eGFR (CVDP006CKD),94.38,5 - least deprived,Deprivation quintile,0,11670.0,To March 2026,95.16,94.78,
E54000054,NHS West Yorkshire Integrated Care Board,Persons,8655.0,,,CVDP006CKD,"Patients with GP recorded CKD (G3a to G5), with a record of an eGFR test in the preceding 12 months.",CKD: Monitoring with eGFR (CVDP006CKD),92.56,Asian,Ethnicity,0,8060.0,To March 2026,93.63,93.12,
E54000054,NHS West Yorkshire Integrated Care Board,Persons,2355.0,,,CVDP006CKD,"Patients with GP recorded CKD (G3a to G5), with a record of an eGFR test in the preceding 12 months.",CKD: Monitoring with eGFR (CVDP006CKD),88.12,Black,Ethnicity,0,2105.0,To March 2026,90.58,89.42,
E54000054,NHS West Yorkshire Integrated Care Board,Persons,2395.0,,,CVDP006CKD,"Patients with GP recorded CKD (G3a to G5), with a record of an eGFR test in the preceding 12 months.",CKD: Monitoring with eGFR (CVDP006CKD),91.83,Missing,Ethnicity,0,2225.0,To March 2026,93.87,92.9,
E54000054,NHS West Yorkshire Integrated Care Board,Persons,660.0,,,CVDP006CKD,"Patients with GP recorded CKD (G3a to G5), with a record of an eGFR test in the preceding 12 months.",CKD: Monitoring with eGFR (CVDP006CKD),87.37,Mixed,Ethnicity,0,595.0,To March 2026,91.88,89.88,
E54000054,NHS West Yorkshire Integrated Care Board,Persons,1085.0,,,CVDP006CKD,"Patients with GP recorded CKD (G3a to G5), with a record of an eGFR test in the preceding 12 months.",CKD: Monitoring with eGFR (CVDP006CKD),89.43,Not stated,Ethnicity,0,990.0,To March 2026,92.74,91.24,
E54000054,NHS West Yorkshire Integrated Care Board,Persons,330.0,,,CVDP006CKD,"Patients with GP recorded CKD (G3a to G5), with a record of an eGFR test in the preceding 12 months.",CKD: Monitoring with eGFR (CVDP006CKD),86.19,Other,Ethnicity,0,295.0,To March 2026,92.49,89.7,
E54000054,NHS West Yorkshire Integrated Care Board,Persons,81475.0,,,CVDP006CKD,"Patients with GP recorded CKD (G3a to G5), with a record of an eGFR test in the preceding 12 months.",CKD: Monitoring with eGFR (CVDP006CKD),93.96,White,Ethnicity,0,76685.0,To March 2026,94.28,94.12,
E54000054,NHS West Yorkshire Integrated Care Board,Persons,94775.0,,,CVDP006CKD,"Patients with GP recorded CKD (G3a to G5), with a record of an eGFR test in the preceding 12 months.",CKD: Monitoring with eGFR (CVDP006CKD),93.64,People without SMI,Mental Health,0,88900.0,To March 2026,93.95,93.8,
E54000054,NHS West Yorkshire Integrated Care Board,Persons,2185.0,,,CVDP006CKD,"Patients with GP recorded CKD (G3a to G5), with a record of an eGFR test in the preceding 12 months.",CKD: Monitoring with eGFR (CVDP006CKD),93.23,People with SMI,Mental Health,0,2060.0,To March 2026,95.15,94.28,
E54000054,NHS West Yorkshire Integrated Care Board,Persons,96405.0,,,CVDP006CKD,"Patients with GP recorded CKD (G3a to G5), with a record of an eGFR test in the preceding 12 months.",CKD: Monitoring with eGFR (CVDP006CKD),93.66,People without a diagnosed learning disability,Learning Disability,0,90440.0,To March 2026,93.97,93.82,
E54000054,NHS West Yorkshire Integrated Care Board,Persons,555.0,,,CVDP006CKD,"Patients with GP recorded CKD (G3a to G5), with a record of an eGFR test in the preceding 12 months.",CKD: Monitoring with eGFR (CVDP006CKD),90.16,People with a diagnosed learning disability,Learning Disability,0,515.0,To March 2026,94.45,92.63,
