AreaCode,AreaName,CategoryAttribute,Denominator,Factor,HighestPriorityNotificationType,IndicatorCode,IndicatorName,IndicatorShortName,LowerConfidenceLimit,MetricCategoryName,MetricCategoryTypeName,NotificationCount,Numerator,TimePeriodName,UpperConfidenceLimit,Value,ValueNote
E54000040,"NHS Bath and North East Somerset, Swindon and Wiltshire Integrated Care Board",Persons,809070.0,,,CVDP001HYP,Prevalence of GP recorded hypertension,Hypertension: Prevalence (CVDP001HYP),19.39,Persons,Sex,0,157590.0,To March 2026,19.56,19.48,
E54000040,"NHS Bath and North East Somerset, Swindon and Wiltshire Integrated Care Board",Female,414495.0,,,CVDP001HYP,Prevalence of GP recorded hypertension,Hypertension: Prevalence (CVDP001HYP),18.72,Female,Sex,0,78100.0,To March 2026,18.96,18.84,
E54000040,"NHS Bath and North East Somerset, Swindon and Wiltshire Integrated Care Board",Male,394570.0,,,CVDP001HYP,Prevalence of GP recorded hypertension,Hypertension: Prevalence (CVDP001HYP),20.02,Male,Sex,0,79495.0,To March 2026,20.27,20.15,
E54000040,"NHS Bath and North East Somerset, Swindon and Wiltshire Integrated Care Board",Male,133980.0,,,CVDP001HYP,Prevalence of GP recorded hypertension,Hypertension: Prevalence (CVDP001HYP),1.18,18-39,Age group,0,1665.0,To March 2026,1.3,1.24,
E54000040,"NHS Bath and North East Somerset, Swindon and Wiltshire Integrated Care Board",Female,136215.0,,,CVDP001HYP,Prevalence of GP recorded hypertension,Hypertension: Prevalence (CVDP001HYP),1.12,18-39,Age group,0,1600.0,To March 2026,1.23,1.18,
E54000040,"NHS Bath and North East Somerset, Swindon and Wiltshire Integrated Care Board",Persons,270195.0,,,CVDP001HYP,Prevalence of GP recorded hypertension,Hypertension: Prevalence (CVDP001HYP),1.17,18-39,Age group,0,3265.0,To March 2026,1.25,1.21,
E54000040,"NHS Bath and North East Somerset, Swindon and Wiltshire Integrated Care Board",Male,127825.0,,,CVDP001HYP,Prevalence of GP recorded hypertension,Hypertension: Prevalence (CVDP001HYP),14.27,40-59,Age group,0,18490.0,To March 2026,14.66,14.46,
E54000040,"NHS Bath and North East Somerset, Swindon and Wiltshire Integrated Care Board",Female,130280.0,,,CVDP001HYP,Prevalence of GP recorded hypertension,Hypertension: Prevalence (CVDP001HYP),11.58,40-59,Age group,0,15310.0,To March 2026,11.93,11.75,
E54000040,"NHS Bath and North East Somerset, Swindon and Wiltshire Integrated Care Board",Persons,258105.0,,,CVDP001HYP,Prevalence of GP recorded hypertension,Hypertension: Prevalence (CVDP001HYP),12.97,40-59,Age group,0,33800.0,To March 2026,13.23,13.1,
E54000040,"NHS Bath and North East Somerset, Swindon and Wiltshire Integrated Care Board",Male,106890.0,,,CVDP001HYP,Prevalence of GP recorded hypertension,Hypertension: Prevalence (CVDP001HYP),41.05,60-79,Age group,0,44190.0,To March 2026,41.64,41.34,
E54000040,"NHS Bath and North East Somerset, Swindon and Wiltshire Integrated Care Board",Female,112810.0,,,CVDP001HYP,Prevalence of GP recorded hypertension,Hypertension: Prevalence (CVDP001HYP),34.78,60-79,Age group,0,39555.0,To March 2026,35.34,35.06,
E54000040,"NHS Bath and North East Somerset, Swindon and Wiltshire Integrated Care Board",Persons,219700.0,,,CVDP001HYP,Prevalence of GP recorded hypertension,Hypertension: Prevalence (CVDP001HYP),37.91,60-79,Age group,0,83745.0,To March 2026,38.32,38.12,
E54000040,"NHS Bath and North East Somerset, Swindon and Wiltshire Integrated Care Board",Male,25880.0,,,CVDP001HYP,Prevalence of GP recorded hypertension,Hypertension: Prevalence (CVDP001HYP),57.94,80+,Age group,0,15150.0,To March 2026,59.14,58.54,
E54000040,"NHS Bath and North East Somerset, Swindon and Wiltshire Integrated Care Board",Female,35190.0,,,CVDP001HYP,Prevalence of GP recorded hypertension,Hypertension: Prevalence (CVDP001HYP),60.96,80+,Age group,0,21635.0,To March 2026,61.98,61.47,
E54000040,"NHS Bath and North East Somerset, Swindon and Wiltshire Integrated Care Board",Persons,61070.0,,,CVDP001HYP,Prevalence of GP recorded hypertension,Hypertension: Prevalence (CVDP001HYP),59.84,80+,Age group,0,36780.0,To March 2026,60.62,60.23,
E54000040,"NHS Bath and North East Somerset, Swindon and Wiltshire Integrated Care Board",Persons,46395.0,,,CVDP001HYP,Prevalence of GP recorded hypertension,Hypertension: Prevalence (CVDP001HYP),19.61,1 - most deprived,Deprivation quintile,0,9265.0,To March 2026,20.33,19.97,
E54000040,"NHS Bath and North East Somerset, Swindon and Wiltshire Integrated Care Board",Persons,85700.0,,,CVDP001HYP,Prevalence of GP recorded hypertension,Hypertension: Prevalence (CVDP001HYP),19.27,2,Deprivation quintile,0,16740.0,To March 2026,19.8,19.53,
E54000040,"NHS Bath and North East Somerset, Swindon and Wiltshire Integrated Care Board",Persons,163885.0,,,CVDP001HYP,Prevalence of GP recorded hypertension,Hypertension: Prevalence (CVDP001HYP),21.73,3,Deprivation quintile,0,35930.0,To March 2026,22.13,21.92,
E54000040,"NHS Bath and North East Somerset, Swindon and Wiltshire Integrated Care Board",Persons,194365.0,,,CVDP001HYP,Prevalence of GP recorded hypertension,Hypertension: Prevalence (CVDP001HYP),24.47,4,Deprivation quintile,0,47935.0,To March 2026,24.85,24.66,
E54000040,"NHS Bath and North East Somerset, Swindon and Wiltshire Integrated Care Board",Persons,233165.0,,,CVDP001HYP,Prevalence of GP recorded hypertension,Hypertension: Prevalence (CVDP001HYP),19.47,5 - least deprived,Deprivation quintile,0,45775.0,To March 2026,19.79,19.63,
E54000040,"NHS Bath and North East Somerset, Swindon and Wiltshire Integrated Care Board",Female,,,,CVDP001HYP,Prevalence of GP recorded hypertension,Hypertension: Prevalence (CVDP001HYP),16.87,Female,Sex - Age Standardised,0,,To March 2026,17.11,16.99,Numerators and Denominators are not provided for Age Standardisation.
E54000040,"NHS Bath and North East Somerset, Swindon and Wiltshire Integrated Care Board",Male,,,,CVDP001HYP,Prevalence of GP recorded hypertension,Hypertension: Prevalence (CVDP001HYP),19.31,Male,Sex - Age Standardised,0,,To March 2026,19.59,19.45,Numerators and Denominators are not provided for Age Standardisation.
E54000040,"NHS Bath and North East Somerset, Swindon and Wiltshire Integrated Care Board",Persons,,,,CVDP001HYP,Prevalence of GP recorded hypertension,Hypertension: Prevalence (CVDP001HYP),18.12,Persons,Sex - Age Standardised,0,,To March 2026,18.31,18.21,Numerators and Denominators are not provided for Age Standardisation.
E54000040,"NHS Bath and North East Somerset, Swindon and Wiltshire Integrated Care Board",Persons,,,,CVDP001HYP,Prevalence of GP recorded hypertension,Hypertension: Prevalence (CVDP001HYP),24.25,1 - most deprived,Deprivation quintile - Age Standardised,0,,To March 2026,25.28,24.76,Numerators and Denominators are not provided for Age Standardisation.
E54000040,"NHS Bath and North East Somerset, Swindon and Wiltshire Integrated Care Board",Persons,,,,CVDP001HYP,Prevalence of GP recorded hypertension,Hypertension: Prevalence (CVDP001HYP),21.5,2,Deprivation quintile - Age Standardised,0,,To March 2026,22.18,21.83,Numerators and Denominators are not provided for Age Standardisation.
E54000040,"NHS Bath and North East Somerset, Swindon and Wiltshire Integrated Care Board",Persons,,,,CVDP001HYP,Prevalence of GP recorded hypertension,Hypertension: Prevalence (CVDP001HYP),19.98,3,Deprivation quintile - Age Standardised,0,,To March 2026,20.41,20.19,Numerators and Denominators are not provided for Age Standardisation.
E54000040,"NHS Bath and North East Somerset, Swindon and Wiltshire Integrated Care Board",Persons,,,,CVDP001HYP,Prevalence of GP recorded hypertension,Hypertension: Prevalence (CVDP001HYP),19.79,4,Deprivation quintile - Age Standardised,0,,To March 2026,20.15,19.97,Numerators and Denominators are not provided for Age Standardisation.
E54000040,"NHS Bath and North East Somerset, Swindon and Wiltshire Integrated Care Board",Persons,,,,CVDP001HYP,Prevalence of GP recorded hypertension,Hypertension: Prevalence (CVDP001HYP),17.7,5 - least deprived,Deprivation quintile - Age Standardised,0,,To March 2026,18.03,17.86,Numerators and Denominators are not provided for Age Standardisation.
E54000024,"NHS Bedfordshire, Luton and Milton Keynes Integrated Care Board",Persons,883210.0,,,CVDP001HYP,Prevalence of GP recorded hypertension,Hypertension: Prevalence (CVDP001HYP),18.24,Persons,Sex,0,161800.0,To March 2026,18.4,18.32,
E54000024,"NHS Bedfordshire, Luton and Milton Keynes Integrated Care Board",Female,439695.0,,,CVDP001HYP,Prevalence of GP recorded hypertension,Hypertension: Prevalence (CVDP001HYP),18.28,Female,Sex,0,80900.0,To March 2026,18.51,18.4,
E54000024,"NHS Bedfordshire, Luton and Milton Keynes Integrated Care Board",Male,443515.0,,,CVDP001HYP,Prevalence of GP recorded hypertension,Hypertension: Prevalence (CVDP001HYP),18.13,Male,Sex,0,80900.0,To March 2026,18.35,18.24,
E54000024,"NHS Bedfordshire, Luton and Milton Keynes Integrated Care Board",Male,174065.0,,,CVDP001HYP,Prevalence of GP recorded hypertension,Hypertension: Prevalence (CVDP001HYP),1.45,18-39,Age group,0,2630.0,To March 2026,1.57,1.51,
E54000024,"NHS Bedfordshire, Luton and Milton Keynes Integrated Care Board",Female,167535.0,,,CVDP001HYP,Prevalence of GP recorded hypertension,Hypertension: Prevalence (CVDP001HYP),1.56,18-39,Age group,0,2710.0,To March 2026,1.68,1.62,
E54000024,"NHS Bedfordshire, Luton and Milton Keynes Integrated Care Board",Persons,341600.0,,,CVDP001HYP,Prevalence of GP recorded hypertension,Hypertension: Prevalence (CVDP001HYP),1.52,18-39,Age group,0,5340.0,To March 2026,1.6,1.56,
E54000024,"NHS Bedfordshire, Luton and Milton Keynes Integrated Care Board",Male,157375.0,,,CVDP001HYP,Prevalence of GP recorded hypertension,Hypertension: Prevalence (CVDP001HYP),15.77,40-59,Age group,0,25095.0,To March 2026,16.13,15.95,
E54000024,"NHS Bedfordshire, Luton and Milton Keynes Integrated Care Board",Female,148030.0,,,CVDP001HYP,Prevalence of GP recorded hypertension,Hypertension: Prevalence (CVDP001HYP),14.43,40-59,Age group,0,21630.0,To March 2026,14.79,14.61,
E54000024,"NHS Bedfordshire, Luton and Milton Keynes Integrated Care Board",Persons,305405.0,,,CVDP001HYP,Prevalence of GP recorded hypertension,Hypertension: Prevalence (CVDP001HYP),15.17,40-59,Age group,0,46730.0,To March 2026,15.43,15.3,
E54000024,"NHS Bedfordshire, Luton and Milton Keynes Integrated Care Board",Male,92875.0,,,CVDP001HYP,Prevalence of GP recorded hypertension,Hypertension: Prevalence (CVDP001HYP),44.17,60-79,Age group,0,41320.0,To March 2026,44.81,44.49,
E54000024,"NHS Bedfordshire, Luton and Milton Keynes Integrated Care Board",Female,97650.0,,,CVDP001HYP,Prevalence of GP recorded hypertension,Hypertension: Prevalence (CVDP001HYP),39.91,60-79,Age group,0,39275.0,To March 2026,40.53,40.22,
E54000024,"NHS Bedfordshire, Luton and Milton Keynes Integrated Care Board",Persons,190525.0,,,CVDP001HYP,Prevalence of GP recorded hypertension,Hypertension: Prevalence (CVDP001HYP),42.08,60-79,Age group,0,80595.0,To March 2026,42.52,42.3,
E54000024,"NHS Bedfordshire, Luton and Milton Keynes Integrated Care Board",Male,19200.0,,,CVDP001HYP,Prevalence of GP recorded hypertension,Hypertension: Prevalence (CVDP001HYP),61.05,80+,Age group,0,11855.0,To March 2026,62.42,61.74,
E54000024,"NHS Bedfordshire, Luton and Milton Keynes Integrated Care Board",Female,26480.0,,,CVDP001HYP,Prevalence of GP recorded hypertension,Hypertension: Prevalence (CVDP001HYP),64.7,80+,Age group,0,17285.0,To March 2026,65.84,65.27,
E54000024,"NHS Bedfordshire, Luton and Milton Keynes Integrated Care Board",Persons,45675.0,,,CVDP001HYP,Prevalence of GP recorded hypertension,Hypertension: Prevalence (CVDP001HYP),63.35,80+,Age group,0,29135.0,To March 2026,64.23,63.79,
E54000024,"NHS Bedfordshire, Luton and Milton Keynes Integrated Care Board",Persons,103260.0,,,CVDP001HYP,Prevalence of GP recorded hypertension,Hypertension: Prevalence (CVDP001HYP),18.03,1 - most deprived,Deprivation quintile,0,18860.0,To March 2026,18.5,18.26,
E54000024,"NHS Bedfordshire, Luton and Milton Keynes Integrated Care Board",Persons,161130.0,,,CVDP001HYP,Prevalence of GP recorded hypertension,Hypertension: Prevalence (CVDP001HYP),18.25,2,Deprivation quintile,0,29710.0,To March 2026,18.63,18.44,
E54000024,"NHS Bedfordshire, Luton and Milton Keynes Integrated Care Board",Persons,145090.0,,,CVDP001HYP,Prevalence of GP recorded hypertension,Hypertension: Prevalence (CVDP001HYP),21.15,3,Deprivation quintile,0,31000.0,To March 2026,21.58,21.37,
E54000024,"NHS Bedfordshire, Luton and Milton Keynes Integrated Care Board",Persons,177075.0,,,CVDP001HYP,Prevalence of GP recorded hypertension,Hypertension: Prevalence (CVDP001HYP),24.43,4,Deprivation quintile,0,43615.0,To March 2026,24.83,24.63,
E54000024,"NHS Bedfordshire, Luton and Milton Keynes Integrated Care Board",Persons,174105.0,,,CVDP001HYP,Prevalence of GP recorded hypertension,Hypertension: Prevalence (CVDP001HYP),22.43,5 - least deprived,Deprivation quintile,0,39395.0,To March 2026,22.82,22.63,
E54000024,"NHS Bedfordshire, Luton and Milton Keynes Integrated Care Board",Female,,,,CVDP001HYP,Prevalence of GP recorded hypertension,Hypertension: Prevalence (CVDP001HYP),19.87,Female,Sex - Age Standardised,0,,To March 2026,20.14,20.0,Numerators and Denominators are not provided for Age Standardisation.
E54000024,"NHS Bedfordshire, Luton and Milton Keynes Integrated Care Board",Male,,,,CVDP001HYP,Prevalence of GP recorded hypertension,Hypertension: Prevalence (CVDP001HYP),21.31,Male,Sex - Age Standardised,0,,To March 2026,21.61,21.46,Numerators and Denominators are not provided for Age Standardisation.
E54000024,"NHS Bedfordshire, Luton and Milton Keynes Integrated Care Board",Persons,,,,CVDP001HYP,Prevalence of GP recorded hypertension,Hypertension: Prevalence (CVDP001HYP),20.65,Persons,Sex - Age Standardised,0,,To March 2026,20.85,20.75,Numerators and Denominators are not provided for Age Standardisation.
E54000024,"NHS Bedfordshire, Luton and Milton Keynes Integrated Care Board",Persons,,,,CVDP001HYP,Prevalence of GP recorded hypertension,Hypertension: Prevalence (CVDP001HYP),24.67,1 - most deprived,Deprivation quintile - Age Standardised,0,,To March 2026,25.42,25.04,Numerators and Denominators are not provided for Age Standardisation.
E54000024,"NHS Bedfordshire, Luton and Milton Keynes Integrated Care Board",Persons,,,,CVDP001HYP,Prevalence of GP recorded hypertension,Hypertension: Prevalence (CVDP001HYP),22.54,2,Deprivation quintile - Age Standardised,0,,To March 2026,23.07,22.81,Numerators and Denominators are not provided for Age Standardisation.
E54000024,"NHS Bedfordshire, Luton and Milton Keynes Integrated Care Board",Persons,,,,CVDP001HYP,Prevalence of GP recorded hypertension,Hypertension: Prevalence (CVDP001HYP),20.53,3,Deprivation quintile - Age Standardised,0,,To March 2026,21.0,20.77,Numerators and Denominators are not provided for Age Standardisation.
E54000024,"NHS Bedfordshire, Luton and Milton Keynes Integrated Care Board",Persons,,,,CVDP001HYP,Prevalence of GP recorded hypertension,Hypertension: Prevalence (CVDP001HYP),20.33,4,Deprivation quintile - Age Standardised,0,,To March 2026,20.73,20.53,Numerators and Denominators are not provided for Age Standardisation.
E54000024,"NHS Bedfordshire, Luton and Milton Keynes Integrated Care Board",Persons,,,,CVDP001HYP,Prevalence of GP recorded hypertension,Hypertension: Prevalence (CVDP001HYP),18.36,5 - least deprived,Deprivation quintile - Age Standardised,0,,To March 2026,18.74,18.55,Numerators and Denominators are not provided for Age Standardisation.
E54000055,NHS Birmingham and Solihull Integrated Care Board,Persons,1272740.0,,,CVDP001HYP,Prevalence of GP recorded hypertension,Hypertension: Prevalence (CVDP001HYP),16.46,Persons,Sex,0,210295.0,To March 2026,16.59,16.52,
E54000055,NHS Birmingham and Solihull Integrated Care Board,Female,622020.0,,,CVDP001HYP,Prevalence of GP recorded hypertension,Hypertension: Prevalence (CVDP001HYP),16.93,Female,Sex,0,105895.0,To March 2026,17.12,17.02,
E54000055,NHS Birmingham and Solihull Integrated Care Board,Male,650720.0,,,CVDP001HYP,Prevalence of GP recorded hypertension,Hypertension: Prevalence (CVDP001HYP),15.95,Male,Sex,0,104400.0,To March 2026,16.13,16.04,
E54000055,NHS Birmingham and Solihull Integrated Care Board,Male,288260.0,,,CVDP001HYP,Prevalence of GP recorded hypertension,Hypertension: Prevalence (CVDP001HYP),1.22,18-39,Age group,0,3635.0,To March 2026,1.3,1.26,
E54000055,NHS Birmingham and Solihull Integrated Care Board,Female,266640.0,,,CVDP001HYP,Prevalence of GP recorded hypertension,Hypertension: Prevalence (CVDP001HYP),1.17,18-39,Age group,0,3230.0,To March 2026,1.25,1.21,
E54000055,NHS Birmingham and Solihull Integrated Care Board,Persons,554900.0,,,CVDP001HYP,Prevalence of GP recorded hypertension,Hypertension: Prevalence (CVDP001HYP),1.21,18-39,Age group,0,6865.0,To March 2026,1.27,1.24,
E54000055,NHS Birmingham and Solihull Integrated Care Board,Male,216245.0,,,CVDP001HYP,Prevalence of GP recorded hypertension,Hypertension: Prevalence (CVDP001HYP),14.84,40-59,Age group,0,32425.0,To March 2026,15.15,14.99,
E54000055,NHS Birmingham and Solihull Integrated Care Board,Female,193465.0,,,CVDP001HYP,Prevalence of GP recorded hypertension,Hypertension: Prevalence (CVDP001HYP),14.3,40-59,Age group,0,27970.0,To March 2026,14.61,14.46,
E54000055,NHS Birmingham and Solihull Integrated Care Board,Persons,409710.0,,,CVDP001HYP,Prevalence of GP recorded hypertension,Hypertension: Prevalence (CVDP001HYP),14.63,40-59,Age group,0,60395.0,To March 2026,14.85,14.74,
E54000055,NHS Birmingham and Solihull Integrated Care Board,Male,120420.0,,,CVDP001HYP,Prevalence of GP recorded hypertension,Hypertension: Prevalence (CVDP001HYP),43.52,60-79,Age group,0,52750.0,To March 2026,44.08,43.8,
E54000055,NHS Birmingham and Solihull Integrated Care Board,Female,124855.0,,,CVDP001HYP,Prevalence of GP recorded hypertension,Hypertension: Prevalence (CVDP001HYP),40.68,60-79,Age group,0,51135.0,To March 2026,41.23,40.96,
E54000055,NHS Birmingham and Solihull Integrated Care Board,Persons,245275.0,,,CVDP001HYP,Prevalence of GP recorded hypertension,Hypertension: Prevalence (CVDP001HYP),42.16,60-79,Age group,0,103880.0,To March 2026,42.55,42.35,
E54000055,NHS Birmingham and Solihull Integrated Care Board,Male,25795.0,,,CVDP001HYP,Prevalence of GP recorded hypertension,Hypertension: Prevalence (CVDP001HYP),59.86,80+,Age group,0,15595.0,To March 2026,61.05,60.46,
E54000055,NHS Birmingham and Solihull Integrated Care Board,Female,37065.0,,,CVDP001HYP,Prevalence of GP recorded hypertension,Hypertension: Prevalence (CVDP001HYP),63.08,80+,Age group,0,23560.0,To March 2026,64.05,63.57,
E54000055,NHS Birmingham and Solihull Integrated Care Board,Persons,62860.0,,,CVDP001HYP,Prevalence of GP recorded hypertension,Hypertension: Prevalence (CVDP001HYP),61.91,80+,Age group,0,39155.0,To March 2026,62.67,62.29,
E54000055,NHS Birmingham and Solihull Integrated Care Board,Persons,587850.0,,,CVDP001HYP,Prevalence of GP recorded hypertension,Hypertension: Prevalence (CVDP001HYP),16.92,1 - most deprived,Deprivation quintile,0,100040.0,To March 2026,17.11,17.02,
E54000055,NHS Birmingham and Solihull Integrated Care Board,Persons,232335.0,,,CVDP001HYP,Prevalence of GP recorded hypertension,Hypertension: Prevalence (CVDP001HYP),16.88,2,Deprivation quintile,0,39570.0,To March 2026,17.18,17.03,
E54000055,NHS Birmingham and Solihull Integrated Care Board,Persons,155250.0,,,CVDP001HYP,Prevalence of GP recorded hypertension,Hypertension: Prevalence (CVDP001HYP),17.54,3,Deprivation quintile,0,27520.0,To March 2026,17.92,17.73,
E54000055,NHS Birmingham and Solihull Integrated Care Board,Persons,80580.0,,,CVDP001HYP,Prevalence of GP recorded hypertension,Hypertension: Prevalence (CVDP001HYP),18.94,4,Deprivation quintile,0,15480.0,To March 2026,19.49,19.21,
E54000055,NHS Birmingham and Solihull Integrated Care Board,Persons,103885.0,,,CVDP001HYP,Prevalence of GP recorded hypertension,Hypertension: Prevalence (CVDP001HYP),19.01,5 - least deprived,Deprivation quintile,0,20000.0,To March 2026,19.49,19.25,
E54000055,NHS Birmingham and Solihull Integrated Care Board,Female,,,,CVDP001HYP,Prevalence of GP recorded hypertension,Hypertension: Prevalence (CVDP001HYP),19.87,Female,Sex - Age Standardised,0,,To March 2026,20.12,19.99,Numerators and Denominators are not provided for Age Standardisation.
E54000055,NHS Birmingham and Solihull Integrated Care Board,Male,,,,CVDP001HYP,Prevalence of GP recorded hypertension,Hypertension: Prevalence (CVDP001HYP),20.77,Male,Sex - Age Standardised,0,,To March 2026,21.02,20.89,Numerators and Denominators are not provided for Age Standardisation.
E54000055,NHS Birmingham and Solihull Integrated Care Board,Persons,,,,CVDP001HYP,Prevalence of GP recorded hypertension,Hypertension: Prevalence (CVDP001HYP),20.38,Persons,Sex - Age Standardised,0,,To March 2026,20.55,20.46,Numerators and Denominators are not provided for Age Standardisation.
E54000055,NHS Birmingham and Solihull Integrated Care Board,Persons,,,,CVDP001HYP,Prevalence of GP recorded hypertension,Hypertension: Prevalence (CVDP001HYP),22.94,1 - most deprived,Deprivation quintile - Age Standardised,0,,To March 2026,23.24,23.09,Numerators and Denominators are not provided for Age Standardisation.
E54000055,NHS Birmingham and Solihull Integrated Care Board,Persons,,,,CVDP001HYP,Prevalence of GP recorded hypertension,Hypertension: Prevalence (CVDP001HYP),19.6,2,Deprivation quintile - Age Standardised,0,,To March 2026,20.0,19.8,Numerators and Denominators are not provided for Age Standardisation.
E54000055,NHS Birmingham and Solihull Integrated Care Board,Persons,,,,CVDP001HYP,Prevalence of GP recorded hypertension,Hypertension: Prevalence (CVDP001HYP),18.1,3,Deprivation quintile - Age Standardised,0,,To March 2026,18.55,18.32,Numerators and Denominators are not provided for Age Standardisation.
E54000055,NHS Birmingham and Solihull Integrated Care Board,Persons,,,,CVDP001HYP,Prevalence of GP recorded hypertension,Hypertension: Prevalence (CVDP001HYP),15.99,4,Deprivation quintile - Age Standardised,0,,To March 2026,16.52,16.26,Numerators and Denominators are not provided for Age Standardisation.
E54000055,NHS Birmingham and Solihull Integrated Care Board,Persons,,,,CVDP001HYP,Prevalence of GP recorded hypertension,Hypertension: Prevalence (CVDP001HYP),14.91,5 - least deprived,Deprivation quintile - Age Standardised,0,,To March 2026,15.34,15.12,Numerators and Denominators are not provided for Age Standardisation.
E54000062,NHS Black Country Integrated Care Board,Persons,1012265.0,,,CVDP001HYP,Prevalence of GP recorded hypertension,Hypertension: Prevalence (CVDP001HYP),20.53,Persons,Sex,0,208625.0,To March 2026,20.69,20.61,
E54000062,NHS Black Country Integrated Care Board,Female,506295.0,,,CVDP001HYP,Prevalence of GP recorded hypertension,Hypertension: Prevalence (CVDP001HYP),20.5,Female,Sex,0,104355.0,To March 2026,20.72,20.61,
E54000062,NHS Black Country Integrated Care Board,Male,505970.0,,,CVDP001HYP,Prevalence of GP recorded hypertension,Hypertension: Prevalence (CVDP001HYP),20.5,Male,Sex,0,104270.0,To March 2026,20.72,20.61,
E54000062,NHS Black Country Integrated Care Board,Male,199485.0,,,CVDP001HYP,Prevalence of GP recorded hypertension,Hypertension: Prevalence (CVDP001HYP),1.59,18-39,Age group,0,3290.0,To March 2026,1.71,1.65,
E54000062,NHS Black Country Integrated Care Board,Female,191880.0,,,CVDP001HYP,Prevalence of GP recorded hypertension,Hypertension: Prevalence (CVDP001HYP),1.49,18-39,Age group,0,2970.0,To March 2026,1.6,1.55,
E54000062,NHS Black Country Integrated Care Board,Persons,391365.0,,,CVDP001HYP,Prevalence of GP recorded hypertension,Hypertension: Prevalence (CVDP001HYP),1.56,18-39,Age group,0,6260.0,To March 2026,1.64,1.6,
E54000062,NHS Black Country Integrated Care Board,Male,168325.0,,,CVDP001HYP,Prevalence of GP recorded hypertension,Hypertension: Prevalence (CVDP001HYP),18.3,40-59,Age group,0,31115.0,To March 2026,18.67,18.49,
E54000062,NHS Black Country Integrated Care Board,Female,160500.0,,,CVDP001HYP,Prevalence of GP recorded hypertension,Hypertension: Prevalence (CVDP001HYP),15.77,40-59,Age group,0,25605.0,To March 2026,16.13,15.95,
E54000062,NHS Black Country Integrated Care Board,Persons,328830.0,,,CVDP001HYP,Prevalence of GP recorded hypertension,Hypertension: Prevalence (CVDP001HYP),17.12,40-59,Age group,0,56720.0,To March 2026,17.38,17.25,
E54000062,NHS Black Country Integrated Care Board,Male,112455.0,,,CVDP001HYP,Prevalence of GP recorded hypertension,Hypertension: Prevalence (CVDP001HYP),46.98,60-79,Age group,0,53155.0,To March 2026,47.56,47.27,
E54000062,NHS Black Country Integrated Care Board,Female,117465.0,,,CVDP001HYP,Prevalence of GP recorded hypertension,Hypertension: Prevalence (CVDP001HYP),43.14,60-79,Age group,0,51010.0,To March 2026,43.71,43.42,
E54000062,NHS Black Country Integrated Care Board,Persons,229920.0,,,CVDP001HYP,Prevalence of GP recorded hypertension,Hypertension: Prevalence (CVDP001HYP),45.1,60-79,Age group,0,104165.0,To March 2026,45.51,45.3,
E54000062,NHS Black Country Integrated Care Board,Male,25705.0,,,CVDP001HYP,Prevalence of GP recorded hypertension,Hypertension: Prevalence (CVDP001HYP),64.42,80+,Age group,0,16710.0,To March 2026,65.58,65.0,
E54000062,NHS Black Country Integrated Care Board,Female,36450.0,,,CVDP001HYP,Prevalence of GP recorded hypertension,Hypertension: Prevalence (CVDP001HYP),67.48,80+,Age group,0,24775.0,To March 2026,68.44,67.96,
E54000062,NHS Black Country Integrated Care Board,Persons,62155.0,,,CVDP001HYP,Prevalence of GP recorded hypertension,Hypertension: Prevalence (CVDP001HYP),66.37,80+,Age group,0,41480.0,To March 2026,67.11,66.74,
E54000062,NHS Black Country Integrated Care Board,Persons,489630.0,,,CVDP001HYP,Prevalence of GP recorded hypertension,Hypertension: Prevalence (CVDP001HYP),19.13,1 - most deprived,Deprivation quintile,0,94200.0,To March 2026,19.35,19.24,
E54000062,NHS Black Country Integrated Care Board,Persons,199045.0,,,CVDP001HYP,Prevalence of GP recorded hypertension,Hypertension: Prevalence (CVDP001HYP),21.12,2,Deprivation quintile,0,42400.0,To March 2026,21.48,21.3,
E54000062,NHS Black Country Integrated Care Board,Persons,129440.0,,,CVDP001HYP,Prevalence of GP recorded hypertension,Hypertension: Prevalence (CVDP001HYP),23.37,3,Deprivation quintile,0,30555.0,To March 2026,23.84,23.6,
E54000062,NHS Black Country Integrated Care Board,Persons,102255.0,,,CVDP001HYP,Prevalence of GP recorded hypertension,Hypertension: Prevalence (CVDP001HYP),24.14,4,Deprivation quintile,0,24950.0,To March 2026,24.66,24.4,
E54000062,NHS Black Country Integrated Care Board,Persons,74115.0,,,CVDP001HYP,Prevalence of GP recorded hypertension,Hypertension: Prevalence (CVDP001HYP),24.43,5 - least deprived,Deprivation quintile,0,18335.0,To March 2026,25.05,24.74,
E54000062,NHS Black Country Integrated Care Board,Female,,,,CVDP001HYP,Prevalence of GP recorded hypertension,Hypertension: Prevalence (CVDP001HYP),21.18,Female,Sex - Age Standardised,0,,To March 2026,21.44,21.31,Numerators and Denominators are not provided for Age Standardisation.
E54000062,NHS Black Country Integrated Care Board,Male,,,,CVDP001HYP,Prevalence of GP recorded hypertension,Hypertension: Prevalence (CVDP001HYP),22.94,Male,Sex - Age Standardised,0,,To March 2026,23.22,23.08,Numerators and Denominators are not provided for Age Standardisation.
E54000062,NHS Black Country Integrated Care Board,Persons,,,,CVDP001HYP,Prevalence of GP recorded hypertension,Hypertension: Prevalence (CVDP001HYP),22.12,Persons,Sex - Age Standardised,0,,To March 2026,22.32,22.22,Numerators and Denominators are not provided for Age Standardisation.
E54000062,NHS Black Country Integrated Care Board,Persons,,,,CVDP001HYP,Prevalence of GP recorded hypertension,Hypertension: Prevalence (CVDP001HYP),24.81,1 - most deprived,Deprivation quintile - Age Standardised,0,,To March 2026,25.14,24.98,Numerators and Denominators are not provided for Age Standardisation.
E54000062,NHS Black Country Integrated Care Board,Persons,,,,CVDP001HYP,Prevalence of GP recorded hypertension,Hypertension: Prevalence (CVDP001HYP),22.72,2,Deprivation quintile - Age Standardised,0,,To March 2026,23.17,22.94,Numerators and Denominators are not provided for Age Standardisation.
E54000062,NHS Black Country Integrated Care Board,Persons,,,,CVDP001HYP,Prevalence of GP recorded hypertension,Hypertension: Prevalence (CVDP001HYP),21.84,3,Deprivation quintile - Age Standardised,0,,To March 2026,22.34,22.09,Numerators and Denominators are not provided for Age Standardisation.
E54000062,NHS Black Country Integrated Care Board,Persons,,,,CVDP001HYP,Prevalence of GP recorded hypertension,Hypertension: Prevalence (CVDP001HYP),19.04,4,Deprivation quintile - Age Standardised,0,,To March 2026,19.53,19.29,Numerators and Denominators are not provided for Age Standardisation.
E54000062,NHS Black Country Integrated Care Board,Persons,,,,CVDP001HYP,Prevalence of GP recorded hypertension,Hypertension: Prevalence (CVDP001HYP),17.7,5 - least deprived,Deprivation quintile - Age Standardised,0,,To March 2026,18.24,17.97,Numerators and Denominators are not provided for Age Standardisation.
E54000039,"NHS Bristol, North Somerset and South Gloucestershire Integrated Care Board",Persons,862595.0,,,CVDP001HYP,Prevalence of GP recorded hypertension,Hypertension: Prevalence (CVDP001HYP),16.91,Persons,Sex,0,146560.0,To March 2026,17.07,16.99,
E54000039,"NHS Bristol, North Somerset and South Gloucestershire Integrated Care Board",Female,431090.0,,,CVDP001HYP,Prevalence of GP recorded hypertension,Hypertension: Prevalence (CVDP001HYP),16.63,Female,Sex,0,72170.0,To March 2026,16.85,16.74,
E54000039,"NHS Bristol, North Somerset and South Gloucestershire Integrated Care Board",Male,431505.0,,,CVDP001HYP,Prevalence of GP recorded hypertension,Hypertension: Prevalence (CVDP001HYP),17.13,Male,Sex,0,74390.0,To March 2026,17.35,17.24,
E54000039,"NHS Bristol, North Somerset and South Gloucestershire Integrated Care Board",Male,182835.0,,,CVDP001HYP,Prevalence of GP recorded hypertension,Hypertension: Prevalence (CVDP001HYP),1.17,18-39,Age group,0,2230.0,To March 2026,1.27,1.22,
E54000039,"NHS Bristol, North Somerset and South Gloucestershire Integrated Care Board",Female,179250.0,,,CVDP001HYP,Prevalence of GP recorded hypertension,Hypertension: Prevalence (CVDP001HYP),1.02,18-39,Age group,0,1910.0,To March 2026,1.11,1.07,
E54000039,"NHS Bristol, North Somerset and South Gloucestershire Integrated Care Board",Persons,362085.0,,,CVDP001HYP,Prevalence of GP recorded hypertension,Hypertension: Prevalence (CVDP001HYP),1.11,18-39,Age group,0,4145.0,To March 2026,1.18,1.14,
E54000039,"NHS Bristol, North Somerset and South Gloucestershire Integrated Care Board",Male,137990.0,,,CVDP001HYP,Prevalence of GP recorded hypertension,Hypertension: Prevalence (CVDP001HYP),13.97,40-59,Age group,0,19535.0,To March 2026,14.34,14.16,
E54000039,"NHS Bristol, North Somerset and South Gloucestershire Integrated Care Board",Female,127690.0,,,CVDP001HYP,Prevalence of GP recorded hypertension,Hypertension: Prevalence (CVDP001HYP),11.83,40-59,Age group,0,15340.0,To March 2026,12.19,12.01,
E54000039,"NHS Bristol, North Somerset and South Gloucestershire Integrated Care Board",Persons,265680.0,,,CVDP001HYP,Prevalence of GP recorded hypertension,Hypertension: Prevalence (CVDP001HYP),13.0,40-59,Age group,0,34875.0,To March 2026,13.25,13.13,
E54000039,"NHS Bristol, North Somerset and South Gloucestershire Integrated Care Board",Male,89080.0,,,CVDP001HYP,Prevalence of GP recorded hypertension,Hypertension: Prevalence (CVDP001HYP),43.95,60-79,Age group,0,39440.0,To March 2026,44.6,44.28,
E54000039,"NHS Bristol, North Somerset and South Gloucestershire Integrated Care Board",Female,93870.0,,,CVDP001HYP,Prevalence of GP recorded hypertension,Hypertension: Prevalence (CVDP001HYP),37.55,60-79,Age group,0,35545.0,To March 2026,38.17,37.86,
E54000039,"NHS Bristol, North Somerset and South Gloucestershire Integrated Care Board",Persons,182955.0,,,CVDP001HYP,Prevalence of GP recorded hypertension,Hypertension: Prevalence (CVDP001HYP),40.76,60-79,Age group,0,74985.0,To March 2026,41.21,40.99,
E54000039,"NHS Bristol, North Somerset and South Gloucestershire Integrated Care Board",Male,21595.0,,,CVDP001HYP,Prevalence of GP recorded hypertension,Hypertension: Prevalence (CVDP001HYP),60.38,80+,Age group,0,13180.0,To March 2026,61.67,61.03,
E54000039,"NHS Bristol, North Somerset and South Gloucestershire Integrated Care Board",Female,30280.0,,,CVDP001HYP,Prevalence of GP recorded hypertension,Hypertension: Prevalence (CVDP001HYP),63.46,80+,Age group,0,19380.0,To March 2026,64.53,64.0,
E54000039,"NHS Bristol, North Somerset and South Gloucestershire Integrated Care Board",Persons,51875.0,,,CVDP001HYP,Prevalence of GP recorded hypertension,Hypertension: Prevalence (CVDP001HYP),62.35,80+,Age group,0,32560.0,To March 2026,63.18,62.76,
E54000039,"NHS Bristol, North Somerset and South Gloucestershire Integrated Care Board",Persons,150995.0,,,CVDP001HYP,Prevalence of GP recorded hypertension,Hypertension: Prevalence (CVDP001HYP),15.87,1 - most deprived,Deprivation quintile,0,24245.0,To March 2026,16.24,16.06,
E54000039,"NHS Bristol, North Somerset and South Gloucestershire Integrated Care Board",Persons,143905.0,,,CVDP001HYP,Prevalence of GP recorded hypertension,Hypertension: Prevalence (CVDP001HYP),16.09,2,Deprivation quintile,0,23435.0,To March 2026,16.48,16.28,
E54000039,"NHS Bristol, North Somerset and South Gloucestershire Integrated Care Board",Persons,129895.0,,,CVDP001HYP,Prevalence of GP recorded hypertension,Hypertension: Prevalence (CVDP001HYP),18.94,3,Deprivation quintile,0,24875.0,To March 2026,19.36,19.15,
E54000039,"NHS Bristol, North Somerset and South Gloucestershire Integrated Care Board",Persons,176945.0,,,CVDP001HYP,Prevalence of GP recorded hypertension,Hypertension: Prevalence (CVDP001HYP),19.19,4,Deprivation quintile,0,34285.0,To March 2026,19.56,19.37,
E54000039,"NHS Bristol, North Somerset and South Gloucestershire Integrated Care Board",Persons,205260.0,,,CVDP001HYP,Prevalence of GP recorded hypertension,Hypertension: Prevalence (CVDP001HYP),19.61,5 - least deprived,Deprivation quintile,0,40605.0,To March 2026,19.95,19.78,
E54000039,"NHS Bristol, North Somerset and South Gloucestershire Integrated Care Board",Female,,,,CVDP001HYP,Prevalence of GP recorded hypertension,Hypertension: Prevalence (CVDP001HYP),18.02,Female,Sex - Age Standardised,0,,To March 2026,18.29,18.15,Numerators and Denominators are not provided for Age Standardisation.
E54000039,"NHS Bristol, North Somerset and South Gloucestershire Integrated Care Board",Male,,,,CVDP001HYP,Prevalence of GP recorded hypertension,Hypertension: Prevalence (CVDP001HYP),20.43,Male,Sex - Age Standardised,0,,To March 2026,20.73,20.58,Numerators and Denominators are not provided for Age Standardisation.
E54000039,"NHS Bristol, North Somerset and South Gloucestershire Integrated Care Board",Persons,,,,CVDP001HYP,Prevalence of GP recorded hypertension,Hypertension: Prevalence (CVDP001HYP),19.28,Persons,Sex - Age Standardised,0,,To March 2026,19.48,19.38,Numerators and Denominators are not provided for Age Standardisation.
E54000039,"NHS Bristol, North Somerset and South Gloucestershire Integrated Care Board",Persons,,,,CVDP001HYP,Prevalence of GP recorded hypertension,Hypertension: Prevalence (CVDP001HYP),24.09,1 - most deprived,Deprivation quintile - Age Standardised,0,,To March 2026,24.72,24.41,Numerators and Denominators are not provided for Age Standardisation.
E54000039,"NHS Bristol, North Somerset and South Gloucestershire Integrated Care Board",Persons,,,,CVDP001HYP,Prevalence of GP recorded hypertension,Hypertension: Prevalence (CVDP001HYP),20.39,2,Deprivation quintile - Age Standardised,0,,To March 2026,20.93,20.66,Numerators and Denominators are not provided for Age Standardisation.
E54000039,"NHS Bristol, North Somerset and South Gloucestershire Integrated Care Board",Persons,,,,CVDP001HYP,Prevalence of GP recorded hypertension,Hypertension: Prevalence (CVDP001HYP),19.99,3,Deprivation quintile - Age Standardised,0,,To March 2026,20.5,20.24,Numerators and Denominators are not provided for Age Standardisation.
E54000039,"NHS Bristol, North Somerset and South Gloucestershire Integrated Care Board",Persons,,,,CVDP001HYP,Prevalence of GP recorded hypertension,Hypertension: Prevalence (CVDP001HYP),18.98,4,Deprivation quintile - Age Standardised,0,,To March 2026,19.39,19.19,Numerators and Denominators are not provided for Age Standardisation.
E54000039,"NHS Bristol, North Somerset and South Gloucestershire Integrated Care Board",Persons,,,,CVDP001HYP,Prevalence of GP recorded hypertension,Hypertension: Prevalence (CVDP001HYP),18.51,5 - least deprived,Deprivation quintile - Age Standardised,0,,To March 2026,18.89,18.7,Numerators and Denominators are not provided for Age Standardisation.
E54000044,"NHS Buckinghamshire, Oxfordshire and Berkshire West Integrated Care Board",Persons,1570290.0,,,CVDP001HYP,Prevalence of GP recorded hypertension,Hypertension: Prevalence (CVDP001HYP),17.1,Persons,Sex,0,269505.0,To March 2026,17.22,17.16,
E54000044,"NHS Buckinghamshire, Oxfordshire and Berkshire West Integrated Care Board",Female,788485.0,,,CVDP001HYP,Prevalence of GP recorded hypertension,Hypertension: Prevalence (CVDP001HYP),16.66,Female,Sex,0,131975.0,To March 2026,16.82,16.74,
E54000044,"NHS Buckinghamshire, Oxfordshire and Berkshire West Integrated Care Board",Male,781805.0,,,CVDP001HYP,Prevalence of GP recorded hypertension,Hypertension: Prevalence (CVDP001HYP),17.51,Male,Sex,0,137535.0,To March 2026,17.68,17.59,
E54000044,"NHS Buckinghamshire, Oxfordshire and Berkshire West Integrated Care Board",Male,293585.0,,,CVDP001HYP,Prevalence of GP recorded hypertension,Hypertension: Prevalence (CVDP001HYP),1.1,18-39,Age group,0,3350.0,To March 2026,1.18,1.14,
E54000044,"NHS Buckinghamshire, Oxfordshire and Berkshire West Integrated Care Board",Female,284395.0,,,CVDP001HYP,Prevalence of GP recorded hypertension,Hypertension: Prevalence (CVDP001HYP),1.07,18-39,Age group,0,3165.0,To March 2026,1.15,1.11,
E54000044,"NHS Buckinghamshire, Oxfordshire and Berkshire West Integrated Care Board",Persons,577980.0,,,CVDP001HYP,Prevalence of GP recorded hypertension,Hypertension: Prevalence (CVDP001HYP),1.1,18-39,Age group,0,6515.0,To March 2026,1.15,1.13,
E54000044,"NHS Buckinghamshire, Oxfordshire and Berkshire West Integrated Care Board",Male,267765.0,,,CVDP001HYP,Prevalence of GP recorded hypertension,Hypertension: Prevalence (CVDP001HYP),13.61,40-59,Age group,0,36795.0,To March 2026,13.87,13.74,
E54000044,"NHS Buckinghamshire, Oxfordshire and Berkshire West Integrated Care Board",Female,258390.0,,,CVDP001HYP,Prevalence of GP recorded hypertension,Hypertension: Prevalence (CVDP001HYP),10.96,40-59,Age group,0,28645.0,To March 2026,11.21,11.09,
E54000044,"NHS Buckinghamshire, Oxfordshire and Berkshire West Integrated Care Board",Persons,526155.0,,,CVDP001HYP,Prevalence of GP recorded hypertension,Hypertension: Prevalence (CVDP001HYP),12.35,40-59,Age group,0,65435.0,To March 2026,12.53,12.44,
E54000044,"NHS Buckinghamshire, Oxfordshire and Berkshire West Integrated Care Board",Male,177675.0,,,CVDP001HYP,Prevalence of GP recorded hypertension,Hypertension: Prevalence (CVDP001HYP),40.49,60-79,Age group,0,72350.0,To March 2026,40.95,40.72,
E54000044,"NHS Buckinghamshire, Oxfordshire and Berkshire West Integrated Care Board",Female,186915.0,,,CVDP001HYP,Prevalence of GP recorded hypertension,Hypertension: Prevalence (CVDP001HYP),34.34,60-79,Age group,0,64585.0,To March 2026,34.77,34.55,
E54000044,"NHS Buckinghamshire, Oxfordshire and Berkshire West Integrated Care Board",Persons,364590.0,,,CVDP001HYP,Prevalence of GP recorded hypertension,Hypertension: Prevalence (CVDP001HYP),37.4,60-79,Age group,0,136930.0,To March 2026,37.72,37.56,
E54000044,"NHS Buckinghamshire, Oxfordshire and Berkshire West Integrated Care Board",Male,42775.0,,,CVDP001HYP,Prevalence of GP recorded hypertension,Hypertension: Prevalence (CVDP001HYP),58.07,80+,Age group,0,25040.0,To March 2026,59.01,58.54,
E54000044,"NHS Buckinghamshire, Oxfordshire and Berkshire West Integrated Care Board",Female,58785.0,,,CVDP001HYP,Prevalence of GP recorded hypertension,Hypertension: Prevalence (CVDP001HYP),60.13,80+,Age group,0,35580.0,To March 2026,60.92,60.53,
E54000044,"NHS Buckinghamshire, Oxfordshire and Berkshire West Integrated Care Board",Persons,101565.0,,,CVDP001HYP,Prevalence of GP recorded hypertension,Hypertension: Prevalence (CVDP001HYP),59.39,80+,Age group,0,60625.0,To March 2026,59.99,59.69,
E54000044,"NHS Buckinghamshire, Oxfordshire and Berkshire West Integrated Care Board",Persons,47370.0,,,CVDP001HYP,Prevalence of GP recorded hypertension,Hypertension: Prevalence (CVDP001HYP),14.99,1 - most deprived,Deprivation quintile,0,7255.0,To March 2026,15.64,15.31,
E54000044,"NHS Buckinghamshire, Oxfordshire and Berkshire West Integrated Care Board",Persons,144155.0,,,CVDP001HYP,Prevalence of GP recorded hypertension,Hypertension: Prevalence (CVDP001HYP),15.99,2,Deprivation quintile,0,23315.0,To March 2026,16.37,16.17,
E54000044,"NHS Buckinghamshire, Oxfordshire and Berkshire West Integrated Care Board",Persons,208500.0,,,CVDP001HYP,Prevalence of GP recorded hypertension,Hypertension: Prevalence (CVDP001HYP),17.67,3,Deprivation quintile,0,37190.0,To March 2026,18.0,17.84,
E54000044,"NHS Buckinghamshire, Oxfordshire and Berkshire West Integrated Care Board",Persons,370700.0,,,CVDP001HYP,Prevalence of GP recorded hypertension,Hypertension: Prevalence (CVDP001HYP),18.67,4,Deprivation quintile,0,69660.0,To March 2026,18.92,18.79,
E54000044,"NHS Buckinghamshire, Oxfordshire and Berkshire West Integrated Care Board",Persons,643070.0,,,CVDP001HYP,Prevalence of GP recorded hypertension,Hypertension: Prevalence (CVDP001HYP),20.35,5 - least deprived,Deprivation quintile,0,131495.0,To March 2026,20.55,20.45,
E54000044,"NHS Buckinghamshire, Oxfordshire and Berkshire West Integrated Care Board",Female,,,,CVDP001HYP,Prevalence of GP recorded hypertension,Hypertension: Prevalence (CVDP001HYP),16.63,Female,Sex - Age Standardised,0,,To March 2026,16.81,16.72,Numerators and Denominators are not provided for Age Standardisation.
E54000044,"NHS Buckinghamshire, Oxfordshire and Berkshire West Integrated Care Board",Male,,,,CVDP001HYP,Prevalence of GP recorded hypertension,Hypertension: Prevalence (CVDP001HYP),19.16,Male,Sex - Age Standardised,0,,To March 2026,19.36,19.26,Numerators and Denominators are not provided for Age Standardisation.
E54000044,"NHS Buckinghamshire, Oxfordshire and Berkshire West Integrated Care Board",Persons,,,,CVDP001HYP,Prevalence of GP recorded hypertension,Hypertension: Prevalence (CVDP001HYP),17.93,Persons,Sex - Age Standardised,0,,To March 2026,18.06,17.99,Numerators and Denominators are not provided for Age Standardisation.
E54000044,"NHS Buckinghamshire, Oxfordshire and Berkshire West Integrated Care Board",Persons,,,,CVDP001HYP,Prevalence of GP recorded hypertension,Hypertension: Prevalence (CVDP001HYP),25.09,1 - most deprived,Deprivation quintile - Age Standardised,0,,To March 2026,26.31,25.69,Numerators and Denominators are not provided for Age Standardisation.
E54000044,"NHS Buckinghamshire, Oxfordshire and Berkshire West Integrated Care Board",Persons,,,,CVDP001HYP,Prevalence of GP recorded hypertension,Hypertension: Prevalence (CVDP001HYP),23.35,2,Deprivation quintile - Age Standardised,0,,To March 2026,23.97,23.66,Numerators and Denominators are not provided for Age Standardisation.
E54000044,"NHS Buckinghamshire, Oxfordshire and Berkshire West Integrated Care Board",Persons,,,,CVDP001HYP,Prevalence of GP recorded hypertension,Hypertension: Prevalence (CVDP001HYP),19.37,3,Deprivation quintile - Age Standardised,0,,To March 2026,19.77,19.57,Numerators and Denominators are not provided for Age Standardisation.
E54000044,"NHS Buckinghamshire, Oxfordshire and Berkshire West Integrated Care Board",Persons,,,,CVDP001HYP,Prevalence of GP recorded hypertension,Hypertension: Prevalence (CVDP001HYP),18.28,4,Deprivation quintile - Age Standardised,0,,To March 2026,18.56,18.42,Numerators and Denominators are not provided for Age Standardisation.
E54000044,"NHS Buckinghamshire, Oxfordshire and Berkshire West Integrated Care Board",Persons,,,,CVDP001HYP,Prevalence of GP recorded hypertension,Hypertension: Prevalence (CVDP001HYP),17.03,5 - least deprived,Deprivation quintile - Age Standardised,0,,To March 2026,17.22,17.13,Numerators and Denominators are not provided for Age Standardisation.
E54000056,NHS Cambridgeshire and Peterborough Integrated Care Board,Persons,841725.0,,,CVDP001HYP,Prevalence of GP recorded hypertension,Hypertension: Prevalence (CVDP001HYP),17.31,Persons,Sex,0,146345.0,To March 2026,17.47,17.39,
E54000056,NHS Cambridgeshire and Peterborough Integrated Care Board,Female,413380.0,,,CVDP001HYP,Prevalence of GP recorded hypertension,Hypertension: Prevalence (CVDP001HYP),17.43,Female,Sex,0,72545.0,To March 2026,17.67,17.55,
E54000056,NHS Cambridgeshire and Peterborough Integrated Care Board,Male,428345.0,,,CVDP001HYP,Prevalence of GP recorded hypertension,Hypertension: Prevalence (CVDP001HYP),17.12,Male,Sex,0,73800.0,To March 2026,17.34,17.23,
E54000056,NHS Cambridgeshire and Peterborough Integrated Care Board,Male,172395.0,,,CVDP001HYP,Prevalence of GP recorded hypertension,Hypertension: Prevalence (CVDP001HYP),1.27,18-39,Age group,0,2290.0,To March 2026,1.38,1.33,
E54000056,NHS Cambridgeshire and Peterborough Integrated Care Board,Female,156280.0,,,CVDP001HYP,Prevalence of GP recorded hypertension,Hypertension: Prevalence (CVDP001HYP),1.24,18-39,Age group,0,2025.0,To March 2026,1.35,1.3,
E54000056,NHS Cambridgeshire and Peterborough Integrated Care Board,Persons,328675.0,,,CVDP001HYP,Prevalence of GP recorded hypertension,Hypertension: Prevalence (CVDP001HYP),1.27,18-39,Age group,0,4315.0,To March 2026,1.35,1.31,
E54000056,NHS Cambridgeshire and Peterborough Integrated Care Board,Male,144065.0,,,CVDP001HYP,Prevalence of GP recorded hypertension,Hypertension: Prevalence (CVDP001HYP),13.88,40-59,Age group,0,20255.0,To March 2026,14.24,14.06,
E54000056,NHS Cambridgeshire and Peterborough Integrated Care Board,Female,132745.0,,,CVDP001HYP,Prevalence of GP recorded hypertension,Hypertension: Prevalence (CVDP001HYP),12.23,40-59,Age group,0,16470.0,To March 2026,12.59,12.41,
E54000056,NHS Cambridgeshire and Peterborough Integrated Care Board,Persons,276810.0,,,CVDP001HYP,Prevalence of GP recorded hypertension,Hypertension: Prevalence (CVDP001HYP),13.14,40-59,Age group,0,36730.0,To March 2026,13.4,13.27,
E54000056,NHS Cambridgeshire and Peterborough Integrated Care Board,Male,90705.0,,,CVDP001HYP,Prevalence of GP recorded hypertension,Hypertension: Prevalence (CVDP001HYP),42.12,60-79,Age group,0,38495.0,To March 2026,42.76,42.44,
E54000056,NHS Cambridgeshire and Peterborough Integrated Care Board,Female,96025.0,,,CVDP001HYP,Prevalence of GP recorded hypertension,Hypertension: Prevalence (CVDP001HYP),37.14,60-79,Age group,0,35955.0,To March 2026,37.75,37.44,
E54000056,NHS Cambridgeshire and Peterborough Integrated Care Board,Persons,186730.0,,,CVDP001HYP,Prevalence of GP recorded hypertension,Hypertension: Prevalence (CVDP001HYP),39.65,60-79,Age group,0,74450.0,To March 2026,40.09,39.87,
E54000056,NHS Cambridgeshire and Peterborough Integrated Care Board,Male,21180.0,,,CVDP001HYP,Prevalence of GP recorded hypertension,Hypertension: Prevalence (CVDP001HYP),59.56,80+,Age group,0,12755.0,To March 2026,60.88,60.22,
E54000056,NHS Cambridgeshire and Peterborough Integrated Care Board,Female,28325.0,,,CVDP001HYP,Prevalence of GP recorded hypertension,Hypertension: Prevalence (CVDP001HYP),63.32,80+,Age group,0,18095.0,To March 2026,64.44,63.88,
E54000056,NHS Cambridgeshire and Peterborough Integrated Care Board,Persons,49510.0,,,CVDP001HYP,Prevalence of GP recorded hypertension,Hypertension: Prevalence (CVDP001HYP),61.89,80+,Age group,0,30850.0,To March 2026,62.74,62.32,
E54000056,NHS Cambridgeshire and Peterborough Integrated Care Board,Persons,102230.0,,,CVDP001HYP,Prevalence of GP recorded hypertension,Hypertension: Prevalence (CVDP001HYP),17.95,1 - most deprived,Deprivation quintile,0,18585.0,To March 2026,18.42,18.18,
E54000056,NHS Cambridgeshire and Peterborough Integrated Care Board,Persons,89340.0,,,CVDP001HYP,Prevalence of GP recorded hypertension,Hypertension: Prevalence (CVDP001HYP),20.29,2,Deprivation quintile,0,18365.0,To March 2026,20.82,20.55,
E54000056,NHS Cambridgeshire and Peterborough Integrated Care Board,Persons,175285.0,,,CVDP001HYP,Prevalence of GP recorded hypertension,Hypertension: Prevalence (CVDP001HYP),19.77,3,Deprivation quintile,0,34975.0,To March 2026,20.14,19.95,
E54000056,NHS Cambridgeshire and Peterborough Integrated Care Board,Persons,165410.0,,,CVDP001HYP,Prevalence of GP recorded hypertension,Hypertension: Prevalence (CVDP001HYP),21.37,4,Deprivation quintile,0,35675.0,To March 2026,21.77,21.57,
E54000056,NHS Cambridgeshire and Peterborough Integrated Care Board,Persons,198695.0,,,CVDP001HYP,Prevalence of GP recorded hypertension,Hypertension: Prevalence (CVDP001HYP),20.06,5 - least deprived,Deprivation quintile,0,40210.0,To March 2026,20.41,20.24,
E54000056,NHS Cambridgeshire and Peterborough Integrated Care Board,Female,,,,CVDP001HYP,Prevalence of GP recorded hypertension,Hypertension: Prevalence (CVDP001HYP),18.05,Female,Sex - Age Standardised,0,,To March 2026,18.31,18.18,Numerators and Denominators are not provided for Age Standardisation.
E54000056,NHS Cambridgeshire and Peterborough Integrated Care Board,Male,,,,CVDP001HYP,Prevalence of GP recorded hypertension,Hypertension: Prevalence (CVDP001HYP),19.89,Male,Sex - Age Standardised,0,,To March 2026,20.18,20.04,Numerators and Denominators are not provided for Age Standardisation.
E54000056,NHS Cambridgeshire and Peterborough Integrated Care Board,Persons,,,,CVDP001HYP,Prevalence of GP recorded hypertension,Hypertension: Prevalence (CVDP001HYP),19.02,Persons,Sex - Age Standardised,0,,To March 2026,19.22,19.12,Numerators and Denominators are not provided for Age Standardisation.
E54000056,NHS Cambridgeshire and Peterborough Integrated Care Board,Persons,,,,CVDP001HYP,Prevalence of GP recorded hypertension,Hypertension: Prevalence (CVDP001HYP),23.16,1 - most deprived,Deprivation quintile - Age Standardised,0,,To March 2026,23.86,23.51,Numerators and Denominators are not provided for Age Standardisation.
E54000056,NHS Cambridgeshire and Peterborough Integrated Care Board,Persons,,,,CVDP001HYP,Prevalence of GP recorded hypertension,Hypertension: Prevalence (CVDP001HYP),20.53,2,Deprivation quintile - Age Standardised,0,,To March 2026,21.15,20.84,Numerators and Denominators are not provided for Age Standardisation.
E54000056,NHS Cambridgeshire and Peterborough Integrated Care Board,Persons,,,,CVDP001HYP,Prevalence of GP recorded hypertension,Hypertension: Prevalence (CVDP001HYP),19.99,3,Deprivation quintile - Age Standardised,0,,To March 2026,20.42,20.21,Numerators and Denominators are not provided for Age Standardisation.
E54000056,NHS Cambridgeshire and Peterborough Integrated Care Board,Persons,,,,CVDP001HYP,Prevalence of GP recorded hypertension,Hypertension: Prevalence (CVDP001HYP),17.82,4,Deprivation quintile - Age Standardised,0,,To March 2026,18.21,18.01,Numerators and Denominators are not provided for Age Standardisation.
E54000056,NHS Cambridgeshire and Peterborough Integrated Care Board,Persons,,,,CVDP001HYP,Prevalence of GP recorded hypertension,Hypertension: Prevalence (CVDP001HYP),16.89,5 - least deprived,Deprivation quintile - Age Standardised,0,,To March 2026,17.23,17.06,Numerators and Denominators are not provided for Age Standardisation.
E54000008,NHS Cheshire and Merseyside Integrated Care Board,Persons,2247235.0,,,CVDP001HYP,Prevalence of GP recorded hypertension,Hypertension: Prevalence (CVDP001HYP),20.09,Persons,Sex,0,452690.0,To March 2026,20.2,20.14,
E54000008,NHS Cheshire and Merseyside Integrated Care Board,Female,1131665.0,,,CVDP001HYP,Prevalence of GP recorded hypertension,Hypertension: Prevalence (CVDP001HYP),19.72,Female,Sex,0,223950.0,To March 2026,19.86,19.79,
E54000008,NHS Cheshire and Merseyside Integrated Care Board,Male,1115570.0,,,CVDP001HYP,Prevalence of GP recorded hypertension,Hypertension: Prevalence (CVDP001HYP),20.43,Male,Sex,0,228740.0,To March 2026,20.58,20.5,
E54000008,NHS Cheshire and Merseyside Integrated Care Board,Male,407210.0,,,CVDP001HYP,Prevalence of GP recorded hypertension,Hypertension: Prevalence (CVDP001HYP),1.41,18-39,Age group,0,5890.0,To March 2026,1.48,1.45,
E54000008,NHS Cheshire and Merseyside Integrated Care Board,Female,393815.0,,,CVDP001HYP,Prevalence of GP recorded hypertension,Hypertension: Prevalence (CVDP001HYP),1.21,18-39,Age group,0,4910.0,To March 2026,1.28,1.25,
E54000008,NHS Cheshire and Merseyside Integrated Care Board,Persons,801025.0,,,CVDP001HYP,Prevalence of GP recorded hypertension,Hypertension: Prevalence (CVDP001HYP),1.32,18-39,Age group,0,10800.0,To March 2026,1.37,1.35,
E54000008,NHS Cheshire and Merseyside Integrated Care Board,Male,357690.0,,,CVDP001HYP,Prevalence of GP recorded hypertension,Hypertension: Prevalence (CVDP001HYP),15.95,40-59,Age group,0,57490.0,To March 2026,16.19,16.07,
E54000008,NHS Cheshire and Merseyside Integrated Care Board,Female,346155.0,,,CVDP001HYP,Prevalence of GP recorded hypertension,Hypertension: Prevalence (CVDP001HYP),13.32,40-59,Age group,0,46505.0,To March 2026,13.55,13.43,
E54000008,NHS Cheshire and Merseyside Integrated Care Board,Persons,703850.0,,,CVDP001HYP,Prevalence of GP recorded hypertension,Hypertension: Prevalence (CVDP001HYP),14.69,40-59,Age group,0,103995.0,To March 2026,14.86,14.78,
E54000008,NHS Cheshire and Merseyside Integrated Care Board,Male,288830.0,,,CVDP001HYP,Prevalence of GP recorded hypertension,Hypertension: Prevalence (CVDP001HYP),44.33,60-79,Age group,0,128555.0,To March 2026,44.69,44.51,
E54000008,NHS Cheshire and Merseyside Integrated Care Board,Female,305310.0,,,CVDP001HYP,Prevalence of GP recorded hypertension,Hypertension: Prevalence (CVDP001HYP),38.59,60-79,Age group,0,118345.0,To March 2026,38.93,38.76,
E54000008,NHS Cheshire and Merseyside Integrated Care Board,Persons,594140.0,,,CVDP001HYP,Prevalence of GP recorded hypertension,Hypertension: Prevalence (CVDP001HYP),41.43,60-79,Age group,0,246900.0,To March 2026,41.68,41.56,
E54000008,NHS Cheshire and Merseyside Integrated Care Board,Male,61835.0,,,CVDP001HYP,Prevalence of GP recorded hypertension,Hypertension: Prevalence (CVDP001HYP),59.14,80+,Age group,0,36810.0,To March 2026,59.91,59.52,
E54000008,NHS Cheshire and Merseyside Integrated Care Board,Female,86385.0,,,CVDP001HYP,Prevalence of GP recorded hypertension,Hypertension: Prevalence (CVDP001HYP),62.41,80+,Age group,0,54190.0,To March 2026,63.05,62.73,
E54000008,NHS Cheshire and Merseyside Integrated Care Board,Persons,148225.0,,,CVDP001HYP,Prevalence of GP recorded hypertension,Hypertension: Prevalence (CVDP001HYP),61.14,80+,Age group,0,91000.0,To March 2026,61.64,61.39,
E54000008,NHS Cheshire and Merseyside Integrated Care Board,Persons,764395.0,,,CVDP001HYP,Prevalence of GP recorded hypertension,Hypertension: Prevalence (CVDP001HYP),18.98,1 - most deprived,Deprivation quintile,0,145750.0,To March 2026,19.16,19.07,
E54000008,NHS Cheshire and Merseyside Integrated Care Board,Persons,331190.0,,,CVDP001HYP,Prevalence of GP recorded hypertension,Hypertension: Prevalence (CVDP001HYP),20.69,2,Deprivation quintile,0,68985.0,To March 2026,20.97,20.83,
E54000008,NHS Cheshire and Merseyside Integrated Care Board,Persons,300120.0,,,CVDP001HYP,Prevalence of GP recorded hypertension,Hypertension: Prevalence (CVDP001HYP),22.63,3,Deprivation quintile,0,68370.0,To March 2026,22.93,22.78,
E54000008,NHS Cheshire and Merseyside Integrated Care Board,Persons,352645.0,,,CVDP001HYP,Prevalence of GP recorded hypertension,Hypertension: Prevalence (CVDP001HYP),23.91,4,Deprivation quintile,0,84795.0,To March 2026,24.19,24.05,
E54000008,NHS Cheshire and Merseyside Integrated Care Board,Persons,362680.0,,,CVDP001HYP,Prevalence of GP recorded hypertension,Hypertension: Prevalence (CVDP001HYP),22.56,5 - least deprived,Deprivation quintile,0,82300.0,To March 2026,22.83,22.69,
E54000008,NHS Cheshire and Merseyside Integrated Care Board,Female,,,,CVDP001HYP,Prevalence of GP recorded hypertension,Hypertension: Prevalence (CVDP001HYP),18.61,Female,Sex - Age Standardised,0,,To March 2026,18.77,18.69,Numerators and Denominators are not provided for Age Standardisation.
E54000008,NHS Cheshire and Merseyside Integrated Care Board,Male,,,,CVDP001HYP,Prevalence of GP recorded hypertension,Hypertension: Prevalence (CVDP001HYP),20.95,Male,Sex - Age Standardised,0,,To March 2026,21.12,21.04,Numerators and Denominators are not provided for Age Standardisation.
E54000008,NHS Cheshire and Merseyside Integrated Care Board,Persons,,,,CVDP001HYP,Prevalence of GP recorded hypertension,Hypertension: Prevalence (CVDP001HYP),19.82,Persons,Sex - Age Standardised,0,,To March 2026,19.93,19.87,Numerators and Denominators are not provided for Age Standardisation.
E54000008,NHS Cheshire and Merseyside Integrated Care Board,Persons,,,,CVDP001HYP,Prevalence of GP recorded hypertension,Hypertension: Prevalence (CVDP001HYP),23.21,1 - most deprived,Deprivation quintile - Age Standardised,0,,To March 2026,23.46,23.34,Numerators and Denominators are not provided for Age Standardisation.
E54000008,NHS Cheshire and Merseyside Integrated Care Board,Persons,,,,CVDP001HYP,Prevalence of GP recorded hypertension,Hypertension: Prevalence (CVDP001HYP),21.44,2,Deprivation quintile - Age Standardised,0,,To March 2026,21.77,21.61,Numerators and Denominators are not provided for Age Standardisation.
E54000008,NHS Cheshire and Merseyside Integrated Care Board,Persons,,,,CVDP001HYP,Prevalence of GP recorded hypertension,Hypertension: Prevalence (CVDP001HYP),20.14,3,Deprivation quintile - Age Standardised,0,,To March 2026,20.46,20.3,Numerators and Denominators are not provided for Age Standardisation.
E54000008,NHS Cheshire and Merseyside Integrated Care Board,Persons,,,,CVDP001HYP,Prevalence of GP recorded hypertension,Hypertension: Prevalence (CVDP001HYP),19.02,4,Deprivation quintile - Age Standardised,0,,To March 2026,19.28,19.15,Numerators and Denominators are not provided for Age Standardisation.
E54000008,NHS Cheshire and Merseyside Integrated Care Board,Persons,,,,CVDP001HYP,Prevalence of GP recorded hypertension,Hypertension: Prevalence (CVDP001HYP),17.45,5 - least deprived,Deprivation quintile - Age Standardised,0,,To March 2026,17.7,17.58,Numerators and Denominators are not provided for Age Standardisation.
E54000036,NHS Cornwall and the Isles of Scilly Integrated Care Board,Persons,486070.0,,,CVDP001HYP,Prevalence of GP recorded hypertension,Hypertension: Prevalence (CVDP001HYP),21.51,Persons,Sex,0,105105.0,To March 2026,21.74,21.62,
E54000036,NHS Cornwall and the Isles of Scilly Integrated Care Board,Female,250350.0,,,CVDP001HYP,Prevalence of GP recorded hypertension,Hypertension: Prevalence (CVDP001HYP),20.87,Female,Sex,0,52655.0,To March 2026,21.19,21.03,
E54000036,NHS Cornwall and the Isles of Scilly Integrated Care Board,Male,235720.0,,,CVDP001HYP,Prevalence of GP recorded hypertension,Hypertension: Prevalence (CVDP001HYP),22.08,Male,Sex,0,52450.0,To March 2026,22.42,22.25,
E54000036,NHS Cornwall and the Isles of Scilly Integrated Care Board,Male,70605.0,,,CVDP001HYP,Prevalence of GP recorded hypertension,Hypertension: Prevalence (CVDP001HYP),1.38,18-39,Age group,0,1035.0,To March 2026,1.56,1.46,
E54000036,NHS Cornwall and the Isles of Scilly Integrated Care Board,Female,70520.0,,,CVDP001HYP,Prevalence of GP recorded hypertension,Hypertension: Prevalence (CVDP001HYP),1.17,18-39,Age group,0,880.0,To March 2026,1.33,1.25,
E54000036,NHS Cornwall and the Isles of Scilly Integrated Care Board,Persons,141125.0,,,CVDP001HYP,Prevalence of GP recorded hypertension,Hypertension: Prevalence (CVDP001HYP),1.3,18-39,Age group,0,1915.0,To March 2026,1.42,1.36,
E54000036,NHS Cornwall and the Isles of Scilly Integrated Care Board,Male,72555.0,,,CVDP001HYP,Prevalence of GP recorded hypertension,Hypertension: Prevalence (CVDP001HYP),14.38,40-59,Age group,0,10615.0,To March 2026,14.89,14.63,
E54000036,NHS Cornwall and the Isles of Scilly Integrated Care Board,Female,75625.0,,,CVDP001HYP,Prevalence of GP recorded hypertension,Hypertension: Prevalence (CVDP001HYP),11.81,40-59,Age group,0,9110.0,To March 2026,12.28,12.04,
E54000036,NHS Cornwall and the Isles of Scilly Integrated Care Board,Persons,148180.0,,,CVDP001HYP,Prevalence of GP recorded hypertension,Hypertension: Prevalence (CVDP001HYP),13.14,40-59,Age group,0,19725.0,To March 2026,13.49,13.31,
E54000036,NHS Cornwall and the Isles of Scilly Integrated Care Board,Male,74510.0,,,CVDP001HYP,Prevalence of GP recorded hypertension,Hypertension: Prevalence (CVDP001HYP),40.75,60-79,Age group,0,30630.0,To March 2026,41.46,41.11,
E54000036,NHS Cornwall and the Isles of Scilly Integrated Care Board,Female,79915.0,,,CVDP001HYP,Prevalence of GP recorded hypertension,Hypertension: Prevalence (CVDP001HYP),34.9,60-79,Age group,0,28155.0,To March 2026,35.56,35.23,
E54000036,NHS Cornwall and the Isles of Scilly Integrated Care Board,Persons,154425.0,,,CVDP001HYP,Prevalence of GP recorded hypertension,Hypertension: Prevalence (CVDP001HYP),37.82,60-79,Age group,0,58780.0,To March 2026,38.31,38.06,
E54000036,NHS Cornwall and the Isles of Scilly Integrated Care Board,Male,18050.0,,,CVDP001HYP,Prevalence of GP recorded hypertension,Hypertension: Prevalence (CVDP001HYP),55.62,80+,Age group,0,10170.0,To March 2026,57.07,56.35,
E54000036,NHS Cornwall and the Isles of Scilly Integrated Care Board,Female,24285.0,,,CVDP001HYP,Prevalence of GP recorded hypertension,Hypertension: Prevalence (CVDP001HYP),59.13,80+,Age group,0,14510.0,To March 2026,60.36,59.75,
E54000036,NHS Cornwall and the Isles of Scilly Integrated Care Board,Persons,42340.0,,,CVDP001HYP,Prevalence of GP recorded hypertension,Hypertension: Prevalence (CVDP001HYP),57.83,80+,Age group,0,24685.0,To March 2026,58.77,58.3,
E54000036,NHS Cornwall and the Isles of Scilly Integrated Care Board,Persons,57770.0,,,CVDP001HYP,Prevalence of GP recorded hypertension,Hypertension: Prevalence (CVDP001HYP),20.59,1 - most deprived,Deprivation quintile,0,12085.0,To March 2026,21.25,20.92,
E54000036,NHS Cornwall and the Isles of Scilly Integrated Care Board,Persons,187460.0,,,CVDP001HYP,Prevalence of GP recorded hypertension,Hypertension: Prevalence (CVDP001HYP),23.4,2,Deprivation quintile,0,44220.0,To March 2026,23.78,23.59,
E54000036,NHS Cornwall and the Isles of Scilly Integrated Care Board,Persons,140815.0,,,CVDP001HYP,Prevalence of GP recorded hypertension,Hypertension: Prevalence (CVDP001HYP),22.83,3,Deprivation quintile,0,32455.0,To March 2026,23.27,23.05,
E54000036,NHS Cornwall and the Isles of Scilly Integrated Care Board,Persons,65635.0,,,CVDP001HYP,Prevalence of GP recorded hypertension,Hypertension: Prevalence (CVDP001HYP),22.9,4,Deprivation quintile,0,15245.0,To March 2026,23.55,23.23,
E54000036,NHS Cornwall and the Isles of Scilly Integrated Care Board,Persons,4775.0,,,CVDP001HYP,Prevalence of GP recorded hypertension,Hypertension: Prevalence (CVDP001HYP),32.84,5 - least deprived,Deprivation quintile,0,1630.0,To March 2026,35.52,34.18,
E54000036,NHS Cornwall and the Isles of Scilly Integrated Care Board,Female,,,,CVDP001HYP,Prevalence of GP recorded hypertension,Hypertension: Prevalence (CVDP001HYP),16.7,Female,Sex - Age Standardised,0,,To March 2026,16.99,16.85,Numerators and Denominators are not provided for Age Standardisation.
E54000036,NHS Cornwall and the Isles of Scilly Integrated Care Board,Male,,,,CVDP001HYP,Prevalence of GP recorded hypertension,Hypertension: Prevalence (CVDP001HYP),18.98,Male,Sex - Age Standardised,0,,To March 2026,19.32,19.15,Numerators and Denominators are not provided for Age Standardisation.
E54000036,NHS Cornwall and the Isles of Scilly Integrated Care Board,Persons,,,,CVDP001HYP,Prevalence of GP recorded hypertension,Hypertension: Prevalence (CVDP001HYP),17.87,Persons,Sex - Age Standardised,0,,To March 2026,18.09,17.98,Numerators and Denominators are not provided for Age Standardisation.
E54000036,NHS Cornwall and the Isles of Scilly Integrated Care Board,Persons,,,,CVDP001HYP,Prevalence of GP recorded hypertension,Hypertension: Prevalence (CVDP001HYP),21.63,1 - most deprived,Deprivation quintile - Age Standardised,0,,To March 2026,22.43,22.03,Numerators and Denominators are not provided for Age Standardisation.
E54000036,NHS Cornwall and the Isles of Scilly Integrated Care Board,Persons,,,,CVDP001HYP,Prevalence of GP recorded hypertension,Hypertension: Prevalence (CVDP001HYP),19.48,2,Deprivation quintile - Age Standardised,0,,To March 2026,19.86,19.67,Numerators and Denominators are not provided for Age Standardisation.
E54000036,NHS Cornwall and the Isles of Scilly Integrated Care Board,Persons,,,,CVDP001HYP,Prevalence of GP recorded hypertension,Hypertension: Prevalence (CVDP001HYP),19.07,3,Deprivation quintile - Age Standardised,0,,To March 2026,19.5,19.28,Numerators and Denominators are not provided for Age Standardisation.
E54000036,NHS Cornwall and the Isles of Scilly Integrated Care Board,Persons,,,,CVDP001HYP,Prevalence of GP recorded hypertension,Hypertension: Prevalence (CVDP001HYP),18.77,4,Deprivation quintile - Age Standardised,0,,To March 2026,19.4,19.08,Numerators and Denominators are not provided for Age Standardisation.
E54000036,NHS Cornwall and the Isles of Scilly Integrated Care Board,Persons,,,,CVDP001HYP,Prevalence of GP recorded hypertension,Hypertension: Prevalence (CVDP001HYP),18.1,5 - least deprived,Deprivation quintile - Age Standardised,0,,To March 2026,20.03,19.05,Numerators and Denominators are not provided for Age Standardisation.
E54000018,NHS Coventry and Warwickshire Integrated Care Board,Persons,896780.0,,,CVDP001HYP,Prevalence of GP recorded hypertension,Hypertension: Prevalence (CVDP001HYP),18.36,Persons,Sex,0,165400.0,To March 2026,18.52,18.44,
E54000018,NHS Coventry and Warwickshire Integrated Care Board,Female,441675.0,,,CVDP001HYP,Prevalence of GP recorded hypertension,Hypertension: Prevalence (CVDP001HYP),18.3,Female,Sex,0,81315.0,To March 2026,18.52,18.41,
E54000018,NHS Coventry and Warwickshire Integrated Care Board,Male,455105.0,,,CVDP001HYP,Prevalence of GP recorded hypertension,Hypertension: Prevalence (CVDP001HYP),18.36,Male,Sex,0,84085.0,To March 2026,18.59,18.48,
E54000018,NHS Coventry and Warwickshire Integrated Care Board,Male,184345.0,,,CVDP001HYP,Prevalence of GP recorded hypertension,Hypertension: Prevalence (CVDP001HYP),1.3,18-39,Age group,0,2500.0,To March 2026,1.41,1.36,
E54000018,NHS Coventry and Warwickshire Integrated Care Board,Female,170985.0,,,CVDP001HYP,Prevalence of GP recorded hypertension,Hypertension: Prevalence (CVDP001HYP),1.21,18-39,Age group,0,2150.0,To March 2026,1.31,1.26,
E54000018,NHS Coventry and Warwickshire Integrated Care Board,Persons,355330.0,,,CVDP001HYP,Prevalence of GP recorded hypertension,Hypertension: Prevalence (CVDP001HYP),1.27,18-39,Age group,0,4650.0,To March 2026,1.35,1.31,
E54000018,NHS Coventry and Warwickshire Integrated Care Board,Male,147275.0,,,CVDP001HYP,Prevalence of GP recorded hypertension,Hypertension: Prevalence (CVDP001HYP),15.21,40-59,Age group,0,22670.0,To March 2026,15.58,15.39,
E54000018,NHS Coventry and Warwickshire Integrated Care Board,Female,135115.0,,,CVDP001HYP,Prevalence of GP recorded hypertension,Hypertension: Prevalence (CVDP001HYP),13.31,40-59,Age group,0,18225.0,To March 2026,13.67,13.49,
E54000018,NHS Coventry and Warwickshire Integrated Care Board,Persons,282395.0,,,CVDP001HYP,Prevalence of GP recorded hypertension,Hypertension: Prevalence (CVDP001HYP),14.35,40-59,Age group,0,40895.0,To March 2026,14.61,14.48,
E54000018,NHS Coventry and Warwickshire Integrated Care Board,Male,99670.0,,,CVDP001HYP,Prevalence of GP recorded hypertension,Hypertension: Prevalence (CVDP001HYP),43.97,60-79,Age group,0,44135.0,To March 2026,44.59,44.28,
E54000018,NHS Coventry and Warwickshire Integrated Care Board,Female,102925.0,,,CVDP001HYP,Prevalence of GP recorded hypertension,Hypertension: Prevalence (CVDP001HYP),38.39,60-79,Age group,0,39815.0,To March 2026,38.98,38.69,
E54000018,NHS Coventry and Warwickshire Integrated Care Board,Persons,202595.0,,,CVDP001HYP,Prevalence of GP recorded hypertension,Hypertension: Prevalence (CVDP001HYP),41.22,60-79,Age group,0,83950.0,To March 2026,41.65,41.44,
E54000018,NHS Coventry and Warwickshire Integrated Care Board,Male,23815.0,,,CVDP001HYP,Prevalence of GP recorded hypertension,Hypertension: Prevalence (CVDP001HYP),61.45,80+,Age group,0,14780.0,To March 2026,62.68,62.07,
E54000018,NHS Coventry and Warwickshire Integrated Care Board,Female,32645.0,,,CVDP001HYP,Prevalence of GP recorded hypertension,Hypertension: Prevalence (CVDP001HYP),64.18,80+,Age group,0,21120.0,To March 2026,65.21,64.7,
E54000018,NHS Coventry and Warwickshire Integrated Care Board,Persons,56460.0,,,CVDP001HYP,Prevalence of GP recorded hypertension,Hypertension: Prevalence (CVDP001HYP),63.19,80+,Age group,0,35900.0,To March 2026,63.98,63.59,
E54000018,NHS Coventry and Warwickshire Integrated Care Board,Persons,112665.0,,,CVDP001HYP,Prevalence of GP recorded hypertension,Hypertension: Prevalence (CVDP001HYP),18.26,1 - most deprived,Deprivation quintile,0,20825.0,To March 2026,18.71,18.48,
E54000018,NHS Coventry and Warwickshire Integrated Care Board,Persons,152775.0,,,CVDP001HYP,Prevalence of GP recorded hypertension,Hypertension: Prevalence (CVDP001HYP),19.08,2,Deprivation quintile,0,29450.0,To March 2026,19.47,19.28,
E54000018,NHS Coventry and Warwickshire Integrated Care Board,Persons,187805.0,,,CVDP001HYP,Prevalence of GP recorded hypertension,Hypertension: Prevalence (CVDP001HYP),19.36,3,Deprivation quintile,0,36690.0,To March 2026,19.72,19.54,
E54000018,NHS Coventry and Warwickshire Integrated Care Board,Persons,196450.0,,,CVDP001HYP,Prevalence of GP recorded hypertension,Hypertension: Prevalence (CVDP001HYP),21.83,4,Deprivation quintile,0,43235.0,To March 2026,22.19,22.01,
E54000018,NHS Coventry and Warwickshire Integrated Care Board,Persons,156455.0,,,CVDP001HYP,Prevalence of GP recorded hypertension,Hypertension: Prevalence (CVDP001HYP),21.38,5 - least deprived,Deprivation quintile,0,33770.0,To March 2026,21.79,21.58,
E54000018,NHS Coventry and Warwickshire Integrated Care Board,Female,,,,CVDP001HYP,Prevalence of GP recorded hypertension,Hypertension: Prevalence (CVDP001HYP),18.77,Female,Sex - Age Standardised,0,,To March 2026,19.03,18.9,Numerators and Denominators are not provided for Age Standardisation.
E54000018,NHS Coventry and Warwickshire Integrated Care Board,Male,,,,CVDP001HYP,Prevalence of GP recorded hypertension,Hypertension: Prevalence (CVDP001HYP),20.92,Male,Sex - Age Standardised,0,,To March 2026,21.21,21.07,Numerators and Denominators are not provided for Age Standardisation.
E54000018,NHS Coventry and Warwickshire Integrated Care Board,Persons,,,,CVDP001HYP,Prevalence of GP recorded hypertension,Hypertension: Prevalence (CVDP001HYP),19.91,Persons,Sex - Age Standardised,0,,To March 2026,20.1,20.01,Numerators and Denominators are not provided for Age Standardisation.
E54000018,NHS Coventry and Warwickshire Integrated Care Board,Persons,,,,CVDP001HYP,Prevalence of GP recorded hypertension,Hypertension: Prevalence (CVDP001HYP),25.36,1 - most deprived,Deprivation quintile - Age Standardised,0,,To March 2026,26.08,25.72,Numerators and Denominators are not provided for Age Standardisation.
E54000018,NHS Coventry and Warwickshire Integrated Care Board,Persons,,,,CVDP001HYP,Prevalence of GP recorded hypertension,Hypertension: Prevalence (CVDP001HYP),22.88,2,Deprivation quintile - Age Standardised,0,,To March 2026,23.42,23.15,Numerators and Denominators are not provided for Age Standardisation.
E54000018,NHS Coventry and Warwickshire Integrated Care Board,Persons,,,,CVDP001HYP,Prevalence of GP recorded hypertension,Hypertension: Prevalence (CVDP001HYP),20.18,3,Deprivation quintile - Age Standardised,0,,To March 2026,20.61,20.4,Numerators and Denominators are not provided for Age Standardisation.
E54000018,NHS Coventry and Warwickshire Integrated Care Board,Persons,,,,CVDP001HYP,Prevalence of GP recorded hypertension,Hypertension: Prevalence (CVDP001HYP),19.38,4,Deprivation quintile - Age Standardised,0,,To March 2026,19.76,19.57,Numerators and Denominators are not provided for Age Standardisation.
E54000018,NHS Coventry and Warwickshire Integrated Care Board,Persons,,,,CVDP001HYP,Prevalence of GP recorded hypertension,Hypertension: Prevalence (CVDP001HYP),18.31,5 - least deprived,Deprivation quintile - Age Standardised,0,,To March 2026,18.72,18.51,Numerators and Denominators are not provided for Age Standardisation.
E54000058,NHS Derby and Derbyshire Integrated Care Board,Persons,914150.0,,,CVDP001HYP,Prevalence of GP recorded hypertension,Hypertension: Prevalence (CVDP001HYP),21.49,Persons,Sex,0,197195.0,To March 2026,21.66,21.57,
E54000058,NHS Derby and Derbyshire Integrated Care Board,Female,460035.0,,,CVDP001HYP,Prevalence of GP recorded hypertension,Hypertension: Prevalence (CVDP001HYP),21.07,Female,Sex,0,97455.0,To March 2026,21.3,21.18,
E54000058,NHS Derby and Derbyshire Integrated Care Board,Male,454115.0,,,CVDP001HYP,Prevalence of GP recorded hypertension,Hypertension: Prevalence (CVDP001HYP),21.84,Male,Sex,0,99740.0,To March 2026,22.08,21.96,
E54000058,NHS Derby and Derbyshire Integrated Care Board,Male,155035.0,,,CVDP001HYP,Prevalence of GP recorded hypertension,Hypertension: Prevalence (CVDP001HYP),1.56,18-39,Age group,0,2510.0,To March 2026,1.68,1.62,
E54000058,NHS Derby and Derbyshire Integrated Care Board,Female,149050.0,,,CVDP001HYP,Prevalence of GP recorded hypertension,Hypertension: Prevalence (CVDP001HYP),1.39,18-39,Age group,0,2160.0,To March 2026,1.51,1.45,
E54000058,NHS Derby and Derbyshire Integrated Care Board,Persons,304085.0,,,CVDP001HYP,Prevalence of GP recorded hypertension,Hypertension: Prevalence (CVDP001HYP),1.49,18-39,Age group,0,4675.0,To March 2026,1.58,1.54,
E54000058,NHS Derby and Derbyshire Integrated Care Board,Male,148505.0,,,CVDP001HYP,Prevalence of GP recorded hypertension,Hypertension: Prevalence (CVDP001HYP),17.0,40-59,Age group,0,25530.0,To March 2026,17.38,17.19,
E54000058,NHS Derby and Derbyshire Integrated Care Board,Female,144445.0,,,CVDP001HYP,Prevalence of GP recorded hypertension,Hypertension: Prevalence (CVDP001HYP),14.32,40-59,Age group,0,20945.0,To March 2026,14.68,14.5,
E54000058,NHS Derby and Derbyshire Integrated Care Board,Persons,292950.0,,,CVDP001HYP,Prevalence of GP recorded hypertension,Hypertension: Prevalence (CVDP001HYP),15.73,40-59,Age group,0,46475.0,To March 2026,16.0,15.86,
E54000058,NHS Derby and Derbyshire Integrated Care Board,Male,122680.0,,,CVDP001HYP,Prevalence of GP recorded hypertension,Hypertension: Prevalence (CVDP001HYP),44.49,60-79,Age group,0,54920.0,To March 2026,45.05,44.77,
E54000058,NHS Derby and Derbyshire Integrated Care Board,Female,128825.0,,,CVDP001HYP,Prevalence of GP recorded hypertension,Hypertension: Prevalence (CVDP001HYP),38.76,60-79,Age group,0,50280.0,To March 2026,39.3,39.03,
E54000058,NHS Derby and Derbyshire Integrated Care Board,Persons,251500.0,,,CVDP001HYP,Prevalence of GP recorded hypertension,Hypertension: Prevalence (CVDP001HYP),41.64,60-79,Age group,0,105200.0,To March 2026,42.02,41.83,
E54000058,NHS Derby and Derbyshire Integrated Care Board,Male,27890.0,,,CVDP001HYP,Prevalence of GP recorded hypertension,Hypertension: Prevalence (CVDP001HYP),59.58,80+,Age group,0,16780.0,To March 2026,60.73,60.16,
E54000058,NHS Derby and Derbyshire Integrated Care Board,Female,37720.0,,,CVDP001HYP,Prevalence of GP recorded hypertension,Hypertension: Prevalence (CVDP001HYP),63.31,80+,Age group,0,24065.0,To March 2026,64.28,63.8,
E54000058,NHS Derby and Derbyshire Integrated Care Board,Persons,65610.0,,,CVDP001HYP,Prevalence of GP recorded hypertension,Hypertension: Prevalence (CVDP001HYP),61.88,80+,Age group,0,40845.0,To March 2026,62.62,62.25,
E54000058,NHS Derby and Derbyshire Integrated Care Board,Persons,171655.0,,,CVDP001HYP,Prevalence of GP recorded hypertension,Hypertension: Prevalence (CVDP001HYP),18.21,1 - most deprived,Deprivation quintile,0,31575.0,To March 2026,18.58,18.39,
E54000058,NHS Derby and Derbyshire Integrated Care Board,Persons,167930.0,,,CVDP001HYP,Prevalence of GP recorded hypertension,Hypertension: Prevalence (CVDP001HYP),21.3,2,Deprivation quintile,0,36090.0,To March 2026,21.69,21.49,
E54000058,NHS Derby and Derbyshire Integrated Care Board,Persons,182640.0,,,CVDP001HYP,Prevalence of GP recorded hypertension,Hypertension: Prevalence (CVDP001HYP),23.37,3,Deprivation quintile,0,43040.0,To March 2026,23.76,23.57,
E54000058,NHS Derby and Derbyshire Integrated Care Board,Persons,173430.0,,,CVDP001HYP,Prevalence of GP recorded hypertension,Hypertension: Prevalence (CVDP001HYP),23.17,4,Deprivation quintile,0,40530.0,To March 2026,23.57,23.37,
E54000058,NHS Derby and Derbyshire Integrated Care Board,Persons,193085.0,,,CVDP001HYP,Prevalence of GP recorded hypertension,Hypertension: Prevalence (CVDP001HYP),23.43,5 - least deprived,Deprivation quintile,0,45605.0,To March 2026,23.81,23.62,
E54000058,NHS Derby and Derbyshire Integrated Care Board,Female,,,,CVDP001HYP,Prevalence of GP recorded hypertension,Hypertension: Prevalence (CVDP001HYP),18.99,Female,Sex - Age Standardised,0,,To March 2026,19.23,19.11,Numerators and Denominators are not provided for Age Standardisation.
E54000058,NHS Derby and Derbyshire Integrated Care Board,Male,,,,CVDP001HYP,Prevalence of GP recorded hypertension,Hypertension: Prevalence (CVDP001HYP),21.28,Male,Sex - Age Standardised,0,,To March 2026,21.55,21.41,Numerators and Denominators are not provided for Age Standardisation.
E54000058,NHS Derby and Derbyshire Integrated Care Board,Persons,,,,CVDP001HYP,Prevalence of GP recorded hypertension,Hypertension: Prevalence (CVDP001HYP),20.19,Persons,Sex - Age Standardised,0,,To March 2026,20.37,20.28,Numerators and Denominators are not provided for Age Standardisation.
E54000058,NHS Derby and Derbyshire Integrated Care Board,Persons,,,,CVDP001HYP,Prevalence of GP recorded hypertension,Hypertension: Prevalence (CVDP001HYP),24.91,1 - most deprived,Deprivation quintile - Age Standardised,0,,To March 2026,25.48,25.2,Numerators and Denominators are not provided for Age Standardisation.
E54000058,NHS Derby and Derbyshire Integrated Care Board,Persons,,,,CVDP001HYP,Prevalence of GP recorded hypertension,Hypertension: Prevalence (CVDP001HYP),23.33,2,Deprivation quintile - Age Standardised,0,,To March 2026,23.82,23.57,Numerators and Denominators are not provided for Age Standardisation.
E54000058,NHS Derby and Derbyshire Integrated Care Board,Persons,,,,CVDP001HYP,Prevalence of GP recorded hypertension,Hypertension: Prevalence (CVDP001HYP),21.75,3,Deprivation quintile - Age Standardised,0,,To March 2026,22.17,21.96,Numerators and Denominators are not provided for Age Standardisation.
E54000058,NHS Derby and Derbyshire Integrated Care Board,Persons,,,,CVDP001HYP,Prevalence of GP recorded hypertension,Hypertension: Prevalence (CVDP001HYP),20.1,4,Deprivation quintile - Age Standardised,0,,To March 2026,20.51,20.31,Numerators and Denominators are not provided for Age Standardisation.
E54000058,NHS Derby and Derbyshire Integrated Care Board,Persons,,,,CVDP001HYP,Prevalence of GP recorded hypertension,Hypertension: Prevalence (CVDP001HYP),19.25,5 - least deprived,Deprivation quintile - Age Standardised,0,,To March 2026,19.62,19.44,Numerators and Denominators are not provided for Age Standardisation.
E54000037,NHS Devon Integrated Care Board,Persons,1056515.0,,,CVDP001HYP,Prevalence of GP recorded hypertension,Hypertension: Prevalence (CVDP001HYP),20.74,Persons,Sex,0,219915.0,To March 2026,20.89,20.82,
E54000037,NHS Devon Integrated Care Board,Female,542280.0,,,CVDP001HYP,Prevalence of GP recorded hypertension,Hypertension: Prevalence (CVDP001HYP),20.24,Female,Sex,0,110360.0,To March 2026,20.46,20.35,
E54000037,NHS Devon Integrated Care Board,Male,514230.0,,,CVDP001HYP,Prevalence of GP recorded hypertension,Hypertension: Prevalence (CVDP001HYP),21.19,Male,Sex,0,109550.0,To March 2026,21.42,21.3,
E54000037,NHS Devon Integrated Care Board,Male,168500.0,,,CVDP001HYP,Prevalence of GP recorded hypertension,Hypertension: Prevalence (CVDP001HYP),1.22,18-39,Age group,0,2140.0,To March 2026,1.32,1.27,
E54000037,NHS Devon Integrated Care Board,Female,166715.0,,,CVDP001HYP,Prevalence of GP recorded hypertension,Hypertension: Prevalence (CVDP001HYP),1.11,18-39,Age group,0,1930.0,To March 2026,1.21,1.16,
E54000037,NHS Devon Integrated Care Board,Persons,335215.0,,,CVDP001HYP,Prevalence of GP recorded hypertension,Hypertension: Prevalence (CVDP001HYP),1.18,18-39,Age group,0,4070.0,To March 2026,1.25,1.21,
E54000037,NHS Devon Integrated Care Board,Male,153620.0,,,CVDP001HYP,Prevalence of GP recorded hypertension,Hypertension: Prevalence (CVDP001HYP),14.34,40-59,Age group,0,22290.0,To March 2026,14.69,14.51,
E54000037,NHS Devon Integrated Care Board,Female,157670.0,,,CVDP001HYP,Prevalence of GP recorded hypertension,Hypertension: Prevalence (CVDP001HYP),11.61,40-59,Age group,0,18560.0,To March 2026,11.93,11.77,
E54000037,NHS Devon Integrated Care Board,Persons,311290.0,,,CVDP001HYP,Prevalence of GP recorded hypertension,Hypertension: Prevalence (CVDP001HYP),13.01,40-59,Age group,0,40855.0,To March 2026,13.24,13.12,
E54000037,NHS Devon Integrated Care Board,Male,152750.0,,,CVDP001HYP,Prevalence of GP recorded hypertension,Hypertension: Prevalence (CVDP001HYP),40.97,60-79,Age group,0,62960.0,To March 2026,41.46,41.22,
E54000037,NHS Devon Integrated Care Board,Female,164620.0,,,CVDP001HYP,Prevalence of GP recorded hypertension,Hypertension: Prevalence (CVDP001HYP),34.79,60-79,Age group,0,57660.0,To March 2026,35.25,35.02,
E54000037,NHS Devon Integrated Care Board,Persons,317370.0,,,CVDP001HYP,Prevalence of GP recorded hypertension,Hypertension: Prevalence (CVDP001HYP),37.84,60-79,Age group,0,120615.0,To March 2026,38.17,38.0,
E54000037,NHS Devon Integrated Care Board,Male,39360.0,,,CVDP001HYP,Prevalence of GP recorded hypertension,Hypertension: Prevalence (CVDP001HYP),55.81,80+,Age group,0,22165.0,To March 2026,56.79,56.31,
E54000037,NHS Devon Integrated Care Board,Female,53275.0,,,CVDP001HYP,Prevalence of GP recorded hypertension,Hypertension: Prevalence (CVDP001HYP),60.05,80+,Age group,0,32210.0,To March 2026,60.88,60.46,
E54000037,NHS Devon Integrated Care Board,Persons,92635.0,,,CVDP001HYP,Prevalence of GP recorded hypertension,Hypertension: Prevalence (CVDP001HYP),58.38,80+,Age group,0,54375.0,To March 2026,59.01,58.7,
E54000037,NHS Devon Integrated Care Board,Persons,128305.0,,,CVDP001HYP,Prevalence of GP recorded hypertension,Hypertension: Prevalence (CVDP001HYP),18.59,1 - most deprived,Deprivation quintile,0,24130.0,To March 2026,19.02,18.81,
E54000037,NHS Devon Integrated Care Board,Persons,235635.0,,,CVDP001HYP,Prevalence of GP recorded hypertension,Hypertension: Prevalence (CVDP001HYP),21.88,2,Deprivation quintile,0,51955.0,To March 2026,22.22,22.05,
E54000037,NHS Devon Integrated Care Board,Persons,276615.0,,,CVDP001HYP,Prevalence of GP recorded hypertension,Hypertension: Prevalence (CVDP001HYP),22.08,3,Deprivation quintile,0,61515.0,To March 2026,22.39,22.24,
E54000037,NHS Devon Integrated Care Board,Persons,209535.0,,,CVDP001HYP,Prevalence of GP recorded hypertension,Hypertension: Prevalence (CVDP001HYP),23.59,4,Deprivation quintile,0,49815.0,To March 2026,23.96,23.77,
E54000037,NHS Devon Integrated Care Board,Persons,134805.0,,,CVDP001HYP,Prevalence of GP recorded hypertension,Hypertension: Prevalence (CVDP001HYP),23.68,5 - least deprived,Deprivation quintile,0,32225.0,To March 2026,24.13,23.9,
E54000037,NHS Devon Integrated Care Board,Female,,,,CVDP001HYP,Prevalence of GP recorded hypertension,Hypertension: Prevalence (CVDP001HYP),16.66,Female,Sex - Age Standardised,0,,To March 2026,16.86,16.76,Numerators and Denominators are not provided for Age Standardisation.
E54000037,NHS Devon Integrated Care Board,Male,,,,CVDP001HYP,Prevalence of GP recorded hypertension,Hypertension: Prevalence (CVDP001HYP),19.0,Male,Sex - Age Standardised,0,,To March 2026,19.23,19.12,Numerators and Denominators are not provided for Age Standardisation.
E54000037,NHS Devon Integrated Care Board,Persons,,,,CVDP001HYP,Prevalence of GP recorded hypertension,Hypertension: Prevalence (CVDP001HYP),17.86,Persons,Sex - Age Standardised,0,,To March 2026,18.01,17.93,Numerators and Denominators are not provided for Age Standardisation.
E54000037,NHS Devon Integrated Care Board,Persons,,,,CVDP001HYP,Prevalence of GP recorded hypertension,Hypertension: Prevalence (CVDP001HYP),22.83,1 - most deprived,Deprivation quintile - Age Standardised,0,,To March 2026,23.42,23.12,Numerators and Denominators are not provided for Age Standardisation.
E54000037,NHS Devon Integrated Care Board,Persons,,,,CVDP001HYP,Prevalence of GP recorded hypertension,Hypertension: Prevalence (CVDP001HYP),20.9,2,Deprivation quintile - Age Standardised,0,,To March 2026,21.27,21.08,Numerators and Denominators are not provided for Age Standardisation.
E54000037,NHS Devon Integrated Care Board,Persons,,,,CVDP001HYP,Prevalence of GP recorded hypertension,Hypertension: Prevalence (CVDP001HYP),19.28,3,Deprivation quintile - Age Standardised,0,,To March 2026,19.6,19.44,Numerators and Denominators are not provided for Age Standardisation.
E54000037,NHS Devon Integrated Care Board,Persons,,,,CVDP001HYP,Prevalence of GP recorded hypertension,Hypertension: Prevalence (CVDP001HYP),19.07,4,Deprivation quintile - Age Standardised,0,,To March 2026,19.42,19.24,Numerators and Denominators are not provided for Age Standardisation.
E54000037,NHS Devon Integrated Care Board,Persons,,,,CVDP001HYP,Prevalence of GP recorded hypertension,Hypertension: Prevalence (CVDP001HYP),16.81,5 - least deprived,Deprivation quintile - Age Standardised,0,,To March 2026,17.2,17.01,Numerators and Denominators are not provided for Age Standardisation.
E54000041,NHS Dorset Integrated Care Board,Persons,688885.0,,,CVDP001HYP,Prevalence of GP recorded hypertension,Hypertension: Prevalence (CVDP001HYP),20.23,Persons,Sex,0,140005.0,To March 2026,20.42,20.32,
E54000041,NHS Dorset Integrated Care Board,Female,349965.0,,,CVDP001HYP,Prevalence of GP recorded hypertension,Hypertension: Prevalence (CVDP001HYP),20.01,Female,Sex,0,70490.0,To March 2026,20.28,20.14,
E54000041,NHS Dorset Integrated Care Board,Male,338920.0,,,CVDP001HYP,Prevalence of GP recorded hypertension,Hypertension: Prevalence (CVDP001HYP),20.38,Male,Sex,0,69515.0,To March 2026,20.65,20.51,
E54000041,NHS Dorset Integrated Care Board,Male,105410.0,,,CVDP001HYP,Prevalence of GP recorded hypertension,Hypertension: Prevalence (CVDP001HYP),1.13,18-39,Age group,0,1255.0,To March 2026,1.26,1.19,
E54000041,NHS Dorset Integrated Care Board,Female,101690.0,,,CVDP001HYP,Prevalence of GP recorded hypertension,Hypertension: Prevalence (CVDP001HYP),1.06,18-39,Age group,0,1135.0,To March 2026,1.18,1.12,
E54000041,NHS Dorset Integrated Care Board,Persons,207100.0,,,CVDP001HYP,Prevalence of GP recorded hypertension,Hypertension: Prevalence (CVDP001HYP),1.11,18-39,Age group,0,2390.0,To March 2026,1.2,1.15,
E54000041,NHS Dorset Integrated Care Board,Male,105810.0,,,CVDP001HYP,Prevalence of GP recorded hypertension,Hypertension: Prevalence (CVDP001HYP),12.98,40-59,Age group,0,13950.0,To March 2026,13.39,13.18,
E54000041,NHS Dorset Integrated Care Board,Female,103360.0,,,CVDP001HYP,Prevalence of GP recorded hypertension,Hypertension: Prevalence (CVDP001HYP),10.9,40-59,Age group,0,11465.0,To March 2026,11.28,11.09,
E54000041,NHS Dorset Integrated Care Board,Persons,209170.0,,,CVDP001HYP,Prevalence of GP recorded hypertension,Hypertension: Prevalence (CVDP001HYP),12.01,40-59,Age group,0,25415.0,To March 2026,12.29,12.15,
E54000041,NHS Dorset Integrated Care Board,Male,99975.0,,,CVDP001HYP,Prevalence of GP recorded hypertension,Hypertension: Prevalence (CVDP001HYP),38.91,60-79,Age group,0,39200.0,To March 2026,39.51,39.21,
E54000041,NHS Dorset Integrated Care Board,Female,107775.0,,,CVDP001HYP,Prevalence of GP recorded hypertension,Hypertension: Prevalence (CVDP001HYP),33.3,60-79,Age group,0,36190.0,To March 2026,33.86,33.58,
E54000041,NHS Dorset Integrated Care Board,Persons,207750.0,,,CVDP001HYP,Prevalence of GP recorded hypertension,Hypertension: Prevalence (CVDP001HYP),36.08,60-79,Age group,0,75390.0,To March 2026,36.5,36.29,
E54000041,NHS Dorset Integrated Care Board,Male,27725.0,,,CVDP001HYP,Prevalence of GP recorded hypertension,Hypertension: Prevalence (CVDP001HYP),53.91,80+,Age group,0,15110.0,To March 2026,55.09,54.5,
E54000041,NHS Dorset Integrated Care Board,Female,37140.0,,,CVDP001HYP,Prevalence of GP recorded hypertension,Hypertension: Prevalence (CVDP001HYP),57.93,80+,Age group,0,21700.0,To March 2026,58.93,58.43,
E54000041,NHS Dorset Integrated Care Board,Persons,64865.0,,,CVDP001HYP,Prevalence of GP recorded hypertension,Hypertension: Prevalence (CVDP001HYP),56.37,80+,Age group,0,36815.0,To March 2026,57.13,56.75,
E54000041,NHS Dorset Integrated Care Board,Persons,57880.0,,,CVDP001HYP,Prevalence of GP recorded hypertension,Hypertension: Prevalence (CVDP001HYP),16.33,1 - most deprived,Deprivation quintile,0,9625.0,To March 2026,16.93,16.63,
E54000041,NHS Dorset Integrated Care Board,Persons,109935.0,,,CVDP001HYP,Prevalence of GP recorded hypertension,Hypertension: Prevalence (CVDP001HYP),19.39,2,Deprivation quintile,0,21575.0,To March 2026,19.86,19.63,
E54000041,NHS Dorset Integrated Care Board,Persons,180505.0,,,CVDP001HYP,Prevalence of GP recorded hypertension,Hypertension: Prevalence (CVDP001HYP),21.94,3,Deprivation quintile,0,39945.0,To March 2026,22.32,22.13,
E54000041,NHS Dorset Integrated Care Board,Persons,167550.0,,,CVDP001HYP,Prevalence of GP recorded hypertension,Hypertension: Prevalence (CVDP001HYP),22.58,4,Deprivation quintile,0,38165.0,To March 2026,22.98,22.78,
E54000041,NHS Dorset Integrated Care Board,Persons,140215.0,,,CVDP001HYP,Prevalence of GP recorded hypertension,Hypertension: Prevalence (CVDP001HYP),22.95,5 - least deprived,Deprivation quintile,0,32490.0,To March 2026,23.39,23.17,
E54000041,NHS Dorset Integrated Care Board,Female,,,,CVDP001HYP,Prevalence of GP recorded hypertension,Hypertension: Prevalence (CVDP001HYP),15.88,Female,Sex - Age Standardised,0,,To March 2026,16.12,16.0,Numerators and Denominators are not provided for Age Standardisation.
E54000041,NHS Dorset Integrated Care Board,Male,,,,CVDP001HYP,Prevalence of GP recorded hypertension,Hypertension: Prevalence (CVDP001HYP),17.93,Male,Sex - Age Standardised,0,,To March 2026,18.2,18.06,Numerators and Denominators are not provided for Age Standardisation.
E54000041,NHS Dorset Integrated Care Board,Persons,,,,CVDP001HYP,Prevalence of GP recorded hypertension,Hypertension: Prevalence (CVDP001HYP),16.94,Persons,Sex - Age Standardised,0,,To March 2026,17.12,17.03,Numerators and Denominators are not provided for Age Standardisation.
E54000041,NHS Dorset Integrated Care Board,Persons,,,,CVDP001HYP,Prevalence of GP recorded hypertension,Hypertension: Prevalence (CVDP001HYP),21.33,1 - most deprived,Deprivation quintile - Age Standardised,0,,To March 2026,22.22,21.77,Numerators and Denominators are not provided for Age Standardisation.
E54000041,NHS Dorset Integrated Care Board,Persons,,,,CVDP001HYP,Prevalence of GP recorded hypertension,Hypertension: Prevalence (CVDP001HYP),20.37,2,Deprivation quintile - Age Standardised,0,,To March 2026,20.94,20.65,Numerators and Denominators are not provided for Age Standardisation.
E54000041,NHS Dorset Integrated Care Board,Persons,,,,CVDP001HYP,Prevalence of GP recorded hypertension,Hypertension: Prevalence (CVDP001HYP),19.5,3,Deprivation quintile - Age Standardised,0,,To March 2026,19.9,19.7,Numerators and Denominators are not provided for Age Standardisation.
E54000041,NHS Dorset Integrated Care Board,Persons,,,,CVDP001HYP,Prevalence of GP recorded hypertension,Hypertension: Prevalence (CVDP001HYP),18.47,4,Deprivation quintile - Age Standardised,0,,To March 2026,18.87,18.67,Numerators and Denominators are not provided for Age Standardisation.
E54000041,NHS Dorset Integrated Care Board,Persons,,,,CVDP001HYP,Prevalence of GP recorded hypertension,Hypertension: Prevalence (CVDP001HYP),16.94,5 - least deprived,Deprivation quintile - Age Standardised,0,,To March 2026,17.34,17.14,Numerators and Denominators are not provided for Age Standardisation.
E54000034,NHS Frimley Integrated Care Board,Persons,669780.0,,,CVDP001HYP,Prevalence of GP recorded hypertension,Hypertension: Prevalence (CVDP001HYP),17.67,Persons,Sex,0,118990.0,To March 2026,17.86,17.77,
E54000034,NHS Frimley Integrated Care Board,Female,337310.0,,,CVDP001HYP,Prevalence of GP recorded hypertension,Hypertension: Prevalence (CVDP001HYP),17.08,Female,Sex,0,58035.0,To March 2026,17.33,17.21,
E54000034,NHS Frimley Integrated Care Board,Male,332470.0,,,CVDP001HYP,Prevalence of GP recorded hypertension,Hypertension: Prevalence (CVDP001HYP),18.2,Male,Sex,0,60950.0,To March 2026,18.46,18.33,
E54000034,NHS Frimley Integrated Care Board,Male,122285.0,,,CVDP001HYP,Prevalence of GP recorded hypertension,Hypertension: Prevalence (CVDP001HYP),1.27,18-39,Age group,0,1630.0,To March 2026,1.4,1.33,
E54000034,NHS Frimley Integrated Care Board,Female,121280.0,,,CVDP001HYP,Prevalence of GP recorded hypertension,Hypertension: Prevalence (CVDP001HYP),1.2,18-39,Age group,0,1525.0,To March 2026,1.32,1.26,
E54000034,NHS Frimley Integrated Care Board,Persons,243560.0,,,CVDP001HYP,Prevalence of GP recorded hypertension,Hypertension: Prevalence (CVDP001HYP),1.25,18-39,Age group,0,3155.0,To March 2026,1.34,1.29,
E54000034,NHS Frimley Integrated Care Board,Male,120920.0,,,CVDP001HYP,Prevalence of GP recorded hypertension,Hypertension: Prevalence (CVDP001HYP),14.61,40-59,Age group,0,17910.0,To March 2026,15.01,14.81,
E54000034,NHS Frimley Integrated Care Board,Female,116775.0,,,CVDP001HYP,Prevalence of GP recorded hypertension,Hypertension: Prevalence (CVDP001HYP),11.9,40-59,Age group,0,14115.0,To March 2026,12.27,12.09,
E54000034,NHS Frimley Integrated Care Board,Persons,237695.0,,,CVDP001HYP,Prevalence of GP recorded hypertension,Hypertension: Prevalence (CVDP001HYP),13.34,40-59,Age group,0,32025.0,To March 2026,13.61,13.47,
E54000034,NHS Frimley Integrated Care Board,Male,72475.0,,,CVDP001HYP,Prevalence of GP recorded hypertension,Hypertension: Prevalence (CVDP001HYP),42.76,60-79,Age group,0,31255.0,To March 2026,43.48,43.13,
E54000034,NHS Frimley Integrated Care Board,Female,76140.0,,,CVDP001HYP,Prevalence of GP recorded hypertension,Hypertension: Prevalence (CVDP001HYP),36.7,60-79,Age group,0,28205.0,To March 2026,37.39,37.04,
E54000034,NHS Frimley Integrated Care Board,Persons,148610.0,,,CVDP001HYP,Prevalence of GP recorded hypertension,Hypertension: Prevalence (CVDP001HYP),39.76,60-79,Age group,0,59460.0,To March 2026,40.26,40.01,
E54000034,NHS Frimley Integrated Care Board,Male,16795.0,,,CVDP001HYP,Prevalence of GP recorded hypertension,Hypertension: Prevalence (CVDP001HYP),59.73,80+,Age group,0,10155.0,To March 2026,61.21,60.47,
E54000034,NHS Frimley Integrated Care Board,Female,23115.0,,,CVDP001HYP,Prevalence of GP recorded hypertension,Hypertension: Prevalence (CVDP001HYP),60.78,80+,Age group,0,14195.0,To March 2026,62.03,61.41,
E54000034,NHS Frimley Integrated Care Board,Persons,39910.0,,,CVDP001HYP,Prevalence of GP recorded hypertension,Hypertension: Prevalence (CVDP001HYP),60.54,80+,Age group,0,24350.0,To March 2026,61.49,61.01,
E54000034,NHS Frimley Integrated Care Board,Persons,13835.0,,,CVDP001HYP,Prevalence of GP recorded hypertension,Hypertension: Prevalence (CVDP001HYP),23.12,1 - most deprived,Deprivation quintile,0,3295.0,To March 2026,24.54,23.83,
E54000034,NHS Frimley Integrated Care Board,Persons,103080.0,,,CVDP001HYP,Prevalence of GP recorded hypertension,Hypertension: Prevalence (CVDP001HYP),18.22,2,Deprivation quintile,0,19020.0,To March 2026,18.69,18.45,
E54000034,NHS Frimley Integrated Care Board,Persons,112735.0,,,CVDP001HYP,Prevalence of GP recorded hypertension,Hypertension: Prevalence (CVDP001HYP),17.28,3,Deprivation quintile,0,19735.0,To March 2026,17.73,17.51,
E54000034,NHS Frimley Integrated Care Board,Persons,114435.0,,,CVDP001HYP,Prevalence of GP recorded hypertension,Hypertension: Prevalence (CVDP001HYP),19.14,4,Deprivation quintile,0,22165.0,To March 2026,19.6,19.37,
E54000034,NHS Frimley Integrated Care Board,Persons,282865.0,,,CVDP001HYP,Prevalence of GP recorded hypertension,Hypertension: Prevalence (CVDP001HYP),18.95,5 - least deprived,Deprivation quintile,0,54020.0,To March 2026,19.24,19.1,
E54000034,NHS Frimley Integrated Care Board,Female,,,,CVDP001HYP,Prevalence of GP recorded hypertension,Hypertension: Prevalence (CVDP001HYP),17.74,Female,Sex - Age Standardised,0,,To March 2026,18.03,17.89,Numerators and Denominators are not provided for Age Standardisation.
E54000034,NHS Frimley Integrated Care Board,Male,,,,CVDP001HYP,Prevalence of GP recorded hypertension,Hypertension: Prevalence (CVDP001HYP),20.33,Male,Sex - Age Standardised,0,,To March 2026,20.66,20.5,Numerators and Denominators are not provided for Age Standardisation.
E54000034,NHS Frimley Integrated Care Board,Persons,,,,CVDP001HYP,Prevalence of GP recorded hypertension,Hypertension: Prevalence (CVDP001HYP),19.08,Persons,Sex - Age Standardised,0,,To March 2026,19.3,19.19,Numerators and Denominators are not provided for Age Standardisation.
E54000034,NHS Frimley Integrated Care Board,Persons,,,,CVDP001HYP,Prevalence of GP recorded hypertension,Hypertension: Prevalence (CVDP001HYP),31.62,1 - most deprived,Deprivation quintile - Age Standardised,0,,To March 2026,33.97,32.78,Numerators and Denominators are not provided for Age Standardisation.
E54000034,NHS Frimley Integrated Care Board,Persons,,,,CVDP001HYP,Prevalence of GP recorded hypertension,Hypertension: Prevalence (CVDP001HYP),26.23,2,Deprivation quintile - Age Standardised,0,,To March 2026,27.02,26.62,Numerators and Denominators are not provided for Age Standardisation.
E54000034,NHS Frimley Integrated Care Board,Persons,,,,CVDP001HYP,Prevalence of GP recorded hypertension,Hypertension: Prevalence (CVDP001HYP),22.02,3,Deprivation quintile - Age Standardised,0,,To March 2026,22.67,22.34,Numerators and Denominators are not provided for Age Standardisation.
E54000034,NHS Frimley Integrated Care Board,Persons,,,,CVDP001HYP,Prevalence of GP recorded hypertension,Hypertension: Prevalence (CVDP001HYP),19.64,4,Deprivation quintile - Age Standardised,0,,To March 2026,20.18,19.91,Numerators and Denominators are not provided for Age Standardisation.
E54000034,NHS Frimley Integrated Care Board,Persons,,,,CVDP001HYP,Prevalence of GP recorded hypertension,Hypertension: Prevalence (CVDP001HYP),16.92,5 - least deprived,Deprivation quintile - Age Standardised,0,,To March 2026,17.21,17.07,Numerators and Denominators are not provided for Age Standardisation.
E54000043,NHS Gloucestershire Integrated Care Board,Persons,564790.0,,,CVDP001HYP,Prevalence of GP recorded hypertension,Hypertension: Prevalence (CVDP001HYP),19.96,Persons,Sex,0,113335.0,To March 2026,20.17,20.07,
E54000043,NHS Gloucestershire Integrated Care Board,Female,288345.0,,,CVDP001HYP,Prevalence of GP recorded hypertension,Hypertension: Prevalence (CVDP001HYP),19.26,Female,Sex,0,55950.0,To March 2026,19.55,19.4,
E54000043,NHS Gloucestershire Integrated Care Board,Male,276445.0,,,CVDP001HYP,Prevalence of GP recorded hypertension,Hypertension: Prevalence (CVDP001HYP),20.61,Male,Sex,0,57385.0,To March 2026,20.91,20.76,
E54000043,NHS Gloucestershire Integrated Care Board,Male,91060.0,,,CVDP001HYP,Prevalence of GP recorded hypertension,Hypertension: Prevalence (CVDP001HYP),1.26,18-39,Age group,0,1215.0,To March 2026,1.41,1.34,
E54000043,NHS Gloucestershire Integrated Care Board,Female,90330.0,,,CVDP001HYP,Prevalence of GP recorded hypertension,Hypertension: Prevalence (CVDP001HYP),1.2,18-39,Age group,0,1150.0,To March 2026,1.35,1.27,
E54000043,NHS Gloucestershire Integrated Care Board,Persons,181390.0,,,CVDP001HYP,Prevalence of GP recorded hypertension,Hypertension: Prevalence (CVDP001HYP),1.25,18-39,Age group,0,2365.0,To March 2026,1.36,1.3,
E54000043,NHS Gloucestershire Integrated Care Board,Male,88915.0,,,CVDP001HYP,Prevalence of GP recorded hypertension,Hypertension: Prevalence (CVDP001HYP),14.49,40-59,Age group,0,13085.0,To March 2026,14.95,14.72,
E54000043,NHS Gloucestershire Integrated Care Board,Female,90275.0,,,CVDP001HYP,Prevalence of GP recorded hypertension,Hypertension: Prevalence (CVDP001HYP),11.53,40-59,Age group,0,10595.0,To March 2026,11.95,11.74,
E54000043,NHS Gloucestershire Integrated Care Board,Persons,179190.0,,,CVDP001HYP,Prevalence of GP recorded hypertension,Hypertension: Prevalence (CVDP001HYP),13.06,40-59,Age group,0,23680.0,To March 2026,13.37,13.22,
E54000043,NHS Gloucestershire Integrated Care Board,Male,77255.0,,,CVDP001HYP,Prevalence of GP recorded hypertension,Hypertension: Prevalence (CVDP001HYP),40.96,60-79,Age group,0,31915.0,To March 2026,41.66,41.31,
E54000043,NHS Gloucestershire Integrated Care Board,Female,82130.0,,,CVDP001HYP,Prevalence of GP recorded hypertension,Hypertension: Prevalence (CVDP001HYP),34.53,60-79,Age group,0,28625.0,To March 2026,35.18,34.85,
E54000043,NHS Gloucestershire Integrated Care Board,Persons,159390.0,,,CVDP001HYP,Prevalence of GP recorded hypertension,Hypertension: Prevalence (CVDP001HYP),37.74,60-79,Age group,0,60540.0,To March 2026,38.22,37.98,
E54000043,NHS Gloucestershire Integrated Care Board,Male,19210.0,,,CVDP001HYP,Prevalence of GP recorded hypertension,Hypertension: Prevalence (CVDP001HYP),57.44,80+,Age group,0,11170.0,To March 2026,58.83,58.14,
E54000043,NHS Gloucestershire Integrated Care Board,Female,25605.0,,,CVDP001HYP,Prevalence of GP recorded hypertension,Hypertension: Prevalence (CVDP001HYP),60.24,80+,Age group,0,15580.0,To March 2026,61.44,60.84,
E54000043,NHS Gloucestershire Integrated Care Board,Persons,44815.0,,,CVDP001HYP,Prevalence of GP recorded hypertension,Hypertension: Prevalence (CVDP001HYP),59.23,80+,Age group,0,26750.0,To March 2026,60.13,59.68,
E54000043,NHS Gloucestershire Integrated Care Board,Persons,43530.0,,,CVDP001HYP,Prevalence of GP recorded hypertension,Hypertension: Prevalence (CVDP001HYP),17.44,1 - most deprived,Deprivation quintile,0,7745.0,To March 2026,18.16,17.8,
E54000043,NHS Gloucestershire Integrated Care Board,Persons,60685.0,,,CVDP001HYP,Prevalence of GP recorded hypertension,Hypertension: Prevalence (CVDP001HYP),18.85,2,Deprivation quintile,0,11630.0,To March 2026,19.48,19.16,
E54000043,NHS Gloucestershire Integrated Care Board,Persons,112225.0,,,CVDP001HYP,Prevalence of GP recorded hypertension,Hypertension: Prevalence (CVDP001HYP),22.8,3,Deprivation quintile,0,25860.0,To March 2026,23.29,23.04,
E54000043,NHS Gloucestershire Integrated Care Board,Persons,125580.0,,,CVDP001HYP,Prevalence of GP recorded hypertension,Hypertension: Prevalence (CVDP001HYP),24.27,4,Deprivation quintile,0,30780.0,To March 2026,24.75,24.51,
E54000043,NHS Gloucestershire Integrated Care Board,Persons,162080.0,,,CVDP001HYP,Prevalence of GP recorded hypertension,Hypertension: Prevalence (CVDP001HYP),21.95,5 - least deprived,Deprivation quintile,0,35905.0,To March 2026,22.36,22.15,
E54000043,NHS Gloucestershire Integrated Care Board,Female,,,,CVDP001HYP,Prevalence of GP recorded hypertension,Hypertension: Prevalence (CVDP001HYP),16.74,Female,Sex - Age Standardised,0,,To March 2026,17.03,16.89,Numerators and Denominators are not provided for Age Standardisation.
E54000043,NHS Gloucestershire Integrated Care Board,Male,,,,CVDP001HYP,Prevalence of GP recorded hypertension,Hypertension: Prevalence (CVDP001HYP),19.33,Male,Sex - Age Standardised,0,,To March 2026,19.66,19.49,Numerators and Denominators are not provided for Age Standardisation.
E54000043,NHS Gloucestershire Integrated Care Board,Persons,,,,CVDP001HYP,Prevalence of GP recorded hypertension,Hypertension: Prevalence (CVDP001HYP),18.07,Persons,Sex - Age Standardised,0,,To March 2026,18.29,18.18,Numerators and Denominators are not provided for Age Standardisation.
E54000043,NHS Gloucestershire Integrated Care Board,Persons,,,,CVDP001HYP,Prevalence of GP recorded hypertension,Hypertension: Prevalence (CVDP001HYP),23.77,1 - most deprived,Deprivation quintile - Age Standardised,0,,To March 2026,24.89,24.33,Numerators and Denominators are not provided for Age Standardisation.
E54000043,NHS Gloucestershire Integrated Care Board,Persons,,,,CVDP001HYP,Prevalence of GP recorded hypertension,Hypertension: Prevalence (CVDP001HYP),21.36,2,Deprivation quintile - Age Standardised,0,,To March 2026,22.17,21.76,Numerators and Denominators are not provided for Age Standardisation.
E54000043,NHS Gloucestershire Integrated Care Board,Persons,,,,CVDP001HYP,Prevalence of GP recorded hypertension,Hypertension: Prevalence (CVDP001HYP),19.18,3,Deprivation quintile - Age Standardised,0,,To March 2026,19.66,19.42,Numerators and Denominators are not provided for Age Standardisation.
E54000043,NHS Gloucestershire Integrated Care Board,Persons,,,,CVDP001HYP,Prevalence of GP recorded hypertension,Hypertension: Prevalence (CVDP001HYP),18.79,4,Deprivation quintile - Age Standardised,0,,To March 2026,19.23,19.01,Numerators and Denominators are not provided for Age Standardisation.
E54000043,NHS Gloucestershire Integrated Care Board,Persons,,,,CVDP001HYP,Prevalence of GP recorded hypertension,Hypertension: Prevalence (CVDP001HYP),17.56,5 - least deprived,Deprivation quintile - Age Standardised,0,,To March 2026,17.94,17.75,Numerators and Denominators are not provided for Age Standardisation.
E54000057,NHS Greater Manchester Integrated Care Board,Persons,2588425.0,,,CVDP001HYP,Prevalence of GP recorded hypertension,Hypertension: Prevalence (CVDP001HYP),17.57,Persons,Sex,0,456010.0,To March 2026,17.66,17.62,
E54000057,NHS Greater Manchester Integrated Care Board,Female,1284680.0,,,CVDP001HYP,Prevalence of GP recorded hypertension,Hypertension: Prevalence (CVDP001HYP),17.52,Female,Sex,0,225960.0,To March 2026,17.65,17.59,
E54000057,NHS Greater Manchester Integrated Care Board,Male,1303740.0,,,CVDP001HYP,Prevalence of GP recorded hypertension,Hypertension: Prevalence (CVDP001HYP),17.58,Male,Sex,0,230050.0,To March 2026,17.71,17.65,
E54000057,NHS Greater Manchester Integrated Care Board,Male,547640.0,,,CVDP001HYP,Prevalence of GP recorded hypertension,Hypertension: Prevalence (CVDP001HYP),1.28,18-39,Age group,0,7185.0,To March 2026,1.34,1.31,
E54000057,NHS Greater Manchester Integrated Care Board,Female,533470.0,,,CVDP001HYP,Prevalence of GP recorded hypertension,Hypertension: Prevalence (CVDP001HYP),1.22,18-39,Age group,0,6675.0,To March 2026,1.28,1.25,
E54000057,NHS Greater Manchester Integrated Care Board,Persons,1081110.0,,,CVDP001HYP,Prevalence of GP recorded hypertension,Hypertension: Prevalence (CVDP001HYP),1.26,18-39,Age group,0,13860.0,To March 2026,1.3,1.28,
E54000057,NHS Greater Manchester Integrated Care Board,Male,431530.0,,,CVDP001HYP,Prevalence of GP recorded hypertension,Hypertension: Prevalence (CVDP001HYP),15.85,40-59,Age group,0,68870.0,To March 2026,16.07,15.96,
E54000057,NHS Greater Manchester Integrated Care Board,Female,396425.0,,,CVDP001HYP,Prevalence of GP recorded hypertension,Hypertension: Prevalence (CVDP001HYP),14.42,40-59,Age group,0,57600.0,To March 2026,14.64,14.53,
E54000057,NHS Greater Manchester Integrated Care Board,Persons,827955.0,,,CVDP001HYP,Prevalence of GP recorded hypertension,Hypertension: Prevalence (CVDP001HYP),15.2,40-59,Age group,0,126475.0,To March 2026,15.35,15.28,
E54000057,NHS Greater Manchester Integrated Care Board,Male,271430.0,,,CVDP001HYP,Prevalence of GP recorded hypertension,Hypertension: Prevalence (CVDP001HYP),44.67,60-79,Age group,0,121745.0,To March 2026,45.04,44.85,
E54000057,NHS Greater Manchester Integrated Care Board,Female,279165.0,,,CVDP001HYP,Prevalence of GP recorded hypertension,Hypertension: Prevalence (CVDP001HYP),40.58,60-79,Age group,0,113790.0,To March 2026,40.94,40.76,
E54000057,NHS Greater Manchester Integrated Care Board,Persons,550595.0,,,CVDP001HYP,Prevalence of GP recorded hypertension,Hypertension: Prevalence (CVDP001HYP),42.65,60-79,Age group,0,235535.0,To March 2026,42.91,42.78,
E54000057,NHS Greater Manchester Integrated Care Board,Male,53140.0,,,CVDP001HYP,Prevalence of GP recorded hypertension,Hypertension: Prevalence (CVDP001HYP),60.26,80+,Age group,0,32245.0,To March 2026,61.09,60.68,
E54000057,NHS Greater Manchester Integrated Care Board,Female,75625.0,,,CVDP001HYP,Prevalence of GP recorded hypertension,Hypertension: Prevalence (CVDP001HYP),62.98,80+,Age group,0,47890.0,To March 2026,63.67,63.33,
E54000057,NHS Greater Manchester Integrated Care Board,Persons,128765.0,,,CVDP001HYP,Prevalence of GP recorded hypertension,Hypertension: Prevalence (CVDP001HYP),61.97,80+,Age group,0,80135.0,To March 2026,62.5,62.23,
E54000057,NHS Greater Manchester Integrated Care Board,Persons,998010.0,,,CVDP001HYP,Prevalence of GP recorded hypertension,Hypertension: Prevalence (CVDP001HYP),17.26,1 - most deprived,Deprivation quintile,0,172980.0,To March 2026,17.41,17.33,
E54000057,NHS Greater Manchester Integrated Care Board,Persons,534670.0,,,CVDP001HYP,Prevalence of GP recorded hypertension,Hypertension: Prevalence (CVDP001HYP),16.7,2,Deprivation quintile,0,89810.0,To March 2026,16.9,16.8,
E54000057,NHS Greater Manchester Integrated Care Board,Persons,325310.0,,,CVDP001HYP,Prevalence of GP recorded hypertension,Hypertension: Prevalence (CVDP001HYP),19.65,3,Deprivation quintile,0,64365.0,To March 2026,19.92,19.79,
E54000057,NHS Greater Manchester Integrated Care Board,Persons,326400.0,,,CVDP001HYP,Prevalence of GP recorded hypertension,Hypertension: Prevalence (CVDP001HYP),21.43,4,Deprivation quintile,0,70415.0,To March 2026,21.71,21.57,
E54000057,NHS Greater Manchester Integrated Care Board,Persons,266525.0,,,CVDP001HYP,Prevalence of GP recorded hypertension,Hypertension: Prevalence (CVDP001HYP),21.26,5 - least deprived,Deprivation quintile,0,57080.0,To March 2026,21.57,21.42,
E54000057,NHS Greater Manchester Integrated Care Board,Female,,,,CVDP001HYP,Prevalence of GP recorded hypertension,Hypertension: Prevalence (CVDP001HYP),19.79,Female,Sex - Age Standardised,0,,To March 2026,19.95,19.87,Numerators and Denominators are not provided for Age Standardisation.
E54000057,NHS Greater Manchester Integrated Care Board,Male,,,,CVDP001HYP,Prevalence of GP recorded hypertension,Hypertension: Prevalence (CVDP001HYP),21.28,Male,Sex - Age Standardised,0,,To March 2026,21.46,21.37,Numerators and Denominators are not provided for Age Standardisation.
E54000057,NHS Greater Manchester Integrated Care Board,Persons,,,,CVDP001HYP,Prevalence of GP recorded hypertension,Hypertension: Prevalence (CVDP001HYP),20.59,Persons,Sex - Age Standardised,0,,To March 2026,20.71,20.65,Numerators and Denominators are not provided for Age Standardisation.
E54000057,NHS Greater Manchester Integrated Care Board,Persons,,,,CVDP001HYP,Prevalence of GP recorded hypertension,Hypertension: Prevalence (CVDP001HYP),23.21,1 - most deprived,Deprivation quintile - Age Standardised,0,,To March 2026,23.44,23.33,Numerators and Denominators are not provided for Age Standardisation.
E54000057,NHS Greater Manchester Integrated Care Board,Persons,,,,CVDP001HYP,Prevalence of GP recorded hypertension,Hypertension: Prevalence (CVDP001HYP),20.89,2,Deprivation quintile - Age Standardised,0,,To March 2026,21.17,21.03,Numerators and Denominators are not provided for Age Standardisation.
E54000057,NHS Greater Manchester Integrated Care Board,Persons,,,,CVDP001HYP,Prevalence of GP recorded hypertension,Hypertension: Prevalence (CVDP001HYP),19.29,3,Deprivation quintile - Age Standardised,0,,To March 2026,19.6,19.44,Numerators and Denominators are not provided for Age Standardisation.
E54000057,NHS Greater Manchester Integrated Care Board,Persons,,,,CVDP001HYP,Prevalence of GP recorded hypertension,Hypertension: Prevalence (CVDP001HYP),18.23,4,Deprivation quintile - Age Standardised,0,,To March 2026,18.51,18.37,Numerators and Denominators are not provided for Age Standardisation.
E54000057,NHS Greater Manchester Integrated Care Board,Persons,,,,CVDP001HYP,Prevalence of GP recorded hypertension,Hypertension: Prevalence (CVDP001HYP),16.96,5 - least deprived,Deprivation quintile - Age Standardised,0,,To March 2026,17.25,17.11,Numerators and Denominators are not provided for Age Standardisation.
E54000042,Nhs Hampshire And Isle Of Wight Integrated Care Board,Persons,1600435.0,,,CVDP001HYP,Prevalence of GP recorded hypertension,Hypertension: Prevalence (CVDP001HYP),19.54,Persons,Sex,0,313680.0,To March 2026,19.66,19.6,
E54000042,Nhs Hampshire And Isle Of Wight Integrated Care Board,Female,810380.0,,,CVDP001HYP,Prevalence of GP recorded hypertension,Hypertension: Prevalence (CVDP001HYP),19.27,Female,Sex,0,156820.0,To March 2026,19.44,19.35,
E54000042,Nhs Hampshire And Isle Of Wight Integrated Care Board,Male,790060.0,,,CVDP001HYP,Prevalence of GP recorded hypertension,Hypertension: Prevalence (CVDP001HYP),19.77,Male,Sex,0,156860.0,To March 2026,19.94,19.85,
E54000042,Nhs Hampshire And Isle Of Wight Integrated Care Board,Male,279620.0,,,CVDP001HYP,Prevalence of GP recorded hypertension,Hypertension: Prevalence (CVDP001HYP),1.18,18-39,Age group,0,3425.0,To March 2026,1.27,1.23,
E54000042,Nhs Hampshire And Isle Of Wight Integrated Care Board,Female,271765.0,,,CVDP001HYP,Prevalence of GP recorded hypertension,Hypertension: Prevalence (CVDP001HYP),1.15,18-39,Age group,0,3250.0,To March 2026,1.24,1.2,
E54000042,Nhs Hampshire And Isle Of Wight Integrated Care Board,Persons,551390.0,,,CVDP001HYP,Prevalence of GP recorded hypertension,Hypertension: Prevalence (CVDP001HYP),1.18,18-39,Age group,0,6675.0,To March 2026,1.24,1.21,
E54000042,Nhs Hampshire And Isle Of Wight Integrated Care Board,Male,251640.0,,,CVDP001HYP,Prevalence of GP recorded hypertension,Hypertension: Prevalence (CVDP001HYP),14.32,40-59,Age group,0,36370.0,To March 2026,14.59,14.45,
E54000042,Nhs Hampshire And Isle Of Wight Integrated Care Board,Female,246480.0,,,CVDP001HYP,Prevalence of GP recorded hypertension,Hypertension: Prevalence (CVDP001HYP),11.98,40-59,Age group,0,29850.0,To March 2026,12.24,12.11,
E54000042,Nhs Hampshire And Isle Of Wight Integrated Care Board,Persons,498120.0,,,CVDP001HYP,Prevalence of GP recorded hypertension,Hypertension: Prevalence (CVDP001HYP),13.2,40-59,Age group,0,66215.0,To March 2026,13.39,13.29,
E54000042,Nhs Hampshire And Isle Of Wight Integrated Care Board,Male,206995.0,,,CVDP001HYP,Prevalence of GP recorded hypertension,Hypertension: Prevalence (CVDP001HYP),41.67,60-79,Age group,0,86690.0,To March 2026,42.09,41.88,
E54000042,Nhs Hampshire And Isle Of Wight Integrated Care Board,Female,220770.0,,,CVDP001HYP,Prevalence of GP recorded hypertension,Hypertension: Prevalence (CVDP001HYP),36.02,60-79,Age group,0,79965.0,To March 2026,36.42,36.22,
E54000042,Nhs Hampshire And Isle Of Wight Integrated Care Board,Persons,427765.0,,,CVDP001HYP,Prevalence of GP recorded hypertension,Hypertension: Prevalence (CVDP001HYP),38.81,60-79,Age group,0,166650.0,To March 2026,39.1,38.96,
E54000042,Nhs Hampshire And Isle Of Wight Integrated Care Board,Male,51800.0,,,CVDP001HYP,Prevalence of GP recorded hypertension,Hypertension: Prevalence (CVDP001HYP),58.22,80+,Age group,0,30375.0,To March 2026,59.07,58.64,
E54000042,Nhs Hampshire And Isle Of Wight Integrated Care Board,Female,71365.0,,,CVDP001HYP,Prevalence of GP recorded hypertension,Hypertension: Prevalence (CVDP001HYP),60.96,80+,Age group,0,43760.0,To March 2026,61.68,61.32,
E54000042,Nhs Hampshire And Isle Of Wight Integrated Care Board,Persons,123160.0,,,CVDP001HYP,Prevalence of GP recorded hypertension,Hypertension: Prevalence (CVDP001HYP),59.92,80+,Age group,0,74140.0,To March 2026,60.47,60.2,
E54000042,Nhs Hampshire And Isle Of Wight Integrated Care Board,Persons,180315.0,,,CVDP001HYP,Prevalence of GP recorded hypertension,Hypertension: Prevalence (CVDP001HYP),16.11,1 - most deprived,Deprivation quintile,0,29345.0,To March 2026,16.45,16.28,
E54000042,Nhs Hampshire And Isle Of Wight Integrated Care Board,Persons,288710.0,,,CVDP001HYP,Prevalence of GP recorded hypertension,Hypertension: Prevalence (CVDP001HYP),18.34,2,Deprivation quintile,0,53360.0,To March 2026,18.62,18.48,
E54000042,Nhs Hampshire And Isle Of Wight Integrated Care Board,Persons,269585.0,,,CVDP001HYP,Prevalence of GP recorded hypertension,Hypertension: Prevalence (CVDP001HYP),22.06,3,Deprivation quintile,0,59890.0,To March 2026,22.37,22.21,
E54000042,Nhs Hampshire And Isle Of Wight Integrated Care Board,Persons,340690.0,,,CVDP001HYP,Prevalence of GP recorded hypertension,Hypertension: Prevalence (CVDP001HYP),21.41,4,Deprivation quintile,0,73425.0,To March 2026,21.69,21.55,
E54000042,Nhs Hampshire And Isle Of Wight Integrated Care Board,Persons,437370.0,,,CVDP001HYP,Prevalence of GP recorded hypertension,Hypertension: Prevalence (CVDP001HYP),22.35,5 - least deprived,Deprivation quintile,0,98285.0,To March 2026,22.6,22.47,
E54000042,Nhs Hampshire And Isle Of Wight Integrated Care Board,Female,,,,CVDP001HYP,Prevalence of GP recorded hypertension,Hypertension: Prevalence (CVDP001HYP),17.29,Female,Sex - Age Standardised,0,,To March 2026,17.47,17.38,Numerators and Denominators are not provided for Age Standardisation.
E54000042,Nhs Hampshire And Isle Of Wight Integrated Care Board,Male,,,,CVDP001HYP,Prevalence of GP recorded hypertension,Hypertension: Prevalence (CVDP001HYP),19.53,Male,Sex - Age Standardised,0,,To March 2026,19.73,19.63,Numerators and Denominators are not provided for Age Standardisation.
E54000042,Nhs Hampshire And Isle Of Wight Integrated Care Board,Persons,,,,CVDP001HYP,Prevalence of GP recorded hypertension,Hypertension: Prevalence (CVDP001HYP),18.44,Persons,Sex - Age Standardised,0,,To March 2026,18.57,18.5,Numerators and Denominators are not provided for Age Standardisation.
E54000042,Nhs Hampshire And Isle Of Wight Integrated Care Board,Persons,,,,CVDP001HYP,Prevalence of GP recorded hypertension,Hypertension: Prevalence (CVDP001HYP),23.48,1 - most deprived,Deprivation quintile - Age Standardised,0,,To March 2026,24.03,23.75,Numerators and Denominators are not provided for Age Standardisation.
E54000042,Nhs Hampshire And Isle Of Wight Integrated Care Board,Persons,,,,CVDP001HYP,Prevalence of GP recorded hypertension,Hypertension: Prevalence (CVDP001HYP),21.55,2,Deprivation quintile - Age Standardised,0,,To March 2026,21.92,21.73,Numerators and Denominators are not provided for Age Standardisation.
E54000042,Nhs Hampshire And Isle Of Wight Integrated Care Board,Persons,,,,CVDP001HYP,Prevalence of GP recorded hypertension,Hypertension: Prevalence (CVDP001HYP),20.51,3,Deprivation quintile - Age Standardised,0,,To March 2026,20.85,20.68,Numerators and Denominators are not provided for Age Standardisation.
E54000042,Nhs Hampshire And Isle Of Wight Integrated Care Board,Persons,,,,CVDP001HYP,Prevalence of GP recorded hypertension,Hypertension: Prevalence (CVDP001HYP),19.64,4,Deprivation quintile - Age Standardised,0,,To March 2026,19.94,19.79,Numerators and Denominators are not provided for Age Standardisation.
E54000042,Nhs Hampshire And Isle Of Wight Integrated Care Board,Persons,,,,CVDP001HYP,Prevalence of GP recorded hypertension,Hypertension: Prevalence (CVDP001HYP),18.45,5 - least deprived,Deprivation quintile - Age Standardised,0,,To March 2026,18.69,18.57,Numerators and Denominators are not provided for Age Standardisation.
E54000019,NHS Herefordshire and Worcestershire Integrated Care Board,Persons,681885.0,,,CVDP001HYP,Prevalence of GP recorded hypertension,Hypertension: Prevalence (CVDP001HYP),22.48,Persons,Sex,0,153960.0,To March 2026,22.68,22.58,
E54000019,NHS Herefordshire and Worcestershire Integrated Care Board,Female,346910.0,,,CVDP001HYP,Prevalence of GP recorded hypertension,Hypertension: Prevalence (CVDP001HYP),21.54,Female,Sex,0,75195.0,To March 2026,21.81,21.68,
E54000019,NHS Herefordshire and Worcestershire Integrated Care Board,Male,334975.0,,,CVDP001HYP,Prevalence of GP recorded hypertension,Hypertension: Prevalence (CVDP001HYP),23.37,Male,Sex,0,78765.0,To March 2026,23.66,23.51,
E54000019,NHS Herefordshire and Worcestershire Integrated Care Board,Male,104455.0,,,CVDP001HYP,Prevalence of GP recorded hypertension,Hypertension: Prevalence (CVDP001HYP),1.41,18-39,Age group,0,1545.0,To March 2026,1.55,1.48,
E54000019,NHS Herefordshire and Worcestershire Integrated Care Board,Female,102825.0,,,CVDP001HYP,Prevalence of GP recorded hypertension,Hypertension: Prevalence (CVDP001HYP),1.37,18-39,Age group,0,1480.0,To March 2026,1.51,1.44,
E54000019,NHS Herefordshire and Worcestershire Integrated Care Board,Persons,207280.0,,,CVDP001HYP,Prevalence of GP recorded hypertension,Hypertension: Prevalence (CVDP001HYP),1.41,18-39,Age group,0,3020.0,To March 2026,1.51,1.46,
E54000019,NHS Herefordshire and Worcestershire Integrated Care Board,Male,106385.0,,,CVDP001HYP,Prevalence of GP recorded hypertension,Hypertension: Prevalence (CVDP001HYP),16.58,40-59,Age group,0,17880.0,To March 2026,17.03,16.81,
E54000019,NHS Herefordshire and Worcestershire Integrated Care Board,Female,106080.0,,,CVDP001HYP,Prevalence of GP recorded hypertension,Hypertension: Prevalence (CVDP001HYP),12.8,40-59,Age group,0,13790.0,To March 2026,13.2,13.0,
E54000019,NHS Herefordshire and Worcestershire Integrated Care Board,Persons,212465.0,,,CVDP001HYP,Prevalence of GP recorded hypertension,Hypertension: Prevalence (CVDP001HYP),14.76,40-59,Age group,0,31670.0,To March 2026,15.06,14.91,
E54000019,NHS Herefordshire and Worcestershire Integrated Care Board,Male,98990.0,,,CVDP001HYP,Prevalence of GP recorded hypertension,Hypertension: Prevalence (CVDP001HYP),44.34,60-79,Age group,0,44195.0,To March 2026,44.96,44.65,
E54000019,NHS Herefordshire and Worcestershire Integrated Care Board,Female,104830.0,,,CVDP001HYP,Prevalence of GP recorded hypertension,Hypertension: Prevalence (CVDP001HYP),37.07,60-79,Age group,0,39170.0,To March 2026,37.66,37.37,
E54000019,NHS Herefordshire and Worcestershire Integrated Care Board,Persons,203820.0,,,CVDP001HYP,Prevalence of GP recorded hypertension,Hypertension: Prevalence (CVDP001HYP),40.69,60-79,Age group,0,83365.0,To March 2026,41.12,40.9,
E54000019,NHS Herefordshire and Worcestershire Integrated Care Board,Male,25145.0,,,CVDP001HYP,Prevalence of GP recorded hypertension,Hypertension: Prevalence (CVDP001HYP),59.61,80+,Age group,0,15145.0,To March 2026,60.82,60.22,
E54000019,NHS Herefordshire and Worcestershire Integrated Care Board,Female,33170.0,,,CVDP001HYP,Prevalence of GP recorded hypertension,Hypertension: Prevalence (CVDP001HYP),62.05,80+,Age group,0,20755.0,To March 2026,63.09,62.57,
E54000019,NHS Herefordshire and Worcestershire Integrated Care Board,Persons,58320.0,,,CVDP001HYP,Prevalence of GP recorded hypertension,Hypertension: Prevalence (CVDP001HYP),61.16,80+,Age group,0,35900.0,To March 2026,61.95,61.56,
E54000019,NHS Herefordshire and Worcestershire Integrated Care Board,Persons,74730.0,,,CVDP001HYP,Prevalence of GP recorded hypertension,Hypertension: Prevalence (CVDP001HYP),19.9,1 - most deprived,Deprivation quintile,0,15085.0,To March 2026,20.47,20.18,
E54000019,NHS Herefordshire and Worcestershire Integrated Care Board,Persons,107000.0,,,CVDP001HYP,Prevalence of GP recorded hypertension,Hypertension: Prevalence (CVDP001HYP),22.07,2,Deprivation quintile,0,23885.0,To March 2026,22.57,22.32,
E54000019,NHS Herefordshire and Worcestershire Integrated Care Board,Persons,191265.0,,,CVDP001HYP,Prevalence of GP recorded hypertension,Hypertension: Prevalence (CVDP001HYP),23.78,3,Deprivation quintile,0,45845.0,To March 2026,24.16,23.97,
E54000019,NHS Herefordshire and Worcestershire Integrated Care Board,Persons,160360.0,,,CVDP001HYP,Prevalence of GP recorded hypertension,Hypertension: Prevalence (CVDP001HYP),24.25,4,Deprivation quintile,0,39230.0,To March 2026,24.67,24.46,
E54000019,NHS Herefordshire and Worcestershire Integrated Care Board,Persons,127375.0,,,CVDP001HYP,Prevalence of GP recorded hypertension,Hypertension: Prevalence (CVDP001HYP),24.11,5 - least deprived,Deprivation quintile,0,31010.0,To March 2026,24.58,24.34,
E54000019,NHS Herefordshire and Worcestershire Integrated Care Board,Female,,,,CVDP001HYP,Prevalence of GP recorded hypertension,Hypertension: Prevalence (CVDP001HYP),17.84,Female,Sex - Age Standardised,0,,To March 2026,18.11,17.97,Numerators and Denominators are not provided for Age Standardisation.
E54000019,NHS Herefordshire and Worcestershire Integrated Care Board,Male,,,,CVDP001HYP,Prevalence of GP recorded hypertension,Hypertension: Prevalence (CVDP001HYP),20.93,Male,Sex - Age Standardised,0,,To March 2026,21.23,21.08,Numerators and Denominators are not provided for Age Standardisation.
E54000019,NHS Herefordshire and Worcestershire Integrated Care Board,Persons,,,,CVDP001HYP,Prevalence of GP recorded hypertension,Hypertension: Prevalence (CVDP001HYP),19.42,Persons,Sex - Age Standardised,0,,To March 2026,19.62,19.52,Numerators and Denominators are not provided for Age Standardisation.
E54000019,NHS Herefordshire and Worcestershire Integrated Care Board,Persons,,,,CVDP001HYP,Prevalence of GP recorded hypertension,Hypertension: Prevalence (CVDP001HYP),25.41,1 - most deprived,Deprivation quintile - Age Standardised,0,,To March 2026,26.25,25.83,Numerators and Denominators are not provided for Age Standardisation.
E54000019,NHS Herefordshire and Worcestershire Integrated Care Board,Persons,,,,CVDP001HYP,Prevalence of GP recorded hypertension,Hypertension: Prevalence (CVDP001HYP),23.26,2,Deprivation quintile - Age Standardised,0,,To March 2026,23.87,23.56,Numerators and Denominators are not provided for Age Standardisation.
E54000019,NHS Herefordshire and Worcestershire Integrated Care Board,Persons,,,,CVDP001HYP,Prevalence of GP recorded hypertension,Hypertension: Prevalence (CVDP001HYP),20.42,3,Deprivation quintile - Age Standardised,0,,To March 2026,20.81,20.61,Numerators and Denominators are not provided for Age Standardisation.
E54000019,NHS Herefordshire and Worcestershire Integrated Care Board,Persons,,,,CVDP001HYP,Prevalence of GP recorded hypertension,Hypertension: Prevalence (CVDP001HYP),21.02,4,Deprivation quintile - Age Standardised,0,,To March 2026,21.46,21.24,Numerators and Denominators are not provided for Age Standardisation.
E54000019,NHS Herefordshire and Worcestershire Integrated Care Board,Persons,,,,CVDP001HYP,Prevalence of GP recorded hypertension,Hypertension: Prevalence (CVDP001HYP),20.42,5 - least deprived,Deprivation quintile - Age Standardised,0,,To March 2026,20.89,20.65,Numerators and Denominators are not provided for Age Standardisation.
E54000025,NHS Hertfordshire and West Essex Integrated Care Board,Persons,1316000.0,,,CVDP001HYP,Prevalence of GP recorded hypertension,Hypertension: Prevalence (CVDP001HYP),18.12,Persons,Sex,0,239290.0,To March 2026,18.25,18.18,
E54000025,NHS Hertfordshire and West Essex Integrated Care Board,Female,666975.0,,,CVDP001HYP,Prevalence of GP recorded hypertension,Hypertension: Prevalence (CVDP001HYP),17.62,Female,Sex,0,118150.0,To March 2026,17.81,17.71,
E54000025,NHS Hertfordshire and West Essex Integrated Care Board,Male,649025.0,,,CVDP001HYP,Prevalence of GP recorded hypertension,Hypertension: Prevalence (CVDP001HYP),18.57,Male,Sex,0,121135.0,To March 2026,18.76,18.66,
E54000025,NHS Hertfordshire and West Essex Integrated Care Board,Male,230785.0,,,CVDP001HYP,Prevalence of GP recorded hypertension,Hypertension: Prevalence (CVDP001HYP),1.27,18-39,Age group,0,3040.0,To March 2026,1.36,1.32,
E54000025,NHS Hertfordshire and West Essex Integrated Care Board,Female,228250.0,,,CVDP001HYP,Prevalence of GP recorded hypertension,Hypertension: Prevalence (CVDP001HYP),1.21,18-39,Age group,0,2855.0,To March 2026,1.3,1.25,
E54000025,NHS Hertfordshire and West Essex Integrated Care Board,Persons,459035.0,,,CVDP001HYP,Prevalence of GP recorded hypertension,Hypertension: Prevalence (CVDP001HYP),1.25,18-39,Age group,0,5890.0,To March 2026,1.32,1.28,
E54000025,NHS Hertfordshire and West Essex Integrated Care Board,Male,232335.0,,,CVDP001HYP,Prevalence of GP recorded hypertension,Hypertension: Prevalence (CVDP001HYP),14.12,40-59,Age group,0,33145.0,To March 2026,14.41,14.27,
E54000025,NHS Hertfordshire and West Essex Integrated Care Board,Female,228700.0,,,CVDP001HYP,Prevalence of GP recorded hypertension,Hypertension: Prevalence (CVDP001HYP),11.46,40-59,Age group,0,26500.0,To March 2026,11.72,11.59,
E54000025,NHS Hertfordshire and West Essex Integrated Care Board,Persons,461035.0,,,CVDP001HYP,Prevalence of GP recorded hypertension,Hypertension: Prevalence (CVDP001HYP),12.84,40-59,Age group,0,59645.0,To March 2026,13.03,12.94,
E54000025,NHS Hertfordshire and West Essex Integrated Care Board,Male,150915.0,,,CVDP001HYP,Prevalence of GP recorded hypertension,Hypertension: Prevalence (CVDP001HYP),41.96,60-79,Age group,0,63700.0,To March 2026,42.46,42.21,
E54000025,NHS Hertfordshire and West Essex Integrated Care Board,Female,159960.0,,,CVDP001HYP,Prevalence of GP recorded hypertension,Hypertension: Prevalence (CVDP001HYP),35.47,60-79,Age group,0,57115.0,To March 2026,35.94,35.71,
E54000025,NHS Hertfordshire and West Essex Integrated Care Board,Persons,310875.0,,,CVDP001HYP,Prevalence of GP recorded hypertension,Hypertension: Prevalence (CVDP001HYP),38.69,60-79,Age group,0,120815.0,To March 2026,39.03,38.86,
E54000025,NHS Hertfordshire and West Essex Integrated Care Board,Male,34990.0,,,CVDP001HYP,Prevalence of GP recorded hypertension,Hypertension: Prevalence (CVDP001HYP),60.23,80+,Age group,0,21255.0,To March 2026,61.25,60.74,
E54000025,NHS Hertfordshire and West Essex Integrated Care Board,Female,50065.0,,,CVDP001HYP,Prevalence of GP recorded hypertension,Hypertension: Prevalence (CVDP001HYP),62.85,80+,Age group,0,31680.0,To March 2026,63.69,63.27,
E54000025,NHS Hertfordshire and West Essex Integrated Care Board,Persons,85055.0,,,CVDP001HYP,Prevalence of GP recorded hypertension,Hypertension: Prevalence (CVDP001HYP),61.91,80+,Age group,0,52935.0,To March 2026,62.56,62.23,
E54000025,NHS Hertfordshire and West Essex Integrated Care Board,Persons,18330.0,,,CVDP001HYP,Prevalence of GP recorded hypertension,Hypertension: Prevalence (CVDP001HYP),23.38,1 - most deprived,Deprivation quintile,0,4400.0,To March 2026,24.62,24.0,
E54000025,NHS Hertfordshire and West Essex Integrated Care Board,Persons,201760.0,,,CVDP001HYP,Prevalence of GP recorded hypertension,Hypertension: Prevalence (CVDP001HYP),18.1,2,Deprivation quintile,0,36855.0,To March 2026,18.44,18.27,
E54000025,NHS Hertfordshire and West Essex Integrated Care Board,Persons,296410.0,,,CVDP001HYP,Prevalence of GP recorded hypertension,Hypertension: Prevalence (CVDP001HYP),19.44,3,Deprivation quintile,0,58040.0,To March 2026,19.72,19.58,
E54000025,NHS Hertfordshire and West Essex Integrated Care Board,Persons,268105.0,,,CVDP001HYP,Prevalence of GP recorded hypertension,Hypertension: Prevalence (CVDP001HYP),20.03,4,Deprivation quintile,0,54105.0,To March 2026,20.33,20.18,
E54000025,NHS Hertfordshire and West Essex Integrated Care Board,Persons,449275.0,,,CVDP001HYP,Prevalence of GP recorded hypertension,Hypertension: Prevalence (CVDP001HYP),18.84,5 - least deprived,Deprivation quintile,0,85155.0,To March 2026,19.07,18.95,
E54000025,NHS Hertfordshire and West Essex Integrated Care Board,Female,,,,CVDP001HYP,Prevalence of GP recorded hypertension,Hypertension: Prevalence (CVDP001HYP),17.32,Female,Sex - Age Standardised,0,,To March 2026,17.52,17.42,Numerators and Denominators are not provided for Age Standardisation.
E54000025,NHS Hertfordshire and West Essex Integrated Care Board,Male,,,,CVDP001HYP,Prevalence of GP recorded hypertension,Hypertension: Prevalence (CVDP001HYP),19.92,Male,Sex - Age Standardised,0,,To March 2026,20.15,20.04,Numerators and Denominators are not provided for Age Standardisation.
E54000025,NHS Hertfordshire and West Essex Integrated Care Board,Persons,,,,CVDP001HYP,Prevalence of GP recorded hypertension,Hypertension: Prevalence (CVDP001HYP),18.65,Persons,Sex - Age Standardised,0,,To March 2026,18.8,18.73,Numerators and Denominators are not provided for Age Standardisation.
E54000025,NHS Hertfordshire and West Essex Integrated Care Board,Persons,,,,CVDP001HYP,Prevalence of GP recorded hypertension,Hypertension: Prevalence (CVDP001HYP),23.2,1 - most deprived,Deprivation quintile - Age Standardised,0,,To March 2026,24.67,23.93,Numerators and Denominators are not provided for Age Standardisation.
E54000025,NHS Hertfordshire and West Essex Integrated Care Board,Persons,,,,CVDP001HYP,Prevalence of GP recorded hypertension,Hypertension: Prevalence (CVDP001HYP),23.02,2,Deprivation quintile - Age Standardised,0,,To March 2026,23.5,23.26,Numerators and Denominators are not provided for Age Standardisation.
E54000025,NHS Hertfordshire and West Essex Integrated Care Board,Persons,,,,CVDP001HYP,Prevalence of GP recorded hypertension,Hypertension: Prevalence (CVDP001HYP),21.54,3,Deprivation quintile - Age Standardised,0,,To March 2026,21.91,21.73,Numerators and Denominators are not provided for Age Standardisation.
E54000025,NHS Hertfordshire and West Essex Integrated Care Board,Persons,,,,CVDP001HYP,Prevalence of GP recorded hypertension,Hypertension: Prevalence (CVDP001HYP),19.36,4,Deprivation quintile - Age Standardised,0,,To March 2026,19.7,19.53,Numerators and Denominators are not provided for Age Standardisation.
E54000025,NHS Hertfordshire and West Essex Integrated Care Board,Persons,,,,CVDP001HYP,Prevalence of GP recorded hypertension,Hypertension: Prevalence (CVDP001HYP),17.43,5 - least deprived,Deprivation quintile - Age Standardised,0,,To March 2026,17.67,17.55,Numerators and Denominators are not provided for Age Standardisation.
E54000051,NHS Humber and North Yorkshire Integrated Care Board,Persons,1464300.0,,,CVDP001HYP,Prevalence of GP recorded hypertension,Hypertension: Prevalence (CVDP001HYP),21.99,Persons,Sex,0,322995.0,To March 2026,22.13,22.06,
E54000051,NHS Humber and North Yorkshire Integrated Care Board,Female,742615.0,,,CVDP001HYP,Prevalence of GP recorded hypertension,Hypertension: Prevalence (CVDP001HYP),21.66,Female,Sex,0,161575.0,To March 2026,21.85,21.76,
E54000051,NHS Humber and North Yorkshire Integrated Care Board,Male,721685.0,,,CVDP001HYP,Prevalence of GP recorded hypertension,Hypertension: Prevalence (CVDP001HYP),22.27,Male,Sex,0,161420.0,To March 2026,22.46,22.37,
E54000051,NHS Humber and North Yorkshire Integrated Care Board,Male,237655.0,,,CVDP001HYP,Prevalence of GP recorded hypertension,Hypertension: Prevalence (CVDP001HYP),1.58,18-39,Age group,0,3880.0,To March 2026,1.68,1.63,
E54000051,NHS Humber and North Yorkshire Integrated Care Board,Female,234205.0,,,CVDP001HYP,Prevalence of GP recorded hypertension,Hypertension: Prevalence (CVDP001HYP),1.4,18-39,Age group,0,3390.0,To March 2026,1.5,1.45,
E54000051,NHS Humber and North Yorkshire Integrated Care Board,Persons,471860.0,,,CVDP001HYP,Prevalence of GP recorded hypertension,Hypertension: Prevalence (CVDP001HYP),1.51,18-39,Age group,0,7275.0,To March 2026,1.58,1.54,
E54000051,NHS Humber and North Yorkshire Integrated Care Board,Male,227285.0,,,CVDP001HYP,Prevalence of GP recorded hypertension,Hypertension: Prevalence (CVDP001HYP),16.36,40-59,Age group,0,37530.0,To March 2026,16.67,16.51,
E54000051,NHS Humber and North Yorkshire Integrated Care Board,Female,224110.0,,,CVDP001HYP,Prevalence of GP recorded hypertension,Hypertension: Prevalence (CVDP001HYP),13.72,40-59,Age group,0,31065.0,To March 2026,14.0,13.86,
E54000051,NHS Humber and North Yorkshire Integrated Care Board,Persons,451395.0,,,CVDP001HYP,Prevalence of GP recorded hypertension,Hypertension: Prevalence (CVDP001HYP),15.09,40-59,Age group,0,68595.0,To March 2026,15.3,15.2,
E54000051,NHS Humber and North Yorkshire Integrated Care Board,Male,209450.0,,,CVDP001HYP,Prevalence of GP recorded hypertension,Hypertension: Prevalence (CVDP001HYP),43.55,60-79,Age group,0,91655.0,To March 2026,43.97,43.76,
E54000051,NHS Humber and North Yorkshire Integrated Care Board,Female,219600.0,,,CVDP001HYP,Prevalence of GP recorded hypertension,Hypertension: Prevalence (CVDP001HYP),38.5,60-79,Age group,0,84990.0,To March 2026,38.91,38.7,
E54000051,NHS Humber and North Yorkshire Integrated Care Board,Persons,429050.0,,,CVDP001HYP,Prevalence of GP recorded hypertension,Hypertension: Prevalence (CVDP001HYP),41.02,60-79,Age group,0,176645.0,To March 2026,41.32,41.17,
E54000051,NHS Humber and North Yorkshire Integrated Care Board,Male,47295.0,,,CVDP001HYP,Prevalence of GP recorded hypertension,Hypertension: Prevalence (CVDP001HYP),59.5,80+,Age group,0,28350.0,To March 2026,60.38,59.95,
E54000051,NHS Humber and North Yorkshire Integrated Care Board,Female,64700.0,,,CVDP001HYP,Prevalence of GP recorded hypertension,Hypertension: Prevalence (CVDP001HYP),64.74,80+,Age group,0,42125.0,To March 2026,65.48,65.11,
E54000051,NHS Humber and North Yorkshire Integrated Care Board,Persons,111995.0,,,CVDP001HYP,Prevalence of GP recorded hypertension,Hypertension: Prevalence (CVDP001HYP),62.65,80+,Age group,0,70480.0,To March 2026,63.21,62.93,
E54000051,NHS Humber and North Yorkshire Integrated Care Board,Persons,253930.0,,,CVDP001HYP,Prevalence of GP recorded hypertension,Hypertension: Prevalence (CVDP001HYP),19.65,1 - most deprived,Deprivation quintile,0,50285.0,To March 2026,19.96,19.8,
E54000051,NHS Humber and North Yorkshire Integrated Care Board,Persons,194920.0,,,CVDP001HYP,Prevalence of GP recorded hypertension,Hypertension: Prevalence (CVDP001HYP),23.58,2,Deprivation quintile,0,46325.0,To March 2026,23.96,23.77,
E54000051,NHS Humber and North Yorkshire Integrated Care Board,Persons,261610.0,,,CVDP001HYP,Prevalence of GP recorded hypertension,Hypertension: Prevalence (CVDP001HYP),24.26,3,Deprivation quintile,0,63895.0,To March 2026,24.59,24.42,
E54000051,NHS Humber and North Yorkshire Integrated Care Board,Persons,322780.0,,,CVDP001HYP,Prevalence of GP recorded hypertension,Hypertension: Prevalence (CVDP001HYP),25.0,4,Deprivation quintile,0,81190.0,To March 2026,25.3,25.15,
E54000051,NHS Humber and North Yorkshire Integrated Care Board,Persons,345005.0,,,CVDP001HYP,Prevalence of GP recorded hypertension,Hypertension: Prevalence (CVDP001HYP),23.78,5 - least deprived,Deprivation quintile,0,82515.0,To March 2026,24.06,23.92,
E54000051,NHS Humber and North Yorkshire Integrated Care Board,Female,,,,CVDP001HYP,Prevalence of GP recorded hypertension,Hypertension: Prevalence (CVDP001HYP),18.75,Female,Sex - Age Standardised,0,,To March 2026,18.94,18.85,Numerators and Denominators are not provided for Age Standardisation.
E54000051,NHS Humber and North Yorkshire Integrated Care Board,Male,,,,CVDP001HYP,Prevalence of GP recorded hypertension,Hypertension: Prevalence (CVDP001HYP),20.78,Male,Sex - Age Standardised,0,,To March 2026,20.99,20.89,Numerators and Denominators are not provided for Age Standardisation.
E54000051,NHS Humber and North Yorkshire Integrated Care Board,Persons,,,,CVDP001HYP,Prevalence of GP recorded hypertension,Hypertension: Prevalence (CVDP001HYP),19.82,Persons,Sex - Age Standardised,0,,To March 2026,19.96,19.89,Numerators and Denominators are not provided for Age Standardisation.
E54000051,NHS Humber and North Yorkshire Integrated Care Board,Persons,,,,CVDP001HYP,Prevalence of GP recorded hypertension,Hypertension: Prevalence (CVDP001HYP),24.79,1 - most deprived,Deprivation quintile - Age Standardised,0,,To March 2026,25.24,25.01,Numerators and Denominators are not provided for Age Standardisation.
E54000051,NHS Humber and North Yorkshire Integrated Care Board,Persons,,,,CVDP001HYP,Prevalence of GP recorded hypertension,Hypertension: Prevalence (CVDP001HYP),22.89,2,Deprivation quintile - Age Standardised,0,,To March 2026,23.32,23.11,Numerators and Denominators are not provided for Age Standardisation.
E54000051,NHS Humber and North Yorkshire Integrated Care Board,Persons,,,,CVDP001HYP,Prevalence of GP recorded hypertension,Hypertension: Prevalence (CVDP001HYP),20.98,3,Deprivation quintile - Age Standardised,0,,To March 2026,21.32,21.15,Numerators and Denominators are not provided for Age Standardisation.
E54000051,NHS Humber and North Yorkshire Integrated Care Board,Persons,,,,CVDP001HYP,Prevalence of GP recorded hypertension,Hypertension: Prevalence (CVDP001HYP),20.78,4,Deprivation quintile - Age Standardised,0,,To March 2026,21.08,20.93,Numerators and Denominators are not provided for Age Standardisation.
E54000051,NHS Humber and North Yorkshire Integrated Care Board,Persons,,,,CVDP001HYP,Prevalence of GP recorded hypertension,Hypertension: Prevalence (CVDP001HYP),19.74,5 - least deprived,Deprivation quintile - Age Standardised,0,,To March 2026,20.02,19.88,Numerators and Denominators are not provided for Age Standardisation.
E54000032,NHS Kent and Medway Integrated Care Board,Persons,1605015.0,,,CVDP001HYP,Prevalence of GP recorded hypertension,Hypertension: Prevalence (CVDP001HYP),20.09,Persons,Sex,0,323420.0,To March 2026,20.21,20.15,
E54000032,NHS Kent and Medway Integrated Care Board,Female,820655.0,,,CVDP001HYP,Prevalence of GP recorded hypertension,Hypertension: Prevalence (CVDP001HYP),19.53,Female,Sex,0,161000.0,To March 2026,19.7,19.62,
E54000032,NHS Kent and Medway Integrated Care Board,Male,784360.0,,,CVDP001HYP,Prevalence of GP recorded hypertension,Hypertension: Prevalence (CVDP001HYP),20.62,Male,Sex,0,162420.0,To March 2026,20.8,20.71,
E54000032,NHS Kent and Medway Integrated Care Board,Male,273155.0,,,CVDP001HYP,Prevalence of GP recorded hypertension,Hypertension: Prevalence (CVDP001HYP),1.46,18-39,Age group,0,4110.0,To March 2026,1.55,1.51,
E54000032,NHS Kent and Medway Integrated Care Board,Female,273755.0,,,CVDP001HYP,Prevalence of GP recorded hypertension,Hypertension: Prevalence (CVDP001HYP),1.38,18-39,Age group,0,3910.0,To March 2026,1.47,1.43,
E54000032,NHS Kent and Medway Integrated Care Board,Persons,546910.0,,,CVDP001HYP,Prevalence of GP recorded hypertension,Hypertension: Prevalence (CVDP001HYP),1.44,18-39,Age group,0,8025.0,To March 2026,1.5,1.47,
E54000032,NHS Kent and Medway Integrated Care Board,Male,262935.0,,,CVDP001HYP,Prevalence of GP recorded hypertension,Hypertension: Prevalence (CVDP001HYP),16.03,40-59,Age group,0,42510.0,To March 2026,16.31,16.17,
E54000032,NHS Kent and Medway Integrated Care Board,Female,264855.0,,,CVDP001HYP,Prevalence of GP recorded hypertension,Hypertension: Prevalence (CVDP001HYP),12.98,40-59,Age group,0,34725.0,To March 2026,13.24,13.11,
E54000032,NHS Kent and Medway Integrated Care Board,Persons,527785.0,,,CVDP001HYP,Prevalence of GP recorded hypertension,Hypertension: Prevalence (CVDP001HYP),14.54,40-59,Age group,0,77235.0,To March 2026,14.73,14.63,
E54000032,NHS Kent and Medway Integrated Care Board,Male,200920.0,,,CVDP001HYP,Prevalence of GP recorded hypertension,Hypertension: Prevalence (CVDP001HYP),43.43,60-79,Age group,0,87690.0,To March 2026,43.86,43.64,
E54000032,NHS Kent and Medway Integrated Care Board,Female,216165.0,,,CVDP001HYP,Prevalence of GP recorded hypertension,Hypertension: Prevalence (CVDP001HYP),37.38,60-79,Age group,0,81235.0,To March 2026,37.78,37.58,
E54000032,NHS Kent and Medway Integrated Care Board,Persons,417085.0,,,CVDP001HYP,Prevalence of GP recorded hypertension,Hypertension: Prevalence (CVDP001HYP),40.35,60-79,Age group,0,168920.0,To March 2026,40.65,40.5,
E54000032,NHS Kent and Medway Integrated Care Board,Male,47355.0,,,CVDP001HYP,Prevalence of GP recorded hypertension,Hypertension: Prevalence (CVDP001HYP),58.93,80+,Age group,0,28115.0,To March 2026,59.81,59.37,
E54000032,NHS Kent and Medway Integrated Care Board,Female,65880.0,,,CVDP001HYP,Prevalence of GP recorded hypertension,Hypertension: Prevalence (CVDP001HYP),62.06,80+,Age group,0,41130.0,To March 2026,62.8,62.43,
E54000032,NHS Kent and Medway Integrated Care Board,Persons,113235.0,,,CVDP001HYP,Prevalence of GP recorded hypertension,Hypertension: Prevalence (CVDP001HYP),60.87,80+,Age group,0,69240.0,To March 2026,61.43,61.15,
E54000032,NHS Kent and Medway Integrated Care Board,Persons,244345.0,,,CVDP001HYP,Prevalence of GP recorded hypertension,Hypertension: Prevalence (CVDP001HYP),18.69,1 - most deprived,Deprivation quintile,0,46055.0,To March 2026,19.0,18.85,
E54000032,NHS Kent and Medway Integrated Care Board,Persons,285410.0,,,CVDP001HYP,Prevalence of GP recorded hypertension,Hypertension: Prevalence (CVDP001HYP),22.23,2,Deprivation quintile,0,63890.0,To March 2026,22.54,22.38,
E54000032,NHS Kent and Medway Integrated Care Board,Persons,352480.0,,,CVDP001HYP,Prevalence of GP recorded hypertension,Hypertension: Prevalence (CVDP001HYP),22.31,3,Deprivation quintile,0,79135.0,To March 2026,22.59,22.45,
E54000032,NHS Kent and Medway Integrated Care Board,Persons,348225.0,,,CVDP001HYP,Prevalence of GP recorded hypertension,Hypertension: Prevalence (CVDP001HYP),22.25,4,Deprivation quintile,0,77975.0,To March 2026,22.53,22.39,
E54000032,NHS Kent and Medway Integrated Care Board,Persons,262775.0,,,CVDP001HYP,Prevalence of GP recorded hypertension,Hypertension: Prevalence (CVDP001HYP),21.21,5 - least deprived,Deprivation quintile,0,56145.0,To March 2026,21.52,21.37,
E54000032,NHS Kent and Medway Integrated Care Board,Female,,,,CVDP001HYP,Prevalence of GP recorded hypertension,Hypertension: Prevalence (CVDP001HYP),18.19,Female,Sex - Age Standardised,0,,To March 2026,18.37,18.27,Numerators and Denominators are not provided for Age Standardisation.
E54000032,NHS Kent and Medway Integrated Care Board,Male,,,,CVDP001HYP,Prevalence of GP recorded hypertension,Hypertension: Prevalence (CVDP001HYP),20.73,Male,Sex - Age Standardised,0,,To March 2026,20.93,20.83,Numerators and Denominators are not provided for Age Standardisation.
E54000032,NHS Kent and Medway Integrated Care Board,Persons,,,,CVDP001HYP,Prevalence of GP recorded hypertension,Hypertension: Prevalence (CVDP001HYP),19.48,Persons,Sex - Age Standardised,0,,To March 2026,19.62,19.55,Numerators and Denominators are not provided for Age Standardisation.
E54000032,NHS Kent and Medway Integrated Care Board,Persons,,,,CVDP001HYP,Prevalence of GP recorded hypertension,Hypertension: Prevalence (CVDP001HYP),23.2,1 - most deprived,Deprivation quintile - Age Standardised,0,,To March 2026,23.64,23.42,Numerators and Denominators are not provided for Age Standardisation.
E54000032,NHS Kent and Medway Integrated Care Board,Persons,,,,CVDP001HYP,Prevalence of GP recorded hypertension,Hypertension: Prevalence (CVDP001HYP),22.48,2,Deprivation quintile - Age Standardised,0,,To March 2026,22.84,22.66,Numerators and Denominators are not provided for Age Standardisation.
E54000032,NHS Kent and Medway Integrated Care Board,Persons,,,,CVDP001HYP,Prevalence of GP recorded hypertension,Hypertension: Prevalence (CVDP001HYP),20.77,3,Deprivation quintile - Age Standardised,0,,To March 2026,21.07,20.92,Numerators and Denominators are not provided for Age Standardisation.
E54000032,NHS Kent and Medway Integrated Care Board,Persons,,,,CVDP001HYP,Prevalence of GP recorded hypertension,Hypertension: Prevalence (CVDP001HYP),19.82,4,Deprivation quintile - Age Standardised,0,,To March 2026,20.1,19.96,Numerators and Denominators are not provided for Age Standardisation.
E54000032,NHS Kent and Medway Integrated Care Board,Persons,,,,CVDP001HYP,Prevalence of GP recorded hypertension,Hypertension: Prevalence (CVDP001HYP),18.17,5 - least deprived,Deprivation quintile - Age Standardised,0,,To March 2026,18.48,18.33,Numerators and Denominators are not provided for Age Standardisation.
E54000048,NHS Lancashire and South Cumbria Integrated Care Board,Persons,1481555.0,,,CVDP001HYP,Prevalence of GP recorded hypertension,Hypertension: Prevalence (CVDP001HYP),21.12,Persons,Sex,0,313880.0,To March 2026,21.25,21.19,
E54000048,NHS Lancashire and South Cumbria Integrated Care Board,Female,742580.0,,,CVDP001HYP,Prevalence of GP recorded hypertension,Hypertension: Prevalence (CVDP001HYP),20.93,Female,Sex,0,156100.0,To March 2026,21.11,21.02,
E54000048,NHS Lancashire and South Cumbria Integrated Care Board,Male,738975.0,,,CVDP001HYP,Prevalence of GP recorded hypertension,Hypertension: Prevalence (CVDP001HYP),21.26,Male,Sex,0,157780.0,To March 2026,21.44,21.35,
E54000048,NHS Lancashire and South Cumbria Integrated Care Board,Male,261350.0,,,CVDP001HYP,Prevalence of GP recorded hypertension,Hypertension: Prevalence (CVDP001HYP),1.37,18-39,Age group,0,3705.0,To March 2026,1.46,1.42,
E54000048,NHS Lancashire and South Cumbria Integrated Care Board,Female,250055.0,,,CVDP001HYP,Prevalence of GP recorded hypertension,Hypertension: Prevalence (CVDP001HYP),1.28,18-39,Age group,0,3320.0,To March 2026,1.37,1.33,
E54000048,NHS Lancashire and South Cumbria Integrated Care Board,Persons,511405.0,,,CVDP001HYP,Prevalence of GP recorded hypertension,Hypertension: Prevalence (CVDP001HYP),1.34,18-39,Age group,0,7025.0,To March 2026,1.41,1.37,
E54000048,NHS Lancashire and South Cumbria Integrated Care Board,Male,234865.0,,,CVDP001HYP,Prevalence of GP recorded hypertension,Hypertension: Prevalence (CVDP001HYP),16.74,40-59,Age group,0,39675.0,To March 2026,17.05,16.89,
E54000048,NHS Lancashire and South Cumbria Integrated Care Board,Female,227375.0,,,CVDP001HYP,Prevalence of GP recorded hypertension,Hypertension: Prevalence (CVDP001HYP),14.54,40-59,Age group,0,33385.0,To March 2026,14.83,14.68,
E54000048,NHS Lancashire and South Cumbria Integrated Care Board,Persons,462240.0,,,CVDP001HYP,Prevalence of GP recorded hypertension,Hypertension: Prevalence (CVDP001HYP),15.7,40-59,Age group,0,73065.0,To March 2026,15.91,15.81,
E54000048,NHS Lancashire and South Cumbria Integrated Care Board,Male,199120.0,,,CVDP001HYP,Prevalence of GP recorded hypertension,Hypertension: Prevalence (CVDP001HYP),44.39,60-79,Age group,0,88820.0,To March 2026,44.82,44.61,
E54000048,NHS Lancashire and South Cumbria Integrated Care Board,Female,205825.0,,,CVDP001HYP,Prevalence of GP recorded hypertension,Hypertension: Prevalence (CVDP001HYP),39.5,60-79,Age group,0,81735.0,To March 2026,39.92,39.71,
E54000048,NHS Lancashire and South Cumbria Integrated Care Board,Persons,404945.0,,,CVDP001HYP,Prevalence of GP recorded hypertension,Hypertension: Prevalence (CVDP001HYP),41.97,60-79,Age group,0,170555.0,To March 2026,42.27,42.12,
E54000048,NHS Lancashire and South Cumbria Integrated Care Board,Male,43640.0,,,CVDP001HYP,Prevalence of GP recorded hypertension,Hypertension: Prevalence (CVDP001HYP),58.14,80+,Age group,0,25575.0,To March 2026,59.07,58.61,
E54000048,NHS Lancashire and South Cumbria Integrated Care Board,Female,59325.0,,,CVDP001HYP,Prevalence of GP recorded hypertension,Hypertension: Prevalence (CVDP001HYP),63.09,80+,Age group,0,37660.0,To March 2026,63.86,63.48,
E54000048,NHS Lancashire and South Cumbria Integrated Care Board,Persons,102965.0,,,CVDP001HYP,Prevalence of GP recorded hypertension,Hypertension: Prevalence (CVDP001HYP),61.12,80+,Age group,0,63235.0,To March 2026,61.71,61.41,
E54000048,NHS Lancashire and South Cumbria Integrated Care Board,Persons,436365.0,,,CVDP001HYP,Prevalence of GP recorded hypertension,Hypertension: Prevalence (CVDP001HYP),18.38,1 - most deprived,Deprivation quintile,0,80695.0,To March 2026,18.61,18.49,
E54000048,NHS Lancashire and South Cumbria Integrated Care Board,Persons,273370.0,,,CVDP001HYP,Prevalence of GP recorded hypertension,Hypertension: Prevalence (CVDP001HYP),21.79,2,Deprivation quintile,0,59990.0,To March 2026,22.1,21.95,
E54000048,NHS Lancashire and South Cumbria Integrated Care Board,Persons,225710.0,,,CVDP001HYP,Prevalence of GP recorded hypertension,Hypertension: Prevalence (CVDP001HYP),22.85,3,Deprivation quintile,0,51970.0,To March 2026,23.2,23.03,
E54000048,NHS Lancashire and South Cumbria Integrated Care Board,Persons,299210.0,,,CVDP001HYP,Prevalence of GP recorded hypertension,Hypertension: Prevalence (CVDP001HYP),24.0,4,Deprivation quintile,0,72255.0,To March 2026,24.3,24.15,
E54000048,NHS Lancashire and South Cumbria Integrated Care Board,Persons,212845.0,,,CVDP001HYP,Prevalence of GP recorded hypertension,Hypertension: Prevalence (CVDP001HYP),23.92,5 - least deprived,Deprivation quintile,0,51295.0,To March 2026,24.28,24.1,
E54000048,NHS Lancashire and South Cumbria Integrated Care Board,Female,,,,CVDP001HYP,Prevalence of GP recorded hypertension,Hypertension: Prevalence (CVDP001HYP),19.25,Female,Sex - Age Standardised,0,,To March 2026,19.44,19.34,Numerators and Denominators are not provided for Age Standardisation.
E54000048,NHS Lancashire and South Cumbria Integrated Care Board,Male,,,,CVDP001HYP,Prevalence of GP recorded hypertension,Hypertension: Prevalence (CVDP001HYP),21.06,Male,Sex - Age Standardised,0,,To March 2026,21.27,21.16,Numerators and Denominators are not provided for Age Standardisation.
E54000048,NHS Lancashire and South Cumbria Integrated Care Board,Persons,,,,CVDP001HYP,Prevalence of GP recorded hypertension,Hypertension: Prevalence (CVDP001HYP),20.21,Persons,Sex - Age Standardised,0,,To March 2026,20.35,20.28,Numerators and Denominators are not provided for Age Standardisation.
E54000048,NHS Lancashire and South Cumbria Integrated Care Board,Persons,,,,CVDP001HYP,Prevalence of GP recorded hypertension,Hypertension: Prevalence (CVDP001HYP),24.22,1 - most deprived,Deprivation quintile - Age Standardised,0,,To March 2026,24.56,24.39,Numerators and Denominators are not provided for Age Standardisation.
E54000048,NHS Lancashire and South Cumbria Integrated Care Board,Persons,,,,CVDP001HYP,Prevalence of GP recorded hypertension,Hypertension: Prevalence (CVDP001HYP),22.11,2,Deprivation quintile - Age Standardised,0,,To March 2026,22.47,22.29,Numerators and Denominators are not provided for Age Standardisation.
E54000048,NHS Lancashire and South Cumbria Integrated Care Board,Persons,,,,CVDP001HYP,Prevalence of GP recorded hypertension,Hypertension: Prevalence (CVDP001HYP),20.04,3,Deprivation quintile - Age Standardised,0,,To March 2026,20.4,20.22,Numerators and Denominators are not provided for Age Standardisation.
E54000048,NHS Lancashire and South Cumbria Integrated Care Board,Persons,,,,CVDP001HYP,Prevalence of GP recorded hypertension,Hypertension: Prevalence (CVDP001HYP),20.07,4,Deprivation quintile - Age Standardised,0,,To March 2026,20.38,20.22,Numerators and Denominators are not provided for Age Standardisation.
E54000048,NHS Lancashire and South Cumbria Integrated Care Board,Persons,,,,CVDP001HYP,Prevalence of GP recorded hypertension,Hypertension: Prevalence (CVDP001HYP),19.12,5 - least deprived,Deprivation quintile - Age Standardised,0,,To March 2026,19.47,19.29,Numerators and Denominators are not provided for Age Standardisation.
E54000015,"NHS Leicester, Leicestershire and Rutland Integrated Care Board",Persons,989130.0,,,CVDP001HYP,Prevalence of GP recorded hypertension,Hypertension: Prevalence (CVDP001HYP),19.69,Persons,Sex,0,195505.0,To March 2026,19.84,19.77,
E54000015,"NHS Leicester, Leicestershire and Rutland Integrated Care Board",Female,491060.0,,,CVDP001HYP,Prevalence of GP recorded hypertension,Hypertension: Prevalence (CVDP001HYP),19.49,Female,Sex,0,96275.0,To March 2026,19.72,19.61,
E54000015,"NHS Leicester, Leicestershire and Rutland Integrated Care Board",Male,498070.0,,,CVDP001HYP,Prevalence of GP recorded hypertension,Hypertension: Prevalence (CVDP001HYP),19.81,Male,Sex,0,99230.0,To March 2026,20.03,19.92,
E54000015,"NHS Leicester, Leicestershire and Rutland Integrated Care Board",Male,197815.0,,,CVDP001HYP,Prevalence of GP recorded hypertension,Hypertension: Prevalence (CVDP001HYP),1.3,18-39,Age group,0,2675.0,To March 2026,1.4,1.35,
E54000015,"NHS Leicester, Leicestershire and Rutland Integrated Care Board",Female,182080.0,,,CVDP001HYP,Prevalence of GP recorded hypertension,Hypertension: Prevalence (CVDP001HYP),1.27,18-39,Age group,0,2415.0,To March 2026,1.38,1.33,
E54000015,"NHS Leicester, Leicestershire and Rutland Integrated Care Board",Persons,379900.0,,,CVDP001HYP,Prevalence of GP recorded hypertension,Hypertension: Prevalence (CVDP001HYP),1.3,18-39,Age group,0,5090.0,To March 2026,1.38,1.34,
E54000015,"NHS Leicester, Leicestershire and Rutland Integrated Care Board",Male,158895.0,,,CVDP001HYP,Prevalence of GP recorded hypertension,Hypertension: Prevalence (CVDP001HYP),16.71,40-59,Age group,0,26845.0,To March 2026,17.08,16.9,
E54000015,"NHS Leicester, Leicestershire and Rutland Integrated Care Board",Female,153160.0,,,CVDP001HYP,Prevalence of GP recorded hypertension,Hypertension: Prevalence (CVDP001HYP),14.09,40-59,Age group,0,21850.0,To March 2026,14.44,14.26,
E54000015,"NHS Leicester, Leicestershire and Rutland Integrated Care Board",Persons,312055.0,,,CVDP001HYP,Prevalence of GP recorded hypertension,Hypertension: Prevalence (CVDP001HYP),15.48,40-59,Age group,0,48695.0,To March 2026,15.73,15.6,
E54000015,"NHS Leicester, Leicestershire and Rutland Integrated Care Board",Male,115655.0,,,CVDP001HYP,Prevalence of GP recorded hypertension,Hypertension: Prevalence (CVDP001HYP),45.95,60-79,Age group,0,53480.0,To March 2026,46.53,46.24,
E54000015,"NHS Leicester, Leicestershire and Rutland Integrated Care Board",Female,121175.0,,,CVDP001HYP,Prevalence of GP recorded hypertension,Hypertension: Prevalence (CVDP001HYP),40.32,60-79,Age group,0,49190.0,To March 2026,40.87,40.59,
E54000015,"NHS Leicester, Leicestershire and Rutland Integrated Care Board",Persons,236835.0,,,CVDP001HYP,Prevalence of GP recorded hypertension,Hypertension: Prevalence (CVDP001HYP),43.15,60-79,Age group,0,102670.0,To March 2026,43.55,43.35,
E54000015,"NHS Leicester, Leicestershire and Rutland Integrated Care Board",Male,25705.0,,,CVDP001HYP,Prevalence of GP recorded hypertension,Hypertension: Prevalence (CVDP001HYP),62.55,80+,Age group,0,16230.0,To March 2026,63.73,63.14,
E54000015,"NHS Leicester, Leicestershire and Rutland Integrated Care Board",Female,34640.0,,,CVDP001HYP,Prevalence of GP recorded hypertension,Hypertension: Prevalence (CVDP001HYP),65.38,80+,Age group,0,22820.0,To March 2026,66.37,65.88,
E54000015,"NHS Leicester, Leicestershire and Rutland Integrated Care Board",Persons,60345.0,,,CVDP001HYP,Prevalence of GP recorded hypertension,Hypertension: Prevalence (CVDP001HYP),64.33,80+,Age group,0,39050.0,To March 2026,65.09,64.71,
E54000015,"NHS Leicester, Leicestershire and Rutland Integrated Care Board",Persons,118315.0,,,CVDP001HYP,Prevalence of GP recorded hypertension,Hypertension: Prevalence (CVDP001HYP),18.76,1 - most deprived,Deprivation quintile,0,22460.0,To March 2026,19.21,18.98,
E54000015,"NHS Leicester, Leicestershire and Rutland Integrated Care Board",Persons,172360.0,,,CVDP001HYP,Prevalence of GP recorded hypertension,Hypertension: Prevalence (CVDP001HYP),19.17,2,Deprivation quintile,0,33365.0,To March 2026,19.54,19.36,
E54000015,"NHS Leicester, Leicestershire and Rutland Integrated Care Board",Persons,155960.0,,,CVDP001HYP,Prevalence of GP recorded hypertension,Hypertension: Prevalence (CVDP001HYP),21.05,3,Deprivation quintile,0,33140.0,To March 2026,21.45,21.25,
E54000015,"NHS Leicester, Leicestershire and Rutland Integrated Care Board",Persons,230155.0,,,CVDP001HYP,Prevalence of GP recorded hypertension,Hypertension: Prevalence (CVDP001HYP),22.79,4,Deprivation quintile,0,52840.0,To March 2026,23.13,22.96,
E54000015,"NHS Leicester, Leicestershire and Rutland Integrated Care Board",Persons,241220.0,,,CVDP001HYP,Prevalence of GP recorded hypertension,Hypertension: Prevalence (CVDP001HYP),22.79,5 - least deprived,Deprivation quintile,0,55390.0,To March 2026,23.13,22.96,
E54000015,"NHS Leicester, Leicestershire and Rutland Integrated Care Board",Female,,,,CVDP001HYP,Prevalence of GP recorded hypertension,Hypertension: Prevalence (CVDP001HYP),19.59,Female,Sex - Age Standardised,0,,To March 2026,19.84,19.71,Numerators and Denominators are not provided for Age Standardisation.
E54000015,"NHS Leicester, Leicestershire and Rutland Integrated Care Board",Male,,,,CVDP001HYP,Prevalence of GP recorded hypertension,Hypertension: Prevalence (CVDP001HYP),21.9,Male,Sex - Age Standardised,0,,To March 2026,22.17,22.03,Numerators and Denominators are not provided for Age Standardisation.
E54000015,"NHS Leicester, Leicestershire and Rutland Integrated Care Board",Persons,,,,CVDP001HYP,Prevalence of GP recorded hypertension,Hypertension: Prevalence (CVDP001HYP),20.79,Persons,Sex - Age Standardised,0,,To March 2026,20.98,20.88,Numerators and Denominators are not provided for Age Standardisation.
E54000015,"NHS Leicester, Leicestershire and Rutland Integrated Care Board",Persons,,,,CVDP001HYP,Prevalence of GP recorded hypertension,Hypertension: Prevalence (CVDP001HYP),27.76,1 - most deprived,Deprivation quintile - Age Standardised,0,,To March 2026,28.52,28.14,Numerators and Denominators are not provided for Age Standardisation.
E54000015,"NHS Leicester, Leicestershire and Rutland Integrated Care Board",Persons,,,,CVDP001HYP,Prevalence of GP recorded hypertension,Hypertension: Prevalence (CVDP001HYP),25.1,2,Deprivation quintile - Age Standardised,0,,To March 2026,25.65,25.37,Numerators and Denominators are not provided for Age Standardisation.
E54000015,"NHS Leicester, Leicestershire and Rutland Integrated Care Board",Persons,,,,CVDP001HYP,Prevalence of GP recorded hypertension,Hypertension: Prevalence (CVDP001HYP),22.11,3,Deprivation quintile - Age Standardised,0,,To March 2026,22.6,22.35,Numerators and Denominators are not provided for Age Standardisation.
E54000015,"NHS Leicester, Leicestershire and Rutland Integrated Care Board",Persons,,,,CVDP001HYP,Prevalence of GP recorded hypertension,Hypertension: Prevalence (CVDP001HYP),20.68,4,Deprivation quintile - Age Standardised,0,,To March 2026,21.05,20.86,Numerators and Denominators are not provided for Age Standardisation.
E54000015,"NHS Leicester, Leicestershire and Rutland Integrated Care Board",Persons,,,,CVDP001HYP,Prevalence of GP recorded hypertension,Hypertension: Prevalence (CVDP001HYP),19.56,5 - least deprived,Deprivation quintile - Age Standardised,0,,To March 2026,19.9,19.73,Numerators and Denominators are not provided for Age Standardisation.
E54000013,NHS Lincolnshire Integrated Care Board,Persons,658195.0,,,CVDP001HYP,Prevalence of GP recorded hypertension,Hypertension: Prevalence (CVDP001HYP),22.85,Persons,Sex,0,151080.0,To March 2026,23.06,22.95,
E54000013,NHS Lincolnshire Integrated Care Board,Female,333800.0,,,CVDP001HYP,Prevalence of GP recorded hypertension,Hypertension: Prevalence (CVDP001HYP),22.54,Female,Sex,0,75700.0,To March 2026,22.82,22.68,
E54000013,NHS Lincolnshire Integrated Care Board,Male,324390.0,,,CVDP001HYP,Prevalence of GP recorded hypertension,Hypertension: Prevalence (CVDP001HYP),23.09,Male,Sex,0,75380.0,To March 2026,23.38,23.24,
E54000013,NHS Lincolnshire Integrated Care Board,Male,103775.0,,,CVDP001HYP,Prevalence of GP recorded hypertension,Hypertension: Prevalence (CVDP001HYP),1.64,18-39,Age group,0,1775.0,To March 2026,1.79,1.71,
E54000013,NHS Lincolnshire Integrated Care Board,Female,99935.0,,,CVDP001HYP,Prevalence of GP recorded hypertension,Hypertension: Prevalence (CVDP001HYP),1.52,18-39,Age group,0,1595.0,To March 2026,1.68,1.6,
E54000013,NHS Lincolnshire Integrated Care Board,Persons,203710.0,,,CVDP001HYP,Prevalence of GP recorded hypertension,Hypertension: Prevalence (CVDP001HYP),1.6,18-39,Age group,0,3375.0,To March 2026,1.71,1.66,
E54000013,NHS Lincolnshire Integrated Care Board,Male,100090.0,,,CVDP001HYP,Prevalence of GP recorded hypertension,Hypertension: Prevalence (CVDP001HYP),16.8,40-59,Age group,0,17045.0,To March 2026,17.26,17.03,
E54000013,NHS Lincolnshire Integrated Care Board,Female,101025.0,,,CVDP001HYP,Prevalence of GP recorded hypertension,Hypertension: Prevalence (CVDP001HYP),14.23,40-59,Age group,0,14590.0,To March 2026,14.66,14.44,
E54000013,NHS Lincolnshire Integrated Care Board,Persons,201115.0,,,CVDP001HYP,Prevalence of GP recorded hypertension,Hypertension: Prevalence (CVDP001HYP),15.57,40-59,Age group,0,31635.0,To March 2026,15.89,15.73,
E54000013,NHS Lincolnshire Integrated Care Board,Male,96710.0,,,CVDP001HYP,Prevalence of GP recorded hypertension,Hypertension: Prevalence (CVDP001HYP),43.57,60-79,Age group,0,42435.0,To March 2026,44.19,43.88,
E54000013,NHS Lincolnshire Integrated Care Board,Female,101965.0,,,CVDP001HYP,Prevalence of GP recorded hypertension,Hypertension: Prevalence (CVDP001HYP),38.94,60-79,Age group,0,40010.0,To March 2026,39.54,39.24,
E54000013,NHS Lincolnshire Integrated Care Board,Persons,198675.0,,,CVDP001HYP,Prevalence of GP recorded hypertension,Hypertension: Prevalence (CVDP001HYP),41.28,60-79,Age group,0,82445.0,To March 2026,41.71,41.5,
E54000013,NHS Lincolnshire Integrated Care Board,Male,23820.0,,,CVDP001HYP,Prevalence of GP recorded hypertension,Hypertension: Prevalence (CVDP001HYP),58.66,80+,Age group,0,14120.0,To March 2026,59.9,59.28,
E54000013,NHS Lincolnshire Integrated Care Board,Female,30875.0,,,CVDP001HYP,Prevalence of GP recorded hypertension,Hypertension: Prevalence (CVDP001HYP),62.64,80+,Age group,0,19505.0,To March 2026,63.71,63.18,
E54000013,NHS Lincolnshire Integrated Care Board,Persons,54695.0,,,CVDP001HYP,Prevalence of GP recorded hypertension,Hypertension: Prevalence (CVDP001HYP),61.07,80+,Age group,0,33625.0,To March 2026,61.89,61.48,
E54000013,NHS Lincolnshire Integrated Care Board,Persons,97455.0,,,CVDP001HYP,Prevalence of GP recorded hypertension,Hypertension: Prevalence (CVDP001HYP),22.75,1 - most deprived,Deprivation quintile,0,22425.0,To March 2026,23.28,23.01,
E54000013,NHS Lincolnshire Integrated Care Board,Persons,147250.0,,,CVDP001HYP,Prevalence of GP recorded hypertension,Hypertension: Prevalence (CVDP001HYP),22.98,2,Deprivation quintile,0,34155.0,To March 2026,23.41,23.2,
E54000013,NHS Lincolnshire Integrated Care Board,Persons,130520.0,,,CVDP001HYP,Prevalence of GP recorded hypertension,Hypertension: Prevalence (CVDP001HYP),24.45,3,Deprivation quintile,0,32225.0,To March 2026,24.92,24.69,
E54000013,NHS Lincolnshire Integrated Care Board,Persons,136420.0,,,CVDP001HYP,Prevalence of GP recorded hypertension,Hypertension: Prevalence (CVDP001HYP),24.79,4,Deprivation quintile,0,34125.0,To March 2026,25.25,25.02,
E54000013,NHS Lincolnshire Integrated Care Board,Persons,104965.0,,,CVDP001HYP,Prevalence of GP recorded hypertension,Hypertension: Prevalence (CVDP001HYP),26.19,5 - least deprived,Deprivation quintile,0,27770.0,To March 2026,26.73,26.46,
E54000013,NHS Lincolnshire Integrated Care Board,Female,,,,CVDP001HYP,Prevalence of GP recorded hypertension,Hypertension: Prevalence (CVDP001HYP),18.92,Female,Sex - Age Standardised,0,,To March 2026,19.2,19.06,Numerators and Denominators are not provided for Age Standardisation.
E54000013,NHS Lincolnshire Integrated Care Board,Male,,,,CVDP001HYP,Prevalence of GP recorded hypertension,Hypertension: Prevalence (CVDP001HYP),20.85,Male,Sex - Age Standardised,0,,To March 2026,21.16,21.0,Numerators and Denominators are not provided for Age Standardisation.
E54000013,NHS Lincolnshire Integrated Care Board,Persons,,,,CVDP001HYP,Prevalence of GP recorded hypertension,Hypertension: Prevalence (CVDP001HYP),19.93,Persons,Sex - Age Standardised,0,,To March 2026,20.14,20.04,Numerators and Denominators are not provided for Age Standardisation.
E54000013,NHS Lincolnshire Integrated Care Board,Persons,,,,CVDP001HYP,Prevalence of GP recorded hypertension,Hypertension: Prevalence (CVDP001HYP),23.54,1 - most deprived,Deprivation quintile - Age Standardised,0,,To March 2026,24.18,23.86,Numerators and Denominators are not provided for Age Standardisation.
E54000013,NHS Lincolnshire Integrated Care Board,Persons,,,,CVDP001HYP,Prevalence of GP recorded hypertension,Hypertension: Prevalence (CVDP001HYP),21.04,2,Deprivation quintile - Age Standardised,0,,To March 2026,21.5,21.27,Numerators and Denominators are not provided for Age Standardisation.
E54000013,NHS Lincolnshire Integrated Care Board,Persons,,,,CVDP001HYP,Prevalence of GP recorded hypertension,Hypertension: Prevalence (CVDP001HYP),21.08,3,Deprivation quintile - Age Standardised,0,,To March 2026,21.56,21.32,Numerators and Denominators are not provided for Age Standardisation.
E54000013,NHS Lincolnshire Integrated Care Board,Persons,,,,CVDP001HYP,Prevalence of GP recorded hypertension,Hypertension: Prevalence (CVDP001HYP),21.52,4,Deprivation quintile - Age Standardised,0,,To March 2026,22.0,21.76,Numerators and Denominators are not provided for Age Standardisation.
E54000013,NHS Lincolnshire Integrated Care Board,Persons,,,,CVDP001HYP,Prevalence of GP recorded hypertension,Hypertension: Prevalence (CVDP001HYP),20.4,5 - least deprived,Deprivation quintile - Age Standardised,0,,To March 2026,20.9,20.65,Numerators and Denominators are not provided for Age Standardisation.
E54000026,NHS Mid and South Essex Integrated Care Board,Persons,1020285.0,,,CVDP001HYP,Prevalence of GP recorded hypertension,Hypertension: Prevalence (CVDP001HYP),19.28,Persons,Sex,0,197540.0,To March 2026,19.44,19.36,
E54000026,NHS Mid and South Essex Integrated Care Board,Female,520880.0,,,CVDP001HYP,Prevalence of GP recorded hypertension,Hypertension: Prevalence (CVDP001HYP),18.85,Female,Sex,0,98760.0,To March 2026,19.07,18.96,
E54000026,NHS Mid and South Essex Integrated Care Board,Male,499405.0,,,CVDP001HYP,Prevalence of GP recorded hypertension,Hypertension: Prevalence (CVDP001HYP),19.67,Male,Sex,0,98780.0,To March 2026,19.89,19.78,
E54000026,NHS Mid and South Essex Integrated Care Board,Male,174085.0,,,CVDP001HYP,Prevalence of GP recorded hypertension,Hypertension: Prevalence (CVDP001HYP),1.3,18-39,Age group,0,2360.0,To March 2026,1.41,1.36,
E54000026,NHS Mid and South Essex Integrated Care Board,Female,174740.0,,,CVDP001HYP,Prevalence of GP recorded hypertension,Hypertension: Prevalence (CVDP001HYP),1.29,18-39,Age group,0,2355.0,To March 2026,1.4,1.35,
E54000026,NHS Mid and South Essex Integrated Care Board,Persons,348825.0,,,CVDP001HYP,Prevalence of GP recorded hypertension,Hypertension: Prevalence (CVDP001HYP),1.31,18-39,Age group,0,4710.0,To March 2026,1.39,1.35,
E54000026,NHS Mid and South Essex Integrated Care Board,Male,170865.0,,,CVDP001HYP,Prevalence of GP recorded hypertension,Hypertension: Prevalence (CVDP001HYP),15.14,40-59,Age group,0,26150.0,To March 2026,15.48,15.31,
E54000026,NHS Mid and South Essex Integrated Care Board,Female,169780.0,,,CVDP001HYP,Prevalence of GP recorded hypertension,Hypertension: Prevalence (CVDP001HYP),12.45,40-59,Age group,0,21405.0,To March 2026,12.77,12.61,
E54000026,NHS Mid and South Essex Integrated Care Board,Persons,340645.0,,,CVDP001HYP,Prevalence of GP recorded hypertension,Hypertension: Prevalence (CVDP001HYP),13.85,40-59,Age group,0,47560.0,To March 2026,14.08,13.96,
E54000026,NHS Mid and South Essex Integrated Care Board,Male,124785.0,,,CVDP001HYP,Prevalence of GP recorded hypertension,Hypertension: Prevalence (CVDP001HYP),42.26,60-79,Age group,0,53085.0,To March 2026,42.81,42.54,
E54000026,NHS Mid and South Essex Integrated Care Board,Female,134195.0,,,CVDP001HYP,Prevalence of GP recorded hypertension,Hypertension: Prevalence (CVDP001HYP),36.27,60-79,Age group,0,49015.0,To March 2026,36.78,36.53,
E54000026,NHS Mid and South Essex Integrated Care Board,Persons,258980.0,,,CVDP001HYP,Prevalence of GP recorded hypertension,Hypertension: Prevalence (CVDP001HYP),39.24,60-79,Age group,0,102100.0,To March 2026,39.61,39.42,
E54000026,NHS Mid and South Essex Integrated Care Board,Male,29670.0,,,CVDP001HYP,Prevalence of GP recorded hypertension,Hypertension: Prevalence (CVDP001HYP),57.36,80+,Age group,0,17185.0,To March 2026,58.49,57.93,
E54000026,NHS Mid and South Essex Integrated Care Board,Female,42165.0,,,CVDP001HYP,Prevalence of GP recorded hypertension,Hypertension: Prevalence (CVDP001HYP),61.16,80+,Age group,0,25985.0,To March 2026,62.08,61.62,
E54000026,NHS Mid and South Essex Integrated Care Board,Persons,71835.0,,,CVDP001HYP,Prevalence of GP recorded hypertension,Hypertension: Prevalence (CVDP001HYP),59.74,80+,Age group,0,43170.0,To March 2026,60.45,60.1,
E54000026,NHS Mid and South Essex Integrated Care Board,Persons,101530.0,,,CVDP001HYP,Prevalence of GP recorded hypertension,Hypertension: Prevalence (CVDP001HYP),18.93,1 - most deprived,Deprivation quintile,0,19465.0,To March 2026,19.41,19.17,
E54000026,NHS Mid and South Essex Integrated Care Board,Persons,182035.0,,,CVDP001HYP,Prevalence of GP recorded hypertension,Hypertension: Prevalence (CVDP001HYP),19.47,2,Deprivation quintile,0,35780.0,To March 2026,19.84,19.65,
E54000026,NHS Mid and South Essex Integrated Care Board,Persons,199830.0,,,CVDP001HYP,Prevalence of GP recorded hypertension,Hypertension: Prevalence (CVDP001HYP),21.08,3,Deprivation quintile,0,42475.0,To March 2026,21.44,21.26,
E54000026,NHS Mid and South Essex Integrated Care Board,Persons,236305.0,,,CVDP001HYP,Prevalence of GP recorded hypertension,Hypertension: Prevalence (CVDP001HYP),20.48,4,Deprivation quintile,0,48780.0,To March 2026,20.81,20.64,
E54000026,NHS Mid and South Essex Integrated Care Board,Persons,261615.0,,,CVDP001HYP,Prevalence of GP recorded hypertension,Hypertension: Prevalence (CVDP001HYP),19.87,5 - least deprived,Deprivation quintile,0,52395.0,To March 2026,20.18,20.03,
E54000026,NHS Mid and South Essex Integrated Care Board,Female,,,,CVDP001HYP,Prevalence of GP recorded hypertension,Hypertension: Prevalence (CVDP001HYP),17.63,Female,Sex - Age Standardised,0,,To March 2026,17.85,17.74,Numerators and Denominators are not provided for Age Standardisation.
E54000026,NHS Mid and South Essex Integrated Care Board,Male,,,,CVDP001HYP,Prevalence of GP recorded hypertension,Hypertension: Prevalence (CVDP001HYP),20.01,Male,Sex - Age Standardised,0,,To March 2026,20.26,20.13,Numerators and Denominators are not provided for Age Standardisation.
E54000026,NHS Mid and South Essex Integrated Care Board,Persons,,,,CVDP001HYP,Prevalence of GP recorded hypertension,Hypertension: Prevalence (CVDP001HYP),18.85,Persons,Sex - Age Standardised,0,,To March 2026,19.02,18.94,Numerators and Denominators are not provided for Age Standardisation.
E54000026,NHS Mid and South Essex Integrated Care Board,Persons,,,,CVDP001HYP,Prevalence of GP recorded hypertension,Hypertension: Prevalence (CVDP001HYP),24.01,1 - most deprived,Deprivation quintile - Age Standardised,0,,To March 2026,24.7,24.35,Numerators and Denominators are not provided for Age Standardisation.
E54000026,NHS Mid and South Essex Integrated Care Board,Persons,,,,CVDP001HYP,Prevalence of GP recorded hypertension,Hypertension: Prevalence (CVDP001HYP),22.49,2,Deprivation quintile - Age Standardised,0,,To March 2026,22.97,22.73,Numerators and Denominators are not provided for Age Standardisation.
E54000026,NHS Mid and South Essex Integrated Care Board,Persons,,,,CVDP001HYP,Prevalence of GP recorded hypertension,Hypertension: Prevalence (CVDP001HYP),20.2,3,Deprivation quintile - Age Standardised,0,,To March 2026,20.6,20.4,Numerators and Denominators are not provided for Age Standardisation.
E54000026,NHS Mid and South Essex Integrated Care Board,Persons,,,,CVDP001HYP,Prevalence of GP recorded hypertension,Hypertension: Prevalence (CVDP001HYP),19.01,4,Deprivation quintile - Age Standardised,0,,To March 2026,19.36,19.18,Numerators and Denominators are not provided for Age Standardisation.
E54000026,NHS Mid and South Essex Integrated Care Board,Persons,,,,CVDP001HYP,Prevalence of GP recorded hypertension,Hypertension: Prevalence (CVDP001HYP),17.91,5 - least deprived,Deprivation quintile - Age Standardised,0,,To March 2026,18.22,18.07,Numerators and Denominators are not provided for Age Standardisation.
E54000022,Nhs Norfolk And Waveney Integrated Care Board,Persons,866015.0,,,CVDP001HYP,Prevalence of GP recorded hypertension,Hypertension: Prevalence (CVDP001HYP),21.67,Persons,Sex,0,188380.0,To March 2026,21.84,21.75,
E54000022,Nhs Norfolk And Waveney Integrated Care Board,Female,439075.0,,,CVDP001HYP,Prevalence of GP recorded hypertension,Hypertension: Prevalence (CVDP001HYP),21.48,Female,Sex,0,94865.0,To March 2026,21.73,21.61,
E54000022,Nhs Norfolk And Waveney Integrated Care Board,Male,426940.0,,,CVDP001HYP,Prevalence of GP recorded hypertension,Hypertension: Prevalence (CVDP001HYP),21.78,Male,Sex,0,93515.0,To March 2026,22.03,21.9,
E54000022,Nhs Norfolk And Waveney Integrated Care Board,Male,138010.0,,,CVDP001HYP,Prevalence of GP recorded hypertension,Hypertension: Prevalence (CVDP001HYP),1.35,18-39,Age group,0,1950.0,To March 2026,1.48,1.41,
E54000022,Nhs Norfolk And Waveney Integrated Care Board,Female,132795.0,,,CVDP001HYP,Prevalence of GP recorded hypertension,Hypertension: Prevalence (CVDP001HYP),1.24,18-39,Age group,0,1725.0,To March 2026,1.36,1.3,
E54000022,Nhs Norfolk And Waveney Integrated Care Board,Persons,270800.0,,,CVDP001HYP,Prevalence of GP recorded hypertension,Hypertension: Prevalence (CVDP001HYP),1.31,18-39,Age group,0,3675.0,To March 2026,1.4,1.36,
E54000022,Nhs Norfolk And Waveney Integrated Care Board,Male,130235.0,,,CVDP001HYP,Prevalence of GP recorded hypertension,Hypertension: Prevalence (CVDP001HYP),14.9,40-59,Age group,0,19660.0,To March 2026,15.29,15.1,
E54000022,Nhs Norfolk And Waveney Integrated Care Board,Female,128265.0,,,CVDP001HYP,Prevalence of GP recorded hypertension,Hypertension: Prevalence (CVDP001HYP),12.51,40-59,Age group,0,16280.0,To March 2026,12.88,12.69,
E54000022,Nhs Norfolk And Waveney Integrated Care Board,Persons,258495.0,,,CVDP001HYP,Prevalence of GP recorded hypertension,Hypertension: Prevalence (CVDP001HYP),13.77,40-59,Age group,0,35945.0,To March 2026,14.04,13.9,
E54000022,Nhs Norfolk And Waveney Integrated Care Board,Male,125130.0,,,CVDP001HYP,Prevalence of GP recorded hypertension,Hypertension: Prevalence (CVDP001HYP),41.73,60-79,Age group,0,52560.0,To March 2026,42.28,42.01,
E54000022,Nhs Norfolk And Waveney Integrated Care Board,Female,134130.0,,,CVDP001HYP,Prevalence of GP recorded hypertension,Hypertension: Prevalence (CVDP001HYP),36.48,60-79,Age group,0,49270.0,To March 2026,36.99,36.73,
E54000022,Nhs Norfolk And Waveney Integrated Care Board,Persons,259260.0,,,CVDP001HYP,Prevalence of GP recorded hypertension,Hypertension: Prevalence (CVDP001HYP),39.09,60-79,Age group,0,101835.0,To March 2026,39.47,39.28,
E54000022,Nhs Norfolk And Waveney Integrated Care Board,Male,33570.0,,,CVDP001HYP,Prevalence of GP recorded hypertension,Hypertension: Prevalence (CVDP001HYP),57.09,80+,Age group,0,19340.0,To March 2026,58.14,57.62,
E54000022,Nhs Norfolk And Waveney Integrated Care Board,Female,43885.0,,,CVDP001HYP,Prevalence of GP recorded hypertension,Hypertension: Prevalence (CVDP001HYP),62.4,80+,Age group,0,27585.0,To March 2026,63.3,62.85,
E54000022,Nhs Norfolk And Waveney Integrated Care Board,Persons,77455.0,,,CVDP001HYP,Prevalence of GP recorded hypertension,Hypertension: Prevalence (CVDP001HYP),60.24,80+,Age group,0,46925.0,To March 2026,60.93,60.58,
E54000022,Nhs Norfolk And Waveney Integrated Care Board,Persons,140530.0,,,CVDP001HYP,Prevalence of GP recorded hypertension,Hypertension: Prevalence (CVDP001HYP),18.06,1 - most deprived,Deprivation quintile,0,25665.0,To March 2026,18.46,18.26,
E54000022,Nhs Norfolk And Waveney Integrated Care Board,Persons,191150.0,,,CVDP001HYP,Prevalence of GP recorded hypertension,Hypertension: Prevalence (CVDP001HYP),23.44,2,Deprivation quintile,0,45170.0,To March 2026,23.82,23.63,
E54000022,Nhs Norfolk And Waveney Integrated Care Board,Persons,252975.0,,,CVDP001HYP,Prevalence of GP recorded hypertension,Hypertension: Prevalence (CVDP001HYP),25.15,3,Deprivation quintile,0,64050.0,To March 2026,25.49,25.32,
E54000022,Nhs Norfolk And Waveney Integrated Care Board,Persons,148935.0,,,CVDP001HYP,Prevalence of GP recorded hypertension,Hypertension: Prevalence (CVDP001HYP),22.35,4,Deprivation quintile,0,33610.0,To March 2026,22.78,22.57,
E54000022,Nhs Norfolk And Waveney Integrated Care Board,Persons,89925.0,,,CVDP001HYP,Prevalence of GP recorded hypertension,Hypertension: Prevalence (CVDP001HYP),23.14,5 - least deprived,Deprivation quintile,0,21060.0,To March 2026,23.7,23.42,
E54000022,Nhs Norfolk And Waveney Integrated Care Board,Female,,,,CVDP001HYP,Prevalence of GP recorded hypertension,Hypertension: Prevalence (CVDP001HYP),17.53,Female,Sex - Age Standardised,0,,To March 2026,17.76,17.64,Numerators and Denominators are not provided for Age Standardisation.
E54000022,Nhs Norfolk And Waveney Integrated Care Board,Male,,,,CVDP001HYP,Prevalence of GP recorded hypertension,Hypertension: Prevalence (CVDP001HYP),19.51,Male,Sex - Age Standardised,0,,To March 2026,19.76,19.64,Numerators and Denominators are not provided for Age Standardisation.
E54000022,Nhs Norfolk And Waveney Integrated Care Board,Persons,,,,CVDP001HYP,Prevalence of GP recorded hypertension,Hypertension: Prevalence (CVDP001HYP),18.56,Persons,Sex - Age Standardised,0,,To March 2026,18.74,18.65,Numerators and Denominators are not provided for Age Standardisation.
E54000022,Nhs Norfolk And Waveney Integrated Care Board,Persons,,,,CVDP001HYP,Prevalence of GP recorded hypertension,Hypertension: Prevalence (CVDP001HYP),24.01,1 - most deprived,Deprivation quintile - Age Standardised,0,,To March 2026,24.61,24.31,Numerators and Denominators are not provided for Age Standardisation.
E54000022,Nhs Norfolk And Waveney Integrated Care Board,Persons,,,,CVDP001HYP,Prevalence of GP recorded hypertension,Hypertension: Prevalence (CVDP001HYP),21.11,2,Deprivation quintile - Age Standardised,0,,To March 2026,21.52,21.31,Numerators and Denominators are not provided for Age Standardisation.
E54000022,Nhs Norfolk And Waveney Integrated Care Board,Persons,,,,CVDP001HYP,Prevalence of GP recorded hypertension,Hypertension: Prevalence (CVDP001HYP),19.72,3,Deprivation quintile - Age Standardised,0,,To March 2026,20.04,19.88,Numerators and Denominators are not provided for Age Standardisation.
E54000022,Nhs Norfolk And Waveney Integrated Care Board,Persons,,,,CVDP001HYP,Prevalence of GP recorded hypertension,Hypertension: Prevalence (CVDP001HYP),19.21,4,Deprivation quintile - Age Standardised,0,,To March 2026,19.64,19.42,Numerators and Denominators are not provided for Age Standardisation.
E54000022,Nhs Norfolk And Waveney Integrated Care Board,Persons,,,,CVDP001HYP,Prevalence of GP recorded hypertension,Hypertension: Prevalence (CVDP001HYP),18.46,5 - least deprived,Deprivation quintile - Age Standardised,0,,To March 2026,18.98,18.72,Numerators and Denominators are not provided for Age Standardisation.
E54000028,NHS North Central London Integrated Care Board,Persons,1497565.0,,,CVDP001HYP,Prevalence of GP recorded hypertension,Hypertension: Prevalence (CVDP001HYP),12.61,Persons,Sex,0,189590.0,To March 2026,12.71,12.66,
E54000028,NHS North Central London Integrated Care Board,Female,755240.0,,,CVDP001HYP,Prevalence of GP recorded hypertension,Hypertension: Prevalence (CVDP001HYP),12.58,Female,Sex,0,95570.0,To March 2026,12.73,12.65,
E54000028,NHS North Central London Integrated Care Board,Male,742325.0,,,CVDP001HYP,Prevalence of GP recorded hypertension,Hypertension: Prevalence (CVDP001HYP),12.59,Male,Sex,0,94020.0,To March 2026,12.74,12.67,
E54000028,NHS North Central London Integrated Care Board,Male,342540.0,,,CVDP001HYP,Prevalence of GP recorded hypertension,Hypertension: Prevalence (CVDP001HYP),0.81,18-39,Age group,0,2875.0,To March 2026,0.87,0.84,
E54000028,NHS North Central London Integrated Care Board,Female,359990.0,,,CVDP001HYP,Prevalence of GP recorded hypertension,Hypertension: Prevalence (CVDP001HYP),0.67,18-39,Age group,0,2515.0,To March 2026,0.73,0.7,
E54000028,NHS North Central London Integrated Care Board,Persons,702525.0,,,CVDP001HYP,Prevalence of GP recorded hypertension,Hypertension: Prevalence (CVDP001HYP),0.75,18-39,Age group,0,5390.0,To March 2026,0.79,0.77,
E54000028,NHS North Central London Integrated Care Board,Male,257430.0,,,CVDP001HYP,Prevalence of GP recorded hypertension,Hypertension: Prevalence (CVDP001HYP),11.15,40-59,Age group,0,29015.0,To March 2026,11.39,11.27,
E54000028,NHS North Central London Integrated Care Board,Female,232575.0,,,CVDP001HYP,Prevalence of GP recorded hypertension,Hypertension: Prevalence (CVDP001HYP),10.76,40-59,Age group,0,25320.0,To March 2026,11.01,10.89,
E54000028,NHS North Central London Integrated Care Board,Persons,490000.0,,,CVDP001HYP,Prevalence of GP recorded hypertension,Hypertension: Prevalence (CVDP001HYP),11.0,40-59,Age group,0,54330.0,To March 2026,11.18,11.09,
E54000028,NHS North Central London Integrated Care Board,Male,119915.0,,,CVDP001HYP,Prevalence of GP recorded hypertension,Hypertension: Prevalence (CVDP001HYP),40.01,60-79,Age group,0,48310.0,To March 2026,40.56,40.29,
E54000028,NHS North Central London Integrated Care Board,Female,129255.0,,,CVDP001HYP,Prevalence of GP recorded hypertension,Hypertension: Prevalence (CVDP001HYP),36.27,60-79,Age group,0,47225.0,To March 2026,36.8,36.54,
E54000028,NHS North Central London Integrated Care Board,Persons,249170.0,,,CVDP001HYP,Prevalence of GP recorded hypertension,Hypertension: Prevalence (CVDP001HYP),38.15,60-79,Age group,0,95535.0,To March 2026,38.53,38.34,
E54000028,NHS North Central London Integrated Care Board,Male,22445.0,,,CVDP001HYP,Prevalence of GP recorded hypertension,Hypertension: Prevalence (CVDP001HYP),60.94,80+,Age group,0,13820.0,To March 2026,62.21,61.58,
E54000028,NHS North Central London Integrated Care Board,Female,33420.0,,,CVDP001HYP,Prevalence of GP recorded hypertension,Hypertension: Prevalence (CVDP001HYP),60.85,80+,Age group,0,20510.0,To March 2026,61.89,61.37,
E54000028,NHS North Central London Integrated Care Board,Persons,55865.0,,,CVDP001HYP,Prevalence of GP recorded hypertension,Hypertension: Prevalence (CVDP001HYP),61.05,80+,Age group,0,34330.0,To March 2026,61.85,61.45,
E54000028,NHS North Central London Integrated Care Board,Persons,293425.0,,,CVDP001HYP,Prevalence of GP recorded hypertension,Hypertension: Prevalence (CVDP001HYP),14.69,1 - most deprived,Deprivation quintile,0,43485.0,To March 2026,14.95,14.82,
E54000028,NHS North Central London Integrated Care Board,Persons,432845.0,,,CVDP001HYP,Prevalence of GP recorded hypertension,Hypertension: Prevalence (CVDP001HYP),12.82,2,Deprivation quintile,0,55900.0,To March 2026,13.02,12.92,
E54000028,NHS North Central London Integrated Care Board,Persons,304365.0,,,CVDP001HYP,Prevalence of GP recorded hypertension,Hypertension: Prevalence (CVDP001HYP),12.25,3,Deprivation quintile,0,37645.0,To March 2026,12.48,12.37,
E54000028,NHS North Central London Integrated Care Board,Persons,237710.0,,,CVDP001HYP,Prevalence of GP recorded hypertension,Hypertension: Prevalence (CVDP001HYP),14.03,4,Deprivation quintile,0,33680.0,To March 2026,14.31,14.17,
E54000028,NHS North Central London Integrated Care Board,Persons,120600.0,,,CVDP001HYP,Prevalence of GP recorded hypertension,Hypertension: Prevalence (CVDP001HYP),13.69,5 - least deprived,Deprivation quintile,0,16740.0,To March 2026,14.08,13.88,
E54000028,NHS North Central London Integrated Care Board,Female,,,,CVDP001HYP,Prevalence of GP recorded hypertension,Hypertension: Prevalence (CVDP001HYP),17.35,Female,Sex - Age Standardised,0,,To March 2026,17.57,17.46,Numerators and Denominators are not provided for Age Standardisation.
E54000028,NHS North Central London Integrated Care Board,Male,,,,CVDP001HYP,Prevalence of GP recorded hypertension,Hypertension: Prevalence (CVDP001HYP),18.75,Male,Sex - Age Standardised,0,,To March 2026,19.01,18.88,Numerators and Denominators are not provided for Age Standardisation.
E54000028,NHS North Central London Integrated Care Board,Persons,,,,CVDP001HYP,Prevalence of GP recorded hypertension,Hypertension: Prevalence (CVDP001HYP),18.07,Persons,Sex - Age Standardised,0,,To March 2026,18.23,18.15,Numerators and Denominators are not provided for Age Standardisation.
E54000028,NHS North Central London Integrated Care Board,Persons,,,,CVDP001HYP,Prevalence of GP recorded hypertension,Hypertension: Prevalence (CVDP001HYP),22.16,1 - most deprived,Deprivation quintile - Age Standardised,0,,To March 2026,22.6,22.38,Numerators and Denominators are not provided for Age Standardisation.
E54000028,NHS North Central London Integrated Care Board,Persons,,,,CVDP001HYP,Prevalence of GP recorded hypertension,Hypertension: Prevalence (CVDP001HYP),19.08,2,Deprivation quintile - Age Standardised,0,,To March 2026,19.41,19.25,Numerators and Denominators are not provided for Age Standardisation.
E54000028,NHS North Central London Integrated Care Board,Persons,,,,CVDP001HYP,Prevalence of GP recorded hypertension,Hypertension: Prevalence (CVDP001HYP),15.83,3,Deprivation quintile - Age Standardised,0,,To March 2026,16.17,16.0,Numerators and Denominators are not provided for Age Standardisation.
E54000028,NHS North Central London Integrated Care Board,Persons,,,,CVDP001HYP,Prevalence of GP recorded hypertension,Hypertension: Prevalence (CVDP001HYP),14.88,4,Deprivation quintile - Age Standardised,0,,To March 2026,15.21,15.04,Numerators and Denominators are not provided for Age Standardisation.
E54000028,NHS North Central London Integrated Care Board,Persons,,,,CVDP001HYP,Prevalence of GP recorded hypertension,Hypertension: Prevalence (CVDP001HYP),12.65,5 - least deprived,Deprivation quintile - Age Standardised,0,,To March 2026,13.05,12.85,Numerators and Denominators are not provided for Age Standardisation.
E54000050,NHS North East and North Cumbria Integrated Care Board,Persons,2640825.0,,,CVDP001HYP,Prevalence of GP recorded hypertension,Hypertension: Prevalence (CVDP001HYP),21.77,Persons,Sex,0,576145.0,To March 2026,21.87,21.82,
E54000050,NHS North East and North Cumbria Integrated Care Board,Female,1327325.0,,,CVDP001HYP,Prevalence of GP recorded hypertension,Hypertension: Prevalence (CVDP001HYP),21.58,Female,Sex,0,287320.0,To March 2026,21.72,21.65,
E54000050,NHS North East and North Cumbria Integrated Care Board,Male,1313500.0,,,CVDP001HYP,Prevalence of GP recorded hypertension,Hypertension: Prevalence (CVDP001HYP),21.92,Male,Sex,0,288825.0,To March 2026,22.06,21.99,
E54000050,NHS North East and North Cumbria Integrated Care Board,Male,476415.0,,,CVDP001HYP,Prevalence of GP recorded hypertension,Hypertension: Prevalence (CVDP001HYP),1.59,18-39,Age group,0,7750.0,To March 2026,1.66,1.63,
E54000050,NHS North East and North Cumbria Integrated Care Board,Female,451560.0,,,CVDP001HYP,Prevalence of GP recorded hypertension,Hypertension: Prevalence (CVDP001HYP),1.43,18-39,Age group,0,6625.0,To March 2026,1.5,1.47,
E54000050,NHS North East and North Cumbria Integrated Care Board,Persons,927975.0,,,CVDP001HYP,Prevalence of GP recorded hypertension,Hypertension: Prevalence (CVDP001HYP),1.52,18-39,Age group,0,14375.0,To March 2026,1.57,1.55,
E54000050,NHS North East and North Cumbria Integrated Care Board,Male,407250.0,,,CVDP001HYP,Prevalence of GP recorded hypertension,Hypertension: Prevalence (CVDP001HYP),17.62,40-59,Age group,0,72240.0,To March 2026,17.86,17.74,
E54000050,NHS North East and North Cumbria Integrated Care Board,Female,398115.0,,,CVDP001HYP,Prevalence of GP recorded hypertension,Hypertension: Prevalence (CVDP001HYP),14.98,40-59,Age group,0,60080.0,To March 2026,15.2,15.09,
E54000050,NHS North East and North Cumbria Integrated Care Board,Persons,805365.0,,,CVDP001HYP,Prevalence of GP recorded hypertension,Hypertension: Prevalence (CVDP001HYP),16.35,40-59,Age group,0,132320.0,To March 2026,16.51,16.43,
E54000050,NHS North East and North Cumbria Integrated Care Board,Male,356220.0,,,CVDP001HYP,Prevalence of GP recorded hypertension,Hypertension: Prevalence (CVDP001HYP),45.86,60-79,Age group,0,163955.0,To March 2026,46.19,46.03,
E54000050,NHS North East and North Cumbria Integrated Care Board,Female,374990.0,,,CVDP001HYP,Prevalence of GP recorded hypertension,Hypertension: Prevalence (CVDP001HYP),40.73,60-79,Age group,0,153330.0,To March 2026,41.05,40.89,
E54000050,NHS North East and North Cumbria Integrated Care Board,Persons,731210.0,,,CVDP001HYP,Prevalence of GP recorded hypertension,Hypertension: Prevalence (CVDP001HYP),43.28,60-79,Age group,0,317285.0,To March 2026,43.51,43.39,
E54000050,NHS North East and North Cumbria Integrated Care Board,Male,73620.0,,,CVDP001HYP,Prevalence of GP recorded hypertension,Hypertension: Prevalence (CVDP001HYP),60.61,80+,Age group,0,44875.0,To March 2026,61.31,60.96,
E54000050,NHS North East and North Cumbria Integrated Care Board,Female,102660.0,,,CVDP001HYP,Prevalence of GP recorded hypertension,Hypertension: Prevalence (CVDP001HYP),65.25,80+,Age group,0,67285.0,To March 2026,65.83,65.54,
E54000050,NHS North East and North Cumbria Integrated Care Board,Persons,176275.0,,,CVDP001HYP,Prevalence of GP recorded hypertension,Hypertension: Prevalence (CVDP001HYP),63.4,80+,Age group,0,112165.0,To March 2026,63.85,63.63,
E54000050,NHS North East and North Cumbria Integrated Care Board,Persons,818535.0,,,CVDP001HYP,Prevalence of GP recorded hypertension,Hypertension: Prevalence (CVDP001HYP),20.99,1 - most deprived,Deprivation quintile,0,172515.0,To March 2026,21.16,21.08,
E54000050,NHS North East and North Cumbria Integrated Care Board,Persons,558320.0,,,CVDP001HYP,Prevalence of GP recorded hypertension,Hypertension: Prevalence (CVDP001HYP),23.62,2,Deprivation quintile,0,132510.0,To March 2026,23.85,23.73,
E54000050,NHS North East and North Cumbria Integrated Care Board,Persons,388600.0,,,CVDP001HYP,Prevalence of GP recorded hypertension,Hypertension: Prevalence (CVDP001HYP),24.65,3,Deprivation quintile,0,96300.0,To March 2026,24.92,24.78,
E54000050,NHS North East and North Cumbria Integrated Care Board,Persons,364190.0,,,CVDP001HYP,Prevalence of GP recorded hypertension,Hypertension: Prevalence (CVDP001HYP),25.48,4,Deprivation quintile,0,93325.0,To March 2026,25.77,25.63,
E54000050,NHS North East and North Cumbria Integrated Care Board,Persons,351775.0,,,CVDP001HYP,Prevalence of GP recorded hypertension,Hypertension: Prevalence (CVDP001HYP),23.03,5 - least deprived,Deprivation quintile,0,81510.0,To March 2026,23.31,23.17,
E54000050,NHS North East and North Cumbria Integrated Care Board,Female,,,,CVDP001HYP,Prevalence of GP recorded hypertension,Hypertension: Prevalence (CVDP001HYP),19.91,Female,Sex - Age Standardised,0,,To March 2026,20.05,19.98,Numerators and Denominators are not provided for Age Standardisation.
E54000050,NHS North East and North Cumbria Integrated Care Board,Male,,,,CVDP001HYP,Prevalence of GP recorded hypertension,Hypertension: Prevalence (CVDP001HYP),21.98,Male,Sex - Age Standardised,0,,To March 2026,22.14,22.06,Numerators and Denominators are not provided for Age Standardisation.
E54000050,NHS North East and North Cumbria Integrated Care Board,Persons,,,,CVDP001HYP,Prevalence of GP recorded hypertension,Hypertension: Prevalence (CVDP001HYP),20.99,Persons,Sex - Age Standardised,0,,To March 2026,21.1,21.04,Numerators and Denominators are not provided for Age Standardisation.
E54000050,NHS North East and North Cumbria Integrated Care Board,Persons,,,,CVDP001HYP,Prevalence of GP recorded hypertension,Hypertension: Prevalence (CVDP001HYP),24.46,1 - most deprived,Deprivation quintile - Age Standardised,0,,To March 2026,24.7,24.58,Numerators and Denominators are not provided for Age Standardisation.
E54000050,NHS North East and North Cumbria Integrated Care Board,Persons,,,,CVDP001HYP,Prevalence of GP recorded hypertension,Hypertension: Prevalence (CVDP001HYP),22.72,2,Deprivation quintile - Age Standardised,0,,To March 2026,22.97,22.85,Numerators and Denominators are not provided for Age Standardisation.
E54000050,NHS North East and North Cumbria Integrated Care Board,Persons,,,,CVDP001HYP,Prevalence of GP recorded hypertension,Hypertension: Prevalence (CVDP001HYP),21.35,3,Deprivation quintile - Age Standardised,0,,To March 2026,21.62,21.49,Numerators and Denominators are not provided for Age Standardisation.
E54000050,NHS North East and North Cumbria Integrated Care Board,Persons,,,,CVDP001HYP,Prevalence of GP recorded hypertension,Hypertension: Prevalence (CVDP001HYP),20.69,4,Deprivation quintile - Age Standardised,0,,To March 2026,20.96,20.83,Numerators and Denominators are not provided for Age Standardisation.
E54000050,NHS North East and North Cumbria Integrated Care Board,Persons,,,,CVDP001HYP,Prevalence of GP recorded hypertension,Hypertension: Prevalence (CVDP001HYP),19.21,5 - least deprived,Deprivation quintile - Age Standardised,0,,To March 2026,19.48,19.34,Numerators and Denominators are not provided for Age Standardisation.
E54000029,NHS North East London Integrated Care Board,Persons,1934280.0,,,CVDP001HYP,Prevalence of GP recorded hypertension,Hypertension: Prevalence (CVDP001HYP),13.27,Persons,Sex,0,257570.0,To March 2026,13.36,13.32,
E54000029,NHS North East London Integrated Care Board,Female,940285.0,,,CVDP001HYP,Prevalence of GP recorded hypertension,Hypertension: Prevalence (CVDP001HYP),13.8,Female,Sex,0,130425.0,To March 2026,13.94,13.87,
E54000029,NHS North East London Integrated Care Board,Male,993995.0,,,CVDP001HYP,Prevalence of GP recorded hypertension,Hypertension: Prevalence (CVDP001HYP),12.73,Male,Sex,0,127145.0,To March 2026,12.86,12.79,
E54000029,NHS North East London Integrated Care Board,Male,489465.0,,,CVDP001HYP,Prevalence of GP recorded hypertension,Hypertension: Prevalence (CVDP001HYP),1.03,18-39,Age group,0,5160.0,To March 2026,1.08,1.05,
E54000029,NHS North East London Integrated Care Board,Female,467580.0,,,CVDP001HYP,Prevalence of GP recorded hypertension,Hypertension: Prevalence (CVDP001HYP),1.01,18-39,Age group,0,4840.0,To March 2026,1.06,1.04,
E54000029,NHS North East London Integrated Care Board,Persons,957045.0,,,CVDP001HYP,Prevalence of GP recorded hypertension,Hypertension: Prevalence (CVDP001HYP),1.02,18-39,Age group,0,10000.0,To March 2026,1.07,1.04,
E54000029,NHS North East London Integrated Care Board,Male,342620.0,,,CVDP001HYP,Prevalence of GP recorded hypertension,Hypertension: Prevalence (CVDP001HYP),13.43,40-59,Age group,0,46410.0,To March 2026,13.66,13.55,
E54000029,NHS North East London Integrated Care Board,Female,293970.0,,,CVDP001HYP,Prevalence of GP recorded hypertension,Hypertension: Prevalence (CVDP001HYP),14.21,40-59,Age group,0,42135.0,To March 2026,14.46,14.33,
E54000029,NHS North East London Integrated Care Board,Persons,636590.0,,,CVDP001HYP,Prevalence of GP recorded hypertension,Hypertension: Prevalence (CVDP001HYP),13.82,40-59,Age group,0,88540.0,To March 2026,13.99,13.91,
E54000029,NHS North East London Integrated Care Board,Male,139755.0,,,CVDP001HYP,Prevalence of GP recorded hypertension,Hypertension: Prevalence (CVDP001HYP),43.94,60-79,Age group,0,61775.0,To March 2026,44.46,44.2,
E54000029,NHS North East London Integrated Care Board,Female,145525.0,,,CVDP001HYP,Prevalence of GP recorded hypertension,Hypertension: Prevalence (CVDP001HYP),42.22,60-79,Age group,0,61815.0,To March 2026,42.73,42.48,
E54000029,NHS North East London Integrated Care Board,Persons,285280.0,,,CVDP001HYP,Prevalence of GP recorded hypertension,Hypertension: Prevalence (CVDP001HYP),43.14,60-79,Age group,0,123590.0,To March 2026,43.5,43.32,
E54000029,NHS North East London Integrated Care Board,Male,22155.0,,,CVDP001HYP,Prevalence of GP recorded hypertension,Hypertension: Prevalence (CVDP001HYP),61.66,80+,Age group,0,13805.0,To March 2026,62.94,62.3,
E54000029,NHS North East London Integrated Care Board,Female,33210.0,,,CVDP001HYP,Prevalence of GP recorded hypertension,Hypertension: Prevalence (CVDP001HYP),64.63,80+,Age group,0,21635.0,To March 2026,65.66,65.15,
E54000029,NHS North East London Integrated Care Board,Persons,55365.0,,,CVDP001HYP,Prevalence of GP recorded hypertension,Hypertension: Prevalence (CVDP001HYP),63.61,80+,Age group,0,35440.0,To March 2026,64.41,64.01,
E54000029,NHS North East London Integrated Care Board,Persons,458430.0,,,CVDP001HYP,Prevalence of GP recorded hypertension,Hypertension: Prevalence (CVDP001HYP),14.46,1 - most deprived,Deprivation quintile,0,66760.0,To March 2026,14.66,14.56,
E54000029,NHS North East London Integrated Care Board,Persons,737000.0,,,CVDP001HYP,Prevalence of GP recorded hypertension,Hypertension: Prevalence (CVDP001HYP),13.92,2,Deprivation quintile,0,103175.0,To March 2026,14.08,14.0,
E54000029,NHS North East London Integrated Care Board,Persons,327930.0,,,CVDP001HYP,Prevalence of GP recorded hypertension,Hypertension: Prevalence (CVDP001HYP),14.31,3,Deprivation quintile,0,47335.0,To March 2026,14.55,14.43,
E54000029,NHS North East London Integrated Care Board,Persons,160280.0,,,CVDP001HYP,Prevalence of GP recorded hypertension,Hypertension: Prevalence (CVDP001HYP),14.88,4,Deprivation quintile,0,24120.0,To March 2026,15.23,15.05,
E54000029,NHS North East London Integrated Care Board,Persons,89920.0,,,CVDP001HYP,Prevalence of GP recorded hypertension,Hypertension: Prevalence (CVDP001HYP),17.36,5 - least deprived,Deprivation quintile,0,15830.0,To March 2026,17.86,17.61,
E54000029,NHS North East London Integrated Care Board,Female,,,,CVDP001HYP,Prevalence of GP recorded hypertension,Hypertension: Prevalence (CVDP001HYP),20.64,Female,Sex - Age Standardised,0,,To March 2026,20.87,20.75,Numerators and Denominators are not provided for Age Standardisation.
E54000029,NHS North East London Integrated Care Board,Male,,,,CVDP001HYP,Prevalence of GP recorded hypertension,Hypertension: Prevalence (CVDP001HYP),20.88,Male,Sex - Age Standardised,0,,To March 2026,21.13,21.01,Numerators and Denominators are not provided for Age Standardisation.
E54000029,NHS North East London Integrated Care Board,Persons,,,,CVDP001HYP,Prevalence of GP recorded hypertension,Hypertension: Prevalence (CVDP001HYP),20.8,Persons,Sex - Age Standardised,0,,To March 2026,20.97,20.88,Numerators and Denominators are not provided for Age Standardisation.
E54000029,NHS North East London Integrated Care Board,Persons,,,,CVDP001HYP,Prevalence of GP recorded hypertension,Hypertension: Prevalence (CVDP001HYP),23.42,1 - most deprived,Deprivation quintile - Age Standardised,0,,To March 2026,23.8,23.61,Numerators and Denominators are not provided for Age Standardisation.
E54000029,NHS North East London Integrated Care Board,Persons,,,,CVDP001HYP,Prevalence of GP recorded hypertension,Hypertension: Prevalence (CVDP001HYP),20.88,2,Deprivation quintile - Age Standardised,0,,To March 2026,21.15,21.02,Numerators and Denominators are not provided for Age Standardisation.
E54000029,NHS North East London Integrated Care Board,Persons,,,,CVDP001HYP,Prevalence of GP recorded hypertension,Hypertension: Prevalence (CVDP001HYP),18.19,3,Deprivation quintile - Age Standardised,0,,To March 2026,18.53,18.36,Numerators and Denominators are not provided for Age Standardisation.
E54000029,NHS North East London Integrated Care Board,Persons,,,,CVDP001HYP,Prevalence of GP recorded hypertension,Hypertension: Prevalence (CVDP001HYP),16.04,4,Deprivation quintile - Age Standardised,0,,To March 2026,16.46,16.25,Numerators and Denominators are not provided for Age Standardisation.
E54000029,NHS North East London Integrated Care Board,Persons,,,,CVDP001HYP,Prevalence of GP recorded hypertension,Hypertension: Prevalence (CVDP001HYP),15.15,5 - least deprived,Deprivation quintile - Age Standardised,0,,To March 2026,15.64,15.39,Numerators and Denominators are not provided for Age Standardisation.
E54000027,NHS North West London Integrated Care Board,Persons,2424560.0,,,CVDP001HYP,Prevalence of GP recorded hypertension,Hypertension: Prevalence (CVDP001HYP),13.21,Persons,Sex,0,321315.0,To March 2026,13.3,13.25,
E54000027,NHS North West London Integrated Care Board,Female,1164550.0,,,CVDP001HYP,Prevalence of GP recorded hypertension,Hypertension: Prevalence (CVDP001HYP),13.29,Female,Sex,0,155480.0,To March 2026,13.41,13.35,
E54000027,NHS North West London Integrated Care Board,Male,1260010.0,,,CVDP001HYP,Prevalence of GP recorded hypertension,Hypertension: Prevalence (CVDP001HYP),13.1,Male,Sex,0,165835.0,To March 2026,13.22,13.16,
E54000027,NHS North West London Integrated Care Board,Male,605390.0,,,CVDP001HYP,Prevalence of GP recorded hypertension,Hypertension: Prevalence (CVDP001HYP),1.04,18-39,Age group,0,6480.0,To March 2026,1.1,1.07,
E54000027,NHS North West London Integrated Care Board,Female,562640.0,,,CVDP001HYP,Prevalence of GP recorded hypertension,Hypertension: Prevalence (CVDP001HYP),0.82,18-39,Age group,0,4770.0,To March 2026,0.87,0.85,
E54000027,NHS North West London Integrated Care Board,Persons,1168030.0,,,CVDP001HYP,Prevalence of GP recorded hypertension,Hypertension: Prevalence (CVDP001HYP),0.95,18-39,Age group,0,11250.0,To March 2026,0.98,0.96,
E54000027,NHS North West London Integrated Care Board,Male,429245.0,,,CVDP001HYP,Prevalence of GP recorded hypertension,Hypertension: Prevalence (CVDP001HYP),12.84,40-59,Age group,0,55565.0,To March 2026,13.05,12.94,
E54000027,NHS North West London Integrated Care Board,Female,356785.0,,,CVDP001HYP,Prevalence of GP recorded hypertension,Hypertension: Prevalence (CVDP001HYP),11.91,40-59,Age group,0,42855.0,To March 2026,12.12,12.01,
E54000027,NHS North West London Integrated Care Board,Persons,786030.0,,,CVDP001HYP,Prevalence of GP recorded hypertension,Hypertension: Prevalence (CVDP001HYP),12.45,40-59,Age group,0,98420.0,To March 2026,12.59,12.52,
E54000027,NHS North West London Integrated Care Board,Male,190610.0,,,CVDP001HYP,Prevalence of GP recorded hypertension,Hypertension: Prevalence (CVDP001HYP),42.85,60-79,Age group,0,82095.0,To March 2026,43.29,43.07,
E54000027,NHS North West London Integrated Care Board,Female,196470.0,,,CVDP001HYP,Prevalence of GP recorded hypertension,Hypertension: Prevalence (CVDP001HYP),38.92,60-79,Age group,0,76895.0,To March 2026,39.35,39.14,
E54000027,NHS North West London Integrated Care Board,Persons,387080.0,,,CVDP001HYP,Prevalence of GP recorded hypertension,Hypertension: Prevalence (CVDP001HYP),40.92,60-79,Age group,0,158995.0,To March 2026,41.23,41.07,
E54000027,NHS North West London Integrated Care Board,Male,34760.0,,,CVDP001HYP,Prevalence of GP recorded hypertension,Hypertension: Prevalence (CVDP001HYP),61.91,80+,Age group,0,21695.0,To March 2026,62.92,62.42,
E54000027,NHS North West London Integrated Care Board,Female,48660.0,,,CVDP001HYP,Prevalence of GP recorded hypertension,Hypertension: Prevalence (CVDP001HYP),63.19,80+,Age group,0,30960.0,To March 2026,64.05,63.62,
E54000027,NHS North West London Integrated Care Board,Persons,83420.0,,,CVDP001HYP,Prevalence of GP recorded hypertension,Hypertension: Prevalence (CVDP001HYP),62.79,80+,Age group,0,52655.0,To March 2026,63.45,63.12,
E54000027,NHS North West London Integrated Care Board,Persons,270425.0,,,CVDP001HYP,Prevalence of GP recorded hypertension,Hypertension: Prevalence (CVDP001HYP),15.96,1 - most deprived,Deprivation quintile,0,43530.0,To March 2026,16.24,16.1,
E54000027,NHS North West London Integrated Care Board,Persons,655135.0,,,CVDP001HYP,Prevalence of GP recorded hypertension,Hypertension: Prevalence (CVDP001HYP),15.84,2,Deprivation quintile,0,104340.0,To March 2026,16.02,15.93,
E54000027,NHS North West London Integrated Care Board,Persons,619900.0,,,CVDP001HYP,Prevalence of GP recorded hypertension,Hypertension: Prevalence (CVDP001HYP),14.78,3,Deprivation quintile,0,92195.0,To March 2026,14.96,14.87,
E54000027,NHS North West London Integrated Care Board,Persons,396000.0,,,CVDP001HYP,Prevalence of GP recorded hypertension,Hypertension: Prevalence (CVDP001HYP),13.34,4,Deprivation quintile,0,53255.0,To March 2026,13.55,13.45,
E54000027,NHS North West London Integrated Care Board,Persons,158010.0,,,CVDP001HYP,Prevalence of GP recorded hypertension,Hypertension: Prevalence (CVDP001HYP),14.77,5 - least deprived,Deprivation quintile,0,23615.0,To March 2026,15.12,14.95,
E54000027,NHS North West London Integrated Care Board,Female,,,,CVDP001HYP,Prevalence of GP recorded hypertension,Hypertension: Prevalence (CVDP001HYP),18.66,Female,Sex - Age Standardised,0,,To March 2026,18.85,18.75,Numerators and Denominators are not provided for Age Standardisation.
E54000027,NHS North West London Integrated Care Board,Male,,,,CVDP001HYP,Prevalence of GP recorded hypertension,Hypertension: Prevalence (CVDP001HYP),20.28,Male,Sex - Age Standardised,0,,To March 2026,20.49,20.39,Numerators and Denominators are not provided for Age Standardisation.
E54000027,NHS North West London Integrated Care Board,Persons,,,,CVDP001HYP,Prevalence of GP recorded hypertension,Hypertension: Prevalence (CVDP001HYP),19.52,Persons,Sex - Age Standardised,0,,To March 2026,19.66,19.59,Numerators and Denominators are not provided for Age Standardisation.
E54000027,NHS North West London Integrated Care Board,Persons,,,,CVDP001HYP,Prevalence of GP recorded hypertension,Hypertension: Prevalence (CVDP001HYP),19.3,1 - most deprived,Deprivation quintile - Age Standardised,0,,To March 2026,19.67,19.48,Numerators and Denominators are not provided for Age Standardisation.
E54000027,NHS North West London Integrated Care Board,Persons,,,,CVDP001HYP,Prevalence of GP recorded hypertension,Hypertension: Prevalence (CVDP001HYP),19.24,2,Deprivation quintile - Age Standardised,0,,To March 2026,19.48,19.36,Numerators and Denominators are not provided for Age Standardisation.
E54000027,NHS North West London Integrated Care Board,Persons,,,,CVDP001HYP,Prevalence of GP recorded hypertension,Hypertension: Prevalence (CVDP001HYP),17.1,3,Deprivation quintile - Age Standardised,0,,To March 2026,17.33,17.21,Numerators and Denominators are not provided for Age Standardisation.
E54000027,NHS North West London Integrated Care Board,Persons,,,,CVDP001HYP,Prevalence of GP recorded hypertension,Hypertension: Prevalence (CVDP001HYP),13.16,4,Deprivation quintile - Age Standardised,0,,To March 2026,13.39,13.28,Numerators and Denominators are not provided for Age Standardisation.
E54000027,NHS North West London Integrated Care Board,Persons,,,,CVDP001HYP,Prevalence of GP recorded hypertension,Hypertension: Prevalence (CVDP001HYP),12.15,5 - least deprived,Deprivation quintile - Age Standardised,0,,To March 2026,12.47,12.31,Numerators and Denominators are not provided for Age Standardisation.
E54000059,NHS Northamptonshire Integrated Care Board,Persons,667130.0,,,CVDP001HYP,Prevalence of GP recorded hypertension,Hypertension: Prevalence (CVDP001HYP),19.86,Persons,Sex,0,133135.0,To March 2026,20.05,19.96,
E54000059,NHS Northamptonshire Integrated Care Board,Female,334105.0,,,CVDP001HYP,Prevalence of GP recorded hypertension,Hypertension: Prevalence (CVDP001HYP),19.63,Female,Sex,0,66035.0,To March 2026,19.9,19.77,
E54000059,NHS Northamptonshire Integrated Care Board,Male,333025.0,,,CVDP001HYP,Prevalence of GP recorded hypertension,Hypertension: Prevalence (CVDP001HYP),20.01,Male,Sex,0,67095.0,To March 2026,20.28,20.15,
E54000059,NHS Northamptonshire Integrated Care Board,Male,122105.0,,,CVDP001HYP,Prevalence of GP recorded hypertension,Hypertension: Prevalence (CVDP001HYP),1.61,18-39,Age group,0,2055.0,To March 2026,1.75,1.68,
E54000059,NHS Northamptonshire Integrated Care Board,Female,118805.0,,,CVDP001HYP,Prevalence of GP recorded hypertension,Hypertension: Prevalence (CVDP001HYP),1.54,18-39,Age group,0,1915.0,To March 2026,1.68,1.61,
E54000059,NHS Northamptonshire Integrated Care Board,Persons,240910.0,,,CVDP001HYP,Prevalence of GP recorded hypertension,Hypertension: Prevalence (CVDP001HYP),1.6,18-39,Age group,0,3970.0,To March 2026,1.7,1.65,
E54000059,NHS Northamptonshire Integrated Care Board,Male,116835.0,,,CVDP001HYP,Prevalence of GP recorded hypertension,Hypertension: Prevalence (CVDP001HYP),16.34,40-59,Age group,0,19340.0,To March 2026,16.77,16.55,
E54000059,NHS Northamptonshire Integrated Care Board,Female,110895.0,,,CVDP001HYP,Prevalence of GP recorded hypertension,Hypertension: Prevalence (CVDP001HYP),14.42,40-59,Age group,0,16225.0,To March 2026,14.84,14.63,
E54000059,NHS Northamptonshire Integrated Care Board,Persons,227730.0,,,CVDP001HYP,Prevalence of GP recorded hypertension,Hypertension: Prevalence (CVDP001HYP),15.47,40-59,Age group,0,35565.0,To March 2026,15.77,15.62,
E54000059,NHS Northamptonshire Integrated Care Board,Male,77365.0,,,CVDP001HYP,Prevalence of GP recorded hypertension,Hypertension: Prevalence (CVDP001HYP),45.14,60-79,Age group,0,35190.0,To March 2026,45.84,45.49,
E54000059,NHS Northamptonshire Integrated Care Board,Female,82095.0,,,CVDP001HYP,Prevalence of GP recorded hypertension,Hypertension: Prevalence (CVDP001HYP),39.96,60-79,Age group,0,33080.0,To March 2026,40.63,40.3,
E54000059,NHS Northamptonshire Integrated Care Board,Persons,159465.0,,,CVDP001HYP,Prevalence of GP recorded hypertension,Hypertension: Prevalence (CVDP001HYP),42.57,60-79,Age group,0,68270.0,To March 2026,43.06,42.81,
E54000059,NHS Northamptonshire Integrated Care Board,Male,16720.0,,,CVDP001HYP,Prevalence of GP recorded hypertension,Hypertension: Prevalence (CVDP001HYP),62.14,80+,Age group,0,10510.0,To March 2026,63.6,62.87,
E54000059,NHS Northamptonshire Integrated Care Board,Female,22305.0,,,CVDP001HYP,Prevalence of GP recorded hypertension,Hypertension: Prevalence (CVDP001HYP),65.8,80+,Age group,0,14815.0,To March 2026,67.04,66.43,
E54000059,NHS Northamptonshire Integrated Care Board,Persons,39025.0,,,CVDP001HYP,Prevalence of GP recorded hypertension,Hypertension: Prevalence (CVDP001HYP),64.43,80+,Age group,0,25330.0,To March 2026,65.37,64.9,
E54000059,NHS Northamptonshire Integrated Care Board,Persons,94415.0,,,CVDP001HYP,Prevalence of GP recorded hypertension,Hypertension: Prevalence (CVDP001HYP),17.25,1 - most deprived,Deprivation quintile,0,16520.0,To March 2026,17.74,17.49,
E54000059,NHS Northamptonshire Integrated Care Board,Persons,121045.0,,,CVDP001HYP,Prevalence of GP recorded hypertension,Hypertension: Prevalence (CVDP001HYP),19.07,2,Deprivation quintile,0,23350.0,To March 2026,19.51,19.29,
E54000059,NHS Northamptonshire Integrated Care Board,Persons,108645.0,,,CVDP001HYP,Prevalence of GP recorded hypertension,Hypertension: Prevalence (CVDP001HYP),22.02,3,Deprivation quintile,0,24190.0,To March 2026,22.51,22.27,
E54000059,NHS Northamptonshire Integrated Care Board,Persons,159710.0,,,CVDP001HYP,Prevalence of GP recorded hypertension,Hypertension: Prevalence (CVDP001HYP),24.79,4,Deprivation quintile,0,39935.0,To March 2026,25.22,25.01,
E54000059,NHS Northamptonshire Integrated Care Board,Persons,141610.0,,,CVDP001HYP,Prevalence of GP recorded hypertension,Hypertension: Prevalence (CVDP001HYP),23.62,5 - least deprived,Deprivation quintile,0,33760.0,To March 2026,24.06,23.84,
E54000059,NHS Northamptonshire Integrated Care Board,Female,,,,CVDP001HYP,Prevalence of GP recorded hypertension,Hypertension: Prevalence (CVDP001HYP),19.74,Female,Sex - Age Standardised,0,,To March 2026,20.04,19.89,Numerators and Denominators are not provided for Age Standardisation.
E54000059,NHS Northamptonshire Integrated Care Board,Male,,,,CVDP001HYP,Prevalence of GP recorded hypertension,Hypertension: Prevalence (CVDP001HYP),21.69,Male,Sex - Age Standardised,0,,To March 2026,22.02,21.86,Numerators and Denominators are not provided for Age Standardisation.
E54000059,NHS Northamptonshire Integrated Care Board,Persons,,,,CVDP001HYP,Prevalence of GP recorded hypertension,Hypertension: Prevalence (CVDP001HYP),20.77,Persons,Sex - Age Standardised,0,,To March 2026,21.0,20.88,Numerators and Denominators are not provided for Age Standardisation.
E54000059,NHS Northamptonshire Integrated Care Board,Persons,,,,CVDP001HYP,Prevalence of GP recorded hypertension,Hypertension: Prevalence (CVDP001HYP),24.13,1 - most deprived,Deprivation quintile - Age Standardised,0,,To March 2026,24.9,24.52,Numerators and Denominators are not provided for Age Standardisation.
E54000059,NHS Northamptonshire Integrated Care Board,Persons,,,,CVDP001HYP,Prevalence of GP recorded hypertension,Hypertension: Prevalence (CVDP001HYP),23.14,2,Deprivation quintile - Age Standardised,0,,To March 2026,23.75,23.44,Numerators and Denominators are not provided for Age Standardisation.
E54000059,NHS Northamptonshire Integrated Care Board,Persons,,,,CVDP001HYP,Prevalence of GP recorded hypertension,Hypertension: Prevalence (CVDP001HYP),21.28,3,Deprivation quintile - Age Standardised,0,,To March 2026,21.83,21.55,Numerators and Denominators are not provided for Age Standardisation.
E54000059,NHS Northamptonshire Integrated Care Board,Persons,,,,CVDP001HYP,Prevalence of GP recorded hypertension,Hypertension: Prevalence (CVDP001HYP),20.82,4,Deprivation quintile - Age Standardised,0,,To March 2026,21.24,21.03,Numerators and Denominators are not provided for Age Standardisation.
E54000059,NHS Northamptonshire Integrated Care Board,Persons,,,,CVDP001HYP,Prevalence of GP recorded hypertension,Hypertension: Prevalence (CVDP001HYP),20.5,5 - least deprived,Deprivation quintile - Age Standardised,0,,To March 2026,20.95,20.73,Numerators and Denominators are not provided for Age Standardisation.
E54000060,NHS Nottingham and Nottinghamshire Integrated Care Board,Persons,1018565.0,,,CVDP001HYP,Prevalence of GP recorded hypertension,Hypertension: Prevalence (CVDP001HYP),18.95,Persons,Sex,0,193790.0,To March 2026,19.1,19.03,
E54000060,NHS Nottingham and Nottinghamshire Integrated Care Board,Female,511715.0,,,CVDP001HYP,Prevalence of GP recorded hypertension,Hypertension: Prevalence (CVDP001HYP),18.79,Female,Sex,0,96710.0,To March 2026,19.01,18.9,
E54000060,NHS Nottingham and Nottinghamshire Integrated Care Board,Male,506855.0,,,CVDP001HYP,Prevalence of GP recorded hypertension,Hypertension: Prevalence (CVDP001HYP),19.05,Male,Sex,0,97080.0,To March 2026,19.26,19.15,
E54000060,NHS Nottingham and Nottinghamshire Integrated Care Board,Male,196020.0,,,CVDP001HYP,Prevalence of GP recorded hypertension,Hypertension: Prevalence (CVDP001HYP),1.35,18-39,Age group,0,2740.0,To March 2026,1.45,1.4,
E54000060,NHS Nottingham and Nottinghamshire Integrated Care Board,Female,190120.0,,,CVDP001HYP,Prevalence of GP recorded hypertension,Hypertension: Prevalence (CVDP001HYP),1.25,18-39,Age group,0,2480.0,To March 2026,1.36,1.3,
E54000060,NHS Nottingham and Nottinghamshire Integrated Care Board,Persons,386140.0,,,CVDP001HYP,Prevalence of GP recorded hypertension,Hypertension: Prevalence (CVDP001HYP),1.32,18-39,Age group,0,5220.0,To March 2026,1.39,1.35,
E54000060,NHS Nottingham and Nottinghamshire Integrated Care Board,Male,162630.0,,,CVDP001HYP,Prevalence of GP recorded hypertension,Hypertension: Prevalence (CVDP001HYP),15.68,40-59,Age group,0,25785.0,To March 2026,16.03,15.86,
E54000060,NHS Nottingham and Nottinghamshire Integrated Care Board,Female,156260.0,,,CVDP001HYP,Prevalence of GP recorded hypertension,Hypertension: Prevalence (CVDP001HYP),13.54,40-59,Age group,0,21420.0,To March 2026,13.88,13.71,
E54000060,NHS Nottingham and Nottinghamshire Integrated Care Board,Persons,318890.0,,,CVDP001HYP,Prevalence of GP recorded hypertension,Hypertension: Prevalence (CVDP001HYP),14.68,40-59,Age group,0,47210.0,To March 2026,14.93,14.8,
E54000060,NHS Nottingham and Nottinghamshire Integrated Care Board,Male,121270.0,,,CVDP001HYP,Prevalence of GP recorded hypertension,Hypertension: Prevalence (CVDP001HYP),43.11,60-79,Age group,0,52615.0,To March 2026,43.67,43.39,
E54000060,NHS Nottingham and Nottinghamshire Integrated Care Board,Female,127715.0,,,CVDP001HYP,Prevalence of GP recorded hypertension,Hypertension: Prevalence (CVDP001HYP),38.05,60-79,Age group,0,48935.0,To March 2026,38.58,38.32,
E54000060,NHS Nottingham and Nottinghamshire Integrated Care Board,Persons,248985.0,,,CVDP001HYP,Prevalence of GP recorded hypertension,Hypertension: Prevalence (CVDP001HYP),40.59,60-79,Age group,0,101550.0,To March 2026,40.98,40.79,
E54000060,NHS Nottingham and Nottinghamshire Integrated Care Board,Male,26935.0,,,CVDP001HYP,Prevalence of GP recorded hypertension,Hypertension: Prevalence (CVDP001HYP),58.57,80+,Age group,0,15935.0,To March 2026,59.74,59.16,
E54000060,NHS Nottingham and Nottinghamshire Integrated Care Board,Female,37620.0,,,CVDP001HYP,Prevalence of GP recorded hypertension,Hypertension: Prevalence (CVDP001HYP),62.97,80+,Age group,0,23875.0,To March 2026,63.95,63.46,
E54000060,NHS Nottingham and Nottinghamshire Integrated Care Board,Persons,64555.0,,,CVDP001HYP,Prevalence of GP recorded hypertension,Hypertension: Prevalence (CVDP001HYP),61.29,80+,Age group,0,39810.0,To March 2026,62.04,61.67,
E54000060,NHS Nottingham and Nottinghamshire Integrated Care Board,Persons,270765.0,,,CVDP001HYP,Prevalence of GP recorded hypertension,Hypertension: Prevalence (CVDP001HYP),17.37,1 - most deprived,Deprivation quintile,0,47405.0,To March 2026,17.65,17.51,
E54000060,NHS Nottingham and Nottinghamshire Integrated Care Board,Persons,174195.0,,,CVDP001HYP,Prevalence of GP recorded hypertension,Hypertension: Prevalence (CVDP001HYP),20.33,2,Deprivation quintile,0,35735.0,To March 2026,20.71,20.52,
E54000060,NHS Nottingham and Nottinghamshire Integrated Care Board,Persons,177270.0,,,CVDP001HYP,Prevalence of GP recorded hypertension,Hypertension: Prevalence (CVDP001HYP),21.26,3,Deprivation quintile,0,38020.0,To March 2026,21.64,21.45,
E54000060,NHS Nottingham and Nottinghamshire Integrated Care Board,Persons,160355.0,,,CVDP001HYP,Prevalence of GP recorded hypertension,Hypertension: Prevalence (CVDP001HYP),21.05,4,Deprivation quintile,0,34070.0,To March 2026,21.45,21.25,
E54000060,NHS Nottingham and Nottinghamshire Integrated Care Board,Persons,181340.0,,,CVDP001HYP,Prevalence of GP recorded hypertension,Hypertension: Prevalence (CVDP001HYP),21.22,5 - least deprived,Deprivation quintile,0,38815.0,To March 2026,21.59,21.4,
E54000060,NHS Nottingham and Nottinghamshire Integrated Care Board,Female,,,,CVDP001HYP,Prevalence of GP recorded hypertension,Hypertension: Prevalence (CVDP001HYP),18.65,Female,Sex - Age Standardised,0,,To March 2026,18.89,18.77,Numerators and Denominators are not provided for Age Standardisation.
E54000060,NHS Nottingham and Nottinghamshire Integrated Care Board,Male,,,,CVDP001HYP,Prevalence of GP recorded hypertension,Hypertension: Prevalence (CVDP001HYP),20.53,Male,Sex - Age Standardised,0,,To March 2026,20.79,20.66,Numerators and Denominators are not provided for Age Standardisation.
E54000060,NHS Nottingham and Nottinghamshire Integrated Care Board,Persons,,,,CVDP001HYP,Prevalence of GP recorded hypertension,Hypertension: Prevalence (CVDP001HYP),19.65,Persons,Sex - Age Standardised,0,,To March 2026,19.83,19.74,Numerators and Denominators are not provided for Age Standardisation.
E54000060,NHS Nottingham and Nottinghamshire Integrated Care Board,Persons,,,,CVDP001HYP,Prevalence of GP recorded hypertension,Hypertension: Prevalence (CVDP001HYP),23.79,1 - most deprived,Deprivation quintile - Age Standardised,0,,To March 2026,24.24,24.01,Numerators and Denominators are not provided for Age Standardisation.
E54000060,NHS Nottingham and Nottinghamshire Integrated Care Board,Persons,,,,CVDP001HYP,Prevalence of GP recorded hypertension,Hypertension: Prevalence (CVDP001HYP),21.61,2,Deprivation quintile - Age Standardised,0,,To March 2026,22.07,21.84,Numerators and Denominators are not provided for Age Standardisation.
E54000060,NHS Nottingham and Nottinghamshire Integrated Care Board,Persons,,,,CVDP001HYP,Prevalence of GP recorded hypertension,Hypertension: Prevalence (CVDP001HYP),20.67,3,Deprivation quintile - Age Standardised,0,,To March 2026,21.09,20.88,Numerators and Denominators are not provided for Age Standardisation.
E54000060,NHS Nottingham and Nottinghamshire Integrated Care Board,Persons,,,,CVDP001HYP,Prevalence of GP recorded hypertension,Hypertension: Prevalence (CVDP001HYP),19.46,4,Deprivation quintile - Age Standardised,0,,To March 2026,19.89,19.68,Numerators and Denominators are not provided for Age Standardisation.
E54000060,NHS Nottingham and Nottinghamshire Integrated Care Board,Persons,,,,CVDP001HYP,Prevalence of GP recorded hypertension,Hypertension: Prevalence (CVDP001HYP),18.35,5 - least deprived,Deprivation quintile - Age Standardised,0,,To March 2026,18.73,18.54,Numerators and Denominators are not provided for Age Standardisation.
E54000011,"NHS Shropshire, Telford and Wrekin Integrated Care Board",Persons,436150.0,,,CVDP001HYP,Prevalence of GP recorded hypertension,Hypertension: Prevalence (CVDP001HYP),21.58,Persons,Sex,0,94645.0,To March 2026,21.82,21.7,
E54000011,"NHS Shropshire, Telford and Wrekin Integrated Care Board",Female,221920.0,,,CVDP001HYP,Prevalence of GP recorded hypertension,Hypertension: Prevalence (CVDP001HYP),20.97,Female,Sex,0,46910.0,To March 2026,21.31,21.14,
E54000011,"NHS Shropshire, Telford and Wrekin Integrated Care Board",Male,214230.0,,,CVDP001HYP,Prevalence of GP recorded hypertension,Hypertension: Prevalence (CVDP001HYP),22.11,Male,Sex,0,47735.0,To March 2026,22.46,22.28,
E54000011,"NHS Shropshire, Telford and Wrekin Integrated Care Board",Male,68340.0,,,CVDP001HYP,Prevalence of GP recorded hypertension,Hypertension: Prevalence (CVDP001HYP),1.53,18-39,Age group,0,1110.0,To March 2026,1.72,1.62,
E54000011,"NHS Shropshire, Telford and Wrekin Integrated Care Board",Female,67175.0,,,CVDP001HYP,Prevalence of GP recorded hypertension,Hypertension: Prevalence (CVDP001HYP),1.29,18-39,Age group,0,920.0,To March 2026,1.46,1.37,
E54000011,"NHS Shropshire, Telford and Wrekin Integrated Care Board",Persons,135515.0,,,CVDP001HYP,Prevalence of GP recorded hypertension,Hypertension: Prevalence (CVDP001HYP),1.43,18-39,Age group,0,2030.0,To March 2026,1.56,1.5,
E54000011,"NHS Shropshire, Telford and Wrekin Integrated Care Board",Male,68050.0,,,CVDP001HYP,Prevalence of GP recorded hypertension,Hypertension: Prevalence (CVDP001HYP),15.99,40-59,Age group,0,11070.0,To March 2026,16.55,16.27,
E54000011,"NHS Shropshire, Telford and Wrekin Integrated Care Board",Female,68080.0,,,CVDP001HYP,Prevalence of GP recorded hypertension,Hypertension: Prevalence (CVDP001HYP),13.08,40-59,Age group,0,9080.0,To March 2026,13.59,13.34,
E54000011,"NHS Shropshire, Telford and Wrekin Integrated Care Board",Persons,136130.0,,,CVDP001HYP,Prevalence of GP recorded hypertension,Hypertension: Prevalence (CVDP001HYP),14.61,40-59,Age group,0,20150.0,To March 2026,14.99,14.8,
E54000011,"NHS Shropshire, Telford and Wrekin Integrated Care Board",Male,62490.0,,,CVDP001HYP,Prevalence of GP recorded hypertension,Hypertension: Prevalence (CVDP001HYP),42.39,60-79,Age group,0,26730.0,To March 2026,43.16,42.77,
E54000011,"NHS Shropshire, Telford and Wrekin Integrated Care Board",Female,66175.0,,,CVDP001HYP,Prevalence of GP recorded hypertension,Hypertension: Prevalence (CVDP001HYP),36.18,60-79,Age group,0,24185.0,To March 2026,36.92,36.55,
E54000011,"NHS Shropshire, Telford and Wrekin Integrated Care Board",Persons,128665.0,,,CVDP001HYP,Prevalence of GP recorded hypertension,Hypertension: Prevalence (CVDP001HYP),39.31,60-79,Age group,0,50915.0,To March 2026,39.84,39.57,
E54000011,"NHS Shropshire, Telford and Wrekin Integrated Care Board",Male,15350.0,,,CVDP001HYP,Prevalence of GP recorded hypertension,Hypertension: Prevalence (CVDP001HYP),56.7,80+,Age group,0,8825.0,To March 2026,58.26,57.48,
E54000011,"NHS Shropshire, Telford and Wrekin Integrated Care Board",Female,20485.0,,,CVDP001HYP,Prevalence of GP recorded hypertension,Hypertension: Prevalence (CVDP001HYP),61.43,80+,Age group,0,12720.0,To March 2026,62.76,62.1,
E54000011,"NHS Shropshire, Telford and Wrekin Integrated Care Board",Persons,35835.0,,,CVDP001HYP,Prevalence of GP recorded hypertension,Hypertension: Prevalence (CVDP001HYP),59.61,80+,Age group,0,21545.0,To March 2026,60.63,60.12,
E54000011,"NHS Shropshire, Telford and Wrekin Integrated Care Board",Persons,52815.0,,,CVDP001HYP,Prevalence of GP recorded hypertension,Hypertension: Prevalence (CVDP001HYP),18.12,1 - most deprived,Deprivation quintile,0,9740.0,To March 2026,18.78,18.44,
E54000011,"NHS Shropshire, Telford and Wrekin Integrated Care Board",Persons,90625.0,,,CVDP001HYP,Prevalence of GP recorded hypertension,Hypertension: Prevalence (CVDP001HYP),23.71,2,Deprivation quintile,0,21740.0,To March 2026,24.27,23.99,
E54000011,"NHS Shropshire, Telford and Wrekin Integrated Care Board",Persons,102300.0,,,CVDP001HYP,Prevalence of GP recorded hypertension,Hypertension: Prevalence (CVDP001HYP),25.95,3,Deprivation quintile,0,26825.0,To March 2026,26.49,26.22,
E54000011,"NHS Shropshire, Telford and Wrekin Integrated Care Board",Persons,95575.0,,,CVDP001HYP,Prevalence of GP recorded hypertension,Hypertension: Prevalence (CVDP001HYP),24.85,4,Deprivation quintile,0,24015.0,To March 2026,25.4,25.13,
E54000011,"NHS Shropshire, Telford and Wrekin Integrated Care Board",Persons,56535.0,,,CVDP001HYP,Prevalence of GP recorded hypertension,Hypertension: Prevalence (CVDP001HYP),21.87,5 - least deprived,Deprivation quintile,0,12555.0,To March 2026,22.55,22.21,
E54000011,"NHS Shropshire, Telford and Wrekin Integrated Care Board",Female,,,,CVDP001HYP,Prevalence of GP recorded hypertension,Hypertension: Prevalence (CVDP001HYP),17.72,Female,Sex - Age Standardised,0,,To March 2026,18.05,17.88,Numerators and Denominators are not provided for Age Standardisation.
E54000011,"NHS Shropshire, Telford and Wrekin Integrated Care Board",Male,,,,CVDP001HYP,Prevalence of GP recorded hypertension,Hypertension: Prevalence (CVDP001HYP),20.14,Male,Sex - Age Standardised,0,,To March 2026,20.51,20.33,Numerators and Denominators are not provided for Age Standardisation.
E54000011,"NHS Shropshire, Telford and Wrekin Integrated Care Board",Persons,,,,CVDP001HYP,Prevalence of GP recorded hypertension,Hypertension: Prevalence (CVDP001HYP),18.99,Persons,Sex - Age Standardised,0,,To March 2026,19.23,19.11,Numerators and Denominators are not provided for Age Standardisation.
E54000011,"NHS Shropshire, Telford and Wrekin Integrated Care Board",Persons,,,,CVDP001HYP,Prevalence of GP recorded hypertension,Hypertension: Prevalence (CVDP001HYP),24.43,1 - most deprived,Deprivation quintile - Age Standardised,0,,To March 2026,25.43,24.93,Numerators and Denominators are not provided for Age Standardisation.
E54000011,"NHS Shropshire, Telford and Wrekin Integrated Care Board",Persons,,,,CVDP001HYP,Prevalence of GP recorded hypertension,Hypertension: Prevalence (CVDP001HYP),21.14,2,Deprivation quintile - Age Standardised,0,,To March 2026,21.72,21.42,Numerators and Denominators are not provided for Age Standardisation.
E54000011,"NHS Shropshire, Telford and Wrekin Integrated Care Board",Persons,,,,CVDP001HYP,Prevalence of GP recorded hypertension,Hypertension: Prevalence (CVDP001HYP),19.74,3,Deprivation quintile - Age Standardised,0,,To March 2026,20.23,19.98,Numerators and Denominators are not provided for Age Standardisation.
E54000011,"NHS Shropshire, Telford and Wrekin Integrated Care Board",Persons,,,,CVDP001HYP,Prevalence of GP recorded hypertension,Hypertension: Prevalence (CVDP001HYP),20.09,4,Deprivation quintile - Age Standardised,0,,To March 2026,20.62,20.35,Numerators and Denominators are not provided for Age Standardisation.
E54000011,"NHS Shropshire, Telford and Wrekin Integrated Care Board",Persons,,,,CVDP001HYP,Prevalence of GP recorded hypertension,Hypertension: Prevalence (CVDP001HYP),19.72,5 - least deprived,Deprivation quintile - Age Standardised,0,,To March 2026,20.45,20.08,Numerators and Denominators are not provided for Age Standardisation.
E54000038,NHS Somerset Integrated Care Board,Persons,495780.0,,,CVDP001HYP,Prevalence of GP recorded hypertension,Hypertension: Prevalence (CVDP001HYP),22.02,Persons,Sex,0,109730.0,To March 2026,22.25,22.13,
E54000038,NHS Somerset Integrated Care Board,Female,252625.0,,,CVDP001HYP,Prevalence of GP recorded hypertension,Hypertension: Prevalence (CVDP001HYP),21.27,Female,Sex,0,54140.0,To March 2026,21.59,21.43,
E54000038,NHS Somerset Integrated Care Board,Male,243155.0,,,CVDP001HYP,Prevalence of GP recorded hypertension,Hypertension: Prevalence (CVDP001HYP),22.7,Male,Sex,0,55590.0,To March 2026,23.03,22.86,
E54000038,NHS Somerset Integrated Care Board,Male,73685.0,,,CVDP001HYP,Prevalence of GP recorded hypertension,Hypertension: Prevalence (CVDP001HYP),1.4,18-39,Age group,0,1095.0,To March 2026,1.58,1.49,
E54000038,NHS Somerset Integrated Care Board,Female,71830.0,,,CVDP001HYP,Prevalence of GP recorded hypertension,Hypertension: Prevalence (CVDP001HYP),1.27,18-39,Age group,0,970.0,To March 2026,1.44,1.35,
E54000038,NHS Somerset Integrated Care Board,Persons,145515.0,,,CVDP001HYP,Prevalence of GP recorded hypertension,Hypertension: Prevalence (CVDP001HYP),1.36,18-39,Age group,0,2070.0,To March 2026,1.48,1.42,
E54000038,NHS Somerset Integrated Care Board,Male,75640.0,,,CVDP001HYP,Prevalence of GP recorded hypertension,Hypertension: Prevalence (CVDP001HYP),15.37,40-59,Age group,0,11820.0,To March 2026,15.88,15.63,
E54000038,NHS Somerset Integrated Care Board,Female,75535.0,,,CVDP001HYP,Prevalence of GP recorded hypertension,Hypertension: Prevalence (CVDP001HYP),12.2,40-59,Age group,0,9390.0,To March 2026,12.67,12.43,
E54000038,NHS Somerset Integrated Care Board,Persons,151175.0,,,CVDP001HYP,Prevalence of GP recorded hypertension,Hypertension: Prevalence (CVDP001HYP),13.85,40-59,Age group,0,21210.0,To March 2026,14.2,14.03,
E54000038,NHS Somerset Integrated Care Board,Male,74705.0,,,CVDP001HYP,Prevalence of GP recorded hypertension,Hypertension: Prevalence (CVDP001HYP),42.03,60-79,Age group,0,31665.0,To March 2026,42.74,42.39,
E54000038,NHS Somerset Integrated Care Board,Female,79805.0,,,CVDP001HYP,Prevalence of GP recorded hypertension,Hypertension: Prevalence (CVDP001HYP),35.3,60-79,Age group,0,28435.0,To March 2026,35.97,35.63,
E54000038,NHS Somerset Integrated Care Board,Persons,154510.0,,,CVDP001HYP,Prevalence of GP recorded hypertension,Hypertension: Prevalence (CVDP001HYP),38.65,60-79,Age group,0,60100.0,To March 2026,39.14,38.9,
E54000038,NHS Somerset Integrated Care Board,Male,19120.0,,,CVDP001HYP,Prevalence of GP recorded hypertension,Hypertension: Prevalence (CVDP001HYP),56.88,80+,Age group,0,11010.0,To March 2026,58.27,57.58,
E54000038,NHS Somerset Integrated Care Board,Female,25460.0,,,CVDP001HYP,Prevalence of GP recorded hypertension,Hypertension: Prevalence (CVDP001HYP),59.65,80+,Age group,0,15340.0,To March 2026,60.85,60.26,
E54000038,NHS Somerset Integrated Care Board,Persons,44580.0,,,CVDP001HYP,Prevalence of GP recorded hypertension,Hypertension: Prevalence (CVDP001HYP),58.65,80+,Age group,0,26350.0,To March 2026,59.56,59.11,
E54000038,NHS Somerset Integrated Care Board,Persons,40935.0,,,CVDP001HYP,Prevalence of GP recorded hypertension,Hypertension: Prevalence (CVDP001HYP),19.53,1 - most deprived,Deprivation quintile,0,8150.0,To March 2026,20.3,19.91,
E54000038,NHS Somerset Integrated Care Board,Persons,95865.0,,,CVDP001HYP,Prevalence of GP recorded hypertension,Hypertension: Prevalence (CVDP001HYP),24.61,2,Deprivation quintile,0,23850.0,To March 2026,25.15,24.88,
E54000038,NHS Somerset Integrated Care Board,Persons,160670.0,,,CVDP001HYP,Prevalence of GP recorded hypertension,Hypertension: Prevalence (CVDP001HYP),23.5,3,Deprivation quintile,0,38100.0,To March 2026,23.92,23.71,
E54000038,NHS Somerset Integrated Care Board,Persons,109875.0,,,CVDP001HYP,Prevalence of GP recorded hypertension,Hypertension: Prevalence (CVDP001HYP),25.46,4,Deprivation quintile,0,28260.0,To March 2026,25.98,25.72,
E54000038,NHS Somerset Integrated Care Board,Persons,54770.0,,,CVDP001HYP,Prevalence of GP recorded hypertension,Hypertension: Prevalence (CVDP001HYP),22.04,5 - least deprived,Deprivation quintile,0,12265.0,To March 2026,22.74,22.39,
E54000038,NHS Somerset Integrated Care Board,Female,,,,CVDP001HYP,Prevalence of GP recorded hypertension,Hypertension: Prevalence (CVDP001HYP),16.98,Female,Sex - Age Standardised,0,,To March 2026,17.27,17.12,Numerators and Denominators are not provided for Age Standardisation.
E54000038,NHS Somerset Integrated Care Board,Male,,,,CVDP001HYP,Prevalence of GP recorded hypertension,Hypertension: Prevalence (CVDP001HYP),19.72,Male,Sex - Age Standardised,0,,To March 2026,20.05,19.89,Numerators and Denominators are not provided for Age Standardisation.
E54000038,NHS Somerset Integrated Care Board,Persons,,,,CVDP001HYP,Prevalence of GP recorded hypertension,Hypertension: Prevalence (CVDP001HYP),18.38,Persons,Sex - Age Standardised,0,,To March 2026,18.61,18.49,Numerators and Denominators are not provided for Age Standardisation.
E54000038,NHS Somerset Integrated Care Board,Persons,,,,CVDP001HYP,Prevalence of GP recorded hypertension,Hypertension: Prevalence (CVDP001HYP),23.32,1 - most deprived,Deprivation quintile - Age Standardised,0,,To March 2026,24.38,23.85,Numerators and Denominators are not provided for Age Standardisation.
E54000038,NHS Somerset Integrated Care Board,Persons,,,,CVDP001HYP,Prevalence of GP recorded hypertension,Hypertension: Prevalence (CVDP001HYP),21.4,2,Deprivation quintile - Age Standardised,0,,To March 2026,21.97,21.69,Numerators and Denominators are not provided for Age Standardisation.
E54000038,NHS Somerset Integrated Care Board,Persons,,,,CVDP001HYP,Prevalence of GP recorded hypertension,Hypertension: Prevalence (CVDP001HYP),19.88,3,Deprivation quintile - Age Standardised,0,,To March 2026,20.3,20.09,Numerators and Denominators are not provided for Age Standardisation.
E54000038,NHS Somerset Integrated Care Board,Persons,,,,CVDP001HYP,Prevalence of GP recorded hypertension,Hypertension: Prevalence (CVDP001HYP),19.95,4,Deprivation quintile - Age Standardised,0,,To March 2026,20.44,20.19,Numerators and Denominators are not provided for Age Standardisation.
E54000038,NHS Somerset Integrated Care Board,Persons,,,,CVDP001HYP,Prevalence of GP recorded hypertension,Hypertension: Prevalence (CVDP001HYP),19.23,5 - least deprived,Deprivation quintile - Age Standardised,0,,To March 2026,19.96,19.59,Numerators and Denominators are not provided for Age Standardisation.
E54000030,NHS South East London Integrated Care Board,Persons,1708985.0,,,CVDP001HYP,Prevalence of GP recorded hypertension,Hypertension: Prevalence (CVDP001HYP),14.42,Persons,Sex,0,247370.0,To March 2026,14.53,14.47,
E54000030,NHS South East London Integrated Care Board,Female,862990.0,,,CVDP001HYP,Prevalence of GP recorded hypertension,Hypertension: Prevalence (CVDP001HYP),14.58,Female,Sex,0,126500.0,To March 2026,14.73,14.66,
E54000030,NHS South East London Integrated Care Board,Male,845995.0,,,CVDP001HYP,Prevalence of GP recorded hypertension,Hypertension: Prevalence (CVDP001HYP),14.21,Male,Sex,0,120870.0,To March 2026,14.36,14.29,
E54000030,NHS South East London Integrated Care Board,Male,370030.0,,,CVDP001HYP,Prevalence of GP recorded hypertension,Hypertension: Prevalence (CVDP001HYP),1.04,18-39,Age group,0,3950.0,To March 2026,1.1,1.07,
E54000030,NHS South East London Integrated Care Board,Female,386530.0,,,CVDP001HYP,Prevalence of GP recorded hypertension,Hypertension: Prevalence (CVDP001HYP),0.99,18-39,Age group,0,3955.0,To March 2026,1.05,1.02,
E54000030,NHS South East London Integrated Care Board,Persons,756560.0,,,CVDP001HYP,Prevalence of GP recorded hypertension,Hypertension: Prevalence (CVDP001HYP),1.02,18-39,Age group,0,7905.0,To March 2026,1.07,1.04,
E54000030,NHS South East London Integrated Care Board,Male,303235.0,,,CVDP001HYP,Prevalence of GP recorded hypertension,Hypertension: Prevalence (CVDP001HYP),12.79,40-59,Age group,0,39155.0,To March 2026,13.03,12.91,
E54000030,NHS South East London Integrated Care Board,Female,280280.0,,,CVDP001HYP,Prevalence of GP recorded hypertension,Hypertension: Prevalence (CVDP001HYP),13.03,40-59,Age group,0,36870.0,To March 2026,13.28,13.15,
E54000030,NHS South East London Integrated Care Board,Persons,583515.0,,,CVDP001HYP,Prevalence of GP recorded hypertension,Hypertension: Prevalence (CVDP001HYP),12.94,40-59,Age group,0,76025.0,To March 2026,13.12,13.03,
E54000030,NHS South East London Integrated Care Board,Male,147430.0,,,CVDP001HYP,Prevalence of GP recorded hypertension,Hypertension: Prevalence (CVDP001HYP),41.91,60-79,Age group,0,62155.0,To March 2026,42.41,42.16,
E54000030,NHS South East London Integrated Care Board,Female,157275.0,,,CVDP001HYP,Prevalence of GP recorded hypertension,Hypertension: Prevalence (CVDP001HYP),38.51,60-79,Age group,0,60940.0,To March 2026,38.99,38.75,
E54000030,NHS South East London Integrated Care Board,Persons,304705.0,,,CVDP001HYP,Prevalence of GP recorded hypertension,Hypertension: Prevalence (CVDP001HYP),40.23,60-79,Age group,0,123100.0,To March 2026,40.57,40.4,
E54000030,NHS South East London Integrated Care Board,Male,25300.0,,,CVDP001HYP,Prevalence of GP recorded hypertension,Hypertension: Prevalence (CVDP001HYP),61.08,80+,Age group,0,15605.0,To March 2026,62.28,61.68,
E54000030,NHS South East London Integrated Care Board,Female,38905.0,,,CVDP001HYP,Prevalence of GP recorded hypertension,Hypertension: Prevalence (CVDP001HYP),63.11,80+,Age group,0,24740.0,To March 2026,64.06,63.59,
E54000030,NHS South East London Integrated Care Board,Persons,64205.0,,,CVDP001HYP,Prevalence of GP recorded hypertension,Hypertension: Prevalence (CVDP001HYP),62.46,80+,Age group,0,40345.0,To March 2026,63.21,62.84,
E54000030,NHS South East London Integrated Care Board,Persons,279380.0,,,CVDP001HYP,Prevalence of GP recorded hypertension,Hypertension: Prevalence (CVDP001HYP),16.56,1 - most deprived,Deprivation quintile,0,46650.0,To March 2026,16.84,16.7,
E54000030,NHS South East London Integrated Care Board,Persons,583370.0,,,CVDP001HYP,Prevalence of GP recorded hypertension,Hypertension: Prevalence (CVDP001HYP),14.4,2,Deprivation quintile,0,84520.0,To March 2026,14.58,14.49,
E54000030,NHS South East London Integrated Care Board,Persons,349235.0,,,CVDP001HYP,Prevalence of GP recorded hypertension,Hypertension: Prevalence (CVDP001HYP),13.69,3,Deprivation quintile,0,48215.0,To March 2026,13.92,13.81,
E54000030,NHS South East London Integrated Care Board,Persons,219715.0,,,CVDP001HYP,Prevalence of GP recorded hypertension,Hypertension: Prevalence (CVDP001HYP),15.39,4,Deprivation quintile,0,34145.0,To March 2026,15.69,15.54,
E54000030,NHS South East London Integrated Care Board,Persons,177945.0,,,CVDP001HYP,Prevalence of GP recorded hypertension,Hypertension: Prevalence (CVDP001HYP),17.34,5 - least deprived,Deprivation quintile,0,31175.0,To March 2026,17.7,17.52,
E54000030,NHS South East London Integrated Care Board,Female,,,,CVDP001HYP,Prevalence of GP recorded hypertension,Hypertension: Prevalence (CVDP001HYP),18.98,Female,Sex - Age Standardised,0,,To March 2026,19.19,19.08,Numerators and Denominators are not provided for Age Standardisation.
E54000030,NHS South East London Integrated Care Board,Male,,,,CVDP001HYP,Prevalence of GP recorded hypertension,Hypertension: Prevalence (CVDP001HYP),19.89,Male,Sex - Age Standardised,0,,To March 2026,20.13,20.01,Numerators and Denominators are not provided for Age Standardisation.
E54000030,NHS South East London Integrated Care Board,Persons,,,,CVDP001HYP,Prevalence of GP recorded hypertension,Hypertension: Prevalence (CVDP001HYP),19.46,Persons,Sex - Age Standardised,0,,To March 2026,19.62,19.54,Numerators and Denominators are not provided for Age Standardisation.
E54000030,NHS South East London Integrated Care Board,Persons,,,,CVDP001HYP,Prevalence of GP recorded hypertension,Hypertension: Prevalence (CVDP001HYP),25.16,1 - most deprived,Deprivation quintile - Age Standardised,0,,To March 2026,25.65,25.41,Numerators and Denominators are not provided for Age Standardisation.
E54000030,NHS South East London Integrated Care Board,Persons,,,,CVDP001HYP,Prevalence of GP recorded hypertension,Hypertension: Prevalence (CVDP001HYP),22.44,2,Deprivation quintile - Age Standardised,0,,To March 2026,22.76,22.6,Numerators and Denominators are not provided for Age Standardisation.
E54000030,NHS South East London Integrated Care Board,Persons,,,,CVDP001HYP,Prevalence of GP recorded hypertension,Hypertension: Prevalence (CVDP001HYP),18.97,3,Deprivation quintile - Age Standardised,0,,To March 2026,19.33,19.15,Numerators and Denominators are not provided for Age Standardisation.
E54000030,NHS South East London Integrated Care Board,Persons,,,,CVDP001HYP,Prevalence of GP recorded hypertension,Hypertension: Prevalence (CVDP001HYP),16.24,4,Deprivation quintile - Age Standardised,0,,To March 2026,16.6,16.42,Numerators and Denominators are not provided for Age Standardisation.
E54000030,NHS South East London Integrated Care Board,Persons,,,,CVDP001HYP,Prevalence of GP recorded hypertension,Hypertension: Prevalence (CVDP001HYP),15.07,5 - least deprived,Deprivation quintile - Age Standardised,0,,To March 2026,15.42,15.25,Numerators and Denominators are not provided for Age Standardisation.
E54000031,NHS South West London Integrated Care Board,Persons,1390410.0,,,CVDP001HYP,Prevalence of GP recorded hypertension,Hypertension: Prevalence (CVDP001HYP),13.64,Persons,Sex,0,190385.0,To March 2026,13.75,13.69,
E54000031,NHS South West London Integrated Care Board,Female,700040.0,,,CVDP001HYP,Prevalence of GP recorded hypertension,Hypertension: Prevalence (CVDP001HYP),13.53,Female,Sex,0,95310.0,To March 2026,13.7,13.61,
E54000031,NHS South West London Integrated Care Board,Male,690370.0,,,CVDP001HYP,Prevalence of GP recorded hypertension,Hypertension: Prevalence (CVDP001HYP),13.69,Male,Sex,0,95075.0,To March 2026,13.85,13.77,
E54000031,NHS South West London Integrated Care Board,Male,278655.0,,,CVDP001HYP,Prevalence of GP recorded hypertension,Hypertension: Prevalence (CVDP001HYP),0.91,18-39,Age group,0,2645.0,To March 2026,0.99,0.95,
E54000031,NHS South West London Integrated Care Board,Female,291605.0,,,CVDP001HYP,Prevalence of GP recorded hypertension,Hypertension: Prevalence (CVDP001HYP),0.85,18-39,Age group,0,2565.0,To March 2026,0.91,0.88,
E54000031,NHS South West London Integrated Care Board,Persons,570260.0,,,CVDP001HYP,Prevalence of GP recorded hypertension,Hypertension: Prevalence (CVDP001HYP),0.89,18-39,Age group,0,5215.0,To March 2026,0.94,0.91,
E54000031,NHS South West London Integrated Care Board,Male,261590.0,,,CVDP001HYP,Prevalence of GP recorded hypertension,Hypertension: Prevalence (CVDP001HYP),11.03,40-59,Age group,0,29165.0,To March 2026,11.27,11.15,
E54000031,NHS South West London Integrated Care Board,Female,237810.0,,,CVDP001HYP,Prevalence of GP recorded hypertension,Hypertension: Prevalence (CVDP001HYP),10.18,40-59,Age group,0,24510.0,To March 2026,10.43,10.31,
E54000031,NHS South West London Integrated Care Board,Persons,499400.0,,,CVDP001HYP,Prevalence of GP recorded hypertension,Hypertension: Prevalence (CVDP001HYP),10.66,40-59,Age group,0,53675.0,To March 2026,10.83,10.75,
E54000031,NHS South West London Integrated Care Board,Male,125810.0,,,CVDP001HYP,Prevalence of GP recorded hypertension,Hypertension: Prevalence (CVDP001HYP),38.7,60-79,Age group,0,49025.0,To March 2026,39.24,38.97,
E54000031,NHS South West London Integrated Care Board,Female,134785.0,,,CVDP001HYP,Prevalence of GP recorded hypertension,Hypertension: Prevalence (CVDP001HYP),34.36,60-79,Age group,0,46655.0,To March 2026,34.87,34.62,
E54000031,NHS South West London Integrated Care Board,Persons,260595.0,,,CVDP001HYP,Prevalence of GP recorded hypertension,Hypertension: Prevalence (CVDP001HYP),36.53,60-79,Age group,0,95680.0,To March 2026,36.9,36.72,
E54000031,NHS South West London Integrated Care Board,Male,24315.0,,,CVDP001HYP,Prevalence of GP recorded hypertension,Hypertension: Prevalence (CVDP001HYP),57.93,80+,Age group,0,14235.0,To March 2026,59.17,58.55,
E54000031,NHS South West London Integrated Care Board,Female,35835.0,,,CVDP001HYP,Prevalence of GP recorded hypertension,Hypertension: Prevalence (CVDP001HYP),59.71,80+,Age group,0,21580.0,To March 2026,60.72,60.21,
E54000031,NHS South West London Integrated Care Board,Persons,60150.0,,,CVDP001HYP,Prevalence of GP recorded hypertension,Hypertension: Prevalence (CVDP001HYP),59.15,80+,Age group,0,35815.0,To March 2026,59.93,59.54,
E54000031,NHS South West London Integrated Care Board,Persons,95770.0,,,CVDP001HYP,Prevalence of GP recorded hypertension,Hypertension: Prevalence (CVDP001HYP),15.82,1 - most deprived,Deprivation quintile,0,15375.0,To March 2026,16.29,16.06,
E54000031,NHS South West London Integrated Care Board,Persons,251310.0,,,CVDP001HYP,Prevalence of GP recorded hypertension,Hypertension: Prevalence (CVDP001HYP),15.17,2,Deprivation quintile,0,38485.0,To March 2026,15.45,15.31,
E54000031,NHS South West London Integrated Care Board,Persons,299510.0,,,CVDP001HYP,Prevalence of GP recorded hypertension,Hypertension: Prevalence (CVDP001HYP),13.54,3,Deprivation quintile,0,40930.0,To March 2026,13.79,13.66,
E54000031,NHS South West London Integrated Care Board,Persons,349670.0,,,CVDP001HYP,Prevalence of GP recorded hypertension,Hypertension: Prevalence (CVDP001HYP),13.74,4,Deprivation quintile,0,48450.0,To March 2026,13.97,13.86,
E54000031,NHS South West London Integrated Care Board,Persons,368080.0,,,CVDP001HYP,Prevalence of GP recorded hypertension,Hypertension: Prevalence (CVDP001HYP),13.41,5 - least deprived,Deprivation quintile,0,49755.0,To March 2026,13.63,13.52,
E54000031,NHS South West London Integrated Care Board,Female,,,,CVDP001HYP,Prevalence of GP recorded hypertension,Hypertension: Prevalence (CVDP001HYP),16.55,Female,Sex - Age Standardised,0,,To March 2026,16.76,16.66,Numerators and Denominators are not provided for Age Standardisation.
E54000031,NHS South West London Integrated Care Board,Male,,,,CVDP001HYP,Prevalence of GP recorded hypertension,Hypertension: Prevalence (CVDP001HYP),18.09,Male,Sex - Age Standardised,0,,To March 2026,18.33,18.21,Numerators and Denominators are not provided for Age Standardisation.
E54000031,NHS South West London Integrated Care Board,Persons,,,,CVDP001HYP,Prevalence of GP recorded hypertension,Hypertension: Prevalence (CVDP001HYP),17.35,Persons,Sex - Age Standardised,0,,To March 2026,17.51,17.43,Numerators and Denominators are not provided for Age Standardisation.
E54000031,NHS South West London Integrated Care Board,Persons,,,,CVDP001HYP,Prevalence of GP recorded hypertension,Hypertension: Prevalence (CVDP001HYP),23.81,1 - most deprived,Deprivation quintile - Age Standardised,0,,To March 2026,24.62,24.22,Numerators and Denominators are not provided for Age Standardisation.
E54000031,NHS South West London Integrated Care Board,Persons,,,,CVDP001HYP,Prevalence of GP recorded hypertension,Hypertension: Prevalence (CVDP001HYP),21.79,2,Deprivation quintile - Age Standardised,0,,To March 2026,22.25,22.02,Numerators and Denominators are not provided for Age Standardisation.
E54000031,NHS South West London Integrated Care Board,Persons,,,,CVDP001HYP,Prevalence of GP recorded hypertension,Hypertension: Prevalence (CVDP001HYP),19.35,3,Deprivation quintile - Age Standardised,0,,To March 2026,19.74,19.55,Numerators and Denominators are not provided for Age Standardisation.
E54000031,NHS South West London Integrated Care Board,Persons,,,,CVDP001HYP,Prevalence of GP recorded hypertension,Hypertension: Prevalence (CVDP001HYP),16.99,4,Deprivation quintile - Age Standardised,0,,To March 2026,17.31,17.15,Numerators and Denominators are not provided for Age Standardisation.
E54000031,NHS South West London Integrated Care Board,Persons,,,,CVDP001HYP,Prevalence of GP recorded hypertension,Hypertension: Prevalence (CVDP001HYP),14.28,5 - least deprived,Deprivation quintile - Age Standardised,0,,To March 2026,14.54,14.41,Numerators and Denominators are not provided for Age Standardisation.
E54000061,NHS South Yorkshire Integrated Care Board,Persons,1200945.0,,,CVDP001HYP,Prevalence of GP recorded hypertension,Hypertension: Prevalence (CVDP001HYP),19.92,Persons,Sex,0,240075.0,To March 2026,20.06,19.99,
E54000061,NHS South Yorkshire Integrated Care Board,Female,595575.0,,,CVDP001HYP,Prevalence of GP recorded hypertension,Hypertension: Prevalence (CVDP001HYP),19.96,Female,Sex,0,119470.0,To March 2026,20.16,20.06,
E54000061,NHS South Yorkshire Integrated Care Board,Male,605370.0,,,CVDP001HYP,Prevalence of GP recorded hypertension,Hypertension: Prevalence (CVDP001HYP),19.82,Male,Sex,0,120610.0,To March 2026,20.02,19.92,
E54000061,NHS South Yorkshire Integrated Care Board,Male,241700.0,,,CVDP001HYP,Prevalence of GP recorded hypertension,Hypertension: Prevalence (CVDP001HYP),1.53,18-39,Age group,0,3810.0,To March 2026,1.63,1.58,
E54000061,NHS South Yorkshire Integrated Care Board,Female,224665.0,,,CVDP001HYP,Prevalence of GP recorded hypertension,Hypertension: Prevalence (CVDP001HYP),1.45,18-39,Age group,0,3365.0,To March 2026,1.55,1.5,
E54000061,NHS South Yorkshire Integrated Care Board,Persons,466365.0,,,CVDP001HYP,Prevalence of GP recorded hypertension,Hypertension: Prevalence (CVDP001HYP),1.5,18-39,Age group,0,7180.0,To March 2026,1.57,1.54,
E54000061,NHS South Yorkshire Integrated Care Board,Male,190315.0,,,CVDP001HYP,Prevalence of GP recorded hypertension,Hypertension: Prevalence (CVDP001HYP),17.12,40-59,Age group,0,32910.0,To March 2026,17.46,17.29,
E54000061,NHS South Yorkshire Integrated Care Board,Female,180155.0,,,CVDP001HYP,Prevalence of GP recorded hypertension,Hypertension: Prevalence (CVDP001HYP),14.99,40-59,Age group,0,27295.0,To March 2026,15.32,15.15,
E54000061,NHS South Yorkshire Integrated Care Board,Persons,370470.0,,,CVDP001HYP,Prevalence of GP recorded hypertension,Hypertension: Prevalence (CVDP001HYP),16.13,40-59,Age group,0,60210.0,To March 2026,16.37,16.25,
E54000061,NHS South Yorkshire Integrated Care Board,Male,142435.0,,,CVDP001HYP,Prevalence of GP recorded hypertension,Hypertension: Prevalence (CVDP001HYP),45.41,60-79,Age group,0,65045.0,To March 2026,45.93,45.67,
E54000061,NHS South Yorkshire Integrated Care Board,Female,148185.0,,,CVDP001HYP,Prevalence of GP recorded hypertension,Hypertension: Prevalence (CVDP001HYP),40.82,60-79,Age group,0,60860.0,To March 2026,41.32,41.07,
E54000061,NHS South Yorkshire Integrated Care Board,Persons,290620.0,,,CVDP001HYP,Prevalence of GP recorded hypertension,Hypertension: Prevalence (CVDP001HYP),43.14,60-79,Age group,0,125905.0,To March 2026,43.5,43.32,
E54000061,NHS South Yorkshire Integrated Care Board,Male,30920.0,,,CVDP001HYP,Prevalence of GP recorded hypertension,Hypertension: Prevalence (CVDP001HYP),60.38,80+,Age group,0,18840.0,To March 2026,61.47,60.93,
E54000061,NHS South Yorkshire Integrated Care Board,Female,42570.0,,,CVDP001HYP,Prevalence of GP recorded hypertension,Hypertension: Prevalence (CVDP001HYP),65.19,80+,Age group,0,27945.0,To March 2026,66.09,65.64,
E54000061,NHS South Yorkshire Integrated Care Board,Persons,73490.0,,,CVDP001HYP,Prevalence of GP recorded hypertension,Hypertension: Prevalence (CVDP001HYP),63.31,80+,Age group,0,46785.0,To March 2026,64.01,63.66,
E54000061,NHS South Yorkshire Integrated Care Board,Persons,444040.0,,,CVDP001HYP,Prevalence of GP recorded hypertension,Hypertension: Prevalence (CVDP001HYP),19.32,1 - most deprived,Deprivation quintile,0,86290.0,To March 2026,19.55,19.43,
E54000061,NHS South Yorkshire Integrated Care Board,Persons,227415.0,,,CVDP001HYP,Prevalence of GP recorded hypertension,Hypertension: Prevalence (CVDP001HYP),20.84,2,Deprivation quintile,0,47775.0,To March 2026,21.18,21.01,
E54000061,NHS South Yorkshire Integrated Care Board,Persons,202110.0,,,CVDP001HYP,Prevalence of GP recorded hypertension,Hypertension: Prevalence (CVDP001HYP),21.0,3,Deprivation quintile,0,42810.0,To March 2026,21.36,21.18,
E54000061,NHS South Yorkshire Integrated Care Board,Persons,160650.0,,,CVDP001HYP,Prevalence of GP recorded hypertension,Hypertension: Prevalence (CVDP001HYP),24.1,4,Deprivation quintile,0,39055.0,To March 2026,24.52,24.31,
E54000061,NHS South Yorkshire Integrated Care Board,Persons,122755.0,,,CVDP001HYP,Prevalence of GP recorded hypertension,Hypertension: Prevalence (CVDP001HYP),19.03,5 - least deprived,Deprivation quintile,0,23630.0,To March 2026,19.47,19.25,
E54000061,NHS South Yorkshire Integrated Care Board,Female,,,,CVDP001HYP,Prevalence of GP recorded hypertension,Hypertension: Prevalence (CVDP001HYP),20.04,Female,Sex - Age Standardised,0,,To March 2026,20.27,20.15,Numerators and Denominators are not provided for Age Standardisation.
E54000061,NHS South Yorkshire Integrated Care Board,Male,,,,CVDP001HYP,Prevalence of GP recorded hypertension,Hypertension: Prevalence (CVDP001HYP),21.79,Male,Sex - Age Standardised,0,,To March 2026,22.04,21.91,Numerators and Denominators are not provided for Age Standardisation.
E54000061,NHS South Yorkshire Integrated Care Board,Persons,,,,CVDP001HYP,Prevalence of GP recorded hypertension,Hypertension: Prevalence (CVDP001HYP),20.98,Persons,Sex - Age Standardised,0,,To March 2026,21.15,21.06,Numerators and Denominators are not provided for Age Standardisation.
E54000061,NHS South Yorkshire Integrated Care Board,Persons,,,,CVDP001HYP,Prevalence of GP recorded hypertension,Hypertension: Prevalence (CVDP001HYP),24.25,1 - most deprived,Deprivation quintile - Age Standardised,0,,To March 2026,24.58,24.41,Numerators and Denominators are not provided for Age Standardisation.
E54000061,NHS South Yorkshire Integrated Care Board,Persons,,,,CVDP001HYP,Prevalence of GP recorded hypertension,Hypertension: Prevalence (CVDP001HYP),22.51,2,Deprivation quintile - Age Standardised,0,,To March 2026,22.92,22.72,Numerators and Denominators are not provided for Age Standardisation.
E54000061,NHS South Yorkshire Integrated Care Board,Persons,,,,CVDP001HYP,Prevalence of GP recorded hypertension,Hypertension: Prevalence (CVDP001HYP),20.94,3,Deprivation quintile - Age Standardised,0,,To March 2026,21.35,21.15,Numerators and Denominators are not provided for Age Standardisation.
E54000061,NHS South Yorkshire Integrated Care Board,Persons,,,,CVDP001HYP,Prevalence of GP recorded hypertension,Hypertension: Prevalence (CVDP001HYP),20.04,4,Deprivation quintile - Age Standardised,0,,To March 2026,20.45,20.25,Numerators and Denominators are not provided for Age Standardisation.
E54000061,NHS South Yorkshire Integrated Care Board,Persons,,,,CVDP001HYP,Prevalence of GP recorded hypertension,Hypertension: Prevalence (CVDP001HYP),17.46,5 - least deprived,Deprivation quintile - Age Standardised,0,,To March 2026,17.92,17.68,Numerators and Denominators are not provided for Age Standardisation.
E54000010,NHS Staffordshire and Stoke-on-Trent Integrated Care Board,Persons,937855.0,,,CVDP001HYP,Prevalence of GP recorded hypertension,Hypertension: Prevalence (CVDP001HYP),21.92,Persons,Sex,0,206355.0,To March 2026,22.09,22.0,
E54000010,NHS Staffordshire and Stoke-on-Trent Integrated Care Board,Female,471670.0,,,CVDP001HYP,Prevalence of GP recorded hypertension,Hypertension: Prevalence (CVDP001HYP),21.58,Female,Sex,0,102360.0,To March 2026,21.82,21.7,
E54000010,NHS Staffordshire and Stoke-on-Trent Integrated Care Board,Male,466185.0,,,CVDP001HYP,Prevalence of GP recorded hypertension,Hypertension: Prevalence (CVDP001HYP),22.19,Male,Sex,0,103990.0,To March 2026,22.43,22.31,
E54000010,NHS Staffordshire and Stoke-on-Trent Integrated Care Board,Male,160860.0,,,CVDP001HYP,Prevalence of GP recorded hypertension,Hypertension: Prevalence (CVDP001HYP),1.64,18-39,Age group,0,2740.0,To March 2026,1.77,1.7,
E54000010,NHS Staffordshire and Stoke-on-Trent Integrated Care Board,Female,157060.0,,,CVDP001HYP,Prevalence of GP recorded hypertension,Hypertension: Prevalence (CVDP001HYP),1.59,18-39,Age group,0,2590.0,To March 2026,1.71,1.65,
E54000010,NHS Staffordshire and Stoke-on-Trent Integrated Care Board,Persons,317920.0,,,CVDP001HYP,Prevalence of GP recorded hypertension,Hypertension: Prevalence (CVDP001HYP),1.63,18-39,Age group,0,5330.0,To March 2026,1.72,1.68,
E54000010,NHS Staffordshire and Stoke-on-Trent Integrated Care Board,Male,151830.0,,,CVDP001HYP,Prevalence of GP recorded hypertension,Hypertension: Prevalence (CVDP001HYP),17.45,40-59,Age group,0,26785.0,To March 2026,17.83,17.64,
E54000010,NHS Staffordshire and Stoke-on-Trent Integrated Care Board,Female,145475.0,,,CVDP001HYP,Prevalence of GP recorded hypertension,Hypertension: Prevalence (CVDP001HYP),14.63,40-59,Age group,0,21550.0,To March 2026,15.0,14.81,
E54000010,NHS Staffordshire and Stoke-on-Trent Integrated Care Board,Persons,297300.0,,,CVDP001HYP,Prevalence of GP recorded hypertension,Hypertension: Prevalence (CVDP001HYP),16.13,40-59,Age group,0,48335.0,To March 2026,16.39,16.26,
E54000010,NHS Staffordshire and Stoke-on-Trent Integrated Care Board,Male,123890.0,,,CVDP001HYP,Prevalence of GP recorded hypertension,Hypertension: Prevalence (CVDP001HYP),45.24,60-79,Age group,0,56395.0,To March 2026,45.8,45.52,
E54000010,NHS Staffordshire and Stoke-on-Trent Integrated Care Board,Female,129215.0,,,CVDP001HYP,Prevalence of GP recorded hypertension,Hypertension: Prevalence (CVDP001HYP),40.11,60-79,Age group,0,52175.0,To March 2026,40.65,40.38,
E54000010,NHS Staffordshire and Stoke-on-Trent Integrated Care Board,Persons,253110.0,,,CVDP001HYP,Prevalence of GP recorded hypertension,Hypertension: Prevalence (CVDP001HYP),42.7,60-79,Age group,0,108570.0,To March 2026,43.09,42.9,
E54000010,NHS Staffordshire and Stoke-on-Trent Integrated Care Board,Male,29610.0,,,CVDP001HYP,Prevalence of GP recorded hypertension,Hypertension: Prevalence (CVDP001HYP),60.48,80+,Age group,0,18070.0,To March 2026,61.59,61.04,
E54000010,NHS Staffordshire and Stoke-on-Trent Integrated Care Board,Female,39920.0,,,CVDP001HYP,Prevalence of GP recorded hypertension,Hypertension: Prevalence (CVDP001HYP),64.78,80+,Age group,0,26045.0,To March 2026,65.71,65.25,
E54000010,NHS Staffordshire and Stoke-on-Trent Integrated Care Board,Persons,69525.0,,,CVDP001HYP,Prevalence of GP recorded hypertension,Hypertension: Prevalence (CVDP001HYP),63.1,80+,Age group,0,44120.0,To March 2026,63.81,63.45,
E54000010,NHS Staffordshire and Stoke-on-Trent Integrated Care Board,Persons,182555.0,,,CVDP001HYP,Prevalence of GP recorded hypertension,Hypertension: Prevalence (CVDP001HYP),19.52,1 - most deprived,Deprivation quintile,0,35975.0,To March 2026,19.89,19.71,
E54000010,NHS Staffordshire and Stoke-on-Trent Integrated Care Board,Persons,175435.0,,,CVDP001HYP,Prevalence of GP recorded hypertension,Hypertension: Prevalence (CVDP001HYP),21.08,2,Deprivation quintile,0,37315.0,To March 2026,21.46,21.27,
E54000010,NHS Staffordshire and Stoke-on-Trent Integrated Care Board,Persons,180920.0,,,CVDP001HYP,Prevalence of GP recorded hypertension,Hypertension: Prevalence (CVDP001HYP),24.11,3,Deprivation quintile,0,43970.0,To March 2026,24.5,24.3,
E54000010,NHS Staffordshire and Stoke-on-Trent Integrated Care Board,Persons,206325.0,,,CVDP001HYP,Prevalence of GP recorded hypertension,Hypertension: Prevalence (CVDP001HYP),24.69,4,Deprivation quintile,0,51330.0,To March 2026,25.06,24.88,
E54000010,NHS Staffordshire and Stoke-on-Trent Integrated Care Board,Persons,173725.0,,,CVDP001HYP,Prevalence of GP recorded hypertension,Hypertension: Prevalence (CVDP001HYP),23.64,5 - least deprived,Deprivation quintile,0,41415.0,To March 2026,24.04,23.84,
E54000010,NHS Staffordshire and Stoke-on-Trent Integrated Care Board,Female,,,,CVDP001HYP,Prevalence of GP recorded hypertension,Hypertension: Prevalence (CVDP001HYP),19.61,Female,Sex - Age Standardised,0,,To March 2026,19.86,19.74,Numerators and Denominators are not provided for Age Standardisation.
E54000010,NHS Staffordshire and Stoke-on-Trent Integrated Care Board,Male,,,,CVDP001HYP,Prevalence of GP recorded hypertension,Hypertension: Prevalence (CVDP001HYP),21.74,Male,Sex - Age Standardised,0,,To March 2026,22.01,21.87,Numerators and Denominators are not provided for Age Standardisation.
E54000010,NHS Staffordshire and Stoke-on-Trent Integrated Care Board,Persons,,,,CVDP001HYP,Prevalence of GP recorded hypertension,Hypertension: Prevalence (CVDP001HYP),20.74,Persons,Sex - Age Standardised,0,,To March 2026,20.92,20.83,Numerators and Denominators are not provided for Age Standardisation.
E54000010,NHS Staffordshire and Stoke-on-Trent Integrated Care Board,Persons,,,,CVDP001HYP,Prevalence of GP recorded hypertension,Hypertension: Prevalence (CVDP001HYP),26.51,1 - most deprived,Deprivation quintile - Age Standardised,0,,To March 2026,27.08,26.79,Numerators and Denominators are not provided for Age Standardisation.
E54000010,NHS Staffordshire and Stoke-on-Trent Integrated Care Board,Persons,,,,CVDP001HYP,Prevalence of GP recorded hypertension,Hypertension: Prevalence (CVDP001HYP),24.01,2,Deprivation quintile - Age Standardised,0,,To March 2026,24.51,24.26,Numerators and Denominators are not provided for Age Standardisation.
E54000010,NHS Staffordshire and Stoke-on-Trent Integrated Care Board,Persons,,,,CVDP001HYP,Prevalence of GP recorded hypertension,Hypertension: Prevalence (CVDP001HYP),21.89,3,Deprivation quintile - Age Standardised,0,,To March 2026,22.31,22.1,Numerators and Denominators are not provided for Age Standardisation.
E54000010,NHS Staffordshire and Stoke-on-Trent Integrated Care Board,Persons,,,,CVDP001HYP,Prevalence of GP recorded hypertension,Hypertension: Prevalence (CVDP001HYP),21.16,4,Deprivation quintile - Age Standardised,0,,To March 2026,21.54,21.35,Numerators and Denominators are not provided for Age Standardisation.
E54000010,NHS Staffordshire and Stoke-on-Trent Integrated Care Board,Persons,,,,CVDP001HYP,Prevalence of GP recorded hypertension,Hypertension: Prevalence (CVDP001HYP),19.13,5 - least deprived,Deprivation quintile - Age Standardised,0,,To March 2026,19.51,19.32,Numerators and Denominators are not provided for Age Standardisation.
E54000023,NHS Suffolk and North East Essex Integrated Care Board,Persons,874450.0,,,CVDP001HYP,Prevalence of GP recorded hypertension,Hypertension: Prevalence (CVDP001HYP),21.3,Persons,Sex,0,187030.0,To March 2026,21.47,21.39,
E54000023,NHS Suffolk and North East Essex Integrated Care Board,Female,443600.0,,,CVDP001HYP,Prevalence of GP recorded hypertension,Hypertension: Prevalence (CVDP001HYP),21.02,Female,Sex,0,93780.0,To March 2026,21.26,21.14,
E54000023,NHS Suffolk and North East Essex Integrated Care Board,Male,430845.0,,,CVDP001HYP,Prevalence of GP recorded hypertension,Hypertension: Prevalence (CVDP001HYP),21.52,Male,Sex,0,93250.0,To March 2026,21.77,21.64,
E54000023,NHS Suffolk and North East Essex Integrated Care Board,Male,142085.0,,,CVDP001HYP,Prevalence of GP recorded hypertension,Hypertension: Prevalence (CVDP001HYP),1.39,18-39,Age group,0,2060.0,To March 2026,1.51,1.45,
E54000023,NHS Suffolk and North East Essex Integrated Care Board,Female,137165.0,,,CVDP001HYP,Prevalence of GP recorded hypertension,Hypertension: Prevalence (CVDP001HYP),1.38,18-39,Age group,0,1975.0,To March 2026,1.51,1.44,
E54000023,NHS Suffolk and North East Essex Integrated Care Board,Persons,279250.0,,,CVDP001HYP,Prevalence of GP recorded hypertension,Hypertension: Prevalence (CVDP001HYP),1.4,18-39,Age group,0,4035.0,To March 2026,1.49,1.45,
E54000023,NHS Suffolk and North East Essex Integrated Care Board,Male,136760.0,,,CVDP001HYP,Prevalence of GP recorded hypertension,Hypertension: Prevalence (CVDP001HYP),15.08,40-59,Age group,0,20885.0,To March 2026,15.46,15.27,
E54000023,NHS Suffolk and North East Essex Integrated Care Board,Female,134555.0,,,CVDP001HYP,Prevalence of GP recorded hypertension,Hypertension: Prevalence (CVDP001HYP),12.65,40-59,Age group,0,17265.0,To March 2026,13.01,12.83,
E54000023,NHS Suffolk and North East Essex Integrated Care Board,Persons,271315.0,,,CVDP001HYP,Prevalence of GP recorded hypertension,Hypertension: Prevalence (CVDP001HYP),13.93,40-59,Age group,0,38150.0,To March 2026,14.19,14.06,
E54000023,NHS Suffolk and North East Essex Integrated Care Board,Male,120585.0,,,CVDP001HYP,Prevalence of GP recorded hypertension,Hypertension: Prevalence (CVDP001HYP),42.52,60-79,Age group,0,51605.0,To March 2026,43.08,42.8,
E54000023,NHS Suffolk and North East Essex Integrated Care Board,Female,130085.0,,,CVDP001HYP,Prevalence of GP recorded hypertension,Hypertension: Prevalence (CVDP001HYP),36.78,60-79,Age group,0,48180.0,To March 2026,37.3,37.04,
E54000023,NHS Suffolk and North East Essex Integrated Care Board,Persons,250670.0,,,CVDP001HYP,Prevalence of GP recorded hypertension,Hypertension: Prevalence (CVDP001HYP),39.62,60-79,Age group,0,99790.0,To March 2026,40.0,39.81,
E54000023,NHS Suffolk and North East Essex Integrated Care Board,Male,31420.0,,,CVDP001HYP,Prevalence of GP recorded hypertension,Hypertension: Prevalence (CVDP001HYP),58.96,80+,Age group,0,18695.0,To March 2026,60.05,59.51,
E54000023,NHS Suffolk and North East Essex Integrated Care Board,Female,41790.0,,,CVDP001HYP,Prevalence of GP recorded hypertension,Hypertension: Prevalence (CVDP001HYP),62.6,80+,Age group,0,26355.0,To March 2026,63.52,63.06,
E54000023,NHS Suffolk and North East Essex Integrated Care Board,Persons,73210.0,,,CVDP001HYP,Prevalence of GP recorded hypertension,Hypertension: Prevalence (CVDP001HYP),61.18,80+,Age group,0,45050.0,To March 2026,61.89,61.54,
E54000023,NHS Suffolk and North East Essex Integrated Care Board,Persons,100400.0,,,CVDP001HYP,Prevalence of GP recorded hypertension,Hypertension: Prevalence (CVDP001HYP),20.41,1 - most deprived,Deprivation quintile,0,20745.0,To March 2026,20.91,20.66,
E54000023,NHS Suffolk and North East Essex Integrated Care Board,Persons,149280.0,,,CVDP001HYP,Prevalence of GP recorded hypertension,Hypertension: Prevalence (CVDP001HYP),22.22,2,Deprivation quintile,0,33485.0,To March 2026,22.64,22.43,
E54000023,NHS Suffolk and North East Essex Integrated Care Board,Persons,247885.0,,,CVDP001HYP,Prevalence of GP recorded hypertension,Hypertension: Prevalence (CVDP001HYP),22.43,3,Deprivation quintile,0,56020.0,To March 2026,22.76,22.6,
E54000023,NHS Suffolk and North East Essex Integrated Care Board,Persons,173120.0,,,CVDP001HYP,Prevalence of GP recorded hypertension,Hypertension: Prevalence (CVDP001HYP),23.87,4,Deprivation quintile,0,41670.0,To March 2026,24.27,24.07,
E54000023,NHS Suffolk and North East Essex Integrated Care Board,Persons,144145.0,,,CVDP001HYP,Prevalence of GP recorded hypertension,Hypertension: Prevalence (CVDP001HYP),22.36,5 - least deprived,Deprivation quintile,0,32535.0,To March 2026,22.79,22.57,
E54000023,NHS Suffolk and North East Essex Integrated Care Board,Female,,,,CVDP001HYP,Prevalence of GP recorded hypertension,Hypertension: Prevalence (CVDP001HYP),17.77,Female,Sex - Age Standardised,0,,To March 2026,18.01,17.89,Numerators and Denominators are not provided for Age Standardisation.
E54000023,NHS Suffolk and North East Essex Integrated Care Board,Male,,,,CVDP001HYP,Prevalence of GP recorded hypertension,Hypertension: Prevalence (CVDP001HYP),19.98,Male,Sex - Age Standardised,0,,To March 2026,20.24,20.11,Numerators and Denominators are not provided for Age Standardisation.
E54000023,NHS Suffolk and North East Essex Integrated Care Board,Persons,,,,CVDP001HYP,Prevalence of GP recorded hypertension,Hypertension: Prevalence (CVDP001HYP),18.91,Persons,Sex - Age Standardised,0,,To March 2026,19.08,19.0,Numerators and Denominators are not provided for Age Standardisation.
E54000023,NHS Suffolk and North East Essex Integrated Care Board,Persons,,,,CVDP001HYP,Prevalence of GP recorded hypertension,Hypertension: Prevalence (CVDP001HYP),23.2,1 - most deprived,Deprivation quintile - Age Standardised,0,,To March 2026,23.86,23.53,Numerators and Denominators are not provided for Age Standardisation.
E54000023,NHS Suffolk and North East Essex Integrated Care Board,Persons,,,,CVDP001HYP,Prevalence of GP recorded hypertension,Hypertension: Prevalence (CVDP001HYP),21.95,2,Deprivation quintile - Age Standardised,0,,To March 2026,22.44,22.2,Numerators and Denominators are not provided for Age Standardisation.
E54000023,NHS Suffolk and North East Essex Integrated Care Board,Persons,,,,CVDP001HYP,Prevalence of GP recorded hypertension,Hypertension: Prevalence (CVDP001HYP),20.05,3,Deprivation quintile - Age Standardised,0,,To March 2026,20.4,20.23,Numerators and Denominators are not provided for Age Standardisation.
E54000023,NHS Suffolk and North East Essex Integrated Care Board,Persons,,,,CVDP001HYP,Prevalence of GP recorded hypertension,Hypertension: Prevalence (CVDP001HYP),19.43,4,Deprivation quintile - Age Standardised,0,,To March 2026,19.82,19.62,Numerators and Denominators are not provided for Age Standardisation.
E54000023,NHS Suffolk and North East Essex Integrated Care Board,Persons,,,,CVDP001HYP,Prevalence of GP recorded hypertension,Hypertension: Prevalence (CVDP001HYP),18.91,5 - least deprived,Deprivation quintile - Age Standardised,0,,To March 2026,19.34,19.12,Numerators and Denominators are not provided for Age Standardisation.
E54000063,Nhs Surrey Heartlands Integrated Care Board,Persons,859495.0,,,CVDP001HYP,Prevalence of GP recorded hypertension,Hypertension: Prevalence (CVDP001HYP),17.61,Persons,Sex,0,152020.0,To March 2026,17.77,17.69,
E54000063,Nhs Surrey Heartlands Integrated Care Board,Female,437120.0,,,CVDP001HYP,Prevalence of GP recorded hypertension,Hypertension: Prevalence (CVDP001HYP),16.84,Female,Sex,0,74095.0,To March 2026,17.06,16.95,
E54000063,Nhs Surrey Heartlands Integrated Care Board,Male,422375.0,,,CVDP001HYP,Prevalence of GP recorded hypertension,Hypertension: Prevalence (CVDP001HYP),18.33,Male,Sex,0,77925.0,To March 2026,18.57,18.45,
E54000063,Nhs Surrey Heartlands Integrated Care Board,Male,141510.0,,,CVDP001HYP,Prevalence of GP recorded hypertension,Hypertension: Prevalence (CVDP001HYP),1.1,18-39,Age group,0,1640.0,To March 2026,1.22,1.16,
E54000063,Nhs Surrey Heartlands Integrated Care Board,Female,140895.0,,,CVDP001HYP,Prevalence of GP recorded hypertension,Hypertension: Prevalence (CVDP001HYP),0.93,18-39,Age group,0,1380.0,To March 2026,1.03,0.98,
E54000063,Nhs Surrey Heartlands Integrated Care Board,Persons,282405.0,,,CVDP001HYP,Prevalence of GP recorded hypertension,Hypertension: Prevalence (CVDP001HYP),1.03,18-39,Age group,0,3020.0,To March 2026,1.11,1.07,
E54000063,Nhs Surrey Heartlands Integrated Care Board,Male,151665.0,,,CVDP001HYP,Prevalence of GP recorded hypertension,Hypertension: Prevalence (CVDP001HYP),12.89,40-59,Age group,0,19810.0,To March 2026,13.23,13.06,
E54000063,Nhs Surrey Heartlands Integrated Care Board,Female,149895.0,,,CVDP001HYP,Prevalence of GP recorded hypertension,Hypertension: Prevalence (CVDP001HYP),9.55,40-59,Age group,0,14540.0,To March 2026,9.85,9.7,
E54000063,Nhs Surrey Heartlands Integrated Care Board,Persons,301555.0,,,CVDP001HYP,Prevalence of GP recorded hypertension,Hypertension: Prevalence (CVDP001HYP),11.28,40-59,Age group,0,34355.0,To March 2026,11.51,11.39,
E54000063,Nhs Surrey Heartlands Integrated Care Board,Male,103280.0,,,CVDP001HYP,Prevalence of GP recorded hypertension,Hypertension: Prevalence (CVDP001HYP),39.99,60-79,Age group,0,41615.0,To March 2026,40.59,40.29,
E54000063,Nhs Surrey Heartlands Integrated Care Board,Female,108855.0,,,CVDP001HYP,Prevalence of GP recorded hypertension,Hypertension: Prevalence (CVDP001HYP),32.7,60-79,Age group,0,35895.0,To March 2026,33.26,32.98,
E54000063,Nhs Surrey Heartlands Integrated Care Board,Persons,212135.0,,,CVDP001HYP,Prevalence of GP recorded hypertension,Hypertension: Prevalence (CVDP001HYP),36.33,60-79,Age group,0,77510.0,To March 2026,36.74,36.54,
E54000063,Nhs Surrey Heartlands Integrated Care Board,Male,25925.0,,,CVDP001HYP,Prevalence of GP recorded hypertension,Hypertension: Prevalence (CVDP001HYP),56.71,80+,Age group,0,14860.0,To March 2026,57.91,57.31,
E54000063,Nhs Surrey Heartlands Integrated Care Board,Female,37475.0,,,CVDP001HYP,Prevalence of GP recorded hypertension,Hypertension: Prevalence (CVDP001HYP),58.95,80+,Age group,0,22275.0,To March 2026,59.94,59.44,
E54000063,Nhs Surrey Heartlands Integrated Care Board,Persons,63400.0,,,CVDP001HYP,Prevalence of GP recorded hypertension,Hypertension: Prevalence (CVDP001HYP),58.19,80+,Age group,0,37135.0,To March 2026,58.96,58.57,
E54000063,Nhs Surrey Heartlands Integrated Care Board,Persons,4235.0,,,CVDP001HYP,Prevalence of GP recorded hypertension,Hypertension: Prevalence (CVDP001HYP),18.73,1 - most deprived,Deprivation quintile,0,845.0,To March 2026,21.11,19.91,
E54000063,Nhs Surrey Heartlands Integrated Care Board,Persons,71635.0,,,CVDP001HYP,Prevalence of GP recorded hypertension,Hypertension: Prevalence (CVDP001HYP),17.69,2,Deprivation quintile,0,12870.0,To March 2026,18.25,17.97,
E54000063,Nhs Surrey Heartlands Integrated Care Board,Persons,121420.0,,,CVDP001HYP,Prevalence of GP recorded hypertension,Hypertension: Prevalence (CVDP001HYP),18.81,3,Deprivation quintile,0,23100.0,To March 2026,19.25,19.03,
E54000063,Nhs Surrey Heartlands Integrated Care Board,Persons,213065.0,,,CVDP001HYP,Prevalence of GP recorded hypertension,Hypertension: Prevalence (CVDP001HYP),18.84,4,Deprivation quintile,0,40490.0,To March 2026,19.17,19.0,
E54000063,Nhs Surrey Heartlands Integrated Care Board,Persons,439590.0,,,CVDP001HYP,Prevalence of GP recorded hypertension,Hypertension: Prevalence (CVDP001HYP),17.51,5 - least deprived,Deprivation quintile,0,77470.0,To March 2026,17.74,17.62,
E54000063,Nhs Surrey Heartlands Integrated Care Board,Female,,,,CVDP001HYP,Prevalence of GP recorded hypertension,Hypertension: Prevalence (CVDP001HYP),15.55,Female,Sex - Age Standardised,0,,To March 2026,15.78,15.67,Numerators and Denominators are not provided for Age Standardisation.
E54000063,Nhs Surrey Heartlands Integrated Care Board,Male,,,,CVDP001HYP,Prevalence of GP recorded hypertension,Hypertension: Prevalence (CVDP001HYP),18.64,Male,Sex - Age Standardised,0,,To March 2026,18.91,18.78,Numerators and Denominators are not provided for Age Standardisation.
E54000063,Nhs Surrey Heartlands Integrated Care Board,Persons,,,,CVDP001HYP,Prevalence of GP recorded hypertension,Hypertension: Prevalence (CVDP001HYP),17.13,Persons,Sex - Age Standardised,0,,To March 2026,17.31,17.22,Numerators and Denominators are not provided for Age Standardisation.
E54000063,Nhs Surrey Heartlands Integrated Care Board,Persons,,,,CVDP001HYP,Prevalence of GP recorded hypertension,Hypertension: Prevalence (CVDP001HYP),24.56,1 - most deprived,Deprivation quintile - Age Standardised,0,,To March 2026,28.37,26.42,Numerators and Denominators are not provided for Age Standardisation.
E54000063,Nhs Surrey Heartlands Integrated Care Board,Persons,,,,CVDP001HYP,Prevalence of GP recorded hypertension,Hypertension: Prevalence (CVDP001HYP),23.39,2,Deprivation quintile - Age Standardised,0,,To March 2026,24.23,23.8,Numerators and Denominators are not provided for Age Standardisation.
E54000063,Nhs Surrey Heartlands Integrated Care Board,Persons,,,,CVDP001HYP,Prevalence of GP recorded hypertension,Hypertension: Prevalence (CVDP001HYP),20.68,3,Deprivation quintile - Age Standardised,0,,To March 2026,21.23,20.96,Numerators and Denominators are not provided for Age Standardisation.
E54000063,Nhs Surrey Heartlands Integrated Care Board,Persons,,,,CVDP001HYP,Prevalence of GP recorded hypertension,Hypertension: Prevalence (CVDP001HYP),19.16,4,Deprivation quintile - Age Standardised,0,,To March 2026,19.55,19.35,Numerators and Denominators are not provided for Age Standardisation.
E54000063,Nhs Surrey Heartlands Integrated Care Board,Persons,,,,CVDP001HYP,Prevalence of GP recorded hypertension,Hypertension: Prevalence (CVDP001HYP),17.43,5 - least deprived,Deprivation quintile - Age Standardised,0,,To March 2026,17.68,17.56,Numerators and Denominators are not provided for Age Standardisation.
E54000064,Nhs Sussex Integrated Care Board,Persons,1508985.0,,,CVDP001HYP,Prevalence of GP recorded hypertension,Hypertension: Prevalence (CVDP001HYP),19.3,Persons,Sex,0,292155.0,To March 2026,19.42,19.36,
E54000064,Nhs Sussex Integrated Care Board,Female,770420.0,,,CVDP001HYP,Prevalence of GP recorded hypertension,Hypertension: Prevalence (CVDP001HYP),18.83,Female,Sex,0,145735.0,To March 2026,19.0,18.92,
E54000064,Nhs Sussex Integrated Care Board,Male,738565.0,,,CVDP001HYP,Prevalence of GP recorded hypertension,Hypertension: Prevalence (CVDP001HYP),19.73,Male,Sex,0,146420.0,To March 2026,19.92,19.82,
E54000064,Nhs Sussex Integrated Care Board,Male,245680.0,,,CVDP001HYP,Prevalence of GP recorded hypertension,Hypertension: Prevalence (CVDP001HYP),1.27,18-39,Age group,0,3220.0,To March 2026,1.36,1.31,
E54000064,Nhs Sussex Integrated Care Board,Female,242500.0,,,CVDP001HYP,Prevalence of GP recorded hypertension,Hypertension: Prevalence (CVDP001HYP),1.16,18-39,Age group,0,2925.0,To March 2026,1.25,1.21,
E54000064,Nhs Sussex Integrated Care Board,Persons,488180.0,,,CVDP001HYP,Prevalence of GP recorded hypertension,Hypertension: Prevalence (CVDP001HYP),1.23,18-39,Age group,0,6145.0,To March 2026,1.29,1.26,
E54000064,Nhs Sussex Integrated Care Board,Male,241655.0,,,CVDP001HYP,Prevalence of GP recorded hypertension,Hypertension: Prevalence (CVDP001HYP),13.78,40-59,Age group,0,33645.0,To March 2026,14.06,13.92,
E54000064,Nhs Sussex Integrated Care Board,Female,238990.0,,,CVDP001HYP,Prevalence of GP recorded hypertension,Hypertension: Prevalence (CVDP001HYP),11.02,40-59,Age group,0,26645.0,To March 2026,11.28,11.15,
E54000064,Nhs Sussex Integrated Care Board,Persons,480640.0,,,CVDP001HYP,Prevalence of GP recorded hypertension,Hypertension: Prevalence (CVDP001HYP),12.45,40-59,Age group,0,60290.0,To March 2026,12.64,12.54,
E54000064,Nhs Sussex Integrated Care Board,Male,200150.0,,,CVDP001HYP,Prevalence of GP recorded hypertension,Hypertension: Prevalence (CVDP001HYP),40.22,60-79,Age group,0,80925.0,To March 2026,40.65,40.43,
E54000064,Nhs Sussex Integrated Care Board,Female,216430.0,,,CVDP001HYP,Prevalence of GP recorded hypertension,Hypertension: Prevalence (CVDP001HYP),33.87,60-79,Age group,0,73740.0,To March 2026,34.27,34.07,
E54000064,Nhs Sussex Integrated Care Board,Persons,416580.0,,,CVDP001HYP,Prevalence of GP recorded hypertension,Hypertension: Prevalence (CVDP001HYP),36.98,60-79,Age group,0,154665.0,To March 2026,37.27,37.13,
E54000064,Nhs Sussex Integrated Care Board,Male,51085.0,,,CVDP001HYP,Prevalence of GP recorded hypertension,Hypertension: Prevalence (CVDP001HYP),55.62,80+,Age group,0,28630.0,To March 2026,56.47,56.05,
E54000064,Nhs Sussex Integrated Care Board,Female,72500.0,,,CVDP001HYP,Prevalence of GP recorded hypertension,Hypertension: Prevalence (CVDP001HYP),58.15,80+,Age group,0,42425.0,To March 2026,58.87,58.51,
E54000064,Nhs Sussex Integrated Care Board,Persons,123585.0,,,CVDP001HYP,Prevalence of GP recorded hypertension,Hypertension: Prevalence (CVDP001HYP),57.22,80+,Age group,0,71055.0,To March 2026,57.77,57.49,
E54000064,Nhs Sussex Integrated Care Board,Persons,142360.0,,,CVDP001HYP,Prevalence of GP recorded hypertension,Hypertension: Prevalence (CVDP001HYP),16.52,1 - most deprived,Deprivation quintile,0,23800.0,To March 2026,16.91,16.72,
E54000064,Nhs Sussex Integrated Care Board,Persons,246115.0,,,CVDP001HYP,Prevalence of GP recorded hypertension,Hypertension: Prevalence (CVDP001HYP),18.32,2,Deprivation quintile,0,45475.0,To March 2026,18.63,18.48,
E54000064,Nhs Sussex Integrated Care Board,Persons,359600.0,,,CVDP001HYP,Prevalence of GP recorded hypertension,Hypertension: Prevalence (CVDP001HYP),22.16,3,Deprivation quintile,0,80180.0,To March 2026,22.43,22.3,
E54000064,Nhs Sussex Integrated Care Board,Persons,345530.0,,,CVDP001HYP,Prevalence of GP recorded hypertension,Hypertension: Prevalence (CVDP001HYP),21.2,4,Deprivation quintile,0,73715.0,To March 2026,21.47,21.33,
E54000064,Nhs Sussex Integrated Care Board,Persons,327655.0,,,CVDP001HYP,Prevalence of GP recorded hypertension,Hypertension: Prevalence (CVDP001HYP),21.06,5 - least deprived,Deprivation quintile,0,69450.0,To March 2026,21.34,21.2,
E54000064,Nhs Sussex Integrated Care Board,Female,,,,CVDP001HYP,Prevalence of GP recorded hypertension,Hypertension: Prevalence (CVDP001HYP),16.18,Female,Sex - Age Standardised,0,,To March 2026,16.35,16.27,Numerators and Denominators are not provided for Age Standardisation.
E54000064,Nhs Sussex Integrated Care Board,Male,,,,CVDP001HYP,Prevalence of GP recorded hypertension,Hypertension: Prevalence (CVDP001HYP),18.77,Male,Sex - Age Standardised,0,,To March 2026,18.96,18.87,Numerators and Denominators are not provided for Age Standardisation.
E54000064,Nhs Sussex Integrated Care Board,Persons,,,,CVDP001HYP,Prevalence of GP recorded hypertension,Hypertension: Prevalence (CVDP001HYP),17.49,Persons,Sex - Age Standardised,0,,To March 2026,17.62,17.56,Numerators and Denominators are not provided for Age Standardisation.
E54000064,Nhs Sussex Integrated Care Board,Persons,,,,CVDP001HYP,Prevalence of GP recorded hypertension,Hypertension: Prevalence (CVDP001HYP),21.47,1 - most deprived,Deprivation quintile - Age Standardised,0,,To March 2026,22.04,21.76,Numerators and Denominators are not provided for Age Standardisation.
E54000064,Nhs Sussex Integrated Care Board,Persons,,,,CVDP001HYP,Prevalence of GP recorded hypertension,Hypertension: Prevalence (CVDP001HYP),21.41,2,Deprivation quintile - Age Standardised,0,,To March 2026,21.81,21.61,Numerators and Denominators are not provided for Age Standardisation.
E54000064,Nhs Sussex Integrated Care Board,Persons,,,,CVDP001HYP,Prevalence of GP recorded hypertension,Hypertension: Prevalence (CVDP001HYP),19.82,3,Deprivation quintile - Age Standardised,0,,To March 2026,20.1,19.96,Numerators and Denominators are not provided for Age Standardisation.
E54000064,Nhs Sussex Integrated Care Board,Persons,,,,CVDP001HYP,Prevalence of GP recorded hypertension,Hypertension: Prevalence (CVDP001HYP),18.09,4,Deprivation quintile - Age Standardised,0,,To March 2026,18.36,18.23,Numerators and Denominators are not provided for Age Standardisation.
E54000064,Nhs Sussex Integrated Care Board,Persons,,,,CVDP001HYP,Prevalence of GP recorded hypertension,Hypertension: Prevalence (CVDP001HYP),17.78,5 - least deprived,Deprivation quintile - Age Standardised,0,,To March 2026,18.06,17.92,Numerators and Denominators are not provided for Age Standardisation.
E54000054,NHS West Yorkshire Integrated Care Board,Persons,2089690.0,,,CVDP001HYP,Prevalence of GP recorded hypertension,Hypertension: Prevalence (CVDP001HYP),19.42,Persons,Sex,0,406895.0,To March 2026,19.53,19.47,
E54000054,NHS West Yorkshire Integrated Care Board,Female,1042510.0,,,CVDP001HYP,Prevalence of GP recorded hypertension,Hypertension: Prevalence (CVDP001HYP),19.43,Female,Sex,0,203355.0,To March 2026,19.58,19.51,
E54000054,NHS West Yorkshire Integrated Care Board,Male,1047180.0,,,CVDP001HYP,Prevalence of GP recorded hypertension,Hypertension: Prevalence (CVDP001HYP),19.36,Male,Sex,0,203535.0,To March 2026,19.51,19.44,
E54000054,NHS West Yorkshire Integrated Care Board,Male,420475.0,,,CVDP001HYP,Prevalence of GP recorded hypertension,Hypertension: Prevalence (CVDP001HYP),1.42,18-39,Age group,0,6135.0,To March 2026,1.5,1.46,
E54000054,NHS West Yorkshire Integrated Care Board,Female,406075.0,,,CVDP001HYP,Prevalence of GP recorded hypertension,Hypertension: Prevalence (CVDP001HYP),1.35,18-39,Age group,0,5640.0,To March 2026,1.43,1.39,
E54000054,NHS West Yorkshire Integrated Care Board,Persons,826550.0,,,CVDP001HYP,Prevalence of GP recorded hypertension,Hypertension: Prevalence (CVDP001HYP),1.4,18-39,Age group,0,11775.0,To March 2026,1.45,1.42,
E54000054,NHS West Yorkshire Integrated Care Board,Male,346460.0,,,CVDP001HYP,Prevalence of GP recorded hypertension,Hypertension: Prevalence (CVDP001HYP),16.91,40-59,Age group,0,59005.0,To March 2026,17.16,17.03,
E54000054,NHS West Yorkshire Integrated Care Board,Female,325295.0,,,CVDP001HYP,Prevalence of GP recorded hypertension,Hypertension: Prevalence (CVDP001HYP),15.11,40-59,Age group,0,49550.0,To March 2026,15.36,15.23,
E54000054,NHS West Yorkshire Integrated Care Board,Persons,671755.0,,,CVDP001HYP,Prevalence of GP recorded hypertension,Hypertension: Prevalence (CVDP001HYP),16.07,40-59,Age group,0,108555.0,To March 2026,16.25,16.16,
E54000054,NHS West Yorkshire Integrated Care Board,Male,232255.0,,,CVDP001HYP,Prevalence of GP recorded hypertension,Hypertension: Prevalence (CVDP001HYP),46.57,60-79,Age group,0,108640.0,To March 2026,46.98,46.78,
E54000054,NHS West Yorkshire Integrated Care Board,Female,243315.0,,,CVDP001HYP,Prevalence of GP recorded hypertension,Hypertension: Prevalence (CVDP001HYP),42.17,60-79,Age group,0,103075.0,To March 2026,42.56,42.36,
E54000054,NHS West Yorkshire Integrated Care Board,Persons,475570.0,,,CVDP001HYP,Prevalence of GP recorded hypertension,Hypertension: Prevalence (CVDP001HYP),44.38,60-79,Age group,0,211715.0,To March 2026,44.66,44.52,
E54000054,NHS West Yorkshire Integrated Care Board,Male,47995.0,,,CVDP001HYP,Prevalence of GP recorded hypertension,Hypertension: Prevalence (CVDP001HYP),61.57,80+,Age group,0,29755.0,To March 2026,62.43,62.0,
E54000054,NHS West Yorkshire Integrated Care Board,Female,67820.0,,,CVDP001HYP,Prevalence of GP recorded hypertension,Hypertension: Prevalence (CVDP001HYP),66.13,80+,Age group,0,45090.0,To March 2026,66.83,66.48,
E54000054,NHS West Yorkshire Integrated Care Board,Persons,115815.0,,,CVDP001HYP,Prevalence of GP recorded hypertension,Hypertension: Prevalence (CVDP001HYP),64.35,80+,Age group,0,74845.0,To March 2026,64.9,64.62,
E54000054,NHS West Yorkshire Integrated Care Board,Persons,754580.0,,,CVDP001HYP,Prevalence of GP recorded hypertension,Hypertension: Prevalence (CVDP001HYP),17.44,1 - most deprived,Deprivation quintile,0,132260.0,To March 2026,17.61,17.53,
E54000054,NHS West Yorkshire Integrated Care Board,Persons,365170.0,,,CVDP001HYP,Prevalence of GP recorded hypertension,Hypertension: Prevalence (CVDP001HYP),20.28,2,Deprivation quintile,0,74550.0,To March 2026,20.55,20.41,
E54000054,NHS West Yorkshire Integrated Care Board,Persons,333270.0,,,CVDP001HYP,Prevalence of GP recorded hypertension,Hypertension: Prevalence (CVDP001HYP),21.2,3,Deprivation quintile,0,71110.0,To March 2026,21.48,21.34,
E54000054,NHS West Yorkshire Integrated Care Board,Persons,331045.0,,,CVDP001HYP,Prevalence of GP recorded hypertension,Hypertension: Prevalence (CVDP001HYP),22.89,4,Deprivation quintile,0,76260.0,To March 2026,23.18,23.04,
E54000054,NHS West Yorkshire Integrated Care Board,Persons,229315.0,,,CVDP001HYP,Prevalence of GP recorded hypertension,Hypertension: Prevalence (CVDP001HYP),21.64,5 - least deprived,Deprivation quintile,0,50010.0,To March 2026,21.98,21.81,
E54000054,NHS West Yorkshire Integrated Care Board,Female,,,,CVDP001HYP,Prevalence of GP recorded hypertension,Hypertension: Prevalence (CVDP001HYP),20.53,Female,Sex - Age Standardised,0,,To March 2026,20.71,20.62,Numerators and Denominators are not provided for Age Standardisation.
E54000054,NHS West Yorkshire Integrated Care Board,Male,,,,CVDP001HYP,Prevalence of GP recorded hypertension,Hypertension: Prevalence (CVDP001HYP),22.16,Male,Sex - Age Standardised,0,,To March 2026,22.35,22.26,Numerators and Denominators are not provided for Age Standardisation.
E54000054,NHS West Yorkshire Integrated Care Board,Persons,,,,CVDP001HYP,Prevalence of GP recorded hypertension,Hypertension: Prevalence (CVDP001HYP),21.4,Persons,Sex - Age Standardised,0,,To March 2026,21.53,21.47,Numerators and Denominators are not provided for Age Standardisation.
E54000054,NHS West Yorkshire Integrated Care Board,Persons,,,,CVDP001HYP,Prevalence of GP recorded hypertension,Hypertension: Prevalence (CVDP001HYP),25.0,1 - most deprived,Deprivation quintile - Age Standardised,0,,To March 2026,25.28,25.14,Numerators and Denominators are not provided for Age Standardisation.
E54000054,NHS West Yorkshire Integrated Care Board,Persons,,,,CVDP001HYP,Prevalence of GP recorded hypertension,Hypertension: Prevalence (CVDP001HYP),22.25,2,Deprivation quintile - Age Standardised,0,,To March 2026,22.58,22.41,Numerators and Denominators are not provided for Age Standardisation.
E54000054,NHS West Yorkshire Integrated Care Board,Persons,,,,CVDP001HYP,Prevalence of GP recorded hypertension,Hypertension: Prevalence (CVDP001HYP),20.62,3,Deprivation quintile - Age Standardised,0,,To March 2026,20.93,20.77,Numerators and Denominators are not provided for Age Standardisation.
E54000054,NHS West Yorkshire Integrated Care Board,Persons,,,,CVDP001HYP,Prevalence of GP recorded hypertension,Hypertension: Prevalence (CVDP001HYP),19.55,4,Deprivation quintile - Age Standardised,0,,To March 2026,19.84,19.69,Numerators and Denominators are not provided for Age Standardisation.
E54000054,NHS West Yorkshire Integrated Care Board,Persons,,,,CVDP001HYP,Prevalence of GP recorded hypertension,Hypertension: Prevalence (CVDP001HYP),18.06,5 - least deprived,Deprivation quintile - Age Standardised,0,,To March 2026,18.39,18.22,Numerators and Denominators are not provided for Age Standardisation.
