AreaCode,AreaName,CategoryAttribute,Denominator,Factor,HighestPriorityNotificationType,IndicatorCode,IndicatorName,IndicatorShortName,LowerConfidenceLimit,MetricCategoryName,MetricCategoryTypeName,NotificationCount,Numerator,TimePeriodName,UpperConfidenceLimit,Value,ValueNote
E54000040,"NHS Bath and North East Somerset, Swindon and Wiltshire Integrated Care Board",Persons,23225.0,,,CVDP002SMOK,"Patients with GP recorded CVD or CVD risk factors who are GP recorded current smokers, who have a record of an offer of support or treatment within the preceding 12 months.",Smoking: Current smokers offered support/treatment (CVDP002SMOK),73.77,Persons,Sex,0,17265.0,To March 2026,74.89,74.34,
E54000040,"NHS Bath and North East Somerset, Swindon and Wiltshire Integrated Care Board",Female,9980.0,,,CVDP002SMOK,"Patients with GP recorded CVD or CVD risk factors who are GP recorded current smokers, who have a record of an offer of support or treatment within the preceding 12 months.",Smoking: Current smokers offered support/treatment (CVDP002SMOK),74.8,Female,Sex,0,7550.0,To March 2026,76.48,75.65,
E54000040,"NHS Bath and North East Somerset, Swindon and Wiltshire Integrated Care Board",Male,13245.0,,,CVDP002SMOK,"Patients with GP recorded CVD or CVD risk factors who are GP recorded current smokers, who have a record of an offer of support or treatment within the preceding 12 months.",Smoking: Current smokers offered support/treatment (CVDP002SMOK),72.59,Male,Sex,0,9715.0,To March 2026,74.09,73.35,
E54000040,"NHS Bath and North East Somerset, Swindon and Wiltshire Integrated Care Board",Male,835.0,,,CVDP002SMOK,"Patients with GP recorded CVD or CVD risk factors who are GP recorded current smokers, who have a record of an offer of support or treatment within the preceding 12 months.",Smoking: Current smokers offered support/treatment (CVDP002SMOK),60.86,18-39,Age group,0,535.0,To March 2026,67.3,64.19,
E54000040,"NHS Bath and North East Somerset, Swindon and Wiltshire Integrated Care Board",Female,730.0,,,CVDP002SMOK,"Patients with GP recorded CVD or CVD risk factors who are GP recorded current smokers, who have a record of an offer of support or treatment within the preceding 12 months.",Smoking: Current smokers offered support/treatment (CVDP002SMOK),70.22,18-39,Age group,0,535.0,To March 2026,76.5,73.53,
E54000040,"NHS Bath and North East Somerset, Swindon and Wiltshire Integrated Care Board",Persons,1565.0,,,CVDP002SMOK,"Patients with GP recorded CVD or CVD risk factors who are GP recorded current smokers, who have a record of an offer of support or treatment within the preceding 12 months.",Smoking: Current smokers offered support/treatment (CVDP002SMOK),66.18,18-39,Age group,0,1070.0,To March 2026,70.77,68.54,
E54000040,"NHS Bath and North East Somerset, Swindon and Wiltshire Integrated Care Board",Male,5080.0,,,CVDP002SMOK,"Patients with GP recorded CVD or CVD risk factors who are GP recorded current smokers, who have a record of an offer of support or treatment within the preceding 12 months.",Smoking: Current smokers offered support/treatment (CVDP002SMOK),69.81,40-59,Age group,0,3610.0,To March 2026,72.29,71.07,
E54000040,"NHS Bath and North East Somerset, Swindon and Wiltshire Integrated Care Board",Female,3490.0,,,CVDP002SMOK,"Patients with GP recorded CVD or CVD risk factors who are GP recorded current smokers, who have a record of an offer of support or treatment within the preceding 12 months.",Smoking: Current smokers offered support/treatment (CVDP002SMOK),72.75,40-59,Age group,0,2590.0,To March 2026,75.64,74.22,
E54000040,"NHS Bath and North East Somerset, Swindon and Wiltshire Integrated Care Board",Persons,8570.0,,,CVDP002SMOK,"Patients with GP recorded CVD or CVD risk factors who are GP recorded current smokers, who have a record of an offer of support or treatment within the preceding 12 months.",Smoking: Current smokers offered support/treatment (CVDP002SMOK),71.39,40-59,Age group,0,6200.0,To March 2026,73.28,72.35,
E54000040,"NHS Bath and North East Somerset, Swindon and Wiltshire Integrated Care Board",Male,6590.0,,,CVDP002SMOK,"Patients with GP recorded CVD or CVD risk factors who are GP recorded current smokers, who have a record of an offer of support or treatment within the preceding 12 months.",Smoking: Current smokers offered support/treatment (CVDP002SMOK),75.43,60-79,Age group,0,5040.0,To March 2026,77.48,76.46,
E54000040,"NHS Bath and North East Somerset, Swindon and Wiltshire Integrated Care Board",Female,4955.0,,,CVDP002SMOK,"Patients with GP recorded CVD or CVD risk factors who are GP recorded current smokers, who have a record of an offer of support or treatment within the preceding 12 months.",Smoking: Current smokers offered support/treatment (CVDP002SMOK),76.41,60-79,Age group,0,3845.0,To March 2026,78.73,77.58,
E54000040,"NHS Bath and North East Somerset, Swindon and Wiltshire Integrated Care Board",Persons,11545.0,,,CVDP002SMOK,"Patients with GP recorded CVD or CVD risk factors who are GP recorded current smokers, who have a record of an offer of support or treatment within the preceding 12 months.",Smoking: Current smokers offered support/treatment (CVDP002SMOK),76.17,60-79,Age group,0,8885.0,To March 2026,77.7,76.94,
E54000040,"NHS Bath and North East Somerset, Swindon and Wiltshire Integrated Care Board",Male,740.0,,,CVDP002SMOK,"Patients with GP recorded CVD or CVD risk factors who are GP recorded current smokers, who have a record of an offer of support or treatment within the preceding 12 months.",Smoking: Current smokers offered support/treatment (CVDP002SMOK),68.19,80+,Age group,0,530.0,To March 2026,74.66,71.58,
E54000040,"NHS Bath and North East Somerset, Swindon and Wiltshire Integrated Care Board",Female,805.0,,,CVDP002SMOK,"Patients with GP recorded CVD or CVD risk factors who are GP recorded current smokers, who have a record of an offer of support or treatment within the preceding 12 months.",Smoking: Current smokers offered support/treatment (CVDP002SMOK),68.65,80+,Age group,0,580.0,To March 2026,74.85,71.89,
E54000040,"NHS Bath and North East Somerset, Swindon and Wiltshire Integrated Care Board",Persons,1545.0,,,CVDP002SMOK,"Patients with GP recorded CVD or CVD risk factors who are GP recorded current smokers, who have a record of an offer of support or treatment within the preceding 12 months.",Smoking: Current smokers offered support/treatment (CVDP002SMOK),69.47,80+,Age group,0,1105.0,To March 2026,73.93,71.74,
E54000040,"NHS Bath and North East Somerset, Swindon and Wiltshire Integrated Care Board",Persons,2925.0,,,CVDP002SMOK,"Patients with GP recorded CVD or CVD risk factors who are GP recorded current smokers, who have a record of an offer of support or treatment within the preceding 12 months.",Smoking: Current smokers offered support/treatment (CVDP002SMOK),75.86,1 - most deprived,Deprivation quintile,0,2265.0,To March 2026,78.87,77.41,
E54000040,"NHS Bath and North East Somerset, Swindon and Wiltshire Integrated Care Board",Persons,3755.0,,,CVDP002SMOK,"Patients with GP recorded CVD or CVD risk factors who are GP recorded current smokers, who have a record of an offer of support or treatment within the preceding 12 months.",Smoking: Current smokers offered support/treatment (CVDP002SMOK),73.06,2,Deprivation quintile,0,2795.0,To March 2026,75.83,74.47,
E54000040,"NHS Bath and North East Somerset, Swindon and Wiltshire Integrated Care Board",Persons,5720.0,,,CVDP002SMOK,"Patients with GP recorded CVD or CVD risk factors who are GP recorded current smokers, who have a record of an offer of support or treatment within the preceding 12 months.",Smoking: Current smokers offered support/treatment (CVDP002SMOK),74.17,3,Deprivation quintile,0,4310.0,To March 2026,76.38,75.29,
E54000040,"NHS Bath and North East Somerset, Swindon and Wiltshire Integrated Care Board",Persons,6100.0,,,CVDP002SMOK,"Patients with GP recorded CVD or CVD risk factors who are GP recorded current smokers, who have a record of an offer of support or treatment within the preceding 12 months.",Smoking: Current smokers offered support/treatment (CVDP002SMOK),72.22,4,Deprivation quintile,0,4470.0,To March 2026,74.43,73.34,
E54000040,"NHS Bath and North East Somerset, Swindon and Wiltshire Integrated Care Board",Persons,4430.0,,,CVDP002SMOK,"Patients with GP recorded CVD or CVD risk factors who are GP recorded current smokers, who have a record of an offer of support or treatment within the preceding 12 months.",Smoking: Current smokers offered support/treatment (CVDP002SMOK),71.04,5 - least deprived,Deprivation quintile,0,3205.0,To March 2026,73.65,72.37,
E54000040,"NHS Bath and North East Somerset, Swindon and Wiltshire Integrated Care Board",Persons,655.0,,,CVDP002SMOK,"Patients with GP recorded CVD or CVD risk factors who are GP recorded current smokers, who have a record of an offer of support or treatment within the preceding 12 months.",Smoking: Current smokers offered support/treatment (CVDP002SMOK),64.89,Asian,Ethnicity,0,450.0,To March 2026,71.88,68.55,
E54000040,"NHS Bath and North East Somerset, Swindon and Wiltshire Integrated Care Board",Persons,250.0,,,CVDP002SMOK,"Patients with GP recorded CVD or CVD risk factors who are GP recorded current smokers, who have a record of an offer of support or treatment within the preceding 12 months.",Smoking: Current smokers offered support/treatment (CVDP002SMOK),62.7,Black,Ethnicity,0,170.0,To March 2026,73.81,68.67,
E54000040,"NHS Bath and North East Somerset, Swindon and Wiltshire Integrated Care Board",Persons,875.0,,,CVDP002SMOK,"Patients with GP recorded CVD or CVD risk factors who are GP recorded current smokers, who have a record of an offer of support or treatment within the preceding 12 months.",Smoking: Current smokers offered support/treatment (CVDP002SMOK),67.84,Missing,Ethnicity,0,620.0,To March 2026,73.75,70.92,
E54000040,"NHS Bath and North East Somerset, Swindon and Wiltshire Integrated Care Board",Persons,200.0,,,CVDP002SMOK,"Patients with GP recorded CVD or CVD risk factors who are GP recorded current smokers, who have a record of an offer of support or treatment within the preceding 12 months.",Smoking: Current smokers offered support/treatment (CVDP002SMOK),69.65,Mixed,Ethnicity,0,150.0,To March 2026,81.09,75.76,
E54000040,"NHS Bath and North East Somerset, Swindon and Wiltshire Integrated Care Board",Persons,1550.0,,,CVDP002SMOK,"Patients with GP recorded CVD or CVD risk factors who are GP recorded current smokers, who have a record of an offer of support or treatment within the preceding 12 months.",Smoking: Current smokers offered support/treatment (CVDP002SMOK),65.02,Not stated,Ethnicity,0,1045.0,To March 2026,69.65,67.4,
E54000040,"NHS Bath and North East Somerset, Swindon and Wiltshire Integrated Care Board",Persons,220.0,,,CVDP002SMOK,"Patients with GP recorded CVD or CVD risk factors who are GP recorded current smokers, who have a record of an offer of support or treatment within the preceding 12 months.",Smoking: Current smokers offered support/treatment (CVDP002SMOK),61.54,Other,Ethnicity,0,150.0,To March 2026,73.76,67.89,
E54000040,"NHS Bath and North East Somerset, Swindon and Wiltshire Integrated Care Board",Persons,19475.0,,,CVDP002SMOK,"Patients with GP recorded CVD or CVD risk factors who are GP recorded current smokers, who have a record of an offer of support or treatment within the preceding 12 months.",Smoking: Current smokers offered support/treatment (CVDP002SMOK),74.76,White,Ethnicity,0,14680.0,To March 2026,75.97,75.37,
E54000040,"NHS Bath and North East Somerset, Swindon and Wiltshire Integrated Care Board",Persons,22315.0,,,CVDP002SMOK,"Patients with GP recorded CVD or CVD risk factors who are GP recorded current smokers, who have a record of an offer of support or treatment within the preceding 12 months.",Smoking: Current smokers offered support/treatment (CVDP002SMOK),73.47,People without SMI,Mental Health,0,16525.0,To March 2026,74.62,74.05,
E54000040,"NHS Bath and North East Somerset, Swindon and Wiltshire Integrated Care Board",Persons,910.0,,,CVDP002SMOK,"Patients with GP recorded CVD or CVD risk factors who are GP recorded current smokers, who have a record of an offer of support or treatment within the preceding 12 months.",Smoking: Current smokers offered support/treatment (CVDP002SMOK),78.67,People with SMI,Mental Health,0,740.0,To March 2026,83.7,81.34,
E54000040,"NHS Bath and North East Somerset, Swindon and Wiltshire Integrated Care Board",Persons,23085.0,,,CVDP002SMOK,"Patients with GP recorded CVD or CVD risk factors who are GP recorded current smokers, who have a record of an offer of support or treatment within the preceding 12 months.",Smoking: Current smokers offered support/treatment (CVDP002SMOK),73.72,People without a diagnosed learning disability,Learning Disability,0,17150.0,To March 2026,74.85,74.29,
E54000040,"NHS Bath and North East Somerset, Swindon and Wiltshire Integrated Care Board",Persons,140.0,,,CVDP002SMOK,"Patients with GP recorded CVD or CVD risk factors who are GP recorded current smokers, who have a record of an offer of support or treatment within the preceding 12 months.",Smoking: Current smokers offered support/treatment (CVDP002SMOK),74.65,People with a diagnosed learning disability,Learning Disability,0,115.0,To March 2026,87.32,82.01,
E54000024,"NHS Bedfordshire, Luton and Milton Keynes Integrated Care Board",Persons,34040.0,,,CVDP002SMOK,"Patients with GP recorded CVD or CVD risk factors who are GP recorded current smokers, who have a record of an offer of support or treatment within the preceding 12 months.",Smoking: Current smokers offered support/treatment (CVDP002SMOK),67.83,Persons,Sex,0,23260.0,To March 2026,68.82,68.33,
E54000024,"NHS Bedfordshire, Luton and Milton Keynes Integrated Care Board",Female,13010.0,,,CVDP002SMOK,"Patients with GP recorded CVD or CVD risk factors who are GP recorded current smokers, who have a record of an offer of support or treatment within the preceding 12 months.",Smoking: Current smokers offered support/treatment (CVDP002SMOK),68.56,Female,Sex,0,9025.0,To March 2026,70.15,69.36,
E54000024,"NHS Bedfordshire, Luton and Milton Keynes Integrated Care Board",Male,21030.0,,,CVDP002SMOK,"Patients with GP recorded CVD or CVD risk factors who are GP recorded current smokers, who have a record of an offer of support or treatment within the preceding 12 months.",Smoking: Current smokers offered support/treatment (CVDP002SMOK),67.05,Male,Sex,0,14235.0,To March 2026,68.31,67.69,
E54000024,"NHS Bedfordshire, Luton and Milton Keynes Integrated Care Board",Male,1775.0,,,CVDP002SMOK,"Patients with GP recorded CVD or CVD risk factors who are GP recorded current smokers, who have a record of an offer of support or treatment within the preceding 12 months.",Smoking: Current smokers offered support/treatment (CVDP002SMOK),64.86,18-39,Age group,0,1190.0,To March 2026,69.2,67.06,
E54000024,"NHS Bedfordshire, Luton and Milton Keynes Integrated Care Board",Female,1010.0,,,CVDP002SMOK,"Patients with GP recorded CVD or CVD risk factors who are GP recorded current smokers, who have a record of an offer of support or treatment within the preceding 12 months.",Smoking: Current smokers offered support/treatment (CVDP002SMOK),67.03,18-39,Age group,0,705.0,To March 2026,72.66,69.9,
E54000024,"NHS Bedfordshire, Luton and Milton Keynes Integrated Care Board",Persons,2785.0,,,CVDP002SMOK,"Patients with GP recorded CVD or CVD risk factors who are GP recorded current smokers, who have a record of an offer of support or treatment within the preceding 12 months.",Smoking: Current smokers offered support/treatment (CVDP002SMOK),66.33,18-39,Age group,0,1895.0,To March 2026,69.78,68.09,
E54000024,"NHS Bedfordshire, Luton and Milton Keynes Integrated Care Board",Male,9525.0,,,CVDP002SMOK,"Patients with GP recorded CVD or CVD risk factors who are GP recorded current smokers, who have a record of an offer of support or treatment within the preceding 12 months.",Smoking: Current smokers offered support/treatment (CVDP002SMOK),69.93,40-59,Age group,0,6750.0,To March 2026,71.75,70.85,
E54000024,"NHS Bedfordshire, Luton and Milton Keynes Integrated Care Board",Female,4930.0,,,CVDP002SMOK,"Patients with GP recorded CVD or CVD risk factors who are GP recorded current smokers, who have a record of an offer of support or treatment within the preceding 12 months.",Smoking: Current smokers offered support/treatment (CVDP002SMOK),73.86,40-59,Age group,0,3700.0,To March 2026,76.27,75.08,
E54000024,"NHS Bedfordshire, Luton and Milton Keynes Integrated Care Board",Persons,14455.0,,,CVDP002SMOK,"Patients with GP recorded CVD or CVD risk factors who are GP recorded current smokers, who have a record of an offer of support or treatment within the preceding 12 months.",Smoking: Current smokers offered support/treatment (CVDP002SMOK),71.56,40-59,Age group,0,10450.0,To March 2026,73.01,72.29,
E54000024,"NHS Bedfordshire, Luton and Milton Keynes Integrated Care Board",Male,9030.0,,,CVDP002SMOK,"Patients with GP recorded CVD or CVD risk factors who are GP recorded current smokers, who have a record of an offer of support or treatment within the preceding 12 months.",Smoking: Current smokers offered support/treatment (CVDP002SMOK),62.94,60-79,Age group,0,5775.0,To March 2026,64.91,63.94,
E54000024,"NHS Bedfordshire, Luton and Milton Keynes Integrated Care Board",Female,6405.0,,,CVDP002SMOK,"Patients with GP recorded CVD or CVD risk factors who are GP recorded current smokers, who have a record of an offer of support or treatment within the preceding 12 months.",Smoking: Current smokers offered support/treatment (CVDP002SMOK),63.4,60-79,Age group,0,4135.0,To March 2026,65.74,64.58,
E54000024,"NHS Bedfordshire, Luton and Milton Keynes Integrated Care Board",Persons,15435.0,,,CVDP002SMOK,"Patients with GP recorded CVD or CVD risk factors who are GP recorded current smokers, who have a record of an offer of support or treatment within the preceding 12 months.",Smoking: Current smokers offered support/treatment (CVDP002SMOK),63.45,60-79,Age group,0,9910.0,To March 2026,64.95,64.2,
E54000024,"NHS Bedfordshire, Luton and Milton Keynes Integrated Care Board",Male,700.0,,,CVDP002SMOK,"Patients with GP recorded CVD or CVD risk factors who are GP recorded current smokers, who have a record of an offer of support or treatment within the preceding 12 months.",Smoking: Current smokers offered support/treatment (CVDP002SMOK),71.35,80+,Age group,0,525.0,To March 2026,77.73,74.64,
E54000024,"NHS Bedfordshire, Luton and Milton Keynes Integrated Care Board",Female,665.0,,,CVDP002SMOK,"Patients with GP recorded CVD or CVD risk factors who are GP recorded current smokers, who have a record of an offer of support or treatment within the preceding 12 months.",Smoking: Current smokers offered support/treatment (CVDP002SMOK),68.81,80+,Age group,0,480.0,To March 2026,75.52,72.26,
E54000024,"NHS Bedfordshire, Luton and Milton Keynes Integrated Care Board",Persons,1370.0,,,CVDP002SMOK,"Patients with GP recorded CVD or CVD risk factors who are GP recorded current smokers, who have a record of an offer of support or treatment within the preceding 12 months.",Smoking: Current smokers offered support/treatment (CVDP002SMOK),71.06,80+,Age group,0,1005.0,To March 2026,75.73,73.48,
E54000024,"NHS Bedfordshire, Luton and Milton Keynes Integrated Care Board",Persons,6495.0,,,CVDP002SMOK,"Patients with GP recorded CVD or CVD risk factors who are GP recorded current smokers, who have a record of an offer of support or treatment within the preceding 12 months.",Smoking: Current smokers offered support/treatment (CVDP002SMOK),75.86,1 - most deprived,Deprivation quintile,0,4995.0,To March 2026,77.91,76.9,
E54000024,"NHS Bedfordshire, Luton and Milton Keynes Integrated Care Board",Persons,7930.0,,,CVDP002SMOK,"Patients with GP recorded CVD or CVD risk factors who are GP recorded current smokers, who have a record of an offer of support or treatment within the preceding 12 months.",Smoking: Current smokers offered support/treatment (CVDP002SMOK),73.26,2,Deprivation quintile,0,5885.0,To March 2026,75.18,74.23,
E54000024,"NHS Bedfordshire, Luton and Milton Keynes Integrated Care Board",Persons,6800.0,,,CVDP002SMOK,"Patients with GP recorded CVD or CVD risk factors who are GP recorded current smokers, who have a record of an offer of support or treatment within the preceding 12 months.",Smoking: Current smokers offered support/treatment (CVDP002SMOK),65.93,3,Deprivation quintile,0,4560.0,To March 2026,68.15,67.04,
E54000024,"NHS Bedfordshire, Luton and Milton Keynes Integrated Care Board",Persons,7190.0,,,CVDP002SMOK,"Patients with GP recorded CVD or CVD risk factors who are GP recorded current smokers, who have a record of an offer of support or treatment within the preceding 12 months.",Smoking: Current smokers offered support/treatment (CVDP002SMOK),64.07,4,Deprivation quintile,0,4690.0,To March 2026,66.27,65.18,
E54000024,"NHS Bedfordshire, Luton and Milton Keynes Integrated Care Board",Persons,5505.0,,,CVDP002SMOK,"Patients with GP recorded CVD or CVD risk factors who are GP recorded current smokers, who have a record of an offer of support or treatment within the preceding 12 months.",Smoking: Current smokers offered support/treatment (CVDP002SMOK),56.18,5 - least deprived,Deprivation quintile,0,3165.0,To March 2026,58.78,57.49,
E54000024,"NHS Bedfordshire, Luton and Milton Keynes Integrated Care Board",Persons,4710.0,,,CVDP002SMOK,"Patients with GP recorded CVD or CVD risk factors who are GP recorded current smokers, who have a record of an offer of support or treatment within the preceding 12 months.",Smoking: Current smokers offered support/treatment (CVDP002SMOK),74.19,Asian,Ethnicity,0,3550.0,To March 2026,76.63,75.42,
E54000024,"NHS Bedfordshire, Luton and Milton Keynes Integrated Care Board",Persons,1590.0,,,CVDP002SMOK,"Patients with GP recorded CVD or CVD risk factors who are GP recorded current smokers, who have a record of an offer of support or treatment within the preceding 12 months.",Smoking: Current smokers offered support/treatment (CVDP002SMOK),67.5,Black,Ethnicity,0,1110.0,To March 2026,71.96,69.77,
E54000024,"NHS Bedfordshire, Luton and Milton Keynes Integrated Care Board",Persons,970.0,,,CVDP002SMOK,"Patients with GP recorded CVD or CVD risk factors who are GP recorded current smokers, who have a record of an offer of support or treatment within the preceding 12 months.",Smoking: Current smokers offered support/treatment (CVDP002SMOK),60.49,Missing,Ethnicity,0,615.0,To March 2026,66.46,63.57,
E54000024,"NHS Bedfordshire, Luton and Milton Keynes Integrated Care Board",Persons,550.0,,,CVDP002SMOK,"Patients with GP recorded CVD or CVD risk factors who are GP recorded current smokers, who have a record of an offer of support or treatment within the preceding 12 months.",Smoking: Current smokers offered support/treatment (CVDP002SMOK),67.7,Mixed,Ethnicity,0,390.0,To March 2026,75.14,71.53,
E54000024,"NHS Bedfordshire, Luton and Milton Keynes Integrated Care Board",Persons,1200.0,,,CVDP002SMOK,"Patients with GP recorded CVD or CVD risk factors who are GP recorded current smokers, who have a record of an offer of support or treatment within the preceding 12 months.",Smoking: Current smokers offered support/treatment (CVDP002SMOK),64.78,Not stated,Ethnicity,0,810.0,To March 2026,70.02,67.44,
E54000024,"NHS Bedfordshire, Luton and Milton Keynes Integrated Care Board",Persons,565.0,,,CVDP002SMOK,"Patients with GP recorded CVD or CVD risk factors who are GP recorded current smokers, who have a record of an offer of support or treatment within the preceding 12 months.",Smoking: Current smokers offered support/treatment (CVDP002SMOK),70.6,Other,Ethnicity,0,420.0,To March 2026,77.64,74.34,
E54000024,"NHS Bedfordshire, Luton and Milton Keynes Integrated Care Board",Persons,24460.0,,,CVDP002SMOK,"Patients with GP recorded CVD or CVD risk factors who are GP recorded current smokers, who have a record of an offer of support or treatment within the preceding 12 months.",Smoking: Current smokers offered support/treatment (CVDP002SMOK),66.3,White,Ethnicity,0,16360.0,To March 2026,67.47,66.89,
E54000024,"NHS Bedfordshire, Luton and Milton Keynes Integrated Care Board",Persons,32690.0,,,CVDP002SMOK,"Patients with GP recorded CVD or CVD risk factors who are GP recorded current smokers, who have a record of an offer of support or treatment within the preceding 12 months.",Smoking: Current smokers offered support/treatment (CVDP002SMOK),67.22,People without SMI,Mental Health,0,22140.0,To March 2026,68.24,67.73,
E54000024,"NHS Bedfordshire, Luton and Milton Keynes Integrated Care Board",Persons,1355.0,,,CVDP002SMOK,"Patients with GP recorded CVD or CVD risk factors who are GP recorded current smokers, who have a record of an offer of support or treatment within the preceding 12 months.",Smoking: Current smokers offered support/treatment (CVDP002SMOK),80.62,People with SMI,Mental Health,0,1120.0,To March 2026,84.6,82.72,
E54000024,"NHS Bedfordshire, Luton and Milton Keynes Integrated Care Board",Persons,33900.0,,,CVDP002SMOK,"Patients with GP recorded CVD or CVD risk factors who are GP recorded current smokers, who have a record of an offer of support or treatment within the preceding 12 months.",Smoking: Current smokers offered support/treatment (CVDP002SMOK),67.74,People without a diagnosed learning disability,Learning Disability,0,23135.0,To March 2026,68.73,68.24,
E54000024,"NHS Bedfordshire, Luton and Milton Keynes Integrated Care Board",Persons,145.0,,,CVDP002SMOK,"Patients with GP recorded CVD or CVD risk factors who are GP recorded current smokers, who have a record of an offer of support or treatment within the preceding 12 months.",Smoking: Current smokers offered support/treatment (CVDP002SMOK),82.88,People with a diagnosed learning disability,Learning Disability,0,125.0,To March 2026,93.15,88.81,
E54000055,NHS Birmingham and Solihull Integrated Care Board,Persons,43520.0,,,CVDP002SMOK,"Patients with GP recorded CVD or CVD risk factors who are GP recorded current smokers, who have a record of an offer of support or treatment within the preceding 12 months.",Smoking: Current smokers offered support/treatment (CVDP002SMOK),74.45,Persons,Sex,0,32580.0,To March 2026,75.26,74.86,
E54000055,NHS Birmingham and Solihull Integrated Care Board,Female,15500.0,,,CVDP002SMOK,"Patients with GP recorded CVD or CVD risk factors who are GP recorded current smokers, who have a record of an offer of support or treatment within the preceding 12 months.",Smoking: Current smokers offered support/treatment (CVDP002SMOK),75.95,Female,Sex,0,11880.0,To March 2026,77.28,76.63,
E54000055,NHS Birmingham and Solihull Integrated Care Board,Male,28020.0,,,CVDP002SMOK,"Patients with GP recorded CVD or CVD risk factors who are GP recorded current smokers, who have a record of an offer of support or treatment within the preceding 12 months.",Smoking: Current smokers offered support/treatment (CVDP002SMOK),73.36,Male,Sex,0,20700.0,To March 2026,74.39,73.88,
E54000055,NHS Birmingham and Solihull Integrated Care Board,Male,2190.0,,,CVDP002SMOK,"Patients with GP recorded CVD or CVD risk factors who are GP recorded current smokers, who have a record of an offer of support or treatment within the preceding 12 months.",Smoking: Current smokers offered support/treatment (CVDP002SMOK),64.72,18-39,Age group,0,1460.0,To March 2026,68.64,66.73,
E54000055,NHS Birmingham and Solihull Integrated Care Board,Female,1045.0,,,CVDP002SMOK,"Patients with GP recorded CVD or CVD risk factors who are GP recorded current smokers, who have a record of an offer of support or treatment within the preceding 12 months.",Smoking: Current smokers offered support/treatment (CVDP002SMOK),69.94,18-39,Age group,0,760.0,To March 2026,75.29,72.73,
E54000055,NHS Birmingham and Solihull Integrated Care Board,Persons,3235.0,,,CVDP002SMOK,"Patients with GP recorded CVD or CVD risk factors who are GP recorded current smokers, who have a record of an offer of support or treatment within the preceding 12 months.",Smoking: Current smokers offered support/treatment (CVDP002SMOK),67.06,18-39,Age group,0,2220.0,To March 2026,70.24,68.67,
E54000055,NHS Birmingham and Solihull Integrated Care Board,Male,13135.0,,,CVDP002SMOK,"Patients with GP recorded CVD or CVD risk factors who are GP recorded current smokers, who have a record of an offer of support or treatment within the preceding 12 months.",Smoking: Current smokers offered support/treatment (CVDP002SMOK),71.87,40-59,Age group,0,9540.0,To March 2026,73.39,72.64,
E54000055,NHS Birmingham and Solihull Integrated Care Board,Female,5815.0,,,CVDP002SMOK,"Patients with GP recorded CVD or CVD risk factors who are GP recorded current smokers, who have a record of an offer of support or treatment within the preceding 12 months.",Smoking: Current smokers offered support/treatment (CVDP002SMOK),74.97,40-59,Age group,0,4425.0,To March 2026,77.16,76.08,
E54000055,NHS Birmingham and Solihull Integrated Care Board,Persons,18950.0,,,CVDP002SMOK,"Patients with GP recorded CVD or CVD risk factors who are GP recorded current smokers, who have a record of an offer of support or treatment within the preceding 12 months.",Smoking: Current smokers offered support/treatment (CVDP002SMOK),73.06,40-59,Age group,0,13965.0,To March 2026,74.31,73.69,
E54000055,NHS Birmingham and Solihull Integrated Care Board,Male,11525.0,,,CVDP002SMOK,"Patients with GP recorded CVD or CVD risk factors who are GP recorded current smokers, who have a record of an offer of support or treatment within the preceding 12 months.",Smoking: Current smokers offered support/treatment (CVDP002SMOK),75.93,60-79,Age group,0,8840.0,To March 2026,77.47,76.7,
E54000055,NHS Birmingham and Solihull Integrated Care Board,Female,7530.0,,,CVDP002SMOK,"Patients with GP recorded CVD or CVD risk factors who are GP recorded current smokers, who have a record of an offer of support or treatment within the preceding 12 months.",Smoking: Current smokers offered support/treatment (CVDP002SMOK),77.41,60-79,Age group,0,5900.0,To March 2026,79.26,78.35,
E54000055,NHS Birmingham and Solihull Integrated Care Board,Persons,19055.0,,,CVDP002SMOK,"Patients with GP recorded CVD or CVD risk factors who are GP recorded current smokers, who have a record of an offer of support or treatment within the preceding 12 months.",Smoking: Current smokers offered support/treatment (CVDP002SMOK),76.76,60-79,Age group,0,14740.0,To March 2026,77.94,77.36,
E54000055,NHS Birmingham and Solihull Integrated Care Board,Male,1170.0,,,CVDP002SMOK,"Patients with GP recorded CVD or CVD risk factors who are GP recorded current smokers, who have a record of an offer of support or treatment within the preceding 12 months.",Smoking: Current smokers offered support/treatment (CVDP002SMOK),70.81,80+,Age group,0,860.0,To March 2026,75.83,73.38,
E54000055,NHS Birmingham and Solihull Integrated Care Board,Female,1110.0,,,CVDP002SMOK,"Patients with GP recorded CVD or CVD risk factors who are GP recorded current smokers, who have a record of an offer of support or treatment within the preceding 12 months.",Smoking: Current smokers offered support/treatment (CVDP002SMOK),68.76,80+,Age group,0,795.0,To March 2026,74.06,71.47,
E54000055,NHS Birmingham and Solihull Integrated Care Board,Persons,2285.0,,,CVDP002SMOK,"Patients with GP recorded CVD or CVD risk factors who are GP recorded current smokers, who have a record of an offer of support or treatment within the preceding 12 months.",Smoking: Current smokers offered support/treatment (CVDP002SMOK),70.6,80+,Age group,0,1655.0,To March 2026,74.23,72.45,
E54000055,NHS Birmingham and Solihull Integrated Care Board,Persons,28540.0,,,CVDP002SMOK,"Patients with GP recorded CVD or CVD risk factors who are GP recorded current smokers, who have a record of an offer of support or treatment within the preceding 12 months.",Smoking: Current smokers offered support/treatment (CVDP002SMOK),76.16,1 - most deprived,Deprivation quintile,0,21880.0,To March 2026,77.14,76.65,
E54000055,NHS Birmingham and Solihull Integrated Care Board,Persons,7455.0,,,CVDP002SMOK,"Patients with GP recorded CVD or CVD risk factors who are GP recorded current smokers, who have a record of an offer of support or treatment within the preceding 12 months.",Smoking: Current smokers offered support/treatment (CVDP002SMOK),73.78,2,Deprivation quintile,0,5575.0,To March 2026,75.75,74.78,
E54000055,NHS Birmingham and Solihull Integrated Care Board,Persons,3860.0,,,CVDP002SMOK,"Patients with GP recorded CVD or CVD risk factors who are GP recorded current smokers, who have a record of an offer of support or treatment within the preceding 12 months.",Smoking: Current smokers offered support/treatment (CVDP002SMOK),69.2,3,Deprivation quintile,0,2725.0,To March 2026,72.05,70.66,
E54000055,NHS Birmingham and Solihull Integrated Care Board,Persons,1475.0,,,CVDP002SMOK,"Patients with GP recorded CVD or CVD risk factors who are GP recorded current smokers, who have a record of an offer of support or treatment within the preceding 12 months.",Smoking: Current smokers offered support/treatment (CVDP002SMOK),65.36,4,Deprivation quintile,0,1000.0,To March 2026,70.09,67.8,
E54000055,NHS Birmingham and Solihull Integrated Care Board,Persons,1345.0,,,CVDP002SMOK,"Patients with GP recorded CVD or CVD risk factors who are GP recorded current smokers, who have a record of an offer of support or treatment within the preceding 12 months.",Smoking: Current smokers offered support/treatment (CVDP002SMOK),55.52,5 - least deprived,Deprivation quintile,0,785.0,To March 2026,60.79,58.17,
E54000055,NHS Birmingham and Solihull Integrated Care Board,Persons,9665.0,,,CVDP002SMOK,"Patients with GP recorded CVD or CVD risk factors who are GP recorded current smokers, who have a record of an offer of support or treatment within the preceding 12 months.",Smoking: Current smokers offered support/treatment (CVDP002SMOK),72.57,Asian,Ethnicity,0,7100.0,To March 2026,74.33,73.47,
E54000055,NHS Birmingham and Solihull Integrated Care Board,Persons,3710.0,,,CVDP002SMOK,"Patients with GP recorded CVD or CVD risk factors who are GP recorded current smokers, who have a record of an offer of support or treatment within the preceding 12 months.",Smoking: Current smokers offered support/treatment (CVDP002SMOK),74.21,Black,Ethnicity,0,2805.0,To March 2026,76.96,75.62,
E54000055,NHS Birmingham and Solihull Integrated Care Board,Persons,465.0,,,CVDP002SMOK,"Patients with GP recorded CVD or CVD risk factors who are GP recorded current smokers, who have a record of an offer of support or treatment within the preceding 12 months.",Smoking: Current smokers offered support/treatment (CVDP002SMOK),56.62,Missing,Ethnicity,0,285.0,To March 2026,65.38,61.08,
E54000055,NHS Birmingham and Solihull Integrated Care Board,Persons,1005.0,,,CVDP002SMOK,"Patients with GP recorded CVD or CVD risk factors who are GP recorded current smokers, who have a record of an offer of support or treatment within the preceding 12 months.",Smoking: Current smokers offered support/treatment (CVDP002SMOK),72.66,Mixed,Ethnicity,0,755.0,To March 2026,77.93,75.37,
E54000055,NHS Birmingham and Solihull Integrated Care Board,Persons,955.0,,,CVDP002SMOK,"Patients with GP recorded CVD or CVD risk factors who are GP recorded current smokers, who have a record of an offer of support or treatment within the preceding 12 months.",Smoking: Current smokers offered support/treatment (CVDP002SMOK),70.7,Not stated,Ethnicity,0,705.0,To March 2026,76.23,73.54,
E54000055,NHS Birmingham and Solihull Integrated Care Board,Persons,1090.0,,,CVDP002SMOK,"Patients with GP recorded CVD or CVD risk factors who are GP recorded current smokers, who have a record of an offer of support or treatment within the preceding 12 months.",Smoking: Current smokers offered support/treatment (CVDP002SMOK),72.69,Other,Ethnicity,0,820.0,To March 2026,77.73,75.28,
E54000055,NHS Birmingham and Solihull Integrated Care Board,Persons,26635.0,,,CVDP002SMOK,"Patients with GP recorded CVD or CVD risk factors who are GP recorded current smokers, who have a record of an offer of support or treatment within the preceding 12 months.",Smoking: Current smokers offered support/treatment (CVDP002SMOK),74.99,White,Ethnicity,0,20110.0,To March 2026,76.02,75.51,
E54000055,NHS Birmingham and Solihull Integrated Care Board,Persons,41060.0,,,CVDP002SMOK,"Patients with GP recorded CVD or CVD risk factors who are GP recorded current smokers, who have a record of an offer of support or treatment within the preceding 12 months.",Smoking: Current smokers offered support/treatment (CVDP002SMOK),73.98,People without SMI,Mental Health,0,30550.0,To March 2026,74.83,74.41,
E54000055,NHS Birmingham and Solihull Integrated Care Board,Persons,2460.0,,,CVDP002SMOK,"Patients with GP recorded CVD or CVD risk factors who are GP recorded current smokers, who have a record of an offer of support or treatment within the preceding 12 months.",Smoking: Current smokers offered support/treatment (CVDP002SMOK),80.8,People with SMI,Mental Health,0,2025.0,To March 2026,83.81,82.36,
E54000055,NHS Birmingham and Solihull Integrated Care Board,Persons,43185.0,,,CVDP002SMOK,"Patients with GP recorded CVD or CVD risk factors who are GP recorded current smokers, who have a record of an offer of support or treatment within the preceding 12 months.",Smoking: Current smokers offered support/treatment (CVDP002SMOK),74.37,People without a diagnosed learning disability,Learning Disability,0,32295.0,To March 2026,75.19,74.78,
E54000055,NHS Birmingham and Solihull Integrated Care Board,Persons,335.0,,,CVDP002SMOK,"Patients with GP recorded CVD or CVD risk factors who are GP recorded current smokers, who have a record of an offer of support or treatment within the preceding 12 months.",Smoking: Current smokers offered support/treatment (CVDP002SMOK),81.01,People with a diagnosed learning disability,Learning Disability,0,285.0,To March 2026,88.43,85.03,
E54000062,NHS Black Country Integrated Care Board,Persons,40530.0,,,CVDP002SMOK,"Patients with GP recorded CVD or CVD risk factors who are GP recorded current smokers, who have a record of an offer of support or treatment within the preceding 12 months.",Smoking: Current smokers offered support/treatment (CVDP002SMOK),75.8,Persons,Sex,0,30890.0,To March 2026,76.63,76.22,
E54000062,NHS Black Country Integrated Care Board,Female,16510.0,,,CVDP002SMOK,"Patients with GP recorded CVD or CVD risk factors who are GP recorded current smokers, who have a record of an offer of support or treatment within the preceding 12 months.",Smoking: Current smokers offered support/treatment (CVDP002SMOK),76.91,Female,Sex,0,12805.0,To March 2026,78.18,77.55,
E54000062,NHS Black Country Integrated Care Board,Male,24020.0,,,CVDP002SMOK,"Patients with GP recorded CVD or CVD risk factors who are GP recorded current smokers, who have a record of an offer of support or treatment within the preceding 12 months.",Smoking: Current smokers offered support/treatment (CVDP002SMOK),74.75,Male,Sex,0,18085.0,To March 2026,75.84,75.3,
E54000062,NHS Black Country Integrated Care Board,Male,1650.0,,,CVDP002SMOK,"Patients with GP recorded CVD or CVD risk factors who are GP recorded current smokers, who have a record of an offer of support or treatment within the preceding 12 months.",Smoking: Current smokers offered support/treatment (CVDP002SMOK),63.2,18-39,Age group,0,1080.0,To March 2026,67.73,65.5,
E54000062,NHS Black Country Integrated Care Board,Female,1155.0,,,CVDP002SMOK,"Patients with GP recorded CVD or CVD risk factors who are GP recorded current smokers, who have a record of an offer of support or treatment within the preceding 12 months.",Smoking: Current smokers offered support/treatment (CVDP002SMOK),67.59,18-39,Age group,0,810.0,To March 2026,72.77,70.28,
E54000062,NHS Black Country Integrated Care Board,Persons,2805.0,,,CVDP002SMOK,"Patients with GP recorded CVD or CVD risk factors who are GP recorded current smokers, who have a record of an offer of support or treatment within the preceding 12 months.",Smoking: Current smokers offered support/treatment (CVDP002SMOK),65.72,18-39,Age group,0,1895.0,To March 2026,69.17,67.46,
E54000062,NHS Black Country Integrated Care Board,Male,10890.0,,,CVDP002SMOK,"Patients with GP recorded CVD or CVD risk factors who are GP recorded current smokers, who have a record of an offer of support or treatment within the preceding 12 months.",Smoking: Current smokers offered support/treatment (CVDP002SMOK),72.43,40-59,Age group,0,7975.0,To March 2026,74.09,73.26,
E54000062,NHS Black Country Integrated Care Board,Female,6390.0,,,CVDP002SMOK,"Patients with GP recorded CVD or CVD risk factors who are GP recorded current smokers, who have a record of an offer of support or treatment within the preceding 12 months.",Smoking: Current smokers offered support/treatment (CVDP002SMOK),75.04,40-59,Age group,0,4860.0,To March 2026,77.12,76.1,
E54000062,NHS Black Country Integrated Care Board,Persons,17275.0,,,CVDP002SMOK,"Patients with GP recorded CVD or CVD risk factors who are GP recorded current smokers, who have a record of an offer of support or treatment within the preceding 12 months.",Smoking: Current smokers offered support/treatment (CVDP002SMOK),73.66,40-59,Age group,0,12840.0,To March 2026,74.96,74.31,
E54000062,NHS Black Country Integrated Care Board,Male,10380.0,,,CVDP002SMOK,"Patients with GP recorded CVD or CVD risk factors who are GP recorded current smokers, who have a record of an offer of support or treatment within the preceding 12 months.",Smoking: Current smokers offered support/treatment (CVDP002SMOK),78.19,60-79,Age group,0,8200.0,To March 2026,79.75,78.98,
E54000062,NHS Black Country Integrated Care Board,Female,7845.0,,,CVDP002SMOK,"Patients with GP recorded CVD or CVD risk factors who are GP recorded current smokers, who have a record of an offer of support or treatment within the preceding 12 months.",Smoking: Current smokers offered support/treatment (CVDP002SMOK),79.16,60-79,Age group,0,6280.0,To March 2026,80.91,80.05,
E54000062,NHS Black Country Integrated Care Board,Persons,18225.0,,,CVDP002SMOK,"Patients with GP recorded CVD or CVD risk factors who are GP recorded current smokers, who have a record of an offer of support or treatment within the preceding 12 months.",Smoking: Current smokers offered support/treatment (CVDP002SMOK),78.85,60-79,Age group,0,14480.0,To March 2026,80.02,79.44,
E54000062,NHS Black Country Integrated Care Board,Male,1100.0,,,CVDP002SMOK,"Patients with GP recorded CVD or CVD risk factors who are GP recorded current smokers, who have a record of an offer of support or treatment within the preceding 12 months.",Smoking: Current smokers offered support/treatment (CVDP002SMOK),72.96,80+,Age group,0,830.0,To March 2026,77.95,75.52,
E54000062,NHS Black Country Integrated Care Board,Female,1120.0,,,CVDP002SMOK,"Patients with GP recorded CVD or CVD risk factors who are GP recorded current smokers, who have a record of an offer of support or treatment within the preceding 12 months.",Smoking: Current smokers offered support/treatment (CVDP002SMOK),73.22,80+,Age group,0,850.0,To March 2026,78.2,75.83,
E54000062,NHS Black Country Integrated Care Board,Persons,2220.0,,,CVDP002SMOK,"Patients with GP recorded CVD or CVD risk factors who are GP recorded current smokers, who have a record of an offer of support or treatment within the preceding 12 months.",Smoking: Current smokers offered support/treatment (CVDP002SMOK),73.86,80+,Age group,0,1680.0,To March 2026,77.42,75.68,
E54000062,NHS Black Country Integrated Care Board,Persons,24515.0,,,CVDP002SMOK,"Patients with GP recorded CVD or CVD risk factors who are GP recorded current smokers, who have a record of an offer of support or treatment within the preceding 12 months.",Smoking: Current smokers offered support/treatment (CVDP002SMOK),77.69,1 - most deprived,Deprivation quintile,0,19175.0,To March 2026,78.73,78.21,
E54000062,NHS Black Country Integrated Care Board,Persons,8125.0,,,CVDP002SMOK,"Patients with GP recorded CVD or CVD risk factors who are GP recorded current smokers, who have a record of an offer of support or treatment within the preceding 12 months.",Smoking: Current smokers offered support/treatment (CVDP002SMOK),75.2,2,Deprivation quintile,0,6190.0,To March 2026,77.05,76.14,
E54000062,NHS Black Country Integrated Care Board,Persons,4160.0,,,CVDP002SMOK,"Patients with GP recorded CVD or CVD risk factors who are GP recorded current smokers, who have a record of an offer of support or treatment within the preceding 12 months.",Smoking: Current smokers offered support/treatment (CVDP002SMOK),71.98,3,Deprivation quintile,0,3050.0,To March 2026,74.65,73.33,
E54000062,NHS Black Country Integrated Care Board,Persons,2655.0,,,CVDP002SMOK,"Patients with GP recorded CVD or CVD risk factors who are GP recorded current smokers, who have a record of an offer of support or treatment within the preceding 12 months.",Smoking: Current smokers offered support/treatment (CVDP002SMOK),70.25,4,Deprivation quintile,0,1910.0,To March 2026,73.64,71.99,
E54000062,NHS Black Country Integrated Care Board,Persons,1400.0,,,CVDP002SMOK,"Patients with GP recorded CVD or CVD risk factors who are GP recorded current smokers, who have a record of an offer of support or treatment within the preceding 12 months.",Smoking: Current smokers offered support/treatment (CVDP002SMOK),62.77,5 - least deprived,Deprivation quintile,0,915.0,To March 2026,67.69,65.26,
E54000062,NHS Black Country Integrated Care Board,Persons,4720.0,,,CVDP002SMOK,"Patients with GP recorded CVD or CVD risk factors who are GP recorded current smokers, who have a record of an offer of support or treatment within the preceding 12 months.",Smoking: Current smokers offered support/treatment (CVDP002SMOK),73.71,Asian,Ethnicity,0,3540.0,To March 2026,76.17,74.97,
E54000062,NHS Black Country Integrated Care Board,Persons,1875.0,,,CVDP002SMOK,"Patients with GP recorded CVD or CVD risk factors who are GP recorded current smokers, who have a record of an offer of support or treatment within the preceding 12 months.",Smoking: Current smokers offered support/treatment (CVDP002SMOK),75.24,Black,Ethnicity,0,1445.0,To March 2026,79.02,77.17,
E54000062,NHS Black Country Integrated Care Board,Persons,925.0,,,CVDP002SMOK,"Patients with GP recorded CVD or CVD risk factors who are GP recorded current smokers, who have a record of an offer of support or treatment within the preceding 12 months.",Smoking: Current smokers offered support/treatment (CVDP002SMOK),64.3,Missing,Ethnicity,0,625.0,To March 2026,70.32,67.42,
E54000062,NHS Black Country Integrated Care Board,Persons,1055.0,,,CVDP002SMOK,"Patients with GP recorded CVD or CVD risk factors who are GP recorded current smokers, who have a record of an offer of support or treatment within the preceding 12 months.",Smoking: Current smokers offered support/treatment (CVDP002SMOK),68.62,Mixed,Ethnicity,0,755.0,To March 2026,74.01,71.37,
E54000062,NHS Black Country Integrated Care Board,Persons,585.0,,,CVDP002SMOK,"Patients with GP recorded CVD or CVD risk factors who are GP recorded current smokers, who have a record of an offer of support or treatment within the preceding 12 months.",Smoking: Current smokers offered support/treatment (CVDP002SMOK),68.54,Not stated,Ethnicity,0,425.0,To March 2026,75.68,72.31,
E54000062,NHS Black Country Integrated Care Board,Persons,670.0,,,CVDP002SMOK,"Patients with GP recorded CVD or CVD risk factors who are GP recorded current smokers, who have a record of an offer of support or treatment within the preceding 12 months.",Smoking: Current smokers offered support/treatment (CVDP002SMOK),71.88,Other,Ethnicity,0,505.0,To March 2026,78.27,75.19,
E54000062,NHS Black Country Integrated Care Board,Persons,30695.0,,,CVDP002SMOK,"Patients with GP recorded CVD or CVD risk factors who are GP recorded current smokers, who have a record of an offer of support or treatment within the preceding 12 months.",Smoking: Current smokers offered support/treatment (CVDP002SMOK),76.41,White,Ethnicity,0,23600.0,To March 2026,77.35,76.88,
E54000062,NHS Black Country Integrated Care Board,Persons,38895.0,,,CVDP002SMOK,"Patients with GP recorded CVD or CVD risk factors who are GP recorded current smokers, who have a record of an offer of support or treatment within the preceding 12 months.",Smoking: Current smokers offered support/treatment (CVDP002SMOK),75.42,People without SMI,Mental Health,0,29500.0,To March 2026,76.26,75.84,
E54000062,NHS Black Country Integrated Care Board,Persons,1630.0,,,CVDP002SMOK,"Patients with GP recorded CVD or CVD risk factors who are GP recorded current smokers, who have a record of an offer of support or treatment within the preceding 12 months.",Smoking: Current smokers offered support/treatment (CVDP002SMOK),83.35,People with SMI,Mental Health,0,1390.0,To March 2026,86.78,85.16,
E54000062,NHS Black Country Integrated Care Board,Persons,40325.0,,,CVDP002SMOK,"Patients with GP recorded CVD or CVD risk factors who are GP recorded current smokers, who have a record of an offer of support or treatment within the preceding 12 months.",Smoking: Current smokers offered support/treatment (CVDP002SMOK),75.74,People without a diagnosed learning disability,Learning Disability,0,30715.0,To March 2026,76.57,76.16,
E54000062,NHS Black Country Integrated Care Board,Persons,200.0,,,CVDP002SMOK,"Patients with GP recorded CVD or CVD risk factors who are GP recorded current smokers, who have a record of an offer of support or treatment within the preceding 12 months.",Smoking: Current smokers offered support/treatment (CVDP002SMOK),82.84,People with a diagnosed learning disability,Learning Disability,0,175.0,To March 2026,91.67,88.06,
E54000039,"NHS Bristol, North Somerset and South Gloucestershire Integrated Care Board",Persons,24140.0,,,CVDP002SMOK,"Patients with GP recorded CVD or CVD risk factors who are GP recorded current smokers, who have a record of an offer of support or treatment within the preceding 12 months.",Smoking: Current smokers offered support/treatment (CVDP002SMOK),74.47,Persons,Sex,0,18110.0,To March 2026,75.56,75.02,
E54000039,"NHS Bristol, North Somerset and South Gloucestershire Integrated Care Board",Female,10030.0,,,CVDP002SMOK,"Patients with GP recorded CVD or CVD risk factors who are GP recorded current smokers, who have a record of an offer of support or treatment within the preceding 12 months.",Smoking: Current smokers offered support/treatment (CVDP002SMOK),75.92,Female,Sex,0,7695.0,To March 2026,77.56,76.75,
E54000039,"NHS Bristol, North Somerset and South Gloucestershire Integrated Care Board",Male,14110.0,,,CVDP002SMOK,"Patients with GP recorded CVD or CVD risk factors who are GP recorded current smokers, who have a record of an offer of support or treatment within the preceding 12 months.",Smoking: Current smokers offered support/treatment (CVDP002SMOK),73.07,Male,Sex,0,10410.0,To March 2026,74.51,73.8,
E54000039,"NHS Bristol, North Somerset and South Gloucestershire Integrated Care Board",Male,1095.0,,,CVDP002SMOK,"Patients with GP recorded CVD or CVD risk factors who are GP recorded current smokers, who have a record of an offer of support or treatment within the preceding 12 months.",Smoking: Current smokers offered support/treatment (CVDP002SMOK),60.38,18-39,Age group,0,695.0,To March 2026,66.03,63.29,
E54000039,"NHS Bristol, North Somerset and South Gloucestershire Integrated Care Board",Female,715.0,,,CVDP002SMOK,"Patients with GP recorded CVD or CVD risk factors who are GP recorded current smokers, who have a record of an offer of support or treatment within the preceding 12 months.",Smoking: Current smokers offered support/treatment (CVDP002SMOK),68.16,18-39,Age group,0,510.0,To March 2026,74.72,71.53,
E54000039,"NHS Bristol, North Somerset and South Gloucestershire Integrated Care Board",Persons,1810.0,,,CVDP002SMOK,"Patients with GP recorded CVD or CVD risk factors who are GP recorded current smokers, who have a record of an offer of support or treatment within the preceding 12 months.",Smoking: Current smokers offered support/treatment (CVDP002SMOK),64.33,18-39,Age group,0,1205.0,To March 2026,68.64,66.54,
E54000039,"NHS Bristol, North Somerset and South Gloucestershire Integrated Care Board",Male,5805.0,,,CVDP002SMOK,"Patients with GP recorded CVD or CVD risk factors who are GP recorded current smokers, who have a record of an offer of support or treatment within the preceding 12 months.",Smoking: Current smokers offered support/treatment (CVDP002SMOK),71.38,40-59,Age group,0,4210.0,To March 2026,73.67,72.54,
E54000039,"NHS Bristol, North Somerset and South Gloucestershire Integrated Care Board",Female,3505.0,,,CVDP002SMOK,"Patients with GP recorded CVD or CVD risk factors who are GP recorded current smokers, who have a record of an offer of support or treatment within the preceding 12 months.",Smoking: Current smokers offered support/treatment (CVDP002SMOK),77.5,40-59,Age group,0,2765.0,To March 2026,80.18,78.88,
E54000039,"NHS Bristol, North Somerset and South Gloucestershire Integrated Care Board",Persons,9310.0,,,CVDP002SMOK,"Patients with GP recorded CVD or CVD risk factors who are GP recorded current smokers, who have a record of an offer of support or treatment within the preceding 12 months.",Smoking: Current smokers offered support/treatment (CVDP002SMOK),74.04,40-59,Age group,0,6975.0,To March 2026,75.79,74.92,
E54000039,"NHS Bristol, North Somerset and South Gloucestershire Integrated Care Board",Male,6425.0,,,CVDP002SMOK,"Patients with GP recorded CVD or CVD risk factors who are GP recorded current smokers, who have a record of an offer of support or treatment within the preceding 12 months.",Smoking: Current smokers offered support/treatment (CVDP002SMOK),76.55,60-79,Age group,0,4985.0,To March 2026,78.59,77.58,
E54000039,"NHS Bristol, North Somerset and South Gloucestershire Integrated Care Board",Female,4855.0,,,CVDP002SMOK,"Patients with GP recorded CVD or CVD risk factors who are GP recorded current smokers, who have a record of an offer of support or treatment within the preceding 12 months.",Smoking: Current smokers offered support/treatment (CVDP002SMOK),77.93,60-79,Age group,0,3840.0,To March 2026,80.22,79.09,
E54000039,"NHS Bristol, North Somerset and South Gloucestershire Integrated Care Board",Persons,11280.0,,,CVDP002SMOK,"Patients with GP recorded CVD or CVD risk factors who are GP recorded current smokers, who have a record of an offer of support or treatment within the preceding 12 months.",Smoking: Current smokers offered support/treatment (CVDP002SMOK),77.47,60-79,Age group,0,8825.0,To March 2026,78.98,78.23,
E54000039,"NHS Bristol, North Somerset and South Gloucestershire Integrated Care Board",Male,785.0,,,CVDP002SMOK,"Patients with GP recorded CVD or CVD risk factors who are GP recorded current smokers, who have a record of an offer of support or treatment within the preceding 12 months.",Smoking: Current smokers offered support/treatment (CVDP002SMOK),63.45,80+,Age group,0,525.0,To March 2026,69.92,66.75,
E54000039,"NHS Bristol, North Somerset and South Gloucestershire Integrated Care Board",Female,960.0,,,CVDP002SMOK,"Patients with GP recorded CVD or CVD risk factors who are GP recorded current smokers, who have a record of an offer of support or treatment within the preceding 12 months.",Smoking: Current smokers offered support/treatment (CVDP002SMOK),57.86,80+,Age group,0,585.0,To March 2026,64.0,60.96,
E54000039,"NHS Bristol, North Somerset and South Gloucestershire Integrated Care Board",Persons,1745.0,,,CVDP002SMOK,"Patients with GP recorded CVD or CVD risk factors who are GP recorded current smokers, who have a record of an offer of support or treatment within the preceding 12 months.",Smoking: Current smokers offered support/treatment (CVDP002SMOK),61.28,80+,Age group,0,1110.0,To March 2026,65.75,63.57,
E54000039,"NHS Bristol, North Somerset and South Gloucestershire Integrated Care Board",Persons,7625.0,,,CVDP002SMOK,"Patients with GP recorded CVD or CVD risk factors who are GP recorded current smokers, who have a record of an offer of support or treatment within the preceding 12 months.",Smoking: Current smokers offered support/treatment (CVDP002SMOK),76.42,1 - most deprived,Deprivation quintile,0,5900.0,To March 2026,78.3,77.37,
E54000039,"NHS Bristol, North Somerset and South Gloucestershire Integrated Care Board",Persons,5125.0,,,CVDP002SMOK,"Patients with GP recorded CVD or CVD risk factors who are GP recorded current smokers, who have a record of an offer of support or treatment within the preceding 12 months.",Smoking: Current smokers offered support/treatment (CVDP002SMOK),75.37,2,Deprivation quintile,0,3925.0,To March 2026,77.67,76.55,
E54000039,"NHS Bristol, North Somerset and South Gloucestershire Integrated Care Board",Persons,3960.0,,,CVDP002SMOK,"Patients with GP recorded CVD or CVD risk factors who are GP recorded current smokers, who have a record of an offer of support or treatment within the preceding 12 months.",Smoking: Current smokers offered support/treatment (CVDP002SMOK),74.43,3,Deprivation quintile,0,3000.0,To March 2026,77.08,75.77,
E54000039,"NHS Bristol, North Somerset and South Gloucestershire Integrated Care Board",Persons,4230.0,,,CVDP002SMOK,"Patients with GP recorded CVD or CVD risk factors who are GP recorded current smokers, who have a record of an offer of support or treatment within the preceding 12 months.",Smoking: Current smokers offered support/treatment (CVDP002SMOK),70.97,4,Deprivation quintile,0,3060.0,To March 2026,73.66,72.34,
E54000039,"NHS Bristol, North Somerset and South Gloucestershire Integrated Care Board",Persons,3335.0,,,CVDP002SMOK,"Patients with GP recorded CVD or CVD risk factors who are GP recorded current smokers, who have a record of an offer of support or treatment within the preceding 12 months.",Smoking: Current smokers offered support/treatment (CVDP002SMOK),69.04,5 - least deprived,Deprivation quintile,0,2355.0,To March 2026,72.13,70.6,
E54000039,"NHS Bristol, North Somerset and South Gloucestershire Integrated Care Board",Persons,860.0,,,CVDP002SMOK,"Patients with GP recorded CVD or CVD risk factors who are GP recorded current smokers, who have a record of an offer of support or treatment within the preceding 12 months.",Smoking: Current smokers offered support/treatment (CVDP002SMOK),67.63,Asian,Ethnicity,0,610.0,To March 2026,73.64,70.77,
E54000039,"NHS Bristol, North Somerset and South Gloucestershire Integrated Care Board",Persons,1075.0,,,CVDP002SMOK,"Patients with GP recorded CVD or CVD risk factors who are GP recorded current smokers, who have a record of an offer of support or treatment within the preceding 12 months.",Smoking: Current smokers offered support/treatment (CVDP002SMOK),66.51,Black,Ethnicity,0,745.0,To March 2026,71.99,69.3,
E54000039,"NHS Bristol, North Somerset and South Gloucestershire Integrated Care Board",Persons,220.0,,,CVDP002SMOK,"Patients with GP recorded CVD or CVD risk factors who are GP recorded current smokers, who have a record of an offer of support or treatment within the preceding 12 months.",Smoking: Current smokers offered support/treatment (CVDP002SMOK),48.66,Missing,Ethnicity,0,120.0,To March 2026,61.61,55.2,
E54000039,"NHS Bristol, North Somerset and South Gloucestershire Integrated Care Board",Persons,400.0,,,CVDP002SMOK,"Patients with GP recorded CVD or CVD risk factors who are GP recorded current smokers, who have a record of an offer of support or treatment within the preceding 12 months.",Smoking: Current smokers offered support/treatment (CVDP002SMOK),73.38,Mixed,Ethnicity,0,310.0,To March 2026,81.34,77.69,
E54000039,"NHS Bristol, North Somerset and South Gloucestershire Integrated Care Board",Persons,1260.0,,,CVDP002SMOK,"Patients with GP recorded CVD or CVD risk factors who are GP recorded current smokers, who have a record of an offer of support or treatment within the preceding 12 months.",Smoking: Current smokers offered support/treatment (CVDP002SMOK),72.05,Not stated,Ethnicity,0,940.0,To March 2026,76.8,74.52,
E54000039,"NHS Bristol, North Somerset and South Gloucestershire Integrated Care Board",Persons,265.0,,,CVDP002SMOK,"Patients with GP recorded CVD or CVD risk factors who are GP recorded current smokers, who have a record of an offer of support or treatment within the preceding 12 months.",Smoking: Current smokers offered support/treatment (CVDP002SMOK),62.22,Other,Ethnicity,0,180.0,To March 2026,73.33,68.16,
E54000039,"NHS Bristol, North Somerset and South Gloucestershire Integrated Care Board",Persons,20055.0,,,CVDP002SMOK,"Patients with GP recorded CVD or CVD risk factors who are GP recorded current smokers, who have a record of an offer of support or treatment within the preceding 12 months.",Smoking: Current smokers offered support/treatment (CVDP002SMOK),75.21,White,Ethnicity,0,15200.0,To March 2026,76.39,75.8,
E54000039,"NHS Bristol, North Somerset and South Gloucestershire Integrated Care Board",Persons,23090.0,,,CVDP002SMOK,"Patients with GP recorded CVD or CVD risk factors who are GP recorded current smokers, who have a record of an offer of support or treatment within the preceding 12 months.",Smoking: Current smokers offered support/treatment (CVDP002SMOK),74.17,People without SMI,Mental Health,0,17255.0,To March 2026,75.28,74.73,
E54000039,"NHS Bristol, North Somerset and South Gloucestershire Integrated Care Board",Persons,1050.0,,,CVDP002SMOK,"Patients with GP recorded CVD or CVD risk factors who are GP recorded current smokers, who have a record of an offer of support or treatment within the preceding 12 months.",Smoking: Current smokers offered support/treatment (CVDP002SMOK),79.07,People with SMI,Mental Health,0,855.0,To March 2026,83.73,81.49,
E54000039,"NHS Bristol, North Somerset and South Gloucestershire Integrated Care Board",Persons,23955.0,,,CVDP002SMOK,"Patients with GP recorded CVD or CVD risk factors who are GP recorded current smokers, who have a record of an offer of support or treatment within the preceding 12 months.",Smoking: Current smokers offered support/treatment (CVDP002SMOK),74.41,People without a diagnosed learning disability,Learning Disability,0,17960.0,To March 2026,75.5,74.96,
E54000039,"NHS Bristol, North Somerset and South Gloucestershire Integrated Care Board",Persons,180.0,,,CVDP002SMOK,"Patients with GP recorded CVD or CVD risk factors who are GP recorded current smokers, who have a record of an offer of support or treatment within the preceding 12 months.",Smoking: Current smokers offered support/treatment (CVDP002SMOK),76.76,People with a diagnosed learning disability,Learning Disability,0,150.0,To March 2026,87.57,82.97,
E54000044,"NHS Buckinghamshire, Oxfordshire and Berkshire West Integrated Care Board",Persons,36310.0,,,CVDP002SMOK,"Patients with GP recorded CVD or CVD risk factors who are GP recorded current smokers, who have a record of an offer of support or treatment within the preceding 12 months.",Smoking: Current smokers offered support/treatment (CVDP002SMOK),70.25,Persons,Sex,0,25680.0,To March 2026,71.19,70.72,
E54000044,"NHS Buckinghamshire, Oxfordshire and Berkshire West Integrated Care Board",Female,14490.0,,,CVDP002SMOK,"Patients with GP recorded CVD or CVD risk factors who are GP recorded current smokers, who have a record of an offer of support or treatment within the preceding 12 months.",Smoking: Current smokers offered support/treatment (CVDP002SMOK),71.83,Female,Sex,0,10515.0,To March 2026,73.28,72.57,
E54000044,"NHS Buckinghamshire, Oxfordshire and Berkshire West Integrated Care Board",Male,21820.0,,,CVDP002SMOK,"Patients with GP recorded CVD or CVD risk factors who are GP recorded current smokers, who have a record of an offer of support or treatment within the preceding 12 months.",Smoking: Current smokers offered support/treatment (CVDP002SMOK),68.88,Male,Sex,0,15165.0,To March 2026,70.1,69.5,
E54000044,"NHS Buckinghamshire, Oxfordshire and Berkshire West Integrated Care Board",Male,1380.0,,,CVDP002SMOK,"Patients with GP recorded CVD or CVD risk factors who are GP recorded current smokers, who have a record of an offer of support or treatment within the preceding 12 months.",Smoking: Current smokers offered support/treatment (CVDP002SMOK),61.75,18-39,Age group,0,885.0,To March 2026,66.74,64.28,
E54000044,"NHS Buckinghamshire, Oxfordshire and Berkshire West Integrated Care Board",Female,885.0,,,CVDP002SMOK,"Patients with GP recorded CVD or CVD risk factors who are GP recorded current smokers, who have a record of an offer of support or treatment within the preceding 12 months.",Smoking: Current smokers offered support/treatment (CVDP002SMOK),64.61,18-39,Age group,0,600.0,To March 2026,70.67,67.76,
E54000044,"NHS Buckinghamshire, Oxfordshire and Berkshire West Integrated Care Board",Persons,2265.0,,,CVDP002SMOK,"Patients with GP recorded CVD or CVD risk factors who are GP recorded current smokers, who have a record of an offer of support or treatment within the preceding 12 months.",Smoking: Current smokers offered support/treatment (CVDP002SMOK),63.66,18-39,Age group,0,1490.0,To March 2026,67.53,65.64,
E54000044,"NHS Buckinghamshire, Oxfordshire and Berkshire West Integrated Care Board",Male,9205.0,,,CVDP002SMOK,"Patients with GP recorded CVD or CVD risk factors who are GP recorded current smokers, who have a record of an offer of support or treatment within the preceding 12 months.",Smoking: Current smokers offered support/treatment (CVDP002SMOK),66.85,40-59,Age group,0,6245.0,To March 2026,68.75,67.81,
E54000044,"NHS Buckinghamshire, Oxfordshire and Berkshire West Integrated Care Board",Female,5305.0,,,CVDP002SMOK,"Patients with GP recorded CVD or CVD risk factors who are GP recorded current smokers, who have a record of an offer of support or treatment within the preceding 12 months.",Smoking: Current smokers offered support/treatment (CVDP002SMOK),71.12,40-59,Age group,0,3840.0,To March 2026,73.52,72.33,
E54000044,"NHS Buckinghamshire, Oxfordshire and Berkshire West Integrated Care Board",Persons,14515.0,,,CVDP002SMOK,"Patients with GP recorded CVD or CVD risk factors who are GP recorded current smokers, who have a record of an offer of support or treatment within the preceding 12 months.",Smoking: Current smokers offered support/treatment (CVDP002SMOK),68.71,40-59,Age group,0,10080.0,To March 2026,70.21,69.46,
E54000044,"NHS Buckinghamshire, Oxfordshire and Berkshire West Integrated Care Board",Male,10045.0,,,CVDP002SMOK,"Patients with GP recorded CVD or CVD risk factors who are GP recorded current smokers, who have a record of an offer of support or treatment within the preceding 12 months.",Smoking: Current smokers offered support/treatment (CVDP002SMOK),71.37,60-79,Age group,0,7255.0,To March 2026,73.12,72.25,
E54000044,"NHS Buckinghamshire, Oxfordshire and Berkshire West Integrated Care Board",Female,6980.0,,,CVDP002SMOK,"Patients with GP recorded CVD or CVD risk factors who are GP recorded current smokers, who have a record of an offer of support or treatment within the preceding 12 months.",Smoking: Current smokers offered support/treatment (CVDP002SMOK),73.5,60-79,Age group,0,5200.0,To March 2026,75.54,74.54,
E54000044,"NHS Buckinghamshire, Oxfordshire and Berkshire West Integrated Care Board",Persons,17025.0,,,CVDP002SMOK,"Patients with GP recorded CVD or CVD risk factors who are GP recorded current smokers, who have a record of an offer of support or treatment within the preceding 12 months.",Smoking: Current smokers offered support/treatment (CVDP002SMOK),72.52,60-79,Age group,0,12460.0,To March 2026,73.85,73.19,
E54000044,"NHS Buckinghamshire, Oxfordshire and Berkshire West Integrated Care Board",Male,1190.0,,,CVDP002SMOK,"Patients with GP recorded CVD or CVD risk factors who are GP recorded current smokers, who have a record of an offer of support or treatment within the preceding 12 months.",Smoking: Current smokers offered support/treatment (CVDP002SMOK),62.58,80+,Age group,0,775.0,To March 2026,67.95,65.35,
E54000044,"NHS Buckinghamshire, Oxfordshire and Berkshire West Integrated Care Board",Female,1315.0,,,CVDP002SMOK,"Patients with GP recorded CVD or CVD risk factors who are GP recorded current smokers, who have a record of an offer of support or treatment within the preceding 12 months.",Smoking: Current smokers offered support/treatment (CVDP002SMOK),63.71,80+,Age group,0,875.0,To March 2026,68.79,66.29,
E54000044,"NHS Buckinghamshire, Oxfordshire and Berkshire West Integrated Care Board",Persons,2505.0,,,CVDP002SMOK,"Patients with GP recorded CVD or CVD risk factors who are GP recorded current smokers, who have a record of an offer of support or treatment within the preceding 12 months.",Smoking: Current smokers offered support/treatment (CVDP002SMOK),63.97,80+,Age group,0,1650.0,To March 2026,67.68,65.84,
E54000044,"NHS Buckinghamshire, Oxfordshire and Berkshire West Integrated Care Board",Persons,2125.0,,,CVDP002SMOK,"Patients with GP recorded CVD or CVD risk factors who are GP recorded current smokers, who have a record of an offer of support or treatment within the preceding 12 months.",Smoking: Current smokers offered support/treatment (CVDP002SMOK),67.22,1 - most deprived,Deprivation quintile,0,1470.0,To March 2026,71.12,69.19,
E54000044,"NHS Buckinghamshire, Oxfordshire and Berkshire West Integrated Care Board",Persons,5430.0,,,CVDP002SMOK,"Patients with GP recorded CVD or CVD risk factors who are GP recorded current smokers, who have a record of an offer of support or treatment within the preceding 12 months.",Smoking: Current smokers offered support/treatment (CVDP002SMOK),67.81,2,Deprivation quintile,0,3750.0,To March 2026,70.26,69.05,
E54000044,"NHS Buckinghamshire, Oxfordshire and Berkshire West Integrated Care Board",Persons,6730.0,,,CVDP002SMOK,"Patients with GP recorded CVD or CVD risk factors who are GP recorded current smokers, who have a record of an offer of support or treatment within the preceding 12 months.",Smoking: Current smokers offered support/treatment (CVDP002SMOK),70.45,3,Deprivation quintile,0,4815.0,To March 2026,72.6,71.54,
E54000044,"NHS Buckinghamshire, Oxfordshire and Berkshire West Integrated Care Board",Persons,9420.0,,,CVDP002SMOK,"Patients with GP recorded CVD or CVD risk factors who are GP recorded current smokers, who have a record of an offer of support or treatment within the preceding 12 months.",Smoking: Current smokers offered support/treatment (CVDP002SMOK),70.9,4,Deprivation quintile,0,6765.0,To March 2026,72.71,71.81,
E54000044,"NHS Buckinghamshire, Oxfordshire and Berkshire West Integrated Care Board",Persons,12575.0,,,CVDP002SMOK,"Patients with GP recorded CVD or CVD risk factors who are GP recorded current smokers, who have a record of an offer of support or treatment within the preceding 12 months.",Smoking: Current smokers offered support/treatment (CVDP002SMOK),69.8,5 - least deprived,Deprivation quintile,0,8880.0,To March 2026,71.39,70.61,
E54000044,"NHS Buckinghamshire, Oxfordshire and Berkshire West Integrated Care Board",Persons,2840.0,,,CVDP002SMOK,"Patients with GP recorded CVD or CVD risk factors who are GP recorded current smokers, who have a record of an offer of support or treatment within the preceding 12 months.",Smoking: Current smokers offered support/treatment (CVDP002SMOK),67.69,Asian,Ethnicity,0,1970.0,To March 2026,71.06,69.41,
E54000044,"NHS Buckinghamshire, Oxfordshire and Berkshire West Integrated Care Board",Persons,1000.0,,,CVDP002SMOK,"Patients with GP recorded CVD or CVD risk factors who are GP recorded current smokers, who have a record of an offer of support or treatment within the preceding 12 months.",Smoking: Current smokers offered support/treatment (CVDP002SMOK),64.08,Black,Ethnicity,0,670.0,To March 2026,69.85,67.07,
E54000044,"NHS Buckinghamshire, Oxfordshire and Berkshire West Integrated Care Board",Persons,610.0,,,CVDP002SMOK,"Patients with GP recorded CVD or CVD risk factors who are GP recorded current smokers, who have a record of an offer of support or treatment within the preceding 12 months.",Smoking: Current smokers offered support/treatment (CVDP002SMOK),57.91,Missing,Ethnicity,0,375.0,To March 2026,65.58,61.8,
E54000044,"NHS Buckinghamshire, Oxfordshire and Berkshire West Integrated Care Board",Persons,585.0,,,CVDP002SMOK,"Patients with GP recorded CVD or CVD risk factors who are GP recorded current smokers, who have a record of an offer of support or treatment within the preceding 12 months.",Smoking: Current smokers offered support/treatment (CVDP002SMOK),65.31,Mixed,Ethnicity,0,405.0,To March 2026,72.62,69.06,
E54000044,"NHS Buckinghamshire, Oxfordshire and Berkshire West Integrated Care Board",Persons,1565.0,,,CVDP002SMOK,"Patients with GP recorded CVD or CVD risk factors who are GP recorded current smokers, who have a record of an offer of support or treatment within the preceding 12 months.",Smoking: Current smokers offered support/treatment (CVDP002SMOK),60.48,Not stated,Ethnicity,0,985.0,To March 2026,65.26,62.9,
E54000044,"NHS Buckinghamshire, Oxfordshire and Berkshire West Integrated Care Board",Persons,530.0,,,CVDP002SMOK,"Patients with GP recorded CVD or CVD risk factors who are GP recorded current smokers, who have a record of an offer of support or treatment within the preceding 12 months.",Smoking: Current smokers offered support/treatment (CVDP002SMOK),64.1,Other,Ethnicity,0,360.0,To March 2026,71.99,68.24,
E54000044,"NHS Buckinghamshire, Oxfordshire and Berkshire West Integrated Care Board",Persons,29175.0,,,CVDP002SMOK,"Patients with GP recorded CVD or CVD risk factors who are GP recorded current smokers, who have a record of an offer of support or treatment within the preceding 12 months.",Smoking: Current smokers offered support/treatment (CVDP002SMOK),71.14,White,Ethnicity,0,20905.0,To March 2026,72.17,71.66,
E54000044,"NHS Buckinghamshire, Oxfordshire and Berkshire West Integrated Care Board",Persons,34895.0,,,CVDP002SMOK,"Patients with GP recorded CVD or CVD risk factors who are GP recorded current smokers, who have a record of an offer of support or treatment within the preceding 12 months.",Smoking: Current smokers offered support/treatment (CVDP002SMOK),70.05,People without SMI,Mental Health,0,24615.0,To March 2026,71.01,70.53,
E54000044,"NHS Buckinghamshire, Oxfordshire and Berkshire West Integrated Care Board",Persons,1415.0,,,CVDP002SMOK,"Patients with GP recorded CVD or CVD risk factors who are GP recorded current smokers, who have a record of an offer of support or treatment within the preceding 12 months.",Smoking: Current smokers offered support/treatment (CVDP002SMOK),73.09,People with SMI,Mental Health,0,1065.0,To March 2026,77.54,75.37,
E54000044,"NHS Buckinghamshire, Oxfordshire and Berkshire West Integrated Care Board",Persons,36080.0,,,CVDP002SMOK,"Patients with GP recorded CVD or CVD risk factors who are GP recorded current smokers, who have a record of an offer of support or treatment within the preceding 12 months.",Smoking: Current smokers offered support/treatment (CVDP002SMOK),70.2,People without a diagnosed learning disability,Learning Disability,0,25500.0,To March 2026,71.14,70.67,
E54000044,"NHS Buckinghamshire, Oxfordshire and Berkshire West Integrated Care Board",Persons,230.0,,,CVDP002SMOK,"Patients with GP recorded CVD or CVD risk factors who are GP recorded current smokers, who have a record of an offer of support or treatment within the preceding 12 months.",Smoking: Current smokers offered support/treatment (CVDP002SMOK),73.16,People with a diagnosed learning disability,Learning Disability,0,180.0,To March 2026,83.55,78.95,
E54000056,NHS Cambridgeshire and Peterborough Integrated Care Board,Persons,22755.0,,,CVDP002SMOK,"Patients with GP recorded CVD or CVD risk factors who are GP recorded current smokers, who have a record of an offer of support or treatment within the preceding 12 months.",Smoking: Current smokers offered support/treatment (CVDP002SMOK),79.02,Persons,Sex,0,18105.0,To March 2026,80.07,79.55,
E54000056,NHS Cambridgeshire and Peterborough Integrated Care Board,Female,9270.0,,,CVDP002SMOK,"Patients with GP recorded CVD or CVD risk factors who are GP recorded current smokers, who have a record of an offer of support or treatment within the preceding 12 months.",Smoking: Current smokers offered support/treatment (CVDP002SMOK),79.84,Female,Sex,0,7475.0,To March 2026,81.44,80.65,
E54000056,NHS Cambridgeshire and Peterborough Integrated Care Board,Male,13485.0,,,CVDP002SMOK,"Patients with GP recorded CVD or CVD risk factors who are GP recorded current smokers, who have a record of an offer of support or treatment within the preceding 12 months.",Smoking: Current smokers offered support/treatment (CVDP002SMOK),78.09,Male,Sex,0,10625.0,To March 2026,79.47,78.79,
E54000056,NHS Cambridgeshire and Peterborough Integrated Care Board,Male,950.0,,,CVDP002SMOK,"Patients with GP recorded CVD or CVD risk factors who are GP recorded current smokers, who have a record of an offer of support or treatment within the preceding 12 months.",Smoking: Current smokers offered support/treatment (CVDP002SMOK),67.51,18-39,Age group,0,670.0,To March 2026,73.27,70.45,
E54000056,NHS Cambridgeshire and Peterborough Integrated Care Board,Female,600.0,,,CVDP002SMOK,"Patients with GP recorded CVD or CVD risk factors who are GP recorded current smokers, who have a record of an offer of support or treatment within the preceding 12 months.",Smoking: Current smokers offered support/treatment (CVDP002SMOK),74.79,18-39,Age group,0,470.0,To March 2026,81.26,78.17,
E54000056,NHS Cambridgeshire and Peterborough Integrated Care Board,Persons,1550.0,,,CVDP002SMOK,"Patients with GP recorded CVD or CVD risk factors who are GP recorded current smokers, who have a record of an offer of support or treatment within the preceding 12 months.",Smoking: Current smokers offered support/treatment (CVDP002SMOK),71.17,18-39,Age group,0,1140.0,To March 2026,75.55,73.44,
E54000056,NHS Cambridgeshire and Peterborough Integrated Care Board,Male,5760.0,,,CVDP002SMOK,"Patients with GP recorded CVD or CVD risk factors who are GP recorded current smokers, who have a record of an offer of support or treatment within the preceding 12 months.",Smoking: Current smokers offered support/treatment (CVDP002SMOK),77.14,40-59,Age group,0,4505.0,To March 2026,79.25,78.22,
E54000056,NHS Cambridgeshire and Peterborough Integrated Care Board,Female,3535.0,,,CVDP002SMOK,"Patients with GP recorded CVD or CVD risk factors who are GP recorded current smokers, who have a record of an offer of support or treatment within the preceding 12 months.",Smoking: Current smokers offered support/treatment (CVDP002SMOK),79.74,40-59,Age group,0,2865.0,To March 2026,82.31,81.05,
E54000056,NHS Cambridgeshire and Peterborough Integrated Care Board,Persons,9300.0,,,CVDP002SMOK,"Patients with GP recorded CVD or CVD risk factors who are GP recorded current smokers, who have a record of an offer of support or treatment within the preceding 12 months.",Smoking: Current smokers offered support/treatment (CVDP002SMOK),78.46,40-59,Age group,0,7375.0,To March 2026,80.11,79.3,
E54000056,NHS Cambridgeshire and Peterborough Integrated Care Board,Male,6055.0,,,CVDP002SMOK,"Patients with GP recorded CVD or CVD risk factors who are GP recorded current smokers, who have a record of an offer of support or treatment within the preceding 12 months.",Smoking: Current smokers offered support/treatment (CVDP002SMOK),80.0,60-79,Age group,0,4905.0,To March 2026,81.96,81.0,
E54000056,NHS Cambridgeshire and Peterborough Integrated Care Board,Female,4495.0,,,CVDP002SMOK,"Patients with GP recorded CVD or CVD risk factors who are GP recorded current smokers, who have a record of an offer of support or treatment within the preceding 12 months.",Smoking: Current smokers offered support/treatment (CVDP002SMOK),80.02,60-79,Age group,0,3650.0,To March 2026,82.28,81.18,
E54000056,NHS Cambridgeshire and Peterborough Integrated Care Board,Persons,10555.0,,,CVDP002SMOK,"Patients with GP recorded CVD or CVD risk factors who are GP recorded current smokers, who have a record of an offer of support or treatment within the preceding 12 months.",Smoking: Current smokers offered support/treatment (CVDP002SMOK),80.32,60-79,Age group,0,8555.0,To March 2026,81.81,81.08,
E54000056,NHS Cambridgeshire and Peterborough Integrated Care Board,Male,715.0,,,CVDP002SMOK,"Patients with GP recorded CVD or CVD risk factors who are GP recorded current smokers, who have a record of an offer of support or treatment within the preceding 12 months.",Smoking: Current smokers offered support/treatment (CVDP002SMOK),72.6,80+,Age group,0,545.0,To March 2026,78.86,75.84,
E54000056,NHS Cambridgeshire and Peterborough Integrated Care Board,Female,640.0,,,CVDP002SMOK,"Patients with GP recorded CVD or CVD risk factors who are GP recorded current smokers, who have a record of an offer of support or treatment within the preceding 12 months.",Smoking: Current smokers offered support/treatment (CVDP002SMOK),73.68,80+,Age group,0,490.0,To March 2026,80.06,77.0,
E54000056,NHS Cambridgeshire and Peterborough Integrated Care Board,Persons,1355.0,,,CVDP002SMOK,"Patients with GP recorded CVD or CVD risk factors who are GP recorded current smokers, who have a record of an offer of support or treatment within the preceding 12 months.",Smoking: Current smokers offered support/treatment (CVDP002SMOK),74.08,80+,Age group,0,1035.0,To March 2026,78.57,76.38,
E54000056,NHS Cambridgeshire and Peterborough Integrated Care Board,Persons,5410.0,,,CVDP002SMOK,"Patients with GP recorded CVD or CVD risk factors who are GP recorded current smokers, who have a record of an offer of support or treatment within the preceding 12 months.",Smoking: Current smokers offered support/treatment (CVDP002SMOK),83.04,1 - most deprived,Deprivation quintile,0,4545.0,To March 2026,84.98,84.03,
E54000056,NHS Cambridgeshire and Peterborough Integrated Care Board,Persons,3830.0,,,CVDP002SMOK,"Patients with GP recorded CVD or CVD risk factors who are GP recorded current smokers, who have a record of an offer of support or treatment within the preceding 12 months.",Smoking: Current smokers offered support/treatment (CVDP002SMOK),80.25,2,Deprivation quintile,0,3120.0,To March 2026,82.7,81.51,
E54000056,NHS Cambridgeshire and Peterborough Integrated Care Board,Persons,5565.0,,,CVDP002SMOK,"Patients with GP recorded CVD or CVD risk factors who are GP recorded current smokers, who have a record of an offer of support or treatment within the preceding 12 months.",Smoking: Current smokers offered support/treatment (CVDP002SMOK),78.14,3,Deprivation quintile,0,4410.0,To March 2026,80.26,79.23,
E54000056,NHS Cambridgeshire and Peterborough Integrated Care Board,Persons,4240.0,,,CVDP002SMOK,"Patients with GP recorded CVD or CVD risk factors who are GP recorded current smokers, who have a record of an offer of support or treatment within the preceding 12 months.",Smoking: Current smokers offered support/treatment (CVDP002SMOK),74.64,4,Deprivation quintile,0,3220.0,To March 2026,77.21,75.94,
E54000056,NHS Cambridgeshire and Peterborough Integrated Care Board,Persons,3855.0,,,CVDP002SMOK,"Patients with GP recorded CVD or CVD risk factors who are GP recorded current smokers, who have a record of an offer of support or treatment within the preceding 12 months.",Smoking: Current smokers offered support/treatment (CVDP002SMOK),72.8,5 - least deprived,Deprivation quintile,0,2860.0,To March 2026,75.55,74.21,
E54000056,NHS Cambridgeshire and Peterborough Integrated Care Board,Persons,1225.0,,,CVDP002SMOK,"Patients with GP recorded CVD or CVD risk factors who are GP recorded current smokers, who have a record of an offer of support or treatment within the preceding 12 months.",Smoking: Current smokers offered support/treatment (CVDP002SMOK),79.77,Asian,Ethnicity,0,1005.0,To March 2026,84.01,82.01,
E54000056,NHS Cambridgeshire and Peterborough Integrated Care Board,Persons,360.0,,,CVDP002SMOK,"Patients with GP recorded CVD or CVD risk factors who are GP recorded current smokers, who have a record of an offer of support or treatment within the preceding 12 months.",Smoking: Current smokers offered support/treatment (CVDP002SMOK),74.79,Black,Ethnicity,0,285.0,To March 2026,83.01,79.28,
E54000056,NHS Cambridgeshire and Peterborough Integrated Care Board,Persons,185.0,,,CVDP002SMOK,"Patients with GP recorded CVD or CVD risk factors who are GP recorded current smokers, who have a record of an offer of support or treatment within the preceding 12 months.",Smoking: Current smokers offered support/treatment (CVDP002SMOK),63.49,Missing,Ethnicity,0,130.0,To March 2026,76.19,70.43,
E54000056,NHS Cambridgeshire and Peterborough Integrated Care Board,Persons,245.0,,,CVDP002SMOK,"Patients with GP recorded CVD or CVD risk factors who are GP recorded current smokers, who have a record of an offer of support or treatment within the preceding 12 months.",Smoking: Current smokers offered support/treatment (CVDP002SMOK),70.45,Mixed,Ethnicity,0,185.0,To March 2026,80.97,76.23,
E54000056,NHS Cambridgeshire and Peterborough Integrated Care Board,Persons,345.0,,,CVDP002SMOK,"Patients with GP recorded CVD or CVD risk factors who are GP recorded current smokers, who have a record of an offer of support or treatment within the preceding 12 months.",Smoking: Current smokers offered support/treatment (CVDP002SMOK),62.57,Not stated,Ethnicity,0,235.0,To March 2026,72.29,67.72,
E54000056,NHS Cambridgeshire and Peterborough Integrated Care Board,Persons,285.0,,,CVDP002SMOK,"Patients with GP recorded CVD or CVD risk factors who are GP recorded current smokers, who have a record of an offer of support or treatment within the preceding 12 months.",Smoking: Current smokers offered support/treatment (CVDP002SMOK),78.55,Other,Ethnicity,0,240.0,To March 2026,87.2,83.22,
E54000056,NHS Cambridgeshire and Peterborough Integrated Care Board,Persons,20110.0,,,CVDP002SMOK,"Patients with GP recorded CVD or CVD risk factors who are GP recorded current smokers, who have a record of an offer of support or treatment within the preceding 12 months.",Smoking: Current smokers offered support/treatment (CVDP002SMOK),79.12,White,Ethnicity,0,16025.0,To March 2026,80.23,79.68,
E54000056,NHS Cambridgeshire and Peterborough Integrated Care Board,Persons,21955.0,,,CVDP002SMOK,"Patients with GP recorded CVD or CVD risk factors who are GP recorded current smokers, who have a record of an offer of support or treatment within the preceding 12 months.",Smoking: Current smokers offered support/treatment (CVDP002SMOK),78.75,People without SMI,Mental Health,0,17410.0,To March 2026,79.82,79.29,
E54000056,NHS Cambridgeshire and Peterborough Integrated Care Board,Persons,800.0,,,CVDP002SMOK,"Patients with GP recorded CVD or CVD risk factors who are GP recorded current smokers, who have a record of an offer of support or treatment within the preceding 12 months.",Smoking: Current smokers offered support/treatment (CVDP002SMOK),84.18,People with SMI,Mental Health,0,695.0,To March 2026,88.79,86.63,
E54000056,NHS Cambridgeshire and Peterborough Integrated Care Board,Persons,22640.0,,,CVDP002SMOK,"Patients with GP recorded CVD or CVD risk factors who are GP recorded current smokers, who have a record of an offer of support or treatment within the preceding 12 months.",Smoking: Current smokers offered support/treatment (CVDP002SMOK),78.97,People without a diagnosed learning disability,Learning Disability,0,18000.0,To March 2026,80.02,79.5,
E54000056,NHS Cambridgeshire and Peterborough Integrated Care Board,Persons,115.0,,,CVDP002SMOK,"Patients with GP recorded CVD or CVD risk factors who are GP recorded current smokers, who have a record of an offer of support or treatment within the preceding 12 months.",Smoking: Current smokers offered support/treatment (CVDP002SMOK),83.05,People with a diagnosed learning disability,Learning Disability,0,105.0,To March 2026,94.07,89.57,
E54000008,NHS Cheshire and Merseyside Integrated Care Board,Persons,78355.0,,,CVDP002SMOK,"Patients with GP recorded CVD or CVD risk factors who are GP recorded current smokers, who have a record of an offer of support or treatment within the preceding 12 months.",Smoking: Current smokers offered support/treatment (CVDP002SMOK),75.06,Persons,Sex,0,59050.0,To March 2026,75.66,75.36,
E54000008,NHS Cheshire and Merseyside Integrated Care Board,Female,34990.0,,,CVDP002SMOK,"Patients with GP recorded CVD or CVD risk factors who are GP recorded current smokers, who have a record of an offer of support or treatment within the preceding 12 months.",Smoking: Current smokers offered support/treatment (CVDP002SMOK),76.62,Female,Sex,0,26965.0,To March 2026,77.5,77.06,
E54000008,NHS Cheshire and Merseyside Integrated Care Board,Male,43365.0,,,CVDP002SMOK,"Patients with GP recorded CVD or CVD risk factors who are GP recorded current smokers, who have a record of an offer of support or treatment within the preceding 12 months.",Smoking: Current smokers offered support/treatment (CVDP002SMOK),73.57,Male,Sex,0,32085.0,To March 2026,74.39,73.98,
E54000008,NHS Cheshire and Merseyside Integrated Care Board,Male,2425.0,,,CVDP002SMOK,"Patients with GP recorded CVD or CVD risk factors who are GP recorded current smokers, who have a record of an offer of support or treatment within the preceding 12 months.",Smoking: Current smokers offered support/treatment (CVDP002SMOK),61.82,18-39,Age group,0,1545.0,To March 2026,65.61,63.75,
E54000008,NHS Cheshire and Merseyside Integrated Care Board,Female,1670.0,,,CVDP002SMOK,"Patients with GP recorded CVD or CVD risk factors who are GP recorded current smokers, who have a record of an offer of support or treatment within the preceding 12 months.",Smoking: Current smokers offered support/treatment (CVDP002SMOK),67.86,18-39,Age group,0,1170.0,To March 2026,72.23,70.08,
E54000008,NHS Cheshire and Merseyside Integrated Care Board,Persons,4095.0,,,CVDP002SMOK,"Patients with GP recorded CVD or CVD risk factors who are GP recorded current smokers, who have a record of an offer of support or treatment within the preceding 12 months.",Smoking: Current smokers offered support/treatment (CVDP002SMOK),64.87,18-39,Age group,0,2715.0,To March 2026,67.75,66.33,
E54000008,NHS Cheshire and Merseyside Integrated Care Board,Male,17465.0,,,CVDP002SMOK,"Patients with GP recorded CVD or CVD risk factors who are GP recorded current smokers, who have a record of an offer of support or treatment within the preceding 12 months.",Smoking: Current smokers offered support/treatment (CVDP002SMOK),70.51,40-59,Age group,0,12430.0,To March 2026,71.85,71.19,
E54000008,NHS Cheshire and Merseyside Integrated Care Board,Female,12090.0,,,CVDP002SMOK,"Patients with GP recorded CVD or CVD risk factors who are GP recorded current smokers, who have a record of an offer of support or treatment within the preceding 12 months.",Smoking: Current smokers offered support/treatment (CVDP002SMOK),74.84,40-59,Age group,0,9140.0,To March 2026,76.37,75.61,
E54000008,NHS Cheshire and Merseyside Integrated Care Board,Persons,29550.0,,,CVDP002SMOK,"Patients with GP recorded CVD or CVD risk factors who are GP recorded current smokers, who have a record of an offer of support or treatment within the preceding 12 months.",Smoking: Current smokers offered support/treatment (CVDP002SMOK),72.49,40-59,Age group,0,21570.0,To March 2026,73.5,73.0,
E54000008,NHS Cheshire and Merseyside Integrated Care Board,Male,21375.0,,,CVDP002SMOK,"Patients with GP recorded CVD or CVD risk factors who are GP recorded current smokers, who have a record of an offer of support or treatment within the preceding 12 months.",Smoking: Current smokers offered support/treatment (CVDP002SMOK),77.19,60-79,Age group,0,16620.0,To March 2026,78.3,77.75,
E54000008,NHS Cheshire and Merseyside Integrated Care Board,Female,18445.0,,,CVDP002SMOK,"Patients with GP recorded CVD or CVD risk factors who are GP recorded current smokers, who have a record of an offer of support or treatment within the preceding 12 months.",Smoking: Current smokers offered support/treatment (CVDP002SMOK),78.69,60-79,Age group,0,14620.0,To March 2026,79.86,79.28,
E54000008,NHS Cheshire and Merseyside Integrated Care Board,Persons,39820.0,,,CVDP002SMOK,"Patients with GP recorded CVD or CVD risk factors who are GP recorded current smokers, who have a record of an offer of support or treatment within the preceding 12 months.",Smoking: Current smokers offered support/treatment (CVDP002SMOK),78.05,60-79,Age group,0,31240.0,To March 2026,78.86,78.46,
E54000008,NHS Cheshire and Merseyside Integrated Care Board,Male,2105.0,,,CVDP002SMOK,"Patients with GP recorded CVD or CVD risk factors who are GP recorded current smokers, who have a record of an offer of support or treatment within the preceding 12 months.",Smoking: Current smokers offered support/treatment (CVDP002SMOK),68.71,80+,Age group,0,1485.0,To March 2026,72.55,70.66,
E54000008,NHS Cheshire and Merseyside Integrated Care Board,Female,2790.0,,,CVDP002SMOK,"Patients with GP recorded CVD or CVD risk factors who are GP recorded current smokers, who have a record of an offer of support or treatment within the preceding 12 months.",Smoking: Current smokers offered support/treatment (CVDP002SMOK),71.21,80+,Age group,0,2035.0,To March 2026,74.51,72.9,
E54000008,NHS Cheshire and Merseyside Integrated Care Board,Persons,4895.0,,,CVDP002SMOK,"Patients with GP recorded CVD or CVD risk factors who are GP recorded current smokers, who have a record of an offer of support or treatment within the preceding 12 months.",Smoking: Current smokers offered support/treatment (CVDP002SMOK),70.67,80+,Age group,0,3520.0,To March 2026,73.18,71.94,
E54000008,NHS Cheshire and Merseyside Integrated Care Board,Persons,43455.0,,,CVDP002SMOK,"Patients with GP recorded CVD or CVD risk factors who are GP recorded current smokers, who have a record of an offer of support or treatment within the preceding 12 months.",Smoking: Current smokers offered support/treatment (CVDP002SMOK),76.22,1 - most deprived,Deprivation quintile,0,33295.0,To March 2026,77.02,76.62,
E54000008,NHS Cheshire and Merseyside Integrated Care Board,Persons,12725.0,,,CVDP002SMOK,"Patients with GP recorded CVD or CVD risk factors who are GP recorded current smokers, who have a record of an offer of support or treatment within the preceding 12 months.",Smoking: Current smokers offered support/treatment (CVDP002SMOK),74.38,2,Deprivation quintile,0,9560.0,To March 2026,75.88,75.14,
E54000008,NHS Cheshire and Merseyside Integrated Care Board,Persons,8390.0,,,CVDP002SMOK,"Patients with GP recorded CVD or CVD risk factors who are GP recorded current smokers, who have a record of an offer of support or treatment within the preceding 12 months.",Smoking: Current smokers offered support/treatment (CVDP002SMOK),72.38,3,Deprivation quintile,0,6150.0,To March 2026,74.26,73.33,
E54000008,NHS Cheshire and Merseyside Integrated Care Board,Persons,7875.0,,,CVDP002SMOK,"Patients with GP recorded CVD or CVD risk factors who are GP recorded current smokers, who have a record of an offer of support or treatment within the preceding 12 months.",Smoking: Current smokers offered support/treatment (CVDP002SMOK),72.89,4,Deprivation quintile,0,5820.0,To March 2026,74.82,73.87,
E54000008,NHS Cheshire and Merseyside Integrated Care Board,Persons,5660.0,,,CVDP002SMOK,"Patients with GP recorded CVD or CVD risk factors who are GP recorded current smokers, who have a record of an offer of support or treatment within the preceding 12 months.",Smoking: Current smokers offered support/treatment (CVDP002SMOK),70.49,5 - least deprived,Deprivation quintile,0,4055.0,To March 2026,72.82,71.68,
E54000008,NHS Cheshire and Merseyside Integrated Care Board,Persons,1465.0,,,CVDP002SMOK,"Patients with GP recorded CVD or CVD risk factors who are GP recorded current smokers, who have a record of an offer of support or treatment within the preceding 12 months.",Smoking: Current smokers offered support/treatment (CVDP002SMOK),67.82,Asian,Ethnicity,0,1030.0,To March 2026,72.45,70.21,
E54000008,NHS Cheshire and Merseyside Integrated Care Board,Persons,755.0,,,CVDP002SMOK,"Patients with GP recorded CVD or CVD risk factors who are GP recorded current smokers, who have a record of an offer of support or treatment within the preceding 12 months.",Smoking: Current smokers offered support/treatment (CVDP002SMOK),68.25,Black,Ethnicity,0,540.0,To March 2026,74.57,71.56,
E54000008,NHS Cheshire and Merseyside Integrated Care Board,Persons,790.0,,,CVDP002SMOK,"Patients with GP recorded CVD or CVD risk factors who are GP recorded current smokers, who have a record of an offer of support or treatment within the preceding 12 months.",Smoking: Current smokers offered support/treatment (CVDP002SMOK),60.94,Missing,Ethnicity,0,505.0,To March 2026,67.51,64.34,
E54000008,NHS Cheshire and Merseyside Integrated Care Board,Persons,940.0,,,CVDP002SMOK,"Patients with GP recorded CVD or CVD risk factors who are GP recorded current smokers, who have a record of an offer of support or treatment within the preceding 12 months.",Smoking: Current smokers offered support/treatment (CVDP002SMOK),73.02,Mixed,Ethnicity,0,715.0,To March 2026,78.41,75.8,
E54000008,NHS Cheshire and Merseyside Integrated Care Board,Persons,2370.0,,,CVDP002SMOK,"Patients with GP recorded CVD or CVD risk factors who are GP recorded current smokers, who have a record of an offer of support or treatment within the preceding 12 months.",Smoking: Current smokers offered support/treatment (CVDP002SMOK),67.83,Not stated,Ethnicity,0,1655.0,To March 2026,71.49,69.69,
E54000008,NHS Cheshire and Merseyside Integrated Care Board,Persons,1420.0,,,CVDP002SMOK,"Patients with GP recorded CVD or CVD risk factors who are GP recorded current smokers, who have a record of an offer of support or treatment within the preceding 12 months.",Smoking: Current smokers offered support/treatment (CVDP002SMOK),76.26,Other,Ethnicity,0,1115.0,To March 2026,80.48,78.47,
E54000008,NHS Cheshire and Merseyside Integrated Care Board,Persons,70610.0,,,CVDP002SMOK,"Patients with GP recorded CVD or CVD risk factors who are GP recorded current smokers, who have a record of an offer of support or treatment within the preceding 12 months.",Smoking: Current smokers offered support/treatment (CVDP002SMOK),75.43,White,Ethnicity,0,53490.0,To March 2026,76.07,75.75,
E54000008,NHS Cheshire and Merseyside Integrated Care Board,Persons,74375.0,,,CVDP002SMOK,"Patients with GP recorded CVD or CVD risk factors who are GP recorded current smokers, who have a record of an offer of support or treatment within the preceding 12 months.",Smoking: Current smokers offered support/treatment (CVDP002SMOK),74.66,People without SMI,Mental Health,0,55765.0,To March 2026,75.29,74.98,
E54000008,NHS Cheshire and Merseyside Integrated Care Board,Persons,3980.0,,,CVDP002SMOK,"Patients with GP recorded CVD or CVD risk factors who are GP recorded current smokers, who have a record of an offer of support or treatment within the preceding 12 months.",Smoking: Current smokers offered support/treatment (CVDP002SMOK),81.32,People with SMI,Mental Health,0,3285.0,To March 2026,83.65,82.51,
E54000008,NHS Cheshire and Merseyside Integrated Care Board,Persons,77940.0,,,CVDP002SMOK,"Patients with GP recorded CVD or CVD risk factors who are GP recorded current smokers, who have a record of an offer of support or treatment within the preceding 12 months.",Smoking: Current smokers offered support/treatment (CVDP002SMOK),75.02,People without a diagnosed learning disability,Learning Disability,0,58705.0,To March 2026,75.62,75.32,
E54000008,NHS Cheshire and Merseyside Integrated Care Board,Persons,415.0,,,CVDP002SMOK,"Patients with GP recorded CVD or CVD risk factors who are GP recorded current smokers, who have a record of an offer of support or treatment within the preceding 12 months.",Smoking: Current smokers offered support/treatment (CVDP002SMOK),78.66,People with a diagnosed learning disability,Learning Disability,0,340.0,To March 2026,85.85,82.61,
E54000036,NHS Cornwall and the Isles of Scilly Integrated Care Board,Persons,15820.0,,,CVDP002SMOK,"Patients with GP recorded CVD or CVD risk factors who are GP recorded current smokers, who have a record of an offer of support or treatment within the preceding 12 months.",Smoking: Current smokers offered support/treatment (CVDP002SMOK),74.27,Persons,Sex,0,11855.0,To March 2026,75.62,74.95,
E54000036,NHS Cornwall and the Isles of Scilly Integrated Care Board,Female,6850.0,,,CVDP002SMOK,"Patients with GP recorded CVD or CVD risk factors who are GP recorded current smokers, who have a record of an offer of support or treatment within the preceding 12 months.",Smoking: Current smokers offered support/treatment (CVDP002SMOK),75.18,Female,Sex,0,5220.0,To March 2026,77.19,76.2,
E54000036,NHS Cornwall and the Isles of Scilly Integrated Care Board,Male,8970.0,,,CVDP002SMOK,"Patients with GP recorded CVD or CVD risk factors who are GP recorded current smokers, who have a record of an offer of support or treatment within the preceding 12 months.",Smoking: Current smokers offered support/treatment (CVDP002SMOK),73.07,Male,Sex,0,6635.0,To March 2026,74.88,73.99,
E54000036,NHS Cornwall and the Isles of Scilly Integrated Care Board,Male,460.0,,,CVDP002SMOK,"Patients with GP recorded CVD or CVD risk factors who are GP recorded current smokers, who have a record of an offer of support or treatment within the preceding 12 months.",Smoking: Current smokers offered support/treatment (CVDP002SMOK),60.95,18-39,Age group,0,300.0,To March 2026,69.63,65.5,
E54000036,NHS Cornwall and the Isles of Scilly Integrated Care Board,Female,400.0,,,CVDP002SMOK,"Patients with GP recorded CVD or CVD risk factors who are GP recorded current smokers, who have a record of an offer of support or treatment within the preceding 12 months.",Smoking: Current smokers offered support/treatment (CVDP002SMOK),69.14,18-39,Age group,0,295.0,To March 2026,77.53,73.63,
E54000036,NHS Cornwall and the Isles of Scilly Integrated Care Board,Persons,860.0,,,CVDP002SMOK,"Patients with GP recorded CVD or CVD risk factors who are GP recorded current smokers, who have a record of an offer of support or treatment within the preceding 12 months.",Smoking: Current smokers offered support/treatment (CVDP002SMOK),66.16,18-39,Age group,0,595.0,To March 2026,72.31,69.3,
E54000036,NHS Cornwall and the Isles of Scilly Integrated Care Board,Male,3130.0,,,CVDP002SMOK,"Patients with GP recorded CVD or CVD risk factors who are GP recorded current smokers, who have a record of an offer of support or treatment within the preceding 12 months.",Smoking: Current smokers offered support/treatment (CVDP002SMOK),70.78,40-59,Age group,0,2265.0,To March 2026,73.91,72.38,
E54000036,NHS Cornwall and the Isles of Scilly Integrated Care Board,Female,2290.0,,,CVDP002SMOK,"Patients with GP recorded CVD or CVD risk factors who are GP recorded current smokers, who have a record of an offer of support or treatment within the preceding 12 months.",Smoking: Current smokers offered support/treatment (CVDP002SMOK),75.47,40-59,Age group,0,1770.0,To March 2026,78.87,77.23,
E54000036,NHS Cornwall and the Isles of Scilly Integrated Care Board,Persons,5420.0,,,CVDP002SMOK,"Patients with GP recorded CVD or CVD risk factors who are GP recorded current smokers, who have a record of an offer of support or treatment within the preceding 12 months.",Smoking: Current smokers offered support/treatment (CVDP002SMOK),73.26,40-59,Age group,0,4035.0,To March 2026,75.57,74.43,
E54000036,NHS Cornwall and the Isles of Scilly Integrated Care Board,Male,4820.0,,,CVDP002SMOK,"Patients with GP recorded CVD or CVD risk factors who are GP recorded current smokers, who have a record of an offer of support or treatment within the preceding 12 months.",Smoking: Current smokers offered support/treatment (CVDP002SMOK),75.21,60-79,Age group,0,3680.0,To March 2026,77.6,76.42,
E54000036,NHS Cornwall and the Isles of Scilly Integrated Care Board,Female,3590.0,,,CVDP002SMOK,"Patients with GP recorded CVD or CVD risk factors who are GP recorded current smokers, who have a record of an offer of support or treatment within the preceding 12 months.",Smoking: Current smokers offered support/treatment (CVDP002SMOK),76.47,60-79,Age group,0,2795.0,To March 2026,79.17,77.84,
E54000036,NHS Cornwall and the Isles of Scilly Integrated Care Board,Persons,8405.0,,,CVDP002SMOK,"Patients with GP recorded CVD or CVD risk factors who are GP recorded current smokers, who have a record of an offer of support or treatment within the preceding 12 months.",Smoking: Current smokers offered support/treatment (CVDP002SMOK),76.12,60-79,Age group,0,6475.0,To March 2026,77.92,77.03,
E54000036,NHS Cornwall and the Isles of Scilly Integrated Care Board,Male,565.0,,,CVDP002SMOK,"Patients with GP recorded CVD or CVD risk factors who are GP recorded current smokers, who have a record of an offer of support or treatment within the preceding 12 months.",Smoking: Current smokers offered support/treatment (CVDP002SMOK),65.14,80+,Age group,0,390.0,To March 2026,72.71,69.03,
E54000036,NHS Cornwall and the Isles of Scilly Integrated Care Board,Female,570.0,,,CVDP002SMOK,"Patients with GP recorded CVD or CVD risk factors who are GP recorded current smokers, who have a record of an offer of support or treatment within the preceding 12 months.",Smoking: Current smokers offered support/treatment (CVDP002SMOK),59.54,80+,Age group,0,360.0,To March 2026,67.43,63.56,
E54000036,NHS Cornwall and the Isles of Scilly Integrated Care Board,Persons,1135.0,,,CVDP002SMOK,"Patients with GP recorded CVD or CVD risk factors who are GP recorded current smokers, who have a record of an offer of support or treatment within the preceding 12 months.",Smoking: Current smokers offered support/treatment (CVDP002SMOK),63.47,80+,Age group,0,750.0,To March 2026,68.93,66.28,
E54000036,NHS Cornwall and the Isles of Scilly Integrated Care Board,Persons,3230.0,,,CVDP002SMOK,"Patients with GP recorded CVD or CVD risk factors who are GP recorded current smokers, who have a record of an offer of support or treatment within the preceding 12 months.",Smoking: Current smokers offered support/treatment (CVDP002SMOK),73.81,1 - most deprived,Deprivation quintile,0,2435.0,To March 2026,76.78,75.33,
E54000036,NHS Cornwall and the Isles of Scilly Integrated Care Board,Persons,6800.0,,,CVDP002SMOK,"Patients with GP recorded CVD or CVD risk factors who are GP recorded current smokers, who have a record of an offer of support or treatment within the preceding 12 months.",Smoking: Current smokers offered support/treatment (CVDP002SMOK),74.32,2,Deprivation quintile,0,5125.0,To March 2026,76.37,75.36,
E54000036,NHS Cornwall and the Isles of Scilly Integrated Care Board,Persons,4015.0,,,CVDP002SMOK,"Patients with GP recorded CVD or CVD risk factors who are GP recorded current smokers, who have a record of an offer of support or treatment within the preceding 12 months.",Smoking: Current smokers offered support/treatment (CVDP002SMOK),72.99,3,Deprivation quintile,0,2985.0,To March 2026,75.67,74.36,
E54000036,NHS Cornwall and the Isles of Scilly Integrated Care Board,Persons,1705.0,,,CVDP002SMOK,"Patients with GP recorded CVD or CVD risk factors who are GP recorded current smokers, who have a record of an offer of support or treatment within the preceding 12 months.",Smoking: Current smokers offered support/treatment (CVDP002SMOK),71.63,4,Deprivation quintile,0,1255.0,To March 2026,75.79,73.75,
E54000036,NHS Cornwall and the Isles of Scilly Integrated Care Board,Persons,130.0,,,CVDP002SMOK,"Patients with GP recorded CVD or CVD risk factors who are GP recorded current smokers, who have a record of an offer of support or treatment within the preceding 12 months.",Smoking: Current smokers offered support/treatment (CVDP002SMOK),65.19,5 - least deprived,Deprivation quintile,0,95.0,To March 2026,80.0,73.48,
E54000036,NHS Cornwall and the Isles of Scilly Integrated Care Board,Persons,90.0,,,CVDP002SMOK,"Patients with GP recorded CVD or CVD risk factors who are GP recorded current smokers, who have a record of an offer of support or treatment within the preceding 12 months.",Smoking: Current smokers offered support/treatment (CVDP002SMOK),58.51,Asian,Ethnicity,0,60.0,To March 2026,76.6,68.13,
E54000036,NHS Cornwall and the Isles of Scilly Integrated Care Board,Persons,35.0,,,CVDP002SMOK,"Patients with GP recorded CVD or CVD risk factors who are GP recorded current smokers, who have a record of an offer of support or treatment within the preceding 12 months.",Smoking: Current smokers offered support/treatment (CVDP002SMOK),57.5,Black,Ethnicity,0,25.0,To March 2026,85.0,72.97,
E54000036,NHS Cornwall and the Isles of Scilly Integrated Care Board,Persons,895.0,,,CVDP002SMOK,"Patients with GP recorded CVD or CVD risk factors who are GP recorded current smokers, who have a record of an offer of support or treatment within the preceding 12 months.",Smoking: Current smokers offered support/treatment (CVDP002SMOK),68.78,Missing,Ethnicity,0,640.0,To March 2026,74.58,71.81,
E54000036,NHS Cornwall and the Isles of Scilly Integrated Care Board,Persons,55.0,,,CVDP002SMOK,"Patients with GP recorded CVD or CVD risk factors who are GP recorded current smokers, who have a record of an offer of support or treatment within the preceding 12 months.",Smoking: Current smokers offered support/treatment (CVDP002SMOK),66.67,Mixed,Ethnicity,0,45.0,To March 2026,86.67,78.95,
E54000036,NHS Cornwall and the Isles of Scilly Integrated Care Board,Persons,1550.0,,,CVDP002SMOK,"Patients with GP recorded CVD or CVD risk factors who are GP recorded current smokers, who have a record of an offer of support or treatment within the preceding 12 months.",Smoking: Current smokers offered support/treatment (CVDP002SMOK),67.85,Not stated,Ethnicity,0,1090.0,To March 2026,72.35,70.17,
E54000036,NHS Cornwall and the Isles of Scilly Integrated Care Board,Persons,55.0,,,CVDP002SMOK,"Patients with GP recorded CVD or CVD risk factors who are GP recorded current smokers, who have a record of an offer of support or treatment within the preceding 12 months.",Smoking: Current smokers offered support/treatment (CVDP002SMOK),50.0,Other,Ethnicity,0,35.0,To March 2026,75.0,64.15,
E54000036,NHS Cornwall and the Isles of Scilly Integrated Care Board,Persons,13135.0,,,CVDP002SMOK,"Patients with GP recorded CVD or CVD risk factors who are GP recorded current smokers, who have a record of an offer of support or treatment within the preceding 12 months.",Smoking: Current smokers offered support/treatment (CVDP002SMOK),75.06,White,Ethnicity,0,9955.0,To March 2026,76.53,75.81,
E54000036,NHS Cornwall and the Isles of Scilly Integrated Care Board,Persons,15265.0,,,CVDP002SMOK,"Patients with GP recorded CVD or CVD risk factors who are GP recorded current smokers, who have a record of an offer of support or treatment within the preceding 12 months.",Smoking: Current smokers offered support/treatment (CVDP002SMOK),74.13,People without SMI,Mental Health,0,11420.0,To March 2026,75.51,74.83,
E54000036,NHS Cornwall and the Isles of Scilly Integrated Care Board,Persons,555.0,,,CVDP002SMOK,"Patients with GP recorded CVD or CVD risk factors who are GP recorded current smokers, who have a record of an offer of support or treatment within the preceding 12 months.",Smoking: Current smokers offered support/treatment (CVDP002SMOK),74.6,People with SMI,Mental Health,0,435.0,To March 2026,81.4,78.24,
E54000036,NHS Cornwall and the Isles of Scilly Integrated Care Board,Persons,15740.0,,,CVDP002SMOK,"Patients with GP recorded CVD or CVD risk factors who are GP recorded current smokers, who have a record of an offer of support or treatment within the preceding 12 months.",Smoking: Current smokers offered support/treatment (CVDP002SMOK),74.19,People without a diagnosed learning disability,Learning Disability,0,11785.0,To March 2026,75.54,74.87,
E54000036,NHS Cornwall and the Isles of Scilly Integrated Care Board,Persons,80.0,,,CVDP002SMOK,"Patients with GP recorded CVD or CVD risk factors who are GP recorded current smokers, who have a record of an offer of support or treatment within the preceding 12 months.",Smoking: Current smokers offered support/treatment (CVDP002SMOK),82.72,People with a diagnosed learning disability,Learning Disability,0,70.0,To March 2026,95.06,91.03,
E54000018,NHS Coventry and Warwickshire Integrated Care Board,Persons,26960.0,,,CVDP002SMOK,"Patients with GP recorded CVD or CVD risk factors who are GP recorded current smokers, who have a record of an offer of support or treatment within the preceding 12 months.",Smoking: Current smokers offered support/treatment (CVDP002SMOK),76.96,Persons,Sex,0,20880.0,To March 2026,77.95,77.46,
E54000018,NHS Coventry and Warwickshire Integrated Care Board,Female,11175.0,,,CVDP002SMOK,"Patients with GP recorded CVD or CVD risk factors who are GP recorded current smokers, who have a record of an offer of support or treatment within the preceding 12 months.",Smoking: Current smokers offered support/treatment (CVDP002SMOK),77.8,Female,Sex,0,8780.0,To March 2026,79.32,78.57,
E54000018,NHS Coventry and Warwickshire Integrated Care Board,Male,15780.0,,,CVDP002SMOK,"Patients with GP recorded CVD or CVD risk factors who are GP recorded current smokers, who have a record of an offer of support or treatment within the preceding 12 months.",Smoking: Current smokers offered support/treatment (CVDP002SMOK),76.01,Male,Sex,0,12100.0,To March 2026,77.33,76.68,
E54000018,NHS Coventry and Warwickshire Integrated Care Board,Male,1015.0,,,CVDP002SMOK,"Patients with GP recorded CVD or CVD risk factors who are GP recorded current smokers, who have a record of an offer of support or treatment within the preceding 12 months.",Smoking: Current smokers offered support/treatment (CVDP002SMOK),69.25,18-39,Age group,0,730.0,To March 2026,74.75,72.12,
E54000018,NHS Coventry and Warwickshire Integrated Care Board,Female,700.0,,,CVDP002SMOK,"Patients with GP recorded CVD or CVD risk factors who are GP recorded current smokers, who have a record of an offer of support or treatment within the preceding 12 months.",Smoking: Current smokers offered support/treatment (CVDP002SMOK),70.9,18-39,Age group,0,520.0,To March 2026,77.32,74.21,
E54000018,NHS Coventry and Warwickshire Integrated Care Board,Persons,1715.0,,,CVDP002SMOK,"Patients with GP recorded CVD or CVD risk factors who are GP recorded current smokers, who have a record of an offer of support or treatment within the preceding 12 months.",Smoking: Current smokers offered support/treatment (CVDP002SMOK),70.8,18-39,Age group,0,1250.0,To March 2026,75.0,72.97,
E54000018,NHS Coventry and Warwickshire Integrated Care Board,Male,6750.0,,,CVDP002SMOK,"Patients with GP recorded CVD or CVD risk factors who are GP recorded current smokers, who have a record of an offer of support or treatment within the preceding 12 months.",Smoking: Current smokers offered support/treatment (CVDP002SMOK),74.32,40-59,Age group,0,5090.0,To March 2026,76.36,75.36,
E54000018,NHS Coventry and Warwickshire Integrated Care Board,Female,4120.0,,,CVDP002SMOK,"Patients with GP recorded CVD or CVD risk factors who are GP recorded current smokers, who have a record of an offer of support or treatment within the preceding 12 months.",Smoking: Current smokers offered support/treatment (CVDP002SMOK),77.71,40-59,Age group,0,3255.0,To March 2026,80.18,78.98,
E54000018,NHS Coventry and Warwickshire Integrated Care Board,Persons,10870.0,,,CVDP002SMOK,"Patients with GP recorded CVD or CVD risk factors who are GP recorded current smokers, who have a record of an offer of support or treatment within the preceding 12 months.",Smoking: Current smokers offered support/treatment (CVDP002SMOK),75.93,40-59,Age group,0,8340.0,To March 2026,77.51,76.73,
E54000018,NHS Coventry and Warwickshire Integrated Care Board,Male,7150.0,,,CVDP002SMOK,"Patients with GP recorded CVD or CVD risk factors who are GP recorded current smokers, who have a record of an offer of support or treatment within the preceding 12 months.",Smoking: Current smokers offered support/treatment (CVDP002SMOK),78.34,60-79,Age group,0,5670.0,To March 2026,80.22,79.3,
E54000018,NHS Coventry and Warwickshire Integrated Care Board,Female,5420.0,,,CVDP002SMOK,"Patients with GP recorded CVD or CVD risk factors who are GP recorded current smokers, who have a record of an offer of support or treatment within the preceding 12 months.",Smoking: Current smokers offered support/treatment (CVDP002SMOK),79.07,60-79,Age group,0,4345.0,To March 2026,81.19,80.14,
E54000018,NHS Coventry and Warwickshire Integrated Care Board,Persons,12570.0,,,CVDP002SMOK,"Patients with GP recorded CVD or CVD risk factors who are GP recorded current smokers, who have a record of an offer of support or treatment within the preceding 12 months.",Smoking: Current smokers offered support/treatment (CVDP002SMOK),78.95,60-79,Age group,0,10010.0,To March 2026,80.35,79.66,
E54000018,NHS Coventry and Warwickshire Integrated Care Board,Male,865.0,,,CVDP002SMOK,"Patients with GP recorded CVD or CVD risk factors who are GP recorded current smokers, who have a record of an offer of support or treatment within the preceding 12 months.",Smoking: Current smokers offered support/treatment (CVDP002SMOK),67.55,80+,Age group,0,610.0,To March 2026,73.53,70.67,
E54000018,NHS Coventry and Warwickshire Integrated Care Board,Female,940.0,,,CVDP002SMOK,"Patients with GP recorded CVD or CVD risk factors who are GP recorded current smokers, who have a record of an offer of support or treatment within the preceding 12 months.",Smoking: Current smokers offered support/treatment (CVDP002SMOK),67.94,80+,Age group,0,665.0,To March 2026,73.67,70.93,
E54000018,NHS Coventry and Warwickshire Integrated Care Board,Persons,1805.0,,,CVDP002SMOK,"Patients with GP recorded CVD or CVD risk factors who are GP recorded current smokers, who have a record of an offer of support or treatment within the preceding 12 months.",Smoking: Current smokers offered support/treatment (CVDP002SMOK),68.69,80+,Age group,0,1280.0,To March 2026,72.84,70.8,
E54000018,NHS Coventry and Warwickshire Integrated Care Board,Persons,6185.0,,,CVDP002SMOK,"Patients with GP recorded CVD or CVD risk factors who are GP recorded current smokers, who have a record of an offer of support or treatment within the preceding 12 months.",Smoking: Current smokers offered support/treatment (CVDP002SMOK),78.66,1 - most deprived,Deprivation quintile,0,4930.0,To March 2026,80.66,79.68,
E54000018,NHS Coventry and Warwickshire Integrated Care Board,Persons,6600.0,,,CVDP002SMOK,"Patients with GP recorded CVD or CVD risk factors who are GP recorded current smokers, who have a record of an offer of support or treatment within the preceding 12 months.",Smoking: Current smokers offered support/treatment (CVDP002SMOK),78.23,2,Deprivation quintile,0,5230.0,To March 2026,80.18,79.22,
E54000018,NHS Coventry and Warwickshire Integrated Care Board,Persons,6050.0,,,CVDP002SMOK,"Patients with GP recorded CVD or CVD risk factors who are GP recorded current smokers, who have a record of an offer of support or treatment within the preceding 12 months.",Smoking: Current smokers offered support/treatment (CVDP002SMOK),75.58,3,Deprivation quintile,0,4635.0,To March 2026,77.71,76.66,
E54000018,NHS Coventry and Warwickshire Integrated Care Board,Persons,5150.0,,,CVDP002SMOK,"Patients with GP recorded CVD or CVD risk factors who are GP recorded current smokers, who have a record of an offer of support or treatment within the preceding 12 months.",Smoking: Current smokers offered support/treatment (CVDP002SMOK),74.16,4,Deprivation quintile,0,3880.0,To March 2026,76.51,75.35,
E54000018,NHS Coventry and Warwickshire Integrated Care Board,Persons,2855.0,,,CVDP002SMOK,"Patients with GP recorded CVD or CVD risk factors who are GP recorded current smokers, who have a record of an offer of support or treatment within the preceding 12 months.",Smoking: Current smokers offered support/treatment (CVDP002SMOK),73.33,5 - least deprived,Deprivation quintile,0,2140.0,To March 2026,76.48,74.95,
E54000018,NHS Coventry and Warwickshire Integrated Care Board,Persons,1885.0,,,CVDP002SMOK,"Patients with GP recorded CVD or CVD risk factors who are GP recorded current smokers, who have a record of an offer of support or treatment within the preceding 12 months.",Smoking: Current smokers offered support/treatment (CVDP002SMOK),78.84,Asian,Ethnicity,0,1520.0,To March 2026,82.38,80.66,
E54000018,NHS Coventry and Warwickshire Integrated Care Board,Persons,520.0,,,CVDP002SMOK,"Patients with GP recorded CVD or CVD risk factors who are GP recorded current smokers, who have a record of an offer of support or treatment within the preceding 12 months.",Smoking: Current smokers offered support/treatment (CVDP002SMOK),72.66,Black,Ethnicity,0,400.0,To March 2026,79.92,76.54,
E54000018,NHS Coventry and Warwickshire Integrated Care Board,Persons,285.0,,,CVDP002SMOK,"Patients with GP recorded CVD or CVD risk factors who are GP recorded current smokers, who have a record of an offer of support or treatment within the preceding 12 months.",Smoking: Current smokers offered support/treatment (CVDP002SMOK),62.28,Missing,Ethnicity,0,195.0,To March 2026,73.01,67.83,
E54000018,NHS Coventry and Warwickshire Integrated Care Board,Persons,320.0,,,CVDP002SMOK,"Patients with GP recorded CVD or CVD risk factors who are GP recorded current smokers, who have a record of an offer of support or treatment within the preceding 12 months.",Smoking: Current smokers offered support/treatment (CVDP002SMOK),72.9,Mixed,Ethnicity,0,245.0,To March 2026,81.93,77.67,
E54000018,NHS Coventry and Warwickshire Integrated Care Board,Persons,1525.0,,,CVDP002SMOK,"Patients with GP recorded CVD or CVD risk factors who are GP recorded current smokers, who have a record of an offer of support or treatment within the preceding 12 months.",Smoking: Current smokers offered support/treatment (CVDP002SMOK),62.88,Not stated,Ethnicity,0,995.0,To March 2026,67.58,65.29,
E54000018,NHS Coventry and Warwickshire Integrated Care Board,Persons,355.0,,,CVDP002SMOK,"Patients with GP recorded CVD or CVD risk factors who are GP recorded current smokers, who have a record of an offer of support or treatment within the preceding 12 months.",Smoking: Current smokers offered support/treatment (CVDP002SMOK),76.26,Other,Ethnicity,0,285.0,To March 2026,84.36,80.56,
E54000018,NHS Coventry and Warwickshire Integrated Care Board,Persons,22065.0,,,CVDP002SMOK,"Patients with GP recorded CVD or CVD risk factors who are GP recorded current smokers, who have a record of an offer of support or treatment within the preceding 12 months.",Smoking: Current smokers offered support/treatment (CVDP002SMOK),77.57,White,Ethnicity,0,17240.0,To March 2026,78.66,78.12,
E54000018,NHS Coventry and Warwickshire Integrated Care Board,Persons,25960.0,,,CVDP002SMOK,"Patients with GP recorded CVD or CVD risk factors who are GP recorded current smokers, who have a record of an offer of support or treatment within the preceding 12 months.",Smoking: Current smokers offered support/treatment (CVDP002SMOK),76.73,People without SMI,Mental Health,0,20050.0,To March 2026,77.74,77.24,
E54000018,NHS Coventry and Warwickshire Integrated Care Board,Persons,1000.0,,,CVDP002SMOK,"Patients with GP recorded CVD or CVD risk factors who are GP recorded current smokers, who have a record of an offer of support or treatment within the preceding 12 months.",Smoking: Current smokers offered support/treatment (CVDP002SMOK),80.76,People with SMI,Mental Health,0,830.0,To March 2026,85.34,83.2,
E54000018,NHS Coventry and Warwickshire Integrated Care Board,Persons,26815.0,,,CVDP002SMOK,"Patients with GP recorded CVD or CVD risk factors who are GP recorded current smokers, who have a record of an offer of support or treatment within the preceding 12 months.",Smoking: Current smokers offered support/treatment (CVDP002SMOK),76.92,People without a diagnosed learning disability,Learning Disability,0,20760.0,To March 2026,77.92,77.42,
E54000018,NHS Coventry and Warwickshire Integrated Care Board,Persons,145.0,,,CVDP002SMOK,"Patients with GP recorded CVD or CVD risk factors who are GP recorded current smokers, who have a record of an offer of support or treatment within the preceding 12 months.",Smoking: Current smokers offered support/treatment (CVDP002SMOK),78.23,People with a diagnosed learning disability,Learning Disability,0,120.0,To March 2026,89.8,84.72,
E54000058,NHS Derby and Derbyshire Integrated Care Board,Persons,31470.0,,,CVDP002SMOK,"Patients with GP recorded CVD or CVD risk factors who are GP recorded current smokers, who have a record of an offer of support or treatment within the preceding 12 months.",Smoking: Current smokers offered support/treatment (CVDP002SMOK),80.1,Persons,Sex,0,25345.0,To March 2026,80.97,80.54,
E54000058,NHS Derby and Derbyshire Integrated Care Board,Female,13670.0,,,CVDP002SMOK,"Patients with GP recorded CVD or CVD risk factors who are GP recorded current smokers, who have a record of an offer of support or treatment within the preceding 12 months.",Smoking: Current smokers offered support/treatment (CVDP002SMOK),80.6,Female,Sex,0,11105.0,To March 2026,81.9,81.26,
E54000058,NHS Derby and Derbyshire Integrated Care Board,Male,17800.0,,,CVDP002SMOK,"Patients with GP recorded CVD or CVD risk factors who are GP recorded current smokers, who have a record of an offer of support or treatment within the preceding 12 months.",Smoking: Current smokers offered support/treatment (CVDP002SMOK),79.39,Male,Sex,0,14240.0,To March 2026,80.57,79.98,
E54000058,NHS Derby and Derbyshire Integrated Care Board,Male,1170.0,,,CVDP002SMOK,"Patients with GP recorded CVD or CVD risk factors who are GP recorded current smokers, who have a record of an offer of support or treatment within the preceding 12 months.",Smoking: Current smokers offered support/treatment (CVDP002SMOK),72.26,18-39,Age group,0,875.0,To March 2026,77.19,74.83,
E54000058,NHS Derby and Derbyshire Integrated Care Board,Female,825.0,,,CVDP002SMOK,"Patients with GP recorded CVD or CVD risk factors who are GP recorded current smokers, who have a record of an offer of support or treatment within the preceding 12 months.",Smoking: Current smokers offered support/treatment (CVDP002SMOK),72.4,18-39,Age group,0,620.0,To March 2026,78.21,75.46,
E54000058,NHS Derby and Derbyshire Integrated Care Board,Persons,1995.0,,,CVDP002SMOK,"Patients with GP recorded CVD or CVD risk factors who are GP recorded current smokers, who have a record of an offer of support or treatment within the preceding 12 months.",Smoking: Current smokers offered support/treatment (CVDP002SMOK),73.17,18-39,Age group,0,1500.0,To March 2026,76.93,75.09,
E54000058,NHS Derby and Derbyshire Integrated Care Board,Male,7085.0,,,CVDP002SMOK,"Patients with GP recorded CVD or CVD risk factors who are GP recorded current smokers, who have a record of an offer of support or treatment within the preceding 12 months.",Smoking: Current smokers offered support/treatment (CVDP002SMOK),77.39,40-59,Age group,0,5550.0,To March 2026,79.29,78.35,
E54000058,NHS Derby and Derbyshire Integrated Care Board,Female,5020.0,,,CVDP002SMOK,"Patients with GP recorded CVD or CVD risk factors who are GP recorded current smokers, who have a record of an offer of support or treatment within the preceding 12 months.",Smoking: Current smokers offered support/treatment (CVDP002SMOK),79.6,40-59,Age group,0,4055.0,To March 2026,81.77,80.7,
E54000058,NHS Derby and Derbyshire Integrated Care Board,Persons,12110.0,,,CVDP002SMOK,"Patients with GP recorded CVD or CVD risk factors who are GP recorded current smokers, who have a record of an offer of support or treatment within the preceding 12 months.",Smoking: Current smokers offered support/treatment (CVDP002SMOK),78.6,40-59,Age group,0,9605.0,To March 2026,80.03,79.33,
E54000058,NHS Derby and Derbyshire Integrated Care Board,Male,8560.0,,,CVDP002SMOK,"Patients with GP recorded CVD or CVD risk factors who are GP recorded current smokers, who have a record of an offer of support or treatment within the preceding 12 months.",Smoking: Current smokers offered support/treatment (CVDP002SMOK),81.09,60-79,Age group,0,7010.0,To March 2026,82.71,81.91,
E54000058,NHS Derby and Derbyshire Integrated Care Board,Female,6750.0,,,CVDP002SMOK,"Patients with GP recorded CVD or CVD risk factors who are GP recorded current smokers, who have a record of an offer of support or treatment within the preceding 12 months.",Smoking: Current smokers offered support/treatment (CVDP002SMOK),81.75,60-79,Age group,0,5580.0,To March 2026,83.55,82.66,
E54000058,NHS Derby and Derbyshire Integrated Care Board,Persons,15310.0,,,CVDP002SMOK,"Patients with GP recorded CVD or CVD risk factors who are GP recorded current smokers, who have a record of an offer of support or treatment within the preceding 12 months.",Smoking: Current smokers offered support/treatment (CVDP002SMOK),81.63,60-79,Age group,0,12590.0,To March 2026,82.84,82.24,
E54000058,NHS Derby and Derbyshire Integrated Care Board,Male,985.0,,,CVDP002SMOK,"Patients with GP recorded CVD or CVD risk factors who are GP recorded current smokers, who have a record of an offer of support or treatment within the preceding 12 months.",Smoking: Current smokers offered support/treatment (CVDP002SMOK),78.52,80+,Age group,0,800.0,To March 2026,83.38,81.1,
E54000058,NHS Derby and Derbyshire Integrated Care Board,Female,1075.0,,,CVDP002SMOK,"Patients with GP recorded CVD or CVD risk factors who are GP recorded current smokers, who have a record of an offer of support or treatment within the preceding 12 months.",Smoking: Current smokers offered support/treatment (CVDP002SMOK),77.07,80+,Age group,0,855.0,To March 2026,81.8,79.52,
E54000058,NHS Derby and Derbyshire Integrated Care Board,Persons,2060.0,,,CVDP002SMOK,"Patients with GP recorded CVD or CVD risk factors who are GP recorded current smokers, who have a record of an offer of support or treatment within the preceding 12 months.",Smoking: Current smokers offered support/treatment (CVDP002SMOK),78.51,80+,Age group,0,1650.0,To March 2026,81.9,80.27,
E54000058,NHS Derby and Derbyshire Integrated Care Board,Persons,9255.0,,,CVDP002SMOK,"Patients with GP recorded CVD or CVD risk factors who are GP recorded current smokers, who have a record of an offer of support or treatment within the preceding 12 months.",Smoking: Current smokers offered support/treatment (CVDP002SMOK),81.49,1 - most deprived,Deprivation quintile,0,7615.0,To March 2026,83.05,82.29,
E54000058,NHS Derby and Derbyshire Integrated Care Board,Persons,7600.0,,,CVDP002SMOK,"Patients with GP recorded CVD or CVD risk factors who are GP recorded current smokers, who have a record of an offer of support or treatment within the preceding 12 months.",Smoking: Current smokers offered support/treatment (CVDP002SMOK),80.79,2,Deprivation quintile,0,6210.0,To March 2026,82.52,81.68,
E54000058,NHS Derby and Derbyshire Integrated Care Board,Persons,6550.0,,,CVDP002SMOK,"Patients with GP recorded CVD or CVD risk factors who are GP recorded current smokers, who have a record of an offer of support or treatment within the preceding 12 months.",Smoking: Current smokers offered support/treatment (CVDP002SMOK),78.36,3,Deprivation quintile,0,5200.0,To March 2026,80.31,79.36,
E54000058,NHS Derby and Derbyshire Integrated Care Board,Persons,4365.0,,,CVDP002SMOK,"Patients with GP recorded CVD or CVD risk factors who are GP recorded current smokers, who have a record of an offer of support or treatment within the preceding 12 months.",Smoking: Current smokers offered support/treatment (CVDP002SMOK),76.85,4,Deprivation quintile,0,3410.0,To March 2026,79.3,78.1,
E54000058,NHS Derby and Derbyshire Integrated Care Board,Persons,3650.0,,,CVDP002SMOK,"Patients with GP recorded CVD or CVD risk factors who are GP recorded current smokers, who have a record of an offer of support or treatment within the preceding 12 months.",Smoking: Current smokers offered support/treatment (CVDP002SMOK),76.75,5 - least deprived,Deprivation quintile,0,2850.0,To March 2026,79.41,78.1,
E54000058,NHS Derby and Derbyshire Integrated Care Board,Persons,1020.0,,,CVDP002SMOK,"Patients with GP recorded CVD or CVD risk factors who are GP recorded current smokers, who have a record of an offer of support or treatment within the preceding 12 months.",Smoking: Current smokers offered support/treatment (CVDP002SMOK),78.54,Asian,Ethnicity,0,830.0,To March 2026,83.32,81.02,
E54000058,NHS Derby and Derbyshire Integrated Care Board,Persons,370.0,,,CVDP002SMOK,"Patients with GP recorded CVD or CVD risk factors who are GP recorded current smokers, who have a record of an offer of support or treatment within the preceding 12 months.",Smoking: Current smokers offered support/treatment (CVDP002SMOK),73.99,Black,Ethnicity,0,290.0,To March 2026,82.31,78.38,
E54000058,NHS Derby and Derbyshire Integrated Care Board,Persons,870.0,,,CVDP002SMOK,"Patients with GP recorded CVD or CVD risk factors who are GP recorded current smokers, who have a record of an offer of support or treatment within the preceding 12 months.",Smoking: Current smokers offered support/treatment (CVDP002SMOK),72.51,Missing,Ethnicity,0,655.0,To March 2026,78.12,75.4,
E54000058,NHS Derby and Derbyshire Integrated Care Board,Persons,275.0,,,CVDP002SMOK,"Patients with GP recorded CVD or CVD risk factors who are GP recorded current smokers, who have a record of an offer of support or treatment within the preceding 12 months.",Smoking: Current smokers offered support/treatment (CVDP002SMOK),71.43,Mixed,Ethnicity,0,210.0,To March 2026,81.07,76.53,
E54000058,NHS Derby and Derbyshire Integrated Care Board,Persons,835.0,,,CVDP002SMOK,"Patients with GP recorded CVD or CVD risk factors who are GP recorded current smokers, who have a record of an offer of support or treatment within the preceding 12 months.",Smoking: Current smokers offered support/treatment (CVDP002SMOK),72.94,Not stated,Ethnicity,0,635.0,To March 2026,78.67,75.96,
E54000058,NHS Derby and Derbyshire Integrated Care Board,Persons,390.0,,,CVDP002SMOK,"Patients with GP recorded CVD or CVD risk factors who are GP recorded current smokers, who have a record of an offer of support or treatment within the preceding 12 months.",Smoking: Current smokers offered support/treatment (CVDP002SMOK),75.0,Other,Ethnicity,0,310.0,To March 2026,82.91,79.18,
E54000058,NHS Derby and Derbyshire Integrated Care Board,Persons,27705.0,,,CVDP002SMOK,"Patients with GP recorded CVD or CVD risk factors who are GP recorded current smokers, who have a record of an offer of support or treatment within the preceding 12 months.",Smoking: Current smokers offered support/treatment (CVDP002SMOK),80.44,White,Ethnicity,0,22415.0,To March 2026,81.37,80.91,
E54000058,NHS Derby and Derbyshire Integrated Care Board,Persons,30230.0,,,CVDP002SMOK,"Patients with GP recorded CVD or CVD risk factors who are GP recorded current smokers, who have a record of an offer of support or treatment within the preceding 12 months.",Smoking: Current smokers offered support/treatment (CVDP002SMOK),79.83,People without SMI,Mental Health,0,24270.0,To March 2026,80.73,80.29,
E54000058,NHS Derby and Derbyshire Integrated Care Board,Persons,1240.0,,,CVDP002SMOK,"Patients with GP recorded CVD or CVD risk factors who are GP recorded current smokers, who have a record of an offer of support or treatment within the preceding 12 months.",Smoking: Current smokers offered support/treatment (CVDP002SMOK),84.77,People with SMI,Mental Health,0,1075.0,To March 2026,88.48,86.75,
E54000058,NHS Derby and Derbyshire Integrated Care Board,Persons,31230.0,,,CVDP002SMOK,"Patients with GP recorded CVD or CVD risk factors who are GP recorded current smokers, who have a record of an offer of support or treatment within the preceding 12 months.",Smoking: Current smokers offered support/treatment (CVDP002SMOK),80.06,People without a diagnosed learning disability,Learning Disability,0,25140.0,To March 2026,80.93,80.5,
E54000058,NHS Derby and Derbyshire Integrated Care Board,Persons,240.0,,,CVDP002SMOK,"Patients with GP recorded CVD or CVD risk factors who are GP recorded current smokers, who have a record of an offer of support or treatment within the preceding 12 months.",Smoking: Current smokers offered support/treatment (CVDP002SMOK),80.91,People with a diagnosed learning disability,Learning Disability,0,205.0,To March 2026,89.63,85.71,
E54000037,NHS Devon Integrated Care Board,Persons,31505.0,,,CVDP002SMOK,"Patients with GP recorded CVD or CVD risk factors who are GP recorded current smokers, who have a record of an offer of support or treatment within the preceding 12 months.",Smoking: Current smokers offered support/treatment (CVDP002SMOK),75.12,Persons,Sex,0,23815.0,To March 2026,76.06,75.59,
E54000037,NHS Devon Integrated Care Board,Female,13610.0,,,CVDP002SMOK,"Patients with GP recorded CVD or CVD risk factors who are GP recorded current smokers, who have a record of an offer of support or treatment within the preceding 12 months.",Smoking: Current smokers offered support/treatment (CVDP002SMOK),76.64,Female,Sex,0,10530.0,To March 2026,78.04,77.35,
E54000037,NHS Devon Integrated Care Board,Male,17890.0,,,CVDP002SMOK,"Patients with GP recorded CVD or CVD risk factors who are GP recorded current smokers, who have a record of an offer of support or treatment within the preceding 12 months.",Smoking: Current smokers offered support/treatment (CVDP002SMOK),73.61,Male,Sex,0,13285.0,To March 2026,74.89,74.26,
E54000037,NHS Devon Integrated Care Board,Male,985.0,,,CVDP002SMOK,"Patients with GP recorded CVD or CVD risk factors who are GP recorded current smokers, who have a record of an offer of support or treatment within the preceding 12 months.",Smoking: Current smokers offered support/treatment (CVDP002SMOK),61.84,18-39,Age group,0,640.0,To March 2026,67.71,64.87,
E54000037,NHS Devon Integrated Care Board,Female,745.0,,,CVDP002SMOK,"Patients with GP recorded CVD or CVD risk factors who are GP recorded current smokers, who have a record of an offer of support or treatment within the preceding 12 months.",Smoking: Current smokers offered support/treatment (CVDP002SMOK),72.42,18-39,Age group,0,565.0,To March 2026,78.58,75.67,
E54000037,NHS Devon Integrated Care Board,Persons,1730.0,,,CVDP002SMOK,"Patients with GP recorded CVD or CVD risk factors who are GP recorded current smokers, who have a record of an offer of support or treatment within the preceding 12 months.",Smoking: Current smokers offered support/treatment (CVDP002SMOK),67.32,18-39,Age group,0,1200.0,To March 2026,71.65,69.52,
E54000037,NHS Devon Integrated Care Board,Male,6335.0,,,CVDP002SMOK,"Patients with GP recorded CVD or CVD risk factors who are GP recorded current smokers, who have a record of an offer of support or treatment within the preceding 12 months.",Smoking: Current smokers offered support/treatment (CVDP002SMOK),71.15,40-59,Age group,0,4575.0,To March 2026,73.35,72.26,
E54000037,NHS Devon Integrated Care Board,Female,4410.0,,,CVDP002SMOK,"Patients with GP recorded CVD or CVD risk factors who are GP recorded current smokers, who have a record of an offer of support or treatment within the preceding 12 months.",Smoking: Current smokers offered support/treatment (CVDP002SMOK),77.02,40-59,Age group,0,3450.0,To March 2026,79.44,78.25,
E54000037,NHS Devon Integrated Care Board,Persons,10745.0,,,CVDP002SMOK,"Patients with GP recorded CVD or CVD risk factors who are GP recorded current smokers, who have a record of an offer of support or treatment within the preceding 12 months.",Smoking: Current smokers offered support/treatment (CVDP002SMOK),73.89,40-59,Age group,0,8025.0,To March 2026,75.53,74.72,
E54000037,NHS Devon Integrated Care Board,Male,9380.0,,,CVDP002SMOK,"Patients with GP recorded CVD or CVD risk factors who are GP recorded current smokers, who have a record of an offer of support or treatment within the preceding 12 months.",Smoking: Current smokers offered support/treatment (CVDP002SMOK),76.62,60-79,Age group,0,7265.0,To March 2026,78.31,77.48,
E54000037,NHS Devon Integrated Care Board,Female,7220.0,,,CVDP002SMOK,"Patients with GP recorded CVD or CVD risk factors who are GP recorded current smokers, who have a record of an offer of support or treatment within the preceding 12 months.",Smoking: Current smokers offered support/treatment (CVDP002SMOK),77.86,60-79,Age group,0,5690.0,To March 2026,79.74,78.82,
E54000037,NHS Devon Integrated Care Board,Persons,16595.0,,,CVDP002SMOK,"Patients with GP recorded CVD or CVD risk factors who are GP recorded current smokers, who have a record of an offer of support or treatment within the preceding 12 months.",Smoking: Current smokers offered support/treatment (CVDP002SMOK),77.43,60-79,Age group,0,12955.0,To March 2026,78.69,78.06,
E54000037,NHS Devon Integrated Care Board,Male,1195.0,,,CVDP002SMOK,"Patients with GP recorded CVD or CVD risk factors who are GP recorded current smokers, who have a record of an offer of support or treatment within the preceding 12 months.",Smoking: Current smokers offered support/treatment (CVDP002SMOK),64.61,80+,Age group,0,805.0,To March 2026,69.87,67.28,
E54000037,NHS Devon Integrated Care Board,Female,1240.0,,,CVDP002SMOK,"Patients with GP recorded CVD or CVD risk factors who are GP recorded current smokers, who have a record of an offer of support or treatment within the preceding 12 months.",Smoking: Current smokers offered support/treatment (CVDP002SMOK),63.96,80+,Age group,0,825.0,To March 2026,69.19,66.61,
E54000037,NHS Devon Integrated Care Board,Persons,2435.0,,,CVDP002SMOK,"Patients with GP recorded CVD or CVD risk factors who are GP recorded current smokers, who have a record of an offer of support or treatment within the preceding 12 months.",Smoking: Current smokers offered support/treatment (CVDP002SMOK),65.05,80+,Age group,0,1630.0,To March 2026,68.79,66.94,
E54000037,NHS Devon Integrated Care Board,Persons,6910.0,,,CVDP002SMOK,"Patients with GP recorded CVD or CVD risk factors who are GP recorded current smokers, who have a record of an offer of support or treatment within the preceding 12 months.",Smoking: Current smokers offered support/treatment (CVDP002SMOK),76.09,1 - most deprived,Deprivation quintile,0,5330.0,To March 2026,78.06,77.09,
E54000037,NHS Devon Integrated Care Board,Persons,8990.0,,,CVDP002SMOK,"Patients with GP recorded CVD or CVD risk factors who are GP recorded current smokers, who have a record of an offer of support or treatment within the preceding 12 months.",Smoking: Current smokers offered support/treatment (CVDP002SMOK),75.52,2,Deprivation quintile,0,6870.0,To March 2026,77.27,76.4,
E54000037,NHS Devon Integrated Care Board,Persons,7875.0,,,CVDP002SMOK,"Patients with GP recorded CVD or CVD risk factors who are GP recorded current smokers, who have a record of an offer of support or treatment within the preceding 12 months.",Smoking: Current smokers offered support/treatment (CVDP002SMOK),73.07,3,Deprivation quintile,0,5830.0,To March 2026,75.0,74.05,
E54000037,NHS Devon Integrated Care Board,Persons,5140.0,,,CVDP002SMOK,"Patients with GP recorded CVD or CVD risk factors who are GP recorded current smokers, who have a record of an offer of support or treatment within the preceding 12 months.",Smoking: Current smokers offered support/treatment (CVDP002SMOK),73.99,4,Deprivation quintile,0,3865.0,To March 2026,76.34,75.18,
E54000037,NHS Devon Integrated Care Board,Persons,2555.0,,,CVDP002SMOK,"Patients with GP recorded CVD or CVD risk factors who are GP recorded current smokers, who have a record of an offer of support or treatment within the preceding 12 months.",Smoking: Current smokers offered support/treatment (CVDP002SMOK),72.15,5 - least deprived,Deprivation quintile,0,1885.0,To March 2026,75.56,73.88,
E54000037,NHS Devon Integrated Care Board,Persons,320.0,,,CVDP002SMOK,"Patients with GP recorded CVD or CVD risk factors who are GP recorded current smokers, who have a record of an offer of support or treatment within the preceding 12 months.",Smoking: Current smokers offered support/treatment (CVDP002SMOK),63.86,Asian,Ethnicity,0,220.0,To March 2026,73.83,69.18,
E54000037,NHS Devon Integrated Care Board,Persons,135.0,,,CVDP002SMOK,"Patients with GP recorded CVD or CVD risk factors who are GP recorded current smokers, who have a record of an offer of support or treatment within the preceding 12 months.",Smoking: Current smokers offered support/treatment (CVDP002SMOK),61.31,Black,Ethnicity,0,95.0,To March 2026,76.64,69.4,
E54000037,NHS Devon Integrated Care Board,Persons,1205.0,,,CVDP002SMOK,"Patients with GP recorded CVD or CVD risk factors who are GP recorded current smokers, who have a record of an offer of support or treatment within the preceding 12 months.",Smoking: Current smokers offered support/treatment (CVDP002SMOK),67.0,Missing,Ethnicity,0,840.0,To March 2026,72.14,69.66,
E54000037,NHS Devon Integrated Care Board,Persons,165.0,,,CVDP002SMOK,"Patients with GP recorded CVD or CVD risk factors who are GP recorded current smokers, who have a record of an offer of support or treatment within the preceding 12 months.",Smoking: Current smokers offered support/treatment (CVDP002SMOK),65.27,Mixed,Ethnicity,0,120.0,To March 2026,78.44,72.56,
E54000037,NHS Devon Integrated Care Board,Persons,1990.0,,,CVDP002SMOK,"Patients with GP recorded CVD or CVD risk factors who are GP recorded current smokers, who have a record of an offer of support or treatment within the preceding 12 months.",Smoking: Current smokers offered support/treatment (CVDP002SMOK),68.66,Not stated,Ethnicity,0,1405.0,To March 2026,72.63,70.67,
E54000037,NHS Devon Integrated Care Board,Persons,195.0,,,CVDP002SMOK,"Patients with GP recorded CVD or CVD risk factors who are GP recorded current smokers, who have a record of an offer of support or treatment within the preceding 12 months.",Smoking: Current smokers offered support/treatment (CVDP002SMOK),65.48,Other,Ethnicity,0,140.0,To March 2026,77.66,72.16,
E54000037,NHS Devon Integrated Care Board,Persons,27500.0,,,CVDP002SMOK,"Patients with GP recorded CVD or CVD risk factors who are GP recorded current smokers, who have a record of an offer of support or treatment within the preceding 12 months.",Smoking: Current smokers offered support/treatment (CVDP002SMOK),75.85,White,Ethnicity,0,21000.0,To March 2026,76.85,76.35,
E54000037,NHS Devon Integrated Care Board,Persons,30175.0,,,CVDP002SMOK,"Patients with GP recorded CVD or CVD risk factors who are GP recorded current smokers, who have a record of an offer of support or treatment within the preceding 12 months.",Smoking: Current smokers offered support/treatment (CVDP002SMOK),74.83,People without SMI,Mental Health,0,22730.0,To March 2026,75.8,75.32,
E54000037,NHS Devon Integrated Care Board,Persons,1325.0,,,CVDP002SMOK,"Patients with GP recorded CVD or CVD risk factors who are GP recorded current smokers, who have a record of an offer of support or treatment within the preceding 12 months.",Smoking: Current smokers offered support/treatment (CVDP002SMOK),79.62,People with SMI,Mental Health,0,1085.0,To March 2026,83.76,81.76,
E54000037,NHS Devon Integrated Care Board,Persons,31295.0,,,CVDP002SMOK,"Patients with GP recorded CVD or CVD risk factors who are GP recorded current smokers, who have a record of an offer of support or treatment within the preceding 12 months.",Smoking: Current smokers offered support/treatment (CVDP002SMOK),75.03,People without a diagnosed learning disability,Learning Disability,0,23630.0,To March 2026,75.98,75.51,
E54000037,NHS Devon Integrated Care Board,Persons,210.0,,,CVDP002SMOK,"Patients with GP recorded CVD or CVD risk factors who are GP recorded current smokers, who have a record of an offer of support or treatment within the preceding 12 months.",Smoking: Current smokers offered support/treatment (CVDP002SMOK),82.63,People with a diagnosed learning disability,Learning Disability,0,185.0,To March 2026,91.55,87.62,
E54000041,NHS Dorset Integrated Care Board,Persons,18875.0,,,CVDP002SMOK,"Patients with GP recorded CVD or CVD risk factors who are GP recorded current smokers, who have a record of an offer of support or treatment within the preceding 12 months.",Smoking: Current smokers offered support/treatment (CVDP002SMOK),77.88,Persons,Sex,0,14810.0,To March 2026,79.05,78.47,
E54000041,NHS Dorset Integrated Care Board,Female,7860.0,,,CVDP002SMOK,"Patients with GP recorded CVD or CVD risk factors who are GP recorded current smokers, who have a record of an offer of support or treatment within the preceding 12 months.",Smoking: Current smokers offered support/treatment (CVDP002SMOK),78.1,Female,Sex,0,6210.0,To March 2026,79.89,79.0,
E54000041,NHS Dorset Integrated Care Board,Male,11015.0,,,CVDP002SMOK,"Patients with GP recorded CVD or CVD risk factors who are GP recorded current smokers, who have a record of an offer of support or treatment within the preceding 12 months.",Smoking: Current smokers offered support/treatment (CVDP002SMOK),77.31,Male,Sex,0,8605.0,To March 2026,78.85,78.1,
E54000041,NHS Dorset Integrated Care Board,Male,585.0,,,CVDP002SMOK,"Patients with GP recorded CVD or CVD risk factors who are GP recorded current smokers, who have a record of an offer of support or treatment within the preceding 12 months.",Smoking: Current smokers offered support/treatment (CVDP002SMOK),66.67,18-39,Age group,0,410.0,To March 2026,73.98,70.43,
E54000041,NHS Dorset Integrated Care Board,Female,405.0,,,CVDP002SMOK,"Patients with GP recorded CVD or CVD risk factors who are GP recorded current smokers, who have a record of an offer of support or treatment within the preceding 12 months.",Smoking: Current smokers offered support/treatment (CVDP002SMOK),74.08,18-39,Age group,0,320.0,To March 2026,81.91,78.33,
E54000041,NHS Dorset Integrated Care Board,Persons,990.0,,,CVDP002SMOK,"Patients with GP recorded CVD or CVD risk factors who are GP recorded current smokers, who have a record of an offer of support or treatment within the preceding 12 months.",Smoking: Current smokers offered support/treatment (CVDP002SMOK),70.82,18-39,Age group,0,730.0,To March 2026,76.26,73.66,
E54000041,NHS Dorset Integrated Care Board,Male,3970.0,,,CVDP002SMOK,"Patients with GP recorded CVD or CVD risk factors who are GP recorded current smokers, who have a record of an offer of support or treatment within the preceding 12 months.",Smoking: Current smokers offered support/treatment (CVDP002SMOK),74.73,40-59,Age group,0,3020.0,To March 2026,77.37,76.07,
E54000041,NHS Dorset Integrated Care Board,Female,2680.0,,,CVDP002SMOK,"Patients with GP recorded CVD or CVD risk factors who are GP recorded current smokers, who have a record of an offer of support or treatment within the preceding 12 months.",Smoking: Current smokers offered support/treatment (CVDP002SMOK),76.81,40-59,Age group,0,2100.0,To March 2026,79.9,78.39,
E54000041,NHS Dorset Integrated Care Board,Persons,6650.0,,,CVDP002SMOK,"Patients with GP recorded CVD or CVD risk factors who are GP recorded current smokers, who have a record of an offer of support or treatment within the preceding 12 months.",Smoking: Current smokers offered support/treatment (CVDP002SMOK),75.98,40-59,Age group,0,5120.0,To March 2026,77.99,77.0,
E54000041,NHS Dorset Integrated Care Board,Male,5730.0,,,CVDP002SMOK,"Patients with GP recorded CVD or CVD risk factors who are GP recorded current smokers, who have a record of an offer of support or treatment within the preceding 12 months.",Smoking: Current smokers offered support/treatment (CVDP002SMOK),79.74,60-79,Age group,0,4630.0,To March 2026,81.78,80.77,
E54000041,NHS Dorset Integrated Care Board,Female,4080.0,,,CVDP002SMOK,"Patients with GP recorded CVD or CVD risk factors who are GP recorded current smokers, who have a record of an offer of support or treatment within the preceding 12 months.",Smoking: Current smokers offered support/treatment (CVDP002SMOK),79.26,60-79,Age group,0,3285.0,To March 2026,81.68,80.49,
E54000041,NHS Dorset Integrated Care Board,Persons,9815.0,,,CVDP002SMOK,"Patients with GP recorded CVD or CVD risk factors who are GP recorded current smokers, who have a record of an offer of support or treatment within the preceding 12 months.",Smoking: Current smokers offered support/treatment (CVDP002SMOK),79.87,60-79,Age group,0,7915.0,To March 2026,81.43,80.66,
E54000041,NHS Dorset Integrated Care Board,Male,730.0,,,CVDP002SMOK,"Patients with GP recorded CVD or CVD risk factors who are GP recorded current smokers, who have a record of an offer of support or treatment within the preceding 12 months.",Smoking: Current smokers offered support/treatment (CVDP002SMOK),70.9,80+,Age group,0,540.0,To March 2026,77.19,74.21,
E54000041,NHS Dorset Integrated Care Board,Female,695.0,,,CVDP002SMOK,"Patients with GP recorded CVD or CVD risk factors who are GP recorded current smokers, who have a record of an offer of support or treatment within the preceding 12 months.",Smoking: Current smokers offered support/treatment (CVDP002SMOK),69.68,80+,Age group,0,505.0,To March 2026,76.15,73.02,
E54000041,NHS Dorset Integrated Care Board,Persons,1420.0,,,CVDP002SMOK,"Patients with GP recorded CVD or CVD risk factors who are GP recorded current smokers, who have a record of an offer of support or treatment within the preceding 12 months.",Smoking: Current smokers offered support/treatment (CVDP002SMOK),71.3,80+,Age group,0,1045.0,To March 2026,75.86,73.63,
E54000041,NHS Dorset Integrated Care Board,Persons,2840.0,,,CVDP002SMOK,"Patients with GP recorded CVD or CVD risk factors who are GP recorded current smokers, who have a record of an offer of support or treatment within the preceding 12 months.",Smoking: Current smokers offered support/treatment (CVDP002SMOK),79.43,1 - most deprived,Deprivation quintile,0,2300.0,To March 2026,82.31,80.92,
E54000041,NHS Dorset Integrated Care Board,Persons,4165.0,,,CVDP002SMOK,"Patients with GP recorded CVD or CVD risk factors who are GP recorded current smokers, who have a record of an offer of support or treatment within the preceding 12 months.",Smoking: Current smokers offered support/treatment (CVDP002SMOK),79.15,2,Deprivation quintile,0,3345.0,To March 2026,81.55,80.38,
E54000041,NHS Dorset Integrated Care Board,Persons,5500.0,,,CVDP002SMOK,"Patients with GP recorded CVD or CVD risk factors who are GP recorded current smokers, who have a record of an offer of support or treatment within the preceding 12 months.",Smoking: Current smokers offered support/treatment (CVDP002SMOK),76.66,3,Deprivation quintile,0,4275.0,To March 2026,78.84,77.77,
E54000041,NHS Dorset Integrated Care Board,Persons,4075.0,,,CVDP002SMOK,"Patients with GP recorded CVD or CVD risk factors who are GP recorded current smokers, who have a record of an offer of support or treatment within the preceding 12 months.",Smoking: Current smokers offered support/treatment (CVDP002SMOK),76.48,4,Deprivation quintile,0,3170.0,To March 2026,79.03,77.79,
E54000041,NHS Dorset Integrated Care Board,Persons,2395.0,,,CVDP002SMOK,"Patients with GP recorded CVD or CVD risk factors who are GP recorded current smokers, who have a record of an offer of support or treatment within the preceding 12 months.",Smoking: Current smokers offered support/treatment (CVDP002SMOK),72.97,5 - least deprived,Deprivation quintile,0,1790.0,To March 2026,76.43,74.73,
E54000041,NHS Dorset Integrated Care Board,Persons,270.0,,,CVDP002SMOK,"Patients with GP recorded CVD or CVD risk factors who are GP recorded current smokers, who have a record of an offer of support or treatment within the preceding 12 months.",Smoking: Current smokers offered support/treatment (CVDP002SMOK),74.91,Asian,Ethnicity,0,220.0,To March 2026,84.36,80.15,
E54000041,NHS Dorset Integrated Care Board,Persons,130.0,,,CVDP002SMOK,"Patients with GP recorded CVD or CVD risk factors who are GP recorded current smokers, who have a record of an offer of support or treatment within the preceding 12 months.",Smoking: Current smokers offered support/treatment (CVDP002SMOK),68.42,Black,Ethnicity,0,100.0,To March 2026,82.71,76.15,
E54000041,NHS Dorset Integrated Care Board,Persons,840.0,,,CVDP002SMOK,"Patients with GP recorded CVD or CVD risk factors who are GP recorded current smokers, who have a record of an offer of support or treatment within the preceding 12 months.",Smoking: Current smokers offered support/treatment (CVDP002SMOK),63.98,Missing,Ethnicity,0,565.0,To March 2026,70.26,67.18,
E54000041,NHS Dorset Integrated Care Board,Persons,125.0,,,CVDP002SMOK,"Patients with GP recorded CVD or CVD risk factors who are GP recorded current smokers, who have a record of an offer of support or treatment within the preceding 12 months.",Smoking: Current smokers offered support/treatment (CVDP002SMOK),80.0,Mixed,Ethnicity,0,110.0,To March 2026,91.54,86.61,
E54000041,NHS Dorset Integrated Care Board,Persons,1050.0,,,CVDP002SMOK,"Patients with GP recorded CVD or CVD risk factors who are GP recorded current smokers, who have a record of an offer of support or treatment within the preceding 12 months.",Smoking: Current smokers offered support/treatment (CVDP002SMOK),79.39,Not stated,Ethnicity,0,860.0,To March 2026,84.05,81.81,
E54000041,NHS Dorset Integrated Care Board,Persons,170.0,,,CVDP002SMOK,"Patients with GP recorded CVD or CVD risk factors who are GP recorded current smokers, who have a record of an offer of support or treatment within the preceding 12 months.",Smoking: Current smokers offered support/treatment (CVDP002SMOK),70.52,Other,Ethnicity,0,130.0,To March 2026,82.66,77.06,
E54000041,NHS Dorset Integrated Care Board,Persons,16285.0,,,CVDP002SMOK,"Patients with GP recorded CVD or CVD risk factors who are GP recorded current smokers, who have a record of an offer of support or treatment within the preceding 12 months.",Smoking: Current smokers offered support/treatment (CVDP002SMOK),78.15,White,Ethnicity,0,12830.0,To March 2026,79.4,78.78,
E54000041,NHS Dorset Integrated Care Board,Persons,18135.0,,,CVDP002SMOK,"Patients with GP recorded CVD or CVD risk factors who are GP recorded current smokers, who have a record of an offer of support or treatment within the preceding 12 months.",Smoking: Current smokers offered support/treatment (CVDP002SMOK),77.65,People without SMI,Mental Health,0,14190.0,To March 2026,78.85,78.26,
E54000041,NHS Dorset Integrated Care Board,Persons,740.0,,,CVDP002SMOK,"Patients with GP recorded CVD or CVD risk factors who are GP recorded current smokers, who have a record of an offer of support or treatment within the preceding 12 months.",Smoking: Current smokers offered support/treatment (CVDP002SMOK),81.07,People with SMI,Mental Health,0,620.0,To March 2026,86.31,83.83,
E54000041,NHS Dorset Integrated Care Board,Persons,18760.0,,,CVDP002SMOK,"Patients with GP recorded CVD or CVD risk factors who are GP recorded current smokers, who have a record of an offer of support or treatment within the preceding 12 months.",Smoking: Current smokers offered support/treatment (CVDP002SMOK),77.81,People without a diagnosed learning disability,Learning Disability,0,14710.0,To March 2026,78.98,78.41,
E54000041,NHS Dorset Integrated Care Board,Persons,115.0,,,CVDP002SMOK,"Patients with GP recorded CVD or CVD risk factors who are GP recorded current smokers, who have a record of an offer of support or treatment within the preceding 12 months.",Smoking: Current smokers offered support/treatment (CVDP002SMOK),83.19,People with a diagnosed learning disability,Learning Disability,0,105.0,To March 2026,94.12,89.66,
E54000034,NHS Frimley Integrated Care Board,Persons,17245.0,,,CVDP002SMOK,"Patients with GP recorded CVD or CVD risk factors who are GP recorded current smokers, who have a record of an offer of support or treatment within the preceding 12 months.",Smoking: Current smokers offered support/treatment (CVDP002SMOK),71.91,Persons,Sex,0,12515.0,To March 2026,73.24,72.58,
E54000034,NHS Frimley Integrated Care Board,Female,6525.0,,,CVDP002SMOK,"Patients with GP recorded CVD or CVD risk factors who are GP recorded current smokers, who have a record of an offer of support or treatment within the preceding 12 months.",Smoking: Current smokers offered support/treatment (CVDP002SMOK),73.69,Female,Sex,0,4875.0,To March 2026,75.79,74.75,
E54000034,NHS Frimley Integrated Care Board,Male,10720.0,,,CVDP002SMOK,"Patients with GP recorded CVD or CVD risk factors who are GP recorded current smokers, who have a record of an offer of support or treatment within the preceding 12 months.",Smoking: Current smokers offered support/treatment (CVDP002SMOK),70.39,Male,Sex,0,7640.0,To March 2026,72.1,71.25,
E54000034,NHS Frimley Integrated Care Board,Male,785.0,,,CVDP002SMOK,"Patients with GP recorded CVD or CVD risk factors who are GP recorded current smokers, who have a record of an offer of support or treatment within the preceding 12 months.",Smoking: Current smokers offered support/treatment (CVDP002SMOK),60.53,18-39,Age group,0,500.0,To March 2026,67.13,63.95,
E54000034,NHS Frimley Integrated Care Board,Female,460.0,,,CVDP002SMOK,"Patients with GP recorded CVD or CVD risk factors who are GP recorded current smokers, who have a record of an offer of support or treatment within the preceding 12 months.",Smoking: Current smokers offered support/treatment (CVDP002SMOK),63.66,18-39,Age group,0,315.0,To March 2026,72.04,67.97,
E54000034,NHS Frimley Integrated Care Board,Persons,1245.0,,,CVDP002SMOK,"Patients with GP recorded CVD or CVD risk factors who are GP recorded current smokers, who have a record of an offer of support or treatment within the preceding 12 months.",Smoking: Current smokers offered support/treatment (CVDP002SMOK),62.8,18-39,Age group,0,815.0,To March 2026,68.0,65.44,
E54000034,NHS Frimley Integrated Care Board,Male,4820.0,,,CVDP002SMOK,"Patients with GP recorded CVD or CVD risk factors who are GP recorded current smokers, who have a record of an offer of support or treatment within the preceding 12 months.",Smoking: Current smokers offered support/treatment (CVDP002SMOK),69.06,40-59,Age group,0,3395.0,To March 2026,71.63,70.36,
E54000034,NHS Frimley Integrated Care Board,Female,2445.0,,,CVDP002SMOK,"Patients with GP recorded CVD or CVD risk factors who are GP recorded current smokers, who have a record of an offer of support or treatment within the preceding 12 months.",Smoking: Current smokers offered support/treatment (CVDP002SMOK),74.26,40-59,Age group,0,1860.0,To March 2026,77.61,75.99,
E54000034,NHS Frimley Integrated Care Board,Persons,7265.0,,,CVDP002SMOK,"Patients with GP recorded CVD or CVD risk factors who are GP recorded current smokers, who have a record of an offer of support or treatment within the preceding 12 months.",Smoking: Current smokers offered support/treatment (CVDP002SMOK),71.22,40-59,Age group,0,5250.0,To March 2026,73.27,72.26,
E54000034,NHS Frimley Integrated Care Board,Male,4595.0,,,CVDP002SMOK,"Patients with GP recorded CVD or CVD risk factors who are GP recorded current smokers, who have a record of an offer of support or treatment within the preceding 12 months.",Smoking: Current smokers offered support/treatment (CVDP002SMOK),72.74,60-79,Age group,0,3400.0,To March 2026,75.26,74.03,
E54000034,NHS Frimley Integrated Care Board,Female,3110.0,,,CVDP002SMOK,"Patients with GP recorded CVD or CVD risk factors who are GP recorded current smokers, who have a record of an offer of support or treatment within the preceding 12 months.",Smoking: Current smokers offered support/treatment (CVDP002SMOK),75.2,60-79,Age group,0,2385.0,To March 2026,78.16,76.72,
E54000034,NHS Frimley Integrated Care Board,Persons,7705.0,,,CVDP002SMOK,"Patients with GP recorded CVD or CVD risk factors who are GP recorded current smokers, who have a record of an offer of support or treatment within the preceding 12 months.",Smoking: Current smokers offered support/treatment (CVDP002SMOK),74.14,60-79,Age group,0,5785.0,To March 2026,76.06,75.11,
E54000034,NHS Frimley Integrated Care Board,Male,520.0,,,CVDP002SMOK,"Patients with GP recorded CVD or CVD risk factors who are GP recorded current smokers, who have a record of an offer of support or treatment within the preceding 12 months.",Smoking: Current smokers offered support/treatment (CVDP002SMOK),61.83,80+,Age group,0,345.0,To March 2026,69.85,66.03,
E54000034,NHS Frimley Integrated Care Board,Female,505.0,,,CVDP002SMOK,"Patients with GP recorded CVD or CVD risk factors who are GP recorded current smokers, who have a record of an offer of support or treatment within the preceding 12 months.",Smoking: Current smokers offered support/treatment (CVDP002SMOK),58.63,80+,Age group,0,320.0,To March 2026,66.86,62.92,
E54000034,NHS Frimley Integrated Care Board,Persons,1030.0,,,CVDP002SMOK,"Patients with GP recorded CVD or CVD risk factors who are GP recorded current smokers, who have a record of an offer of support or treatment within the preceding 12 months.",Smoking: Current smokers offered support/treatment (CVDP002SMOK),61.49,80+,Age group,0,665.0,To March 2026,67.31,64.49,
E54000034,NHS Frimley Integrated Care Board,Persons,730.0,,,CVDP002SMOK,"Patients with GP recorded CVD or CVD risk factors who are GP recorded current smokers, who have a record of an offer of support or treatment within the preceding 12 months.",Smoking: Current smokers offered support/treatment (CVDP002SMOK),73.36,1 - most deprived,Deprivation quintile,0,560.0,To March 2026,79.37,76.54,
E54000034,NHS Frimley Integrated Care Board,Persons,4265.0,,,CVDP002SMOK,"Patients with GP recorded CVD or CVD risk factors who are GP recorded current smokers, who have a record of an offer of support or treatment within the preceding 12 months.",Smoking: Current smokers offered support/treatment (CVDP002SMOK),73.07,2,Deprivation quintile,0,3175.0,To March 2026,75.67,74.38,
E54000034,NHS Frimley Integrated Care Board,Persons,3910.0,,,CVDP002SMOK,"Patients with GP recorded CVD or CVD risk factors who are GP recorded current smokers, who have a record of an offer of support or treatment within the preceding 12 months.",Smoking: Current smokers offered support/treatment (CVDP002SMOK),72.8,3,Deprivation quintile,0,2900.0,To March 2026,75.54,74.19,
E54000034,NHS Frimley Integrated Care Board,Persons,3270.0,,,CVDP002SMOK,"Patients with GP recorded CVD or CVD risk factors who are GP recorded current smokers, who have a record of an offer of support or treatment within the preceding 12 months.",Smoking: Current smokers offered support/treatment (CVDP002SMOK),71.88,4,Deprivation quintile,0,2400.0,To March 2026,74.91,73.42,
E54000034,NHS Frimley Integrated Care Board,Persons,5025.0,,,CVDP002SMOK,"Patients with GP recorded CVD or CVD risk factors who are GP recorded current smokers, who have a record of an offer of support or treatment within the preceding 12 months.",Smoking: Current smokers offered support/treatment (CVDP002SMOK),67.36,5 - least deprived,Deprivation quintile,0,3450.0,To March 2026,69.91,68.66,
E54000034,NHS Frimley Integrated Care Board,Persons,2735.0,,,CVDP002SMOK,"Patients with GP recorded CVD or CVD risk factors who are GP recorded current smokers, who have a record of an offer of support or treatment within the preceding 12 months.",Smoking: Current smokers offered support/treatment (CVDP002SMOK),70.99,Asian,Ethnicity,0,1990.0,To March 2026,74.31,72.67,
E54000034,NHS Frimley Integrated Care Board,Persons,420.0,,,CVDP002SMOK,"Patients with GP recorded CVD or CVD risk factors who are GP recorded current smokers, who have a record of an offer of support or treatment within the preceding 12 months.",Smoking: Current smokers offered support/treatment (CVDP002SMOK),68.56,Black,Ethnicity,0,305.0,To March 2026,76.83,72.86,
E54000034,NHS Frimley Integrated Care Board,Persons,155.0,,,CVDP002SMOK,"Patients with GP recorded CVD or CVD risk factors who are GP recorded current smokers, who have a record of an offer of support or treatment within the preceding 12 months.",Smoking: Current smokers offered support/treatment (CVDP002SMOK),48.73,Missing,Ethnicity,0,90.0,To March 2026,63.92,56.77,
E54000034,NHS Frimley Integrated Care Board,Persons,250.0,,,CVDP002SMOK,"Patients with GP recorded CVD or CVD risk factors who are GP recorded current smokers, who have a record of an offer of support or treatment within the preceding 12 months.",Smoking: Current smokers offered support/treatment (CVDP002SMOK),60.96,Mixed,Ethnicity,0,165.0,To March 2026,72.51,66.94,
E54000034,NHS Frimley Integrated Care Board,Persons,575.0,,,CVDP002SMOK,"Patients with GP recorded CVD or CVD risk factors who are GP recorded current smokers, who have a record of an offer of support or treatment within the preceding 12 months.",Smoking: Current smokers offered support/treatment (CVDP002SMOK),55.19,Not stated,Ethnicity,0,340.0,To March 2026,63.15,59.3,
E54000034,NHS Frimley Integrated Care Board,Persons,300.0,,,CVDP002SMOK,"Patients with GP recorded CVD or CVD risk factors who are GP recorded current smokers, who have a record of an offer of support or treatment within the preceding 12 months.",Smoking: Current smokers offered support/treatment (CVDP002SMOK),67.77,Other,Ethnicity,0,220.0,To March 2026,77.74,73.15,
E54000034,NHS Frimley Integrated Care Board,Persons,12810.0,,,CVDP002SMOK,"Patients with GP recorded CVD or CVD risk factors who are GP recorded current smokers, who have a record of an offer of support or treatment within the preceding 12 months.",Smoking: Current smokers offered support/treatment (CVDP002SMOK),72.66,White,Ethnicity,0,9410.0,To March 2026,74.19,73.43,
E54000034,NHS Frimley Integrated Care Board,Persons,16610.0,,,CVDP002SMOK,"Patients with GP recorded CVD or CVD risk factors who are GP recorded current smokers, who have a record of an offer of support or treatment within the preceding 12 months.",Smoking: Current smokers offered support/treatment (CVDP002SMOK),71.56,People without SMI,Mental Health,0,12000.0,To March 2026,72.92,72.24,
E54000034,NHS Frimley Integrated Care Board,Persons,635.0,,,CVDP002SMOK,"Patients with GP recorded CVD or CVD risk factors who are GP recorded current smokers, who have a record of an offer of support or treatment within the preceding 12 months.",Smoking: Current smokers offered support/treatment (CVDP002SMOK),78.09,People with SMI,Mental Health,0,515.0,To March 2026,84.04,81.29,
E54000034,NHS Frimley Integrated Care Board,Persons,17160.0,,,CVDP002SMOK,"Patients with GP recorded CVD or CVD risk factors who are GP recorded current smokers, who have a record of an offer of support or treatment within the preceding 12 months.",Smoking: Current smokers offered support/treatment (CVDP002SMOK),71.83,People without a diagnosed learning disability,Learning Disability,0,12440.0,To March 2026,73.16,72.5,
E54000034,NHS Frimley Integrated Care Board,Persons,85.0,,,CVDP002SMOK,"Patients with GP recorded CVD or CVD risk factors who are GP recorded current smokers, who have a record of an offer of support or treatment within the preceding 12 months.",Smoking: Current smokers offered support/treatment (CVDP002SMOK),80.0,People with a diagnosed learning disability,Learning Disability,0,75.0,To March 2026,93.33,88.51,
E54000043,NHS Gloucestershire Integrated Care Board,Persons,18600.0,,,CVDP002SMOK,"Patients with GP recorded CVD or CVD risk factors who are GP recorded current smokers, who have a record of an offer of support or treatment within the preceding 12 months.",Smoking: Current smokers offered support/treatment (CVDP002SMOK),74.88,Persons,Sex,0,14045.0,To March 2026,76.11,75.5,
E54000043,NHS Gloucestershire Integrated Care Board,Female,8210.0,,,CVDP002SMOK,"Patients with GP recorded CVD or CVD risk factors who are GP recorded current smokers, who have a record of an offer of support or treatment within the preceding 12 months.",Smoking: Current smokers offered support/treatment (CVDP002SMOK),76.06,Female,Sex,0,6320.0,To March 2026,77.88,76.98,
E54000043,NHS Gloucestershire Integrated Care Board,Male,10390.0,,,CVDP002SMOK,"Patients with GP recorded CVD or CVD risk factors who are GP recorded current smokers, who have a record of an offer of support or treatment within the preceding 12 months.",Smoking: Current smokers offered support/treatment (CVDP002SMOK),73.48,Male,Sex,0,7725.0,To March 2026,75.16,74.33,
E54000043,NHS Gloucestershire Integrated Care Board,Male,785.0,,,CVDP002SMOK,"Patients with GP recorded CVD or CVD risk factors who are GP recorded current smokers, who have a record of an offer of support or treatment within the preceding 12 months.",Smoking: Current smokers offered support/treatment (CVDP002SMOK),63.83,18-39,Age group,0,525.0,To March 2026,70.3,67.13,
E54000043,NHS Gloucestershire Integrated Care Board,Female,600.0,,,CVDP002SMOK,"Patients with GP recorded CVD or CVD risk factors who are GP recorded current smokers, who have a record of an offer of support or treatment within the preceding 12 months.",Smoking: Current smokers offered support/treatment (CVDP002SMOK),66.56,18-39,Age group,0,425.0,To March 2026,73.84,70.38,
E54000043,NHS Gloucestershire Integrated Care Board,Persons,1385.0,,,CVDP002SMOK,"Patients with GP recorded CVD or CVD risk factors who are GP recorded current smokers, who have a record of an offer of support or treatment within the preceding 12 months.",Smoking: Current smokers offered support/treatment (CVDP002SMOK),66.09,18-39,Age group,0,950.0,To March 2026,70.91,68.54,
E54000043,NHS Gloucestershire Integrated Care Board,Male,4260.0,,,CVDP002SMOK,"Patients with GP recorded CVD or CVD risk factors who are GP recorded current smokers, who have a record of an offer of support or treatment within the preceding 12 months.",Smoking: Current smokers offered support/treatment (CVDP002SMOK),70.69,40-59,Age group,0,3070.0,To March 2026,73.36,72.06,
E54000043,NHS Gloucestershire Integrated Care Board,Female,3095.0,,,CVDP002SMOK,"Patients with GP recorded CVD or CVD risk factors who are GP recorded current smokers, who have a record of an offer of support or treatment within the preceding 12 months.",Smoking: Current smokers offered support/treatment (CVDP002SMOK),75.31,40-59,Age group,0,2380.0,To March 2026,78.28,76.83,
E54000043,NHS Gloucestershire Integrated Care Board,Persons,7355.0,,,CVDP002SMOK,"Patients with GP recorded CVD or CVD risk factors who are GP recorded current smokers, who have a record of an offer of support or treatment within the preceding 12 months.",Smoking: Current smokers offered support/treatment (CVDP002SMOK),73.06,40-59,Age group,0,5450.0,To March 2026,75.05,74.07,
E54000043,NHS Gloucestershire Integrated Care Board,Male,4795.0,,,CVDP002SMOK,"Patients with GP recorded CVD or CVD risk factors who are GP recorded current smokers, who have a record of an offer of support or treatment within the preceding 12 months.",Smoking: Current smokers offered support/treatment (CVDP002SMOK),76.33,60-79,Age group,0,3720.0,To March 2026,78.69,77.53,
E54000043,NHS Gloucestershire Integrated Care Board,Female,3930.0,,,CVDP002SMOK,"Patients with GP recorded CVD or CVD risk factors who are GP recorded current smokers, who have a record of an offer of support or treatment within the preceding 12 months.",Smoking: Current smokers offered support/treatment (CVDP002SMOK),77.01,60-79,Age group,0,3075.0,To March 2026,79.58,78.32,
E54000043,NHS Gloucestershire Integrated Care Board,Persons,8725.0,,,CVDP002SMOK,"Patients with GP recorded CVD or CVD risk factors who are GP recorded current smokers, who have a record of an offer of support or treatment within the preceding 12 months.",Smoking: Current smokers offered support/treatment (CVDP002SMOK),77.0,60-79,Age group,0,6795.0,To March 2026,78.74,77.88,
E54000043,NHS Gloucestershire Integrated Care Board,Male,545.0,,,CVDP002SMOK,"Patients with GP recorded CVD or CVD risk factors who are GP recorded current smokers, who have a record of an offer of support or treatment within the preceding 12 months.",Smoking: Current smokers offered support/treatment (CVDP002SMOK),70.49,80+,Age group,0,405.0,To March 2026,77.78,74.36,
E54000043,NHS Gloucestershire Integrated Care Board,Female,585.0,,,CVDP002SMOK,"Patients with GP recorded CVD or CVD risk factors who are GP recorded current smokers, who have a record of an offer of support or treatment within the preceding 12 months.",Smoking: Current smokers offered support/treatment (CVDP002SMOK),71.94,80+,Age group,0,440.0,To March 2026,78.74,75.56,
E54000043,NHS Gloucestershire Integrated Care Board,Persons,1130.0,,,CVDP002SMOK,"Patients with GP recorded CVD or CVD risk factors who are GP recorded current smokers, who have a record of an offer of support or treatment within the preceding 12 months.",Smoking: Current smokers offered support/treatment (CVDP002SMOK),72.4,80+,Age group,0,850.0,To March 2026,77.43,74.98,
E54000043,NHS Gloucestershire Integrated Care Board,Persons,2920.0,,,CVDP002SMOK,"Patients with GP recorded CVD or CVD risk factors who are GP recorded current smokers, who have a record of an offer of support or treatment within the preceding 12 months.",Smoking: Current smokers offered support/treatment (CVDP002SMOK),78.75,1 - most deprived,Deprivation quintile,0,2340.0,To March 2026,81.62,80.23,
E54000043,NHS Gloucestershire Integrated Care Board,Persons,3005.0,,,CVDP002SMOK,"Patients with GP recorded CVD or CVD risk factors who are GP recorded current smokers, who have a record of an offer of support or treatment within the preceding 12 months.",Smoking: Current smokers offered support/treatment (CVDP002SMOK),73.94,2,Deprivation quintile,0,2270.0,To March 2026,77.0,75.52,
E54000043,NHS Gloucestershire Integrated Care Board,Persons,4630.0,,,CVDP002SMOK,"Patients with GP recorded CVD or CVD risk factors who are GP recorded current smokers, who have a record of an offer of support or treatment within the preceding 12 months.",Smoking: Current smokers offered support/treatment (CVDP002SMOK),73.89,3,Deprivation quintile,0,3480.0,To March 2026,76.37,75.15,
E54000043,NHS Gloucestershire Integrated Care Board,Persons,4255.0,,,CVDP002SMOK,"Patients with GP recorded CVD or CVD risk factors who are GP recorded current smokers, who have a record of an offer of support or treatment within the preceding 12 months.",Smoking: Current smokers offered support/treatment (CVDP002SMOK),74.1,4,Deprivation quintile,0,3210.0,To March 2026,76.68,75.42,
E54000043,NHS Gloucestershire Integrated Care Board,Persons,3660.0,,,CVDP002SMOK,"Patients with GP recorded CVD or CVD risk factors who are GP recorded current smokers, who have a record of an offer of support or treatment within the preceding 12 months.",Smoking: Current smokers offered support/treatment (CVDP002SMOK),70.19,5 - least deprived,Deprivation quintile,0,2625.0,To March 2026,73.08,71.67,
E54000043,NHS Gloucestershire Integrated Care Board,Persons,425.0,,,CVDP002SMOK,"Patients with GP recorded CVD or CVD risk factors who are GP recorded current smokers, who have a record of an offer of support or treatment within the preceding 12 months.",Smoking: Current smokers offered support/treatment (CVDP002SMOK),66.04,Asian,Ethnicity,0,300.0,To March 2026,74.47,70.52,
E54000043,NHS Gloucestershire Integrated Care Board,Persons,320.0,,,CVDP002SMOK,"Patients with GP recorded CVD or CVD risk factors who are GP recorded current smokers, who have a record of an offer of support or treatment within the preceding 12 months.",Smoking: Current smokers offered support/treatment (CVDP002SMOK),68.73,Black,Ethnicity,0,235.0,To March 2026,78.33,73.75,
E54000043,NHS Gloucestershire Integrated Care Board,Persons,295.0,,,CVDP002SMOK,"Patients with GP recorded CVD or CVD risk factors who are GP recorded current smokers, who have a record of an offer of support or treatment within the preceding 12 months.",Smoking: Current smokers offered support/treatment (CVDP002SMOK),58.67,Missing,Ethnicity,0,190.0,To March 2026,69.33,64.31,
E54000043,NHS Gloucestershire Integrated Care Board,Persons,190.0,,,CVDP002SMOK,"Patients with GP recorded CVD or CVD risk factors who are GP recorded current smokers, who have a record of an offer of support or treatment within the preceding 12 months.",Smoking: Current smokers offered support/treatment (CVDP002SMOK),73.82,Mixed,Ethnicity,0,150.0,To March 2026,84.82,79.79,
E54000043,NHS Gloucestershire Integrated Care Board,Persons,705.0,,,CVDP002SMOK,"Patients with GP recorded CVD or CVD risk factors who are GP recorded current smokers, who have a record of an offer of support or treatment within the preceding 12 months.",Smoking: Current smokers offered support/treatment (CVDP002SMOK),62.66,Not stated,Ethnicity,0,465.0,To March 2026,69.59,66.19,
E54000043,NHS Gloucestershire Integrated Care Board,Persons,170.0,,,CVDP002SMOK,"Patients with GP recorded CVD or CVD risk factors who are GP recorded current smokers, who have a record of an offer of support or treatment within the preceding 12 months.",Smoking: Current smokers offered support/treatment (CVDP002SMOK),67.82,Other,Ethnicity,0,130.0,To March 2026,80.46,74.85,
E54000043,NHS Gloucestershire Integrated Care Board,Persons,16495.0,,,CVDP002SMOK,"Patients with GP recorded CVD or CVD risk factors who are GP recorded current smokers, who have a record of an offer of support or treatment within the preceding 12 months.",Smoking: Current smokers offered support/treatment (CVDP002SMOK),75.56,White,Ethnicity,0,12575.0,To March 2026,76.86,76.22,
E54000043,NHS Gloucestershire Integrated Care Board,Persons,17930.0,,,CVDP002SMOK,"Patients with GP recorded CVD or CVD risk factors who are GP recorded current smokers, who have a record of an offer of support or treatment within the preceding 12 months.",Smoking: Current smokers offered support/treatment (CVDP002SMOK),74.54,People without SMI,Mental Health,0,13480.0,To March 2026,75.8,75.17,
E54000043,NHS Gloucestershire Integrated Care Board,Persons,670.0,,,CVDP002SMOK,"Patients with GP recorded CVD or CVD risk factors who are GP recorded current smokers, who have a record of an offer of support or treatment within the preceding 12 months.",Smoking: Current smokers offered support/treatment (CVDP002SMOK),81.37,People with SMI,Mental Health,0,565.0,To March 2026,86.89,84.28,
E54000043,NHS Gloucestershire Integrated Care Board,Persons,18455.0,,,CVDP002SMOK,"Patients with GP recorded CVD or CVD risk factors who are GP recorded current smokers, who have a record of an offer of support or treatment within the preceding 12 months.",Smoking: Current smokers offered support/treatment (CVDP002SMOK),74.8,People without a diagnosed learning disability,Learning Disability,0,13920.0,To March 2026,76.04,75.43,
E54000043,NHS Gloucestershire Integrated Care Board,Persons,145.0,,,CVDP002SMOK,"Patients with GP recorded CVD or CVD risk factors who are GP recorded current smokers, who have a record of an offer of support or treatment within the preceding 12 months.",Smoking: Current smokers offered support/treatment (CVDP002SMOK),78.38,People with a diagnosed learning disability,Learning Disability,0,125.0,To March 2026,89.86,84.83,
E54000057,NHS Greater Manchester Integrated Care Board,Persons,96790.0,,,CVDP002SMOK,"Patients with GP recorded CVD or CVD risk factors who are GP recorded current smokers, who have a record of an offer of support or treatment within the preceding 12 months.",Smoking: Current smokers offered support/treatment (CVDP002SMOK),77.77,Persons,Sex,0,75525.0,To March 2026,78.29,78.03,
E54000057,NHS Greater Manchester Integrated Care Board,Female,39425.0,,,CVDP002SMOK,"Patients with GP recorded CVD or CVD risk factors who are GP recorded current smokers, who have a record of an offer of support or treatment within the preceding 12 months.",Smoking: Current smokers offered support/treatment (CVDP002SMOK),78.8,Female,Sex,0,31225.0,To March 2026,79.6,79.2,
E54000057,NHS Greater Manchester Integrated Care Board,Male,57365.0,,,CVDP002SMOK,"Patients with GP recorded CVD or CVD risk factors who are GP recorded current smokers, who have a record of an offer of support or treatment within the preceding 12 months.",Smoking: Current smokers offered support/treatment (CVDP002SMOK),76.88,Male,Sex,0,44300.0,To March 2026,77.57,77.23,
E54000057,NHS Greater Manchester Integrated Care Board,Male,4175.0,,,CVDP002SMOK,"Patients with GP recorded CVD or CVD risk factors who are GP recorded current smokers, who have a record of an offer of support or treatment within the preceding 12 months.",Smoking: Current smokers offered support/treatment (CVDP002SMOK),66.59,18-39,Age group,0,2840.0,To March 2026,69.42,68.03,
E54000057,NHS Greater Manchester Integrated Care Board,Female,2480.0,,,CVDP002SMOK,"Patients with GP recorded CVD or CVD risk factors who are GP recorded current smokers, who have a record of an offer of support or treatment within the preceding 12 months.",Smoking: Current smokers offered support/treatment (CVDP002SMOK),68.52,18-39,Age group,0,1745.0,To March 2026,72.1,70.33,
E54000057,NHS Greater Manchester Integrated Care Board,Persons,6655.0,,,CVDP002SMOK,"Patients with GP recorded CVD or CVD risk factors who are GP recorded current smokers, who have a record of an offer of support or treatment within the preceding 12 months.",Smoking: Current smokers offered support/treatment (CVDP002SMOK),67.76,18-39,Age group,0,4585.0,To March 2026,69.99,68.89,
E54000057,NHS Greater Manchester Integrated Care Board,Male,25820.0,,,CVDP002SMOK,"Patients with GP recorded CVD or CVD risk factors who are GP recorded current smokers, who have a record of an offer of support or treatment within the preceding 12 months.",Smoking: Current smokers offered support/treatment (CVDP002SMOK),74.3,40-59,Age group,0,19325.0,To March 2026,75.36,74.83,
E54000057,NHS Greater Manchester Integrated Care Board,Female,14850.0,,,CVDP002SMOK,"Patients with GP recorded CVD or CVD risk factors who are GP recorded current smokers, who have a record of an offer of support or treatment within the preceding 12 months.",Smoking: Current smokers offered support/treatment (CVDP002SMOK),76.9,40-59,Age group,0,11520.0,To March 2026,78.23,77.57,
E54000057,NHS Greater Manchester Integrated Care Board,Persons,40675.0,,,CVDP002SMOK,"Patients with GP recorded CVD or CVD risk factors who are GP recorded current smokers, who have a record of an offer of support or treatment within the preceding 12 months.",Smoking: Current smokers offered support/treatment (CVDP002SMOK),75.41,40-59,Age group,0,30845.0,To March 2026,76.24,75.83,
E54000057,NHS Greater Manchester Integrated Care Board,Male,25115.0,,,CVDP002SMOK,"Patients with GP recorded CVD or CVD risk factors who are GP recorded current smokers, who have a record of an offer of support or treatment within the preceding 12 months.",Smoking: Current smokers offered support/treatment (CVDP002SMOK),80.58,60-79,Age group,0,20360.0,To March 2026,81.55,81.07,
E54000057,NHS Greater Manchester Integrated Care Board,Female,19390.0,,,CVDP002SMOK,"Patients with GP recorded CVD or CVD risk factors who are GP recorded current smokers, who have a record of an offer of support or treatment within the preceding 12 months.",Smoking: Current smokers offered support/treatment (CVDP002SMOK),81.21,60-79,Age group,0,15855.0,To March 2026,82.29,81.76,
E54000057,NHS Greater Manchester Integrated Care Board,Persons,44505.0,,,CVDP002SMOK,"Patients with GP recorded CVD or CVD risk factors who are GP recorded current smokers, who have a record of an offer of support or treatment within the preceding 12 months.",Smoking: Current smokers offered support/treatment (CVDP002SMOK),81.0,60-79,Age group,0,36215.0,To March 2026,81.73,81.37,
E54000057,NHS Greater Manchester Integrated Care Board,Male,2255.0,,,CVDP002SMOK,"Patients with GP recorded CVD or CVD risk factors who are GP recorded current smokers, who have a record of an offer of support or treatment within the preceding 12 months.",Smoking: Current smokers offered support/treatment (CVDP002SMOK),77.1,80+,Age group,0,1780.0,To March 2026,80.47,78.85,
E54000057,NHS Greater Manchester Integrated Care Board,Female,2705.0,,,CVDP002SMOK,"Patients with GP recorded CVD or CVD risk factors who are GP recorded current smokers, who have a record of an offer of support or treatment within the preceding 12 months.",Smoking: Current smokers offered support/treatment (CVDP002SMOK),76.39,80+,Age group,0,2110.0,To March 2026,79.49,77.99,
E54000057,NHS Greater Manchester Integrated Care Board,Persons,4960.0,,,CVDP002SMOK,"Patients with GP recorded CVD or CVD risk factors who are GP recorded current smokers, who have a record of an offer of support or treatment within the preceding 12 months.",Smoking: Current smokers offered support/treatment (CVDP002SMOK),77.22,80+,Age group,0,3885.0,To March 2026,79.5,78.38,
E54000057,NHS Greater Manchester Integrated Care Board,Persons,54490.0,,,CVDP002SMOK,"Patients with GP recorded CVD or CVD risk factors who are GP recorded current smokers, who have a record of an offer of support or treatment within the preceding 12 months.",Smoking: Current smokers offered support/treatment (CVDP002SMOK),78.41,1 - most deprived,Deprivation quintile,0,42915.0,To March 2026,79.09,78.75,
E54000057,NHS Greater Manchester Integrated Care Board,Persons,19430.0,,,CVDP002SMOK,"Patients with GP recorded CVD or CVD risk factors who are GP recorded current smokers, who have a record of an offer of support or treatment within the preceding 12 months.",Smoking: Current smokers offered support/treatment (CVDP002SMOK),76.98,2,Deprivation quintile,0,15070.0,To March 2026,78.14,77.56,
E54000057,NHS Greater Manchester Integrated Care Board,Persons,9875.0,,,CVDP002SMOK,"Patients with GP recorded CVD or CVD risk factors who are GP recorded current smokers, who have a record of an offer of support or treatment within the preceding 12 months.",Smoking: Current smokers offered support/treatment (CVDP002SMOK),75.91,3,Deprivation quintile,0,7580.0,To March 2026,77.57,76.76,
E54000057,NHS Greater Manchester Integrated Care Board,Persons,7995.0,,,CVDP002SMOK,"Patients with GP recorded CVD or CVD risk factors who are GP recorded current smokers, who have a record of an offer of support or treatment within the preceding 12 months.",Smoking: Current smokers offered support/treatment (CVDP002SMOK),75.61,4,Deprivation quintile,0,6120.0,To March 2026,77.46,76.55,
E54000057,NHS Greater Manchester Integrated Care Board,Persons,4695.0,,,CVDP002SMOK,"Patients with GP recorded CVD or CVD risk factors who are GP recorded current smokers, who have a record of an offer of support or treatment within the preceding 12 months.",Smoking: Current smokers offered support/treatment (CVDP002SMOK),75.68,5 - least deprived,Deprivation quintile,0,3610.0,To March 2026,78.09,76.9,
E54000057,NHS Greater Manchester Integrated Care Board,Persons,9965.0,,,CVDP002SMOK,"Patients with GP recorded CVD or CVD risk factors who are GP recorded current smokers, who have a record of an offer of support or treatment within the preceding 12 months.",Smoking: Current smokers offered support/treatment (CVDP002SMOK),75.85,Asian,Ethnicity,0,7640.0,To March 2026,77.51,76.69,
E54000057,NHS Greater Manchester Integrated Care Board,Persons,2535.0,,,CVDP002SMOK,"Patients with GP recorded CVD or CVD risk factors who are GP recorded current smokers, who have a record of an offer of support or treatment within the preceding 12 months.",Smoking: Current smokers offered support/treatment (CVDP002SMOK),73.59,Black,Ethnicity,0,1910.0,To March 2026,76.94,75.3,
E54000057,NHS Greater Manchester Integrated Care Board,Persons,1045.0,,,CVDP002SMOK,"Patients with GP recorded CVD or CVD risk factors who are GP recorded current smokers, who have a record of an offer of support or treatment within the preceding 12 months.",Smoking: Current smokers offered support/treatment (CVDP002SMOK),66.03,Missing,Ethnicity,0,720.0,To March 2026,71.56,68.9,
E54000057,NHS Greater Manchester Integrated Care Board,Persons,1330.0,,,CVDP002SMOK,"Patients with GP recorded CVD or CVD risk factors who are GP recorded current smokers, who have a record of an offer of support or treatment within the preceding 12 months.",Smoking: Current smokers offered support/treatment (CVDP002SMOK),72.71,Mixed,Ethnicity,0,1000.0,To March 2026,77.29,75.06,
E54000057,NHS Greater Manchester Integrated Care Board,Persons,3005.0,,,CVDP002SMOK,"Patients with GP recorded CVD or CVD risk factors who are GP recorded current smokers, who have a record of an offer of support or treatment within the preceding 12 months.",Smoking: Current smokers offered support/treatment (CVDP002SMOK),68.0,Not stated,Ethnicity,0,2090.0,To March 2026,71.26,69.66,
E54000057,NHS Greater Manchester Integrated Care Board,Persons,2010.0,,,CVDP002SMOK,"Patients with GP recorded CVD or CVD risk factors who are GP recorded current smokers, who have a record of an offer of support or treatment within the preceding 12 months.",Smoking: Current smokers offered support/treatment (CVDP002SMOK),75.68,Other,Ethnicity,0,1555.0,To March 2026,79.31,77.54,
E54000057,NHS Greater Manchester Integrated Care Board,Persons,76905.0,,,CVDP002SMOK,"Patients with GP recorded CVD or CVD risk factors who are GP recorded current smokers, who have a record of an offer of support or treatment within the preceding 12 months.",Smoking: Current smokers offered support/treatment (CVDP002SMOK),78.52,White,Ethnicity,0,60610.0,To March 2026,79.1,78.81,
E54000057,NHS Greater Manchester Integrated Care Board,Persons,91765.0,,,CVDP002SMOK,"Patients with GP recorded CVD or CVD risk factors who are GP recorded current smokers, who have a record of an offer of support or treatment within the preceding 12 months.",Smoking: Current smokers offered support/treatment (CVDP002SMOK),77.41,People without SMI,Mental Health,0,71285.0,To March 2026,77.95,77.68,
E54000057,NHS Greater Manchester Integrated Care Board,Persons,5030.0,,,CVDP002SMOK,"Patients with GP recorded CVD or CVD risk factors who are GP recorded current smokers, who have a record of an offer of support or treatment within the preceding 12 months.",Smoking: Current smokers offered support/treatment (CVDP002SMOK),83.36,People with SMI,Mental Health,0,4245.0,To March 2026,85.35,84.39,
E54000057,NHS Greater Manchester Integrated Care Board,Persons,96215.0,,,CVDP002SMOK,"Patients with GP recorded CVD or CVD risk factors who are GP recorded current smokers, who have a record of an offer of support or treatment within the preceding 12 months.",Smoking: Current smokers offered support/treatment (CVDP002SMOK),77.72,People without a diagnosed learning disability,Learning Disability,0,75030.0,To March 2026,78.24,77.98,
E54000057,NHS Greater Manchester Integrated Care Board,Persons,575.0,,,CVDP002SMOK,"Patients with GP recorded CVD or CVD risk factors who are GP recorded current smokers, who have a record of an offer of support or treatment within the preceding 12 months.",Smoking: Current smokers offered support/treatment (CVDP002SMOK),83.04,People with a diagnosed learning disability,Learning Disability,0,495.0,To March 2026,88.58,86.09,
E54000042,Nhs Hampshire And Isle Of Wight Integrated Care Board,Persons,44800.0,,,CVDP002SMOK,"Patients with GP recorded CVD or CVD risk factors who are GP recorded current smokers, who have a record of an offer of support or treatment within the preceding 12 months.",Smoking: Current smokers offered support/treatment (CVDP002SMOK),78.34,Persons,Sex,0,35265.0,To March 2026,79.1,78.72,
E54000042,Nhs Hampshire And Isle Of Wight Integrated Care Board,Female,19170.0,,,CVDP002SMOK,"Patients with GP recorded CVD or CVD risk factors who are GP recorded current smokers, who have a record of an offer of support or treatment within the preceding 12 months.",Smoking: Current smokers offered support/treatment (CVDP002SMOK),79.65,Female,Sex,0,15380.0,To March 2026,80.78,80.22,
E54000042,Nhs Hampshire And Isle Of Wight Integrated Care Board,Male,25625.0,,,CVDP002SMOK,"Patients with GP recorded CVD or CVD risk factors who are GP recorded current smokers, who have a record of an offer of support or treatment within the preceding 12 months.",Smoking: Current smokers offered support/treatment (CVDP002SMOK),77.09,Male,Sex,0,19885.0,To March 2026,78.11,77.6,
E54000042,Nhs Hampshire And Isle Of Wight Integrated Care Board,Male,1410.0,,,CVDP002SMOK,"Patients with GP recorded CVD or CVD risk factors who are GP recorded current smokers, who have a record of an offer of support or treatment within the preceding 12 months.",Smoking: Current smokers offered support/treatment (CVDP002SMOK),69.53,18-39,Age group,0,1015.0,To March 2026,74.2,71.95,
E54000042,Nhs Hampshire And Isle Of Wight Integrated Care Board,Female,1105.0,,,CVDP002SMOK,"Patients with GP recorded CVD or CVD risk factors who are GP recorded current smokers, who have a record of an offer of support or treatment within the preceding 12 months.",Smoking: Current smokers offered support/treatment (CVDP002SMOK),75.95,18-39,Age group,0,870.0,To March 2026,80.72,78.41,
E54000042,Nhs Hampshire And Isle Of Wight Integrated Care Board,Persons,2515.0,,,CVDP002SMOK,"Patients with GP recorded CVD or CVD risk factors who are GP recorded current smokers, who have a record of an offer of support or treatment within the preceding 12 months.",Smoking: Current smokers offered support/treatment (CVDP002SMOK),73.07,18-39,Age group,0,1880.0,To March 2026,76.45,74.79,
E54000042,Nhs Hampshire And Isle Of Wight Integrated Care Board,Male,9970.0,,,CVDP002SMOK,"Patients with GP recorded CVD or CVD risk factors who are GP recorded current smokers, who have a record of an offer of support or treatment within the preceding 12 months.",Smoking: Current smokers offered support/treatment (CVDP002SMOK),76.15,40-59,Age group,0,7675.0,To March 2026,77.8,76.99,
E54000042,Nhs Hampshire And Isle Of Wight Integrated Care Board,Female,6720.0,,,CVDP002SMOK,"Patients with GP recorded CVD or CVD risk factors who are GP recorded current smokers, who have a record of an offer of support or treatment within the preceding 12 months.",Smoking: Current smokers offered support/treatment (CVDP002SMOK),80.2,40-59,Age group,0,5450.0,To March 2026,82.06,81.14,
E54000042,Nhs Hampshire And Isle Of Wight Integrated Care Board,Persons,16685.0,,,CVDP002SMOK,"Patients with GP recorded CVD or CVD risk factors who are GP recorded current smokers, who have a record of an offer of support or treatment within the preceding 12 months.",Smoking: Current smokers offered support/treatment (CVDP002SMOK),78.03,40-59,Age group,0,13125.0,To March 2026,79.28,78.66,
E54000042,Nhs Hampshire And Isle Of Wight Integrated Care Board,Male,12745.0,,,CVDP002SMOK,"Patients with GP recorded CVD or CVD risk factors who are GP recorded current smokers, who have a record of an offer of support or treatment within the preceding 12 months.",Smoking: Current smokers offered support/treatment (CVDP002SMOK),78.83,60-79,Age group,0,10135.0,To March 2026,80.23,79.54,
E54000042,Nhs Hampshire And Isle Of Wight Integrated Care Board,Female,9725.0,,,CVDP002SMOK,"Patients with GP recorded CVD or CVD risk factors who are GP recorded current smokers, who have a record of an offer of support or treatment within the preceding 12 months.",Smoking: Current smokers offered support/treatment (CVDP002SMOK),80.34,60-79,Age group,0,7890.0,To March 2026,81.9,81.13,
E54000042,Nhs Hampshire And Isle Of Wight Integrated Care Board,Persons,22470.0,,,CVDP002SMOK,"Patients with GP recorded CVD or CVD risk factors who are GP recorded current smokers, who have a record of an offer of support or treatment within the preceding 12 months.",Smoking: Current smokers offered support/treatment (CVDP002SMOK),79.7,60-79,Age group,0,18025.0,To March 2026,80.74,80.23,
E54000042,Nhs Hampshire And Isle Of Wight Integrated Care Board,Male,1505.0,,,CVDP002SMOK,"Patients with GP recorded CVD or CVD risk factors who are GP recorded current smokers, who have a record of an offer of support or treatment within the preceding 12 months.",Smoking: Current smokers offered support/treatment (CVDP002SMOK),68.19,80+,Age group,0,1060.0,To March 2026,72.76,70.52,
E54000042,Nhs Hampshire And Isle Of Wight Integrated Care Board,Female,1620.0,,,CVDP002SMOK,"Patients with GP recorded CVD or CVD risk factors who are GP recorded current smokers, who have a record of an offer of support or treatment within the preceding 12 months.",Smoking: Current smokers offered support/treatment (CVDP002SMOK),69.97,80+,Age group,0,1170.0,To March 2026,74.28,72.19,
E54000042,Nhs Hampshire And Isle Of Wight Integrated Care Board,Persons,3130.0,,,CVDP002SMOK,"Patients with GP recorded CVD or CVD risk factors who are GP recorded current smokers, who have a record of an offer of support or treatment within the preceding 12 months.",Smoking: Current smokers offered support/treatment (CVDP002SMOK),69.79,80+,Age group,0,2235.0,To March 2026,72.95,71.39,
E54000042,Nhs Hampshire And Isle Of Wight Integrated Care Board,Persons,8870.0,,,CVDP002SMOK,"Patients with GP recorded CVD or CVD risk factors who are GP recorded current smokers, who have a record of an offer of support or treatment within the preceding 12 months.",Smoking: Current smokers offered support/treatment (CVDP002SMOK),78.41,1 - most deprived,Deprivation quintile,0,7030.0,To March 2026,80.09,79.26,
E54000042,Nhs Hampshire And Isle Of Wight Integrated Care Board,Persons,11180.0,,,CVDP002SMOK,"Patients with GP recorded CVD or CVD risk factors who are GP recorded current smokers, who have a record of an offer of support or treatment within the preceding 12 months.",Smoking: Current smokers offered support/treatment (CVDP002SMOK),79.51,2,Deprivation quintile,0,8975.0,To March 2026,80.99,80.26,
E54000042,Nhs Hampshire And Isle Of Wight Integrated Care Board,Persons,8750.0,,,CVDP002SMOK,"Patients with GP recorded CVD or CVD risk factors who are GP recorded current smokers, who have a record of an offer of support or treatment within the preceding 12 months.",Smoking: Current smokers offered support/treatment (CVDP002SMOK),78.06,3,Deprivation quintile,0,6905.0,To March 2026,79.76,78.92,
E54000042,Nhs Hampshire And Isle Of Wight Integrated Care Board,Persons,8255.0,,,CVDP002SMOK,"Patients with GP recorded CVD or CVD risk factors who are GP recorded current smokers, who have a record of an offer of support or treatment within the preceding 12 months.",Smoking: Current smokers offered support/treatment (CVDP002SMOK),76.36,4,Deprivation quintile,0,6375.0,To March 2026,78.16,77.27,
E54000042,Nhs Hampshire And Isle Of Wight Integrated Care Board,Persons,7885.0,,,CVDP002SMOK,"Patients with GP recorded CVD or CVD risk factors who are GP recorded current smokers, who have a record of an offer of support or treatment within the preceding 12 months.",Smoking: Current smokers offered support/treatment (CVDP002SMOK),75.89,5 - least deprived,Deprivation quintile,0,6060.0,To March 2026,77.74,76.84,
E54000042,Nhs Hampshire And Isle Of Wight Integrated Care Board,Persons,1205.0,,,CVDP002SMOK,"Patients with GP recorded CVD or CVD risk factors who are GP recorded current smokers, who have a record of an offer of support or treatment within the preceding 12 months.",Smoking: Current smokers offered support/treatment (CVDP002SMOK),74.96,Asian,Ethnicity,0,935.0,To March 2026,79.67,77.38,
E54000042,Nhs Hampshire And Isle Of Wight Integrated Care Board,Persons,385.0,,,CVDP002SMOK,"Patients with GP recorded CVD or CVD risk factors who are GP recorded current smokers, who have a record of an offer of support or treatment within the preceding 12 months.",Smoking: Current smokers offered support/treatment (CVDP002SMOK),65.54,Black,Ethnicity,0,270.0,To March 2026,74.61,70.23,
E54000042,Nhs Hampshire And Isle Of Wight Integrated Care Board,Persons,940.0,,,CVDP002SMOK,"Patients with GP recorded CVD or CVD risk factors who are GP recorded current smokers, who have a record of an offer of support or treatment within the preceding 12 months.",Smoking: Current smokers offered support/treatment (CVDP002SMOK),67.38,Missing,Ethnicity,0,660.0,To March 2026,73.11,70.36,
E54000042,Nhs Hampshire And Isle Of Wight Integrated Care Board,Persons,365.0,,,CVDP002SMOK,"Patients with GP recorded CVD or CVD risk factors who are GP recorded current smokers, who have a record of an offer of support or treatment within the preceding 12 months.",Smoking: Current smokers offered support/treatment (CVDP002SMOK),70.65,Mixed,Ethnicity,0,275.0,To March 2026,79.35,75.34,
E54000042,Nhs Hampshire And Isle Of Wight Integrated Care Board,Persons,2890.0,,,CVDP002SMOK,"Patients with GP recorded CVD or CVD risk factors who are GP recorded current smokers, who have a record of an offer of support or treatment within the preceding 12 months.",Smoking: Current smokers offered support/treatment (CVDP002SMOK),71.55,Not stated,Ethnicity,0,2115.0,To March 2026,74.77,73.18,
E54000042,Nhs Hampshire And Isle Of Wight Integrated Care Board,Persons,430.0,,,CVDP002SMOK,"Patients with GP recorded CVD or CVD risk factors who are GP recorded current smokers, who have a record of an offer of support or treatment within the preceding 12 months.",Smoking: Current smokers offered support/treatment (CVDP002SMOK),72.16,Other,Ethnicity,0,325.0,To March 2026,80.05,76.4,
E54000042,Nhs Hampshire And Isle Of Wight Integrated Care Board,Persons,38585.0,,,CVDP002SMOK,"Patients with GP recorded CVD or CVD risk factors who are GP recorded current smokers, who have a record of an offer of support or treatment within the preceding 12 months.",Smoking: Current smokers offered support/treatment (CVDP002SMOK),79.12,White,Ethnicity,0,30685.0,To March 2026,79.92,79.52,
E54000042,Nhs Hampshire And Isle Of Wight Integrated Care Board,Persons,42895.0,,,CVDP002SMOK,"Patients with GP recorded CVD or CVD risk factors who are GP recorded current smokers, who have a record of an offer of support or treatment within the preceding 12 months.",Smoking: Current smokers offered support/treatment (CVDP002SMOK),78.1,People without SMI,Mental Health,0,33670.0,To March 2026,78.88,78.49,
E54000042,Nhs Hampshire And Isle Of Wight Integrated Care Board,Persons,1905.0,,,CVDP002SMOK,"Patients with GP recorded CVD or CVD risk factors who are GP recorded current smokers, who have a record of an offer of support or treatment within the preceding 12 months.",Smoking: Current smokers offered support/treatment (CVDP002SMOK),82.21,People with SMI,Mental Health,0,1595.0,To March 2026,85.47,83.92,
E54000042,Nhs Hampshire And Isle Of Wight Integrated Care Board,Persons,44570.0,,,CVDP002SMOK,"Patients with GP recorded CVD or CVD risk factors who are GP recorded current smokers, who have a record of an offer of support or treatment within the preceding 12 months.",Smoking: Current smokers offered support/treatment (CVDP002SMOK),78.29,People without a diagnosed learning disability,Learning Disability,0,35065.0,To March 2026,79.05,78.68,
E54000042,Nhs Hampshire And Isle Of Wight Integrated Care Board,Persons,225.0,,,CVDP002SMOK,"Patients with GP recorded CVD or CVD risk factors who are GP recorded current smokers, who have a record of an offer of support or treatment within the preceding 12 months.",Smoking: Current smokers offered support/treatment (CVDP002SMOK),83.04,People with a diagnosed learning disability,Learning Disability,0,200.0,To March 2026,91.3,87.67,
E54000019,NHS Herefordshire and Worcestershire Integrated Care Board,Persons,22640.0,,,CVDP002SMOK,"Patients with GP recorded CVD or CVD risk factors who are GP recorded current smokers, who have a record of an offer of support or treatment within the preceding 12 months.",Smoking: Current smokers offered support/treatment (CVDP002SMOK),72.99,Persons,Sex,0,16655.0,To March 2026,74.14,73.57,
E54000019,NHS Herefordshire and Worcestershire Integrated Care Board,Female,9560.0,,,CVDP002SMOK,"Patients with GP recorded CVD or CVD risk factors who are GP recorded current smokers, who have a record of an offer of support or treatment within the preceding 12 months.",Smoking: Current smokers offered support/treatment (CVDP002SMOK),74.45,Female,Sex,0,7200.0,To March 2026,76.17,75.32,
E54000019,NHS Herefordshire and Worcestershire Integrated Care Board,Male,13080.0,,,CVDP002SMOK,"Patients with GP recorded CVD or CVD risk factors who are GP recorded current smokers, who have a record of an offer of support or treatment within the preceding 12 months.",Smoking: Current smokers offered support/treatment (CVDP002SMOK),71.52,Male,Sex,0,9455.0,To March 2026,73.05,72.29,
E54000019,NHS Herefordshire and Worcestershire Integrated Care Board,Male,690.0,,,CVDP002SMOK,"Patients with GP recorded CVD or CVD risk factors who are GP recorded current smokers, who have a record of an offer of support or treatment within the preceding 12 months.",Smoking: Current smokers offered support/treatment (CVDP002SMOK),63.73,18-39,Age group,0,465.0,To March 2026,70.66,67.34,
E54000019,NHS Herefordshire and Worcestershire Integrated Care Board,Female,505.0,,,CVDP002SMOK,"Patients with GP recorded CVD or CVD risk factors who are GP recorded current smokers, who have a record of an offer of support or treatment within the preceding 12 months.",Smoking: Current smokers offered support/treatment (CVDP002SMOK),65.35,18-39,Age group,0,350.0,To March 2026,73.23,69.5,
E54000019,NHS Herefordshire and Worcestershire Integrated Care Board,Persons,1195.0,,,CVDP002SMOK,"Patients with GP recorded CVD or CVD risk factors who are GP recorded current smokers, who have a record of an offer of support or treatment within the preceding 12 months.",Smoking: Current smokers offered support/treatment (CVDP002SMOK),65.58,18-39,Age group,0,815.0,To March 2026,70.84,68.26,
E54000019,NHS Herefordshire and Worcestershire Integrated Care Board,Male,4955.0,,,CVDP002SMOK,"Patients with GP recorded CVD or CVD risk factors who are GP recorded current smokers, who have a record of an offer of support or treatment within the preceding 12 months.",Smoking: Current smokers offered support/treatment (CVDP002SMOK),68.86,40-59,Age group,0,3475.0,To March 2026,71.41,70.16,
E54000019,NHS Herefordshire and Worcestershire Integrated Care Board,Female,3165.0,,,CVDP002SMOK,"Patients with GP recorded CVD or CVD risk factors who are GP recorded current smokers, who have a record of an offer of support or treatment within the preceding 12 months.",Smoking: Current smokers offered support/treatment (CVDP002SMOK),73.59,40-59,Age group,0,2380.0,To March 2026,76.59,75.11,
E54000019,NHS Herefordshire and Worcestershire Integrated Care Board,Persons,8120.0,,,CVDP002SMOK,"Patients with GP recorded CVD or CVD risk factors who are GP recorded current smokers, who have a record of an offer of support or treatment within the preceding 12 months.",Smoking: Current smokers offered support/treatment (CVDP002SMOK),71.1,40-59,Age group,0,5855.0,To March 2026,73.05,72.09,
E54000019,NHS Herefordshire and Worcestershire Integrated Care Board,Male,6660.0,,,CVDP002SMOK,"Patients with GP recorded CVD or CVD risk factors who are GP recorded current smokers, who have a record of an offer of support or treatment within the preceding 12 months.",Smoking: Current smokers offered support/treatment (CVDP002SMOK),73.3,60-79,Age group,0,4950.0,To March 2026,75.38,74.35,
E54000019,NHS Herefordshire and Worcestershire Integrated Care Board,Female,5095.0,,,CVDP002SMOK,"Patients with GP recorded CVD or CVD risk factors who are GP recorded current smokers, who have a record of an offer of support or treatment within the preceding 12 months.",Smoking: Current smokers offered support/treatment (CVDP002SMOK),75.31,60-79,Age group,0,3900.0,To March 2026,77.62,76.49,
E54000019,NHS Herefordshire and Worcestershire Integrated Care Board,Persons,11755.0,,,CVDP002SMOK,"Patients with GP recorded CVD or CVD risk factors who are GP recorded current smokers, who have a record of an offer of support or treatment within the preceding 12 months.",Smoking: Current smokers offered support/treatment (CVDP002SMOK),74.49,60-79,Age group,0,8850.0,To March 2026,76.05,75.28,
E54000019,NHS Herefordshire and Worcestershire Integrated Care Board,Male,780.0,,,CVDP002SMOK,"Patients with GP recorded CVD or CVD risk factors who are GP recorded current smokers, who have a record of an offer of support or treatment within the preceding 12 months.",Smoking: Current smokers offered support/treatment (CVDP002SMOK),69.4,80+,Age group,0,565.0,To March 2026,75.54,72.62,
E54000019,NHS Herefordshire and Worcestershire Integrated Care Board,Female,790.0,,,CVDP002SMOK,"Patients with GP recorded CVD or CVD risk factors who are GP recorded current smokers, who have a record of an offer of support or treatment within the preceding 12 months.",Smoking: Current smokers offered support/treatment (CVDP002SMOK),69.14,80+,Age group,0,570.0,To March 2026,75.31,72.31,
E54000019,NHS Herefordshire and Worcestershire Integrated Care Board,Persons,1570.0,,,CVDP002SMOK,"Patients with GP recorded CVD or CVD risk factors who are GP recorded current smokers, who have a record of an offer of support or treatment within the preceding 12 months.",Smoking: Current smokers offered support/treatment (CVDP002SMOK),70.23,80+,Age group,0,1135.0,To March 2026,74.62,72.47,
E54000019,NHS Herefordshire and Worcestershire Integrated Care Board,Persons,4595.0,,,CVDP002SMOK,"Patients with GP recorded CVD or CVD risk factors who are GP recorded current smokers, who have a record of an offer of support or treatment within the preceding 12 months.",Smoking: Current smokers offered support/treatment (CVDP002SMOK),71.98,1 - most deprived,Deprivation quintile,0,3365.0,To March 2026,74.53,73.27,
E54000019,NHS Herefordshire and Worcestershire Integrated Care Board,Persons,4860.0,,,CVDP002SMOK,"Patients with GP recorded CVD or CVD risk factors who are GP recorded current smokers, who have a record of an offer of support or treatment within the preceding 12 months.",Smoking: Current smokers offered support/treatment (CVDP002SMOK),72.95,2,Deprivation quintile,0,3605.0,To March 2026,75.4,74.19,
E54000019,NHS Herefordshire and Worcestershire Integrated Care Board,Persons,6255.0,,,CVDP002SMOK,"Patients with GP recorded CVD or CVD risk factors who are GP recorded current smokers, who have a record of an offer of support or treatment within the preceding 12 months.",Smoking: Current smokers offered support/treatment (CVDP002SMOK),74.08,3,Deprivation quintile,0,4700.0,To March 2026,76.2,75.15,
E54000019,NHS Herefordshire and Worcestershire Integrated Care Board,Persons,4280.0,,,CVDP002SMOK,"Patients with GP recorded CVD or CVD risk factors who are GP recorded current smokers, who have a record of an offer of support or treatment within the preceding 12 months.",Smoking: Current smokers offered support/treatment (CVDP002SMOK),69.4,4,Deprivation quintile,0,3030.0,To March 2026,72.11,70.78,
E54000019,NHS Herefordshire and Worcestershire Integrated Care Board,Persons,2645.0,,,CVDP002SMOK,"Patients with GP recorded CVD or CVD risk factors who are GP recorded current smokers, who have a record of an offer of support or treatment within the preceding 12 months.",Smoking: Current smokers offered support/treatment (CVDP002SMOK),70.9,5 - least deprived,Deprivation quintile,0,1920.0,To March 2026,74.26,72.61,
E54000019,NHS Herefordshire and Worcestershire Integrated Care Board,Persons,450.0,,,CVDP002SMOK,"Patients with GP recorded CVD or CVD risk factors who are GP recorded current smokers, who have a record of an offer of support or treatment within the preceding 12 months.",Smoking: Current smokers offered support/treatment (CVDP002SMOK),64.1,Asian,Ethnicity,0,310.0,To March 2026,72.47,68.51,
E54000019,NHS Herefordshire and Worcestershire Integrated Care Board,Persons,125.0,,,CVDP002SMOK,"Patients with GP recorded CVD or CVD risk factors who are GP recorded current smokers, who have a record of an offer of support or treatment within the preceding 12 months.",Smoking: Current smokers offered support/treatment (CVDP002SMOK),66.67,Black,Ethnicity,0,95.0,To March 2026,81.4,74.6,
E54000019,NHS Herefordshire and Worcestershire Integrated Care Board,Persons,210.0,,,CVDP002SMOK,"Patients with GP recorded CVD or CVD risk factors who are GP recorded current smokers, who have a record of an offer of support or treatment within the preceding 12 months.",Smoking: Current smokers offered support/treatment (CVDP002SMOK),58.6,Missing,Ethnicity,0,140.0,To March 2026,71.16,65.09,
E54000019,NHS Herefordshire and Worcestershire Integrated Care Board,Persons,140.0,,,CVDP002SMOK,"Patients with GP recorded CVD or CVD risk factors who are GP recorded current smokers, who have a record of an offer of support or treatment within the preceding 12 months.",Smoking: Current smokers offered support/treatment (CVDP002SMOK),62.76,Mixed,Ethnicity,0,100.0,To March 2026,77.24,70.42,
E54000019,NHS Herefordshire and Worcestershire Integrated Care Board,Persons,695.0,,,CVDP002SMOK,"Patients with GP recorded CVD or CVD risk factors who are GP recorded current smokers, who have a record of an offer of support or treatment within the preceding 12 months.",Smoking: Current smokers offered support/treatment (CVDP002SMOK),60.29,Not stated,Ethnicity,0,445.0,To March 2026,67.29,63.85,
E54000019,NHS Herefordshire and Worcestershire Integrated Care Board,Persons,160.0,,,CVDP002SMOK,"Patients with GP recorded CVD or CVD risk factors who are GP recorded current smokers, who have a record of an offer of support or treatment within the preceding 12 months.",Smoking: Current smokers offered support/treatment (CVDP002SMOK),63.41,Other,Ethnicity,0,115.0,To March 2026,76.83,70.81,
E54000019,NHS Herefordshire and Worcestershire Integrated Care Board,Persons,20850.0,,,CVDP002SMOK,"Patients with GP recorded CVD or CVD risk factors who are GP recorded current smokers, who have a record of an offer of support or treatment within the preceding 12 months.",Smoking: Current smokers offered support/treatment (CVDP002SMOK),73.53,White,Ethnicity,0,15455.0,To March 2026,74.71,74.13,
E54000019,NHS Herefordshire and Worcestershire Integrated Care Board,Persons,21960.0,,,CVDP002SMOK,"Patients with GP recorded CVD or CVD risk factors who are GP recorded current smokers, who have a record of an offer of support or treatment within the preceding 12 months.",Smoking: Current smokers offered support/treatment (CVDP002SMOK),72.71,People without SMI,Mental Health,0,16095.0,To March 2026,73.88,73.29,
E54000019,NHS Herefordshire and Worcestershire Integrated Care Board,Persons,680.0,,,CVDP002SMOK,"Patients with GP recorded CVD or CVD risk factors who are GP recorded current smokers, who have a record of an offer of support or treatment within the preceding 12 months.",Smoking: Current smokers offered support/treatment (CVDP002SMOK),79.47,People with SMI,Mental Health,0,560.0,To March 2026,85.19,82.47,
E54000019,NHS Herefordshire and Worcestershire Integrated Care Board,Persons,22530.0,,,CVDP002SMOK,"Patients with GP recorded CVD or CVD risk factors who are GP recorded current smokers, who have a record of an offer of support or treatment within the preceding 12 months.",Smoking: Current smokers offered support/treatment (CVDP002SMOK),72.94,People without a diagnosed learning disability,Learning Disability,0,16565.0,To March 2026,74.09,73.52,
E54000019,NHS Herefordshire and Worcestershire Integrated Care Board,Persons,110.0,,,CVDP002SMOK,"Patients with GP recorded CVD or CVD risk factors who are GP recorded current smokers, who have a record of an offer of support or treatment within the preceding 12 months.",Smoking: Current smokers offered support/treatment (CVDP002SMOK),76.58,People with a diagnosed learning disability,Learning Disability,0,90.0,To March 2026,90.09,84.26,
E54000025,NHS Hertfordshire and West Essex Integrated Care Board,Persons,33860.0,,,CVDP002SMOK,"Patients with GP recorded CVD or CVD risk factors who are GP recorded current smokers, who have a record of an offer of support or treatment within the preceding 12 months.",Smoking: Current smokers offered support/treatment (CVDP002SMOK),74.24,Persons,Sex,0,25295.0,To March 2026,75.16,74.7,
E54000025,NHS Hertfordshire and West Essex Integrated Care Board,Female,13825.0,,,CVDP002SMOK,"Patients with GP recorded CVD or CVD risk factors who are GP recorded current smokers, who have a record of an offer of support or treatment within the preceding 12 months.",Smoking: Current smokers offered support/treatment (CVDP002SMOK),75.9,Female,Sex,0,10590.0,To March 2026,77.31,76.61,
E54000025,NHS Hertfordshire and West Essex Integrated Care Board,Male,20035.0,,,CVDP002SMOK,"Patients with GP recorded CVD or CVD risk factors who are GP recorded current smokers, who have a record of an offer of support or treatment within the preceding 12 months.",Smoking: Current smokers offered support/treatment (CVDP002SMOK),72.77,Male,Sex,0,14705.0,To March 2026,73.99,73.38,
E54000025,NHS Hertfordshire and West Essex Integrated Care Board,Male,1390.0,,,CVDP002SMOK,"Patients with GP recorded CVD or CVD risk factors who are GP recorded current smokers, who have a record of an offer of support or treatment within the preceding 12 months.",Smoking: Current smokers offered support/treatment (CVDP002SMOK),64.3,18-39,Age group,0,930.0,To March 2026,69.18,66.81,
E54000025,NHS Hertfordshire and West Essex Integrated Care Board,Female,795.0,,,CVDP002SMOK,"Patients with GP recorded CVD or CVD risk factors who are GP recorded current smokers, who have a record of an offer of support or treatment within the preceding 12 months.",Smoking: Current smokers offered support/treatment (CVDP002SMOK),70.13,18-39,Age group,0,585.0,To March 2026,76.25,73.27,
E54000025,NHS Hertfordshire and West Essex Integrated Care Board,Persons,2190.0,,,CVDP002SMOK,"Patients with GP recorded CVD or CVD risk factors who are GP recorded current smokers, who have a record of an offer of support or treatment within the preceding 12 months.",Smoking: Current smokers offered support/treatment (CVDP002SMOK),67.2,18-39,Age group,0,1515.0,To March 2026,71.03,69.16,
E54000025,NHS Hertfordshire and West Essex Integrated Care Board,Male,8600.0,,,CVDP002SMOK,"Patients with GP recorded CVD or CVD risk factors who are GP recorded current smokers, who have a record of an offer of support or treatment within the preceding 12 months.",Smoking: Current smokers offered support/treatment (CVDP002SMOK),70.32,40-59,Age group,0,6130.0,To March 2026,72.23,71.29,
E54000025,NHS Hertfordshire and West Essex Integrated Care Board,Female,5135.0,,,CVDP002SMOK,"Patients with GP recorded CVD or CVD risk factors who are GP recorded current smokers, who have a record of an offer of support or treatment within the preceding 12 months.",Smoking: Current smokers offered support/treatment (CVDP002SMOK),75.8,40-59,Age group,0,3950.0,To March 2026,78.1,76.98,
E54000025,NHS Hertfordshire and West Essex Integrated Care Board,Persons,13735.0,,,CVDP002SMOK,"Patients with GP recorded CVD or CVD risk factors who are GP recorded current smokers, who have a record of an offer of support or treatment within the preceding 12 months.",Smoking: Current smokers offered support/treatment (CVDP002SMOK),72.67,40-59,Age group,0,10080.0,To March 2026,74.14,73.41,
E54000025,NHS Hertfordshire and West Essex Integrated Care Board,Male,9025.0,,,CVDP002SMOK,"Patients with GP recorded CVD or CVD risk factors who are GP recorded current smokers, who have a record of an offer of support or treatment within the preceding 12 months.",Smoking: Current smokers offered support/treatment (CVDP002SMOK),75.61,60-79,Age group,0,6905.0,To March 2026,77.35,76.49,
E54000025,NHS Hertfordshire and West Essex Integrated Care Board,Female,6695.0,,,CVDP002SMOK,"Patients with GP recorded CVD or CVD risk factors who are GP recorded current smokers, who have a record of an offer of support or treatment within the preceding 12 months.",Smoking: Current smokers offered support/treatment (CVDP002SMOK),76.58,60-79,Age group,0,5195.0,To March 2026,78.56,77.58,
E54000025,NHS Hertfordshire and West Essex Integrated Care Board,Persons,15720.0,,,CVDP002SMOK,"Patients with GP recorded CVD or CVD risk factors who are GP recorded current smokers, who have a record of an offer of support or treatment within the preceding 12 months.",Smoking: Current smokers offered support/treatment (CVDP002SMOK),76.29,60-79,Age group,0,12100.0,To March 2026,77.61,76.95,
E54000025,NHS Hertfordshire and West Essex Integrated Care Board,Male,1020.0,,,CVDP002SMOK,"Patients with GP recorded CVD or CVD risk factors who are GP recorded current smokers, who have a record of an offer of support or treatment within the preceding 12 months.",Smoking: Current smokers offered support/treatment (CVDP002SMOK),69.79,80+,Age group,0,740.0,To March 2026,75.17,72.55,
E54000025,NHS Hertfordshire and West Essex Integrated Care Board,Female,1200.0,,,CVDP002SMOK,"Patients with GP recorded CVD or CVD risk factors who are GP recorded current smokers, who have a record of an offer of support or treatment within the preceding 12 months.",Smoking: Current smokers offered support/treatment (CVDP002SMOK),69.22,80+,Age group,0,860.0,To March 2026,74.29,71.81,
E54000025,NHS Hertfordshire and West Essex Integrated Care Board,Persons,2220.0,,,CVDP002SMOK,"Patients with GP recorded CVD or CVD risk factors who are GP recorded current smokers, who have a record of an offer of support or treatment within the preceding 12 months.",Smoking: Current smokers offered support/treatment (CVDP002SMOK),70.25,80+,Age group,0,1600.0,To March 2026,73.94,72.15,
E54000025,NHS Hertfordshire and West Essex Integrated Care Board,Persons,1125.0,,,CVDP002SMOK,"Patients with GP recorded CVD or CVD risk factors who are GP recorded current smokers, who have a record of an offer of support or treatment within the preceding 12 months.",Smoking: Current smokers offered support/treatment (CVDP002SMOK),74.8,1 - most deprived,Deprivation quintile,0,870.0,To March 2026,79.68,77.31,
E54000025,NHS Hertfordshire and West Essex Integrated Care Board,Persons,8050.0,,,CVDP002SMOK,"Patients with GP recorded CVD or CVD risk factors who are GP recorded current smokers, who have a record of an offer of support or treatment within the preceding 12 months.",Smoking: Current smokers offered support/treatment (CVDP002SMOK),76.93,2,Deprivation quintile,0,6265.0,To March 2026,78.74,77.85,
E54000025,NHS Hertfordshire and West Essex Integrated Care Board,Persons,10110.0,,,CVDP002SMOK,"Patients with GP recorded CVD or CVD risk factors who are GP recorded current smokers, who have a record of an offer of support or treatment within the preceding 12 months.",Smoking: Current smokers offered support/treatment (CVDP002SMOK),74.95,3,Deprivation quintile,0,7665.0,To March 2026,76.61,75.79,
E54000025,NHS Hertfordshire and West Essex Integrated Care Board,Persons,7135.0,,,CVDP002SMOK,"Patients with GP recorded CVD or CVD risk factors who are GP recorded current smokers, who have a record of an offer of support or treatment within the preceding 12 months.",Smoking: Current smokers offered support/treatment (CVDP002SMOK),71.99,4,Deprivation quintile,0,5210.0,To March 2026,74.03,73.03,
E54000025,NHS Hertfordshire and West Essex Integrated Care Board,Persons,7520.0,,,CVDP002SMOK,"Patients with GP recorded CVD or CVD risk factors who are GP recorded current smokers, who have a record of an offer of support or treatment within the preceding 12 months.",Smoking: Current smokers offered support/treatment (CVDP002SMOK),70.34,5 - least deprived,Deprivation quintile,0,5365.0,To March 2026,72.37,71.37,
E54000025,NHS Hertfordshire and West Essex Integrated Care Board,Persons,1985.0,,,CVDP002SMOK,"Patients with GP recorded CVD or CVD risk factors who are GP recorded current smokers, who have a record of an offer of support or treatment within the preceding 12 months.",Smoking: Current smokers offered support/treatment (CVDP002SMOK),69.8,Asian,Ethnicity,0,1425.0,To March 2026,73.73,71.82,
E54000025,NHS Hertfordshire and West Essex Integrated Care Board,Persons,845.0,,,CVDP002SMOK,"Patients with GP recorded CVD or CVD risk factors who are GP recorded current smokers, who have a record of an offer of support or treatment within the preceding 12 months.",Smoking: Current smokers offered support/treatment (CVDP002SMOK),68.63,Black,Ethnicity,0,605.0,To March 2026,74.65,71.72,
E54000025,NHS Hertfordshire and West Essex Integrated Care Board,Persons,705.0,,,CVDP002SMOK,"Patients with GP recorded CVD or CVD risk factors who are GP recorded current smokers, who have a record of an offer of support or treatment within the preceding 12 months.",Smoking: Current smokers offered support/treatment (CVDP002SMOK),57.46,Missing,Ethnicity,0,430.0,To March 2026,64.51,61.1,
E54000025,NHS Hertfordshire and West Essex Integrated Care Board,Persons,480.0,,,CVDP002SMOK,"Patients with GP recorded CVD or CVD risk factors who are GP recorded current smokers, who have a record of an offer of support or treatment within the preceding 12 months.",Smoking: Current smokers offered support/treatment (CVDP002SMOK),68.61,Mixed,Ethnicity,0,350.0,To March 2026,76.51,72.8,
E54000025,NHS Hertfordshire and West Essex Integrated Care Board,Persons,1640.0,,,CVDP002SMOK,"Patients with GP recorded CVD or CVD risk factors who are GP recorded current smokers, who have a record of an offer of support or treatment within the preceding 12 months.",Smoking: Current smokers offered support/treatment (CVDP002SMOK),71.48,Not stated,Ethnicity,0,1205.0,To March 2026,75.69,73.63,
E54000025,NHS Hertfordshire and West Essex Integrated Care Board,Persons,720.0,,,CVDP002SMOK,"Patients with GP recorded CVD or CVD risk factors who are GP recorded current smokers, who have a record of an offer of support or treatment within the preceding 12 months.",Smoking: Current smokers offered support/treatment (CVDP002SMOK),71.57,Other,Ethnicity,0,535.0,To March 2026,77.81,74.79,
E54000025,NHS Hertfordshire and West Essex Integrated Care Board,Persons,27490.0,,,CVDP002SMOK,"Patients with GP recorded CVD or CVD risk factors who are GP recorded current smokers, who have a record of an offer of support or treatment within the preceding 12 months.",Smoking: Current smokers offered support/treatment (CVDP002SMOK),74.93,White,Ethnicity,0,20740.0,To March 2026,75.95,75.44,
E54000025,NHS Hertfordshire and West Essex Integrated Care Board,Persons,32465.0,,,CVDP002SMOK,"Patients with GP recorded CVD or CVD risk factors who are GP recorded current smokers, who have a record of an offer of support or treatment within the preceding 12 months.",Smoking: Current smokers offered support/treatment (CVDP002SMOK),73.83,People without SMI,Mental Health,0,24125.0,To March 2026,74.78,74.31,
E54000025,NHS Hertfordshire and West Essex Integrated Care Board,Persons,1400.0,,,CVDP002SMOK,"Patients with GP recorded CVD or CVD risk factors who are GP recorded current smokers, who have a record of an offer of support or treatment within the preceding 12 months.",Smoking: Current smokers offered support/treatment (CVDP002SMOK),81.74,People with SMI,Mental Health,0,1170.0,To March 2026,85.59,83.77,
E54000025,NHS Hertfordshire and West Essex Integrated Care Board,Persons,33680.0,,,CVDP002SMOK,"Patients with GP recorded CVD or CVD risk factors who are GP recorded current smokers, who have a record of an offer of support or treatment within the preceding 12 months.",Smoking: Current smokers offered support/treatment (CVDP002SMOK),74.15,People without a diagnosed learning disability,Learning Disability,0,25130.0,To March 2026,75.08,74.61,
E54000025,NHS Hertfordshire and West Essex Integrated Care Board,Persons,180.0,,,CVDP002SMOK,"Patients with GP recorded CVD or CVD risk factors who are GP recorded current smokers, who have a record of an offer of support or treatment within the preceding 12 months.",Smoking: Current smokers offered support/treatment (CVDP002SMOK),85.87,People with a diagnosed learning disability,Learning Disability,0,165.0,To March 2026,94.02,90.61,
E54000051,NHS Humber and North Yorkshire Integrated Care Board,Persons,51360.0,,,CVDP002SMOK,"Patients with GP recorded CVD or CVD risk factors who are GP recorded current smokers, who have a record of an offer of support or treatment within the preceding 12 months.",Smoking: Current smokers offered support/treatment (CVDP002SMOK),75.19,Persons,Sex,0,38810.0,To March 2026,75.94,75.57,
E54000051,NHS Humber and North Yorkshire Integrated Care Board,Female,22695.0,,,CVDP002SMOK,"Patients with GP recorded CVD or CVD risk factors who are GP recorded current smokers, who have a record of an offer of support or treatment within the preceding 12 months.",Smoking: Current smokers offered support/treatment (CVDP002SMOK),76.39,Female,Sex,0,17465.0,To March 2026,77.48,76.94,
E54000051,NHS Humber and North Yorkshire Integrated Care Board,Male,28660.0,,,CVDP002SMOK,"Patients with GP recorded CVD or CVD risk factors who are GP recorded current smokers, who have a record of an offer of support or treatment within the preceding 12 months.",Smoking: Current smokers offered support/treatment (CVDP002SMOK),73.97,Male,Sex,0,21345.0,To March 2026,74.98,74.48,
E54000051,NHS Humber and North Yorkshire Integrated Care Board,Male,1655.0,,,CVDP002SMOK,"Patients with GP recorded CVD or CVD risk factors who are GP recorded current smokers, who have a record of an offer of support or treatment within the preceding 12 months.",Smoking: Current smokers offered support/treatment (CVDP002SMOK),66.08,18-39,Age group,0,1130.0,To March 2026,70.55,68.38,
E54000051,NHS Humber and North Yorkshire Integrated Care Board,Female,1255.0,,,CVDP002SMOK,"Patients with GP recorded CVD or CVD risk factors who are GP recorded current smokers, who have a record of an offer of support or treatment within the preceding 12 months.",Smoking: Current smokers offered support/treatment (CVDP002SMOK),71.59,18-39,Age group,0,930.0,To March 2026,76.43,74.07,
E54000051,NHS Humber and North Yorkshire Integrated Care Board,Persons,2910.0,,,CVDP002SMOK,"Patients with GP recorded CVD or CVD risk factors who are GP recorded current smokers, who have a record of an offer of support or treatment within the preceding 12 months.",Smoking: Current smokers offered support/treatment (CVDP002SMOK),69.15,18-39,Age group,0,2060.0,To March 2026,72.44,70.83,
E54000051,NHS Humber and North Yorkshire Integrated Care Board,Male,10700.0,,,CVDP002SMOK,"Patients with GP recorded CVD or CVD risk factors who are GP recorded current smokers, who have a record of an offer of support or treatment within the preceding 12 months.",Smoking: Current smokers offered support/treatment (CVDP002SMOK),73.35,40-59,Age group,0,7940.0,To March 2026,75.0,74.18,
E54000051,NHS Humber and North Yorkshire Integrated Care Board,Female,7560.0,,,CVDP002SMOK,"Patients with GP recorded CVD or CVD risk factors who are GP recorded current smokers, who have a record of an offer of support or treatment within the preceding 12 months.",Smoking: Current smokers offered support/treatment (CVDP002SMOK),77.93,40-59,Age group,0,5960.0,To March 2026,79.76,78.86,
E54000051,NHS Humber and North Yorkshire Integrated Care Board,Persons,18260.0,,,CVDP002SMOK,"Patients with GP recorded CVD or CVD risk factors who are GP recorded current smokers, who have a record of an offer of support or treatment within the preceding 12 months.",Smoking: Current smokers offered support/treatment (CVDP002SMOK),75.5,40-59,Age group,0,13900.0,To March 2026,76.73,76.12,
E54000051,NHS Humber and North Yorkshire Integrated Care Board,Male,14700.0,,,CVDP002SMOK,"Patients with GP recorded CVD or CVD risk factors who are GP recorded current smokers, who have a record of an offer of support or treatment within the preceding 12 months.",Smoking: Current smokers offered support/treatment (CVDP002SMOK),74.73,60-79,Age group,0,11090.0,To March 2026,76.12,75.43,
E54000051,NHS Humber and North Yorkshire Integrated Care Board,Female,11960.0,,,CVDP002SMOK,"Patients with GP recorded CVD or CVD risk factors who are GP recorded current smokers, who have a record of an offer of support or treatment within the preceding 12 months.",Smoking: Current smokers offered support/treatment (CVDP002SMOK),76.18,60-79,Age group,0,9205.0,To March 2026,77.68,76.94,
E54000051,NHS Humber and North Yorkshire Integrated Care Board,Persons,26660.0,,,CVDP002SMOK,"Patients with GP recorded CVD or CVD risk factors who are GP recorded current smokers, who have a record of an offer of support or treatment within the preceding 12 months.",Smoking: Current smokers offered support/treatment (CVDP002SMOK),75.6,60-79,Age group,0,20290.0,To March 2026,76.62,76.11,
E54000051,NHS Humber and North Yorkshire Integrated Care Board,Male,1605.0,,,CVDP002SMOK,"Patients with GP recorded CVD or CVD risk factors who are GP recorded current smokers, who have a record of an offer of support or treatment within the preceding 12 months.",Smoking: Current smokers offered support/treatment (CVDP002SMOK),71.8,80+,Age group,0,1190.0,To March 2026,76.09,73.99,
E54000051,NHS Humber and North Yorkshire Integrated Care Board,Female,1920.0,,,CVDP002SMOK,"Patients with GP recorded CVD or CVD risk factors who are GP recorded current smokers, who have a record of an offer of support or treatment within the preceding 12 months.",Smoking: Current smokers offered support/treatment (CVDP002SMOK),69.23,80+,Age group,0,1370.0,To March 2026,73.23,71.26,
E54000051,NHS Humber and North Yorkshire Integrated Care Board,Persons,3530.0,,,CVDP002SMOK,"Patients with GP recorded CVD or CVD risk factors who are GP recorded current smokers, who have a record of an offer of support or treatment within the preceding 12 months.",Smoking: Current smokers offered support/treatment (CVDP002SMOK),71.0,80+,Age group,0,2560.0,To March 2026,73.95,72.51,
E54000051,NHS Humber and North Yorkshire Integrated Care Board,Persons,17180.0,,,CVDP002SMOK,"Patients with GP recorded CVD or CVD risk factors who are GP recorded current smokers, who have a record of an offer of support or treatment within the preceding 12 months.",Smoking: Current smokers offered support/treatment (CVDP002SMOK),77.68,1 - most deprived,Deprivation quintile,0,13450.0,To March 2026,78.91,78.3,
E54000051,NHS Humber and North Yorkshire Integrated Care Board,Persons,9370.0,,,CVDP002SMOK,"Patients with GP recorded CVD or CVD risk factors who are GP recorded current smokers, who have a record of an offer of support or treatment within the preceding 12 months.",Smoking: Current smokers offered support/treatment (CVDP002SMOK),75.26,2,Deprivation quintile,0,7130.0,To March 2026,76.98,76.13,
E54000051,NHS Humber and North Yorkshire Integrated Care Board,Persons,8850.0,,,CVDP002SMOK,"Patients with GP recorded CVD or CVD risk factors who are GP recorded current smokers, who have a record of an offer of support or treatment within the preceding 12 months.",Smoking: Current smokers offered support/treatment (CVDP002SMOK),73.82,3,Deprivation quintile,0,6615.0,To March 2026,75.63,74.74,
E54000051,NHS Humber and North Yorkshire Integrated Care Board,Persons,9200.0,,,CVDP002SMOK,"Patients with GP recorded CVD or CVD risk factors who are GP recorded current smokers, who have a record of an offer of support or treatment within the preceding 12 months.",Smoking: Current smokers offered support/treatment (CVDP002SMOK),72.06,4,Deprivation quintile,0,6715.0,To March 2026,73.86,72.98,
E54000051,NHS Humber and North Yorkshire Integrated Care Board,Persons,6780.0,,,CVDP002SMOK,"Patients with GP recorded CVD or CVD risk factors who are GP recorded current smokers, who have a record of an offer of support or treatment within the preceding 12 months.",Smoking: Current smokers offered support/treatment (CVDP002SMOK),72.57,5 - least deprived,Deprivation quintile,0,4995.0,To March 2026,74.66,73.64,
E54000051,NHS Humber and North Yorkshire Integrated Care Board,Persons,625.0,,,CVDP002SMOK,"Patients with GP recorded CVD or CVD risk factors who are GP recorded current smokers, who have a record of an offer of support or treatment within the preceding 12 months.",Smoking: Current smokers offered support/treatment (CVDP002SMOK),70.7,Asian,Ethnicity,0,465.0,To March 2026,77.39,74.24,
E54000051,NHS Humber and North Yorkshire Integrated Care Board,Persons,220.0,,,CVDP002SMOK,"Patients with GP recorded CVD or CVD risk factors who are GP recorded current smokers, who have a record of an offer of support or treatment within the preceding 12 months.",Smoking: Current smokers offered support/treatment (CVDP002SMOK),71.11,Black,Ethnicity,0,170.0,To March 2026,81.78,77.03,
E54000051,NHS Humber and North Yorkshire Integrated Care Board,Persons,1390.0,,,CVDP002SMOK,"Patients with GP recorded CVD or CVD risk factors who are GP recorded current smokers, who have a record of an offer of support or treatment within the preceding 12 months.",Smoking: Current smokers offered support/treatment (CVDP002SMOK),69.89,Missing,Ethnicity,0,1005.0,To March 2026,74.55,72.27,
E54000051,NHS Humber and North Yorkshire Integrated Care Board,Persons,210.0,,,CVDP002SMOK,"Patients with GP recorded CVD or CVD risk factors who are GP recorded current smokers, who have a record of an offer of support or treatment within the preceding 12 months.",Smoking: Current smokers offered support/treatment (CVDP002SMOK),75.47,Mixed,Ethnicity,0,170.0,To March 2026,85.85,81.34,
E54000051,NHS Humber and North Yorkshire Integrated Care Board,Persons,1775.0,,,CVDP002SMOK,"Patients with GP recorded CVD or CVD risk factors who are GP recorded current smokers, who have a record of an offer of support or treatment within the preceding 12 months.",Smoking: Current smokers offered support/treatment (CVDP002SMOK),73.54,Not stated,Ethnicity,0,1345.0,To March 2026,77.53,75.58,
E54000051,NHS Humber and North Yorkshire Integrated Care Board,Persons,340.0,,,CVDP002SMOK,"Patients with GP recorded CVD or CVD risk factors who are GP recorded current smokers, who have a record of an offer of support or treatment within the preceding 12 months.",Smoking: Current smokers offered support/treatment (CVDP002SMOK),69.1,Other,Ethnicity,0,250.0,To March 2026,78.13,73.82,
E54000051,NHS Humber and North Yorkshire Integrated Care Board,Persons,46795.0,,,CVDP002SMOK,"Patients with GP recorded CVD or CVD risk factors who are GP recorded current smokers, who have a record of an offer of support or treatment within the preceding 12 months.",Smoking: Current smokers offered support/treatment (CVDP002SMOK),75.27,White,Ethnicity,0,35405.0,To March 2026,76.05,75.66,
E54000051,NHS Humber and North Yorkshire Integrated Care Board,Persons,49570.0,,,CVDP002SMOK,"Patients with GP recorded CVD or CVD risk factors who are GP recorded current smokers, who have a record of an offer of support or treatment within the preceding 12 months.",Smoking: Current smokers offered support/treatment (CVDP002SMOK),74.88,People without SMI,Mental Health,0,37310.0,To March 2026,75.64,75.26,
E54000051,NHS Humber and North Yorkshire Integrated Care Board,Persons,1785.0,,,CVDP002SMOK,"Patients with GP recorded CVD or CVD risk factors who are GP recorded current smokers, who have a record of an offer of support or treatment within the preceding 12 months.",Smoking: Current smokers offered support/treatment (CVDP002SMOK),82.29,People with SMI,Mental Health,0,1500.0,To March 2026,85.64,84.05,
E54000051,NHS Humber and North Yorkshire Integrated Care Board,Persons,51085.0,,,CVDP002SMOK,"Patients with GP recorded CVD or CVD risk factors who are GP recorded current smokers, who have a record of an offer of support or treatment within the preceding 12 months.",Smoking: Current smokers offered support/treatment (CVDP002SMOK),75.12,People without a diagnosed learning disability,Learning Disability,0,38565.0,To March 2026,75.87,75.5,
E54000051,NHS Humber and North Yorkshire Integrated Care Board,Persons,275.0,,,CVDP002SMOK,"Patients with GP recorded CVD or CVD risk factors who are GP recorded current smokers, who have a record of an offer of support or treatment within the preceding 12 months.",Smoking: Current smokers offered support/treatment (CVDP002SMOK),84.17,People with a diagnosed learning disability,Learning Disability,0,245.0,To March 2026,91.73,88.36,
E54000032,NHS Kent and Medway Integrated Care Board,Persons,56600.0,,,CVDP002SMOK,"Patients with GP recorded CVD or CVD risk factors who are GP recorded current smokers, who have a record of an offer of support or treatment within the preceding 12 months.",Smoking: Current smokers offered support/treatment (CVDP002SMOK),69.22,Persons,Sex,0,39395.0,To March 2026,69.98,69.6,
E54000032,NHS Kent and Medway Integrated Care Board,Female,24485.0,,,CVDP002SMOK,"Patients with GP recorded CVD or CVD risk factors who are GP recorded current smokers, who have a record of an offer of support or treatment within the preceding 12 months.",Smoking: Current smokers offered support/treatment (CVDP002SMOK),70.45,Female,Sex,0,17390.0,To March 2026,71.59,71.03,
E54000032,NHS Kent and Medway Integrated Care Board,Male,32115.0,,,CVDP002SMOK,"Patients with GP recorded CVD or CVD risk factors who are GP recorded current smokers, who have a record of an offer of support or treatment within the preceding 12 months.",Smoking: Current smokers offered support/treatment (CVDP002SMOK),68.0,Male,Sex,0,22000.0,To March 2026,69.02,68.51,
E54000032,NHS Kent and Medway Integrated Care Board,Male,2130.0,,,CVDP002SMOK,"Patients with GP recorded CVD or CVD risk factors who are GP recorded current smokers, who have a record of an offer of support or treatment within the preceding 12 months.",Smoking: Current smokers offered support/treatment (CVDP002SMOK),61.3,18-39,Age group,0,1350.0,To March 2026,65.38,63.36,
E54000032,NHS Kent and Medway Integrated Care Board,Female,1630.0,,,CVDP002SMOK,"Patients with GP recorded CVD or CVD risk factors who are GP recorded current smokers, who have a record of an offer of support or treatment within the preceding 12 months.",Smoking: Current smokers offered support/treatment (CVDP002SMOK),68.42,18-39,Age group,0,1150.0,To March 2026,72.84,70.7,
E54000032,NHS Kent and Medway Integrated Care Board,Persons,3755.0,,,CVDP002SMOK,"Patients with GP recorded CVD or CVD risk factors who are GP recorded current smokers, who have a record of an offer of support or treatment within the preceding 12 months.",Smoking: Current smokers offered support/treatment (CVDP002SMOK),65.03,18-39,Age group,0,2500.0,To March 2026,68.03,66.54,
E54000032,NHS Kent and Medway Integrated Care Board,Male,13375.0,,,CVDP002SMOK,"Patients with GP recorded CVD or CVD risk factors who are GP recorded current smokers, who have a record of an offer of support or treatment within the preceding 12 months.",Smoking: Current smokers offered support/treatment (CVDP002SMOK),65.73,40-59,Age group,0,8900.0,To March 2026,67.32,66.53,
E54000032,NHS Kent and Medway Integrated Care Board,Female,8995.0,,,CVDP002SMOK,"Patients with GP recorded CVD or CVD risk factors who are GP recorded current smokers, who have a record of an offer of support or treatment within the preceding 12 months.",Smoking: Current smokers offered support/treatment (CVDP002SMOK),70.72,40-59,Age group,0,6445.0,To March 2026,72.57,71.65,
E54000032,NHS Kent and Medway Integrated Care Board,Persons,22370.0,,,CVDP002SMOK,"Patients with GP recorded CVD or CVD risk factors who are GP recorded current smokers, who have a record of an offer of support or treatment within the preceding 12 months.",Smoking: Current smokers offered support/treatment (CVDP002SMOK),67.97,40-59,Age group,0,15345.0,To March 2026,69.19,68.59,
E54000032,NHS Kent and Medway Integrated Care Board,Male,14930.0,,,CVDP002SMOK,"Patients with GP recorded CVD or CVD risk factors who are GP recorded current smokers, who have a record of an offer of support or treatment within the preceding 12 months.",Smoking: Current smokers offered support/treatment (CVDP002SMOK),70.65,60-79,Age group,0,10655.0,To March 2026,72.09,71.38,
E54000032,NHS Kent and Medway Integrated Care Board,Female,11995.0,,,CVDP002SMOK,"Patients with GP recorded CVD or CVD risk factors who are GP recorded current smokers, who have a record of an offer of support or treatment within the preceding 12 months.",Smoking: Current smokers offered support/treatment (CVDP002SMOK),70.75,60-79,Age group,0,8585.0,To March 2026,72.36,71.56,
E54000032,NHS Kent and Medway Integrated Care Board,Persons,26925.0,,,CVDP002SMOK,"Patients with GP recorded CVD or CVD risk factors who are GP recorded current smokers, who have a record of an offer of support or treatment within the preceding 12 months.",Smoking: Current smokers offered support/treatment (CVDP002SMOK),70.92,60-79,Age group,0,19240.0,To March 2026,71.99,71.46,
E54000032,NHS Kent and Medway Integrated Care Board,Male,1680.0,,,CVDP002SMOK,"Patients with GP recorded CVD or CVD risk factors who are GP recorded current smokers, who have a record of an offer of support or treatment within the preceding 12 months.",Smoking: Current smokers offered support/treatment (CVDP002SMOK),63.1,80+,Age group,0,1100.0,To March 2026,67.62,65.42,
E54000032,NHS Kent and Medway Integrated Care Board,Female,1865.0,,,CVDP002SMOK,"Patients with GP recorded CVD or CVD risk factors who are GP recorded current smokers, who have a record of an offer of support or treatment within the preceding 12 months.",Smoking: Current smokers offered support/treatment (CVDP002SMOK),62.67,80+,Age group,0,1210.0,To March 2026,66.95,64.86,
E54000032,NHS Kent and Medway Integrated Care Board,Persons,3545.0,,,CVDP002SMOK,"Patients with GP recorded CVD or CVD risk factors who are GP recorded current smokers, who have a record of an offer of support or treatment within the preceding 12 months.",Smoking: Current smokers offered support/treatment (CVDP002SMOK),63.55,80+,Age group,0,2310.0,To March 2026,66.68,65.13,
E54000032,NHS Kent and Medway Integrated Care Board,Persons,14310.0,,,CVDP002SMOK,"Patients with GP recorded CVD or CVD risk factors who are GP recorded current smokers, who have a record of an offer of support or treatment within the preceding 12 months.",Smoking: Current smokers offered support/treatment (CVDP002SMOK),71.34,1 - most deprived,Deprivation quintile,0,10315.0,To March 2026,72.81,72.09,
E54000032,NHS Kent and Medway Integrated Care Board,Persons,13840.0,,,CVDP002SMOK,"Patients with GP recorded CVD or CVD risk factors who are GP recorded current smokers, who have a record of an offer of support or treatment within the preceding 12 months.",Smoking: Current smokers offered support/treatment (CVDP002SMOK),69.56,2,Deprivation quintile,0,9735.0,To March 2026,71.08,70.33,
E54000032,NHS Kent and Medway Integrated Care Board,Persons,13020.0,,,CVDP002SMOK,"Patients with GP recorded CVD or CVD risk factors who are GP recorded current smokers, who have a record of an offer of support or treatment within the preceding 12 months.",Smoking: Current smokers offered support/treatment (CVDP002SMOK),67.87,3,Deprivation quintile,0,8940.0,To March 2026,69.46,68.67,
E54000032,NHS Kent and Medway Integrated Care Board,Persons,9915.0,,,CVDP002SMOK,"Patients with GP recorded CVD or CVD risk factors who are GP recorded current smokers, who have a record of an offer of support or treatment within the preceding 12 months.",Smoking: Current smokers offered support/treatment (CVDP002SMOK),66.82,4,Deprivation quintile,0,6715.0,To March 2026,68.65,67.75,
E54000032,NHS Kent and Medway Integrated Care Board,Persons,5475.0,,,CVDP002SMOK,"Patients with GP recorded CVD or CVD risk factors who are GP recorded current smokers, who have a record of an offer of support or treatment within the preceding 12 months.",Smoking: Current smokers offered support/treatment (CVDP002SMOK),65.32,5 - least deprived,Deprivation quintile,0,3645.0,To March 2026,67.8,66.58,
E54000032,NHS Kent and Medway Integrated Care Board,Persons,1595.0,,,CVDP002SMOK,"Patients with GP recorded CVD or CVD risk factors who are GP recorded current smokers, who have a record of an offer of support or treatment within the preceding 12 months.",Smoking: Current smokers offered support/treatment (CVDP002SMOK),67.79,Asian,Ethnicity,0,1120.0,To March 2026,72.23,70.05,
E54000032,NHS Kent and Medway Integrated Care Board,Persons,730.0,,,CVDP002SMOK,"Patients with GP recorded CVD or CVD risk factors who are GP recorded current smokers, who have a record of an offer of support or treatment within the preceding 12 months.",Smoking: Current smokers offered support/treatment (CVDP002SMOK),67.67,Black,Ethnicity,0,520.0,To March 2026,74.22,71.1,
E54000032,NHS Kent and Medway Integrated Care Board,Persons,1050.0,,,CVDP002SMOK,"Patients with GP recorded CVD or CVD risk factors who are GP recorded current smokers, who have a record of an offer of support or treatment within the preceding 12 months.",Smoking: Current smokers offered support/treatment (CVDP002SMOK),56.37,Missing,Ethnicity,0,625.0,To March 2026,62.26,59.39,
E54000032,NHS Kent and Medway Integrated Care Board,Persons,540.0,,,CVDP002SMOK,"Patients with GP recorded CVD or CVD risk factors who are GP recorded current smokers, who have a record of an offer of support or treatment within the preceding 12 months.",Smoking: Current smokers offered support/treatment (CVDP002SMOK),66.61,Mixed,Ethnicity,0,380.0,To March 2026,74.13,70.48,
E54000032,NHS Kent and Medway Integrated Care Board,Persons,2250.0,,,CVDP002SMOK,"Patients with GP recorded CVD or CVD risk factors who are GP recorded current smokers, who have a record of an offer of support or treatment within the preceding 12 months.",Smoking: Current smokers offered support/treatment (CVDP002SMOK),62.13,Not stated,Ethnicity,0,1445.0,To March 2026,66.08,64.12,
E54000032,NHS Kent and Medway Integrated Care Board,Persons,625.0,,,CVDP002SMOK,"Patients with GP recorded CVD or CVD risk factors who are GP recorded current smokers, who have a record of an offer of support or treatment within the preceding 12 months.",Smoking: Current smokers offered support/treatment (CVDP002SMOK),65.08,Other,Ethnicity,0,430.0,To March 2026,72.22,68.74,
E54000032,NHS Kent and Medway Integrated Care Board,Persons,49805.0,,,CVDP002SMOK,"Patients with GP recorded CVD or CVD risk factors who are GP recorded current smokers, who have a record of an offer of support or treatment within the preceding 12 months.",Smoking: Current smokers offered support/treatment (CVDP002SMOK),69.62,White,Ethnicity,0,34875.0,To March 2026,70.43,70.03,
E54000032,NHS Kent and Medway Integrated Care Board,Persons,54420.0,,,CVDP002SMOK,"Patients with GP recorded CVD or CVD risk factors who are GP recorded current smokers, who have a record of an offer of support or treatment within the preceding 12 months.",Smoking: Current smokers offered support/treatment (CVDP002SMOK),68.74,People without SMI,Mental Health,0,37620.0,To March 2026,69.51,69.13,
E54000032,NHS Kent and Medway Integrated Care Board,Persons,2180.0,,,CVDP002SMOK,"Patients with GP recorded CVD or CVD risk factors who are GP recorded current smokers, who have a record of an offer of support or treatment within the preceding 12 months.",Smoking: Current smokers offered support/treatment (CVDP002SMOK),79.8,People with SMI,Mental Health,0,1775.0,To March 2026,83.05,81.47,
E54000032,NHS Kent and Medway Integrated Care Board,Persons,56265.0,,,CVDP002SMOK,"Patients with GP recorded CVD or CVD risk factors who are GP recorded current smokers, who have a record of an offer of support or treatment within the preceding 12 months.",Smoking: Current smokers offered support/treatment (CVDP002SMOK),69.14,People without a diagnosed learning disability,Learning Disability,0,39120.0,To March 2026,69.9,69.52,
E54000032,NHS Kent and Medway Integrated Care Board,Persons,335.0,,,CVDP002SMOK,"Patients with GP recorded CVD or CVD risk factors who are GP recorded current smokers, who have a record of an offer of support or treatment within the preceding 12 months.",Smoking: Current smokers offered support/treatment (CVDP002SMOK),78.27,People with a diagnosed learning disability,Learning Disability,0,275.0,To March 2026,86.31,82.58,
E54000048,NHS Lancashire and South Cumbria Integrated Care Board,Persons,56850.0,,,CVDP002SMOK,"Patients with GP recorded CVD or CVD risk factors who are GP recorded current smokers, who have a record of an offer of support or treatment within the preceding 12 months.",Smoking: Current smokers offered support/treatment (CVDP002SMOK),75.51,Persons,Sex,0,43125.0,To March 2026,76.21,75.86,
E54000048,NHS Lancashire and South Cumbria Integrated Care Board,Female,24150.0,,,CVDP002SMOK,"Patients with GP recorded CVD or CVD risk factors who are GP recorded current smokers, who have a record of an offer of support or treatment within the preceding 12 months.",Smoking: Current smokers offered support/treatment (CVDP002SMOK),76.76,Female,Sex,0,18665.0,To March 2026,77.82,77.3,
E54000048,NHS Lancashire and South Cumbria Integrated Care Board,Male,32700.0,,,CVDP002SMOK,"Patients with GP recorded CVD or CVD risk factors who are GP recorded current smokers, who have a record of an offer of support or treatment within the preceding 12 months.",Smoking: Current smokers offered support/treatment (CVDP002SMOK),74.33,Male,Sex,0,24460.0,To March 2026,75.27,74.8,
E54000048,NHS Lancashire and South Cumbria Integrated Care Board,Male,1910.0,,,CVDP002SMOK,"Patients with GP recorded CVD or CVD risk factors who are GP recorded current smokers, who have a record of an offer of support or treatment within the preceding 12 months.",Smoking: Current smokers offered support/treatment (CVDP002SMOK),63.53,18-39,Age group,0,1255.0,To March 2026,67.77,65.67,
E54000048,NHS Lancashire and South Cumbria Integrated Care Board,Female,1275.0,,,CVDP002SMOK,"Patients with GP recorded CVD or CVD risk factors who are GP recorded current smokers, who have a record of an offer of support or treatment within the preceding 12 months.",Smoking: Current smokers offered support/treatment (CVDP002SMOK),69.07,18-39,Age group,0,910.0,To March 2026,74.0,71.59,
E54000048,NHS Lancashire and South Cumbria Integrated Care Board,Persons,3180.0,,,CVDP002SMOK,"Patients with GP recorded CVD or CVD risk factors who are GP recorded current smokers, who have a record of an offer of support or treatment within the preceding 12 months.",Smoking: Current smokers offered support/treatment (CVDP002SMOK),66.41,18-39,Age group,0,2165.0,To March 2026,69.64,68.04,
E54000048,NHS Lancashire and South Cumbria Integrated Care Board,Male,13645.0,,,CVDP002SMOK,"Patients with GP recorded CVD or CVD risk factors who are GP recorded current smokers, who have a record of an offer of support or treatment within the preceding 12 months.",Smoking: Current smokers offered support/treatment (CVDP002SMOK),71.74,40-59,Age group,0,9890.0,To March 2026,73.24,72.5,
E54000048,NHS Lancashire and South Cumbria Integrated Care Board,Female,8700.0,,,CVDP002SMOK,"Patients with GP recorded CVD or CVD risk factors who are GP recorded current smokers, who have a record of an offer of support or treatment within the preceding 12 months.",Smoking: Current smokers offered support/treatment (CVDP002SMOK),74.4,40-59,Age group,0,6550.0,To March 2026,76.2,75.31,
E54000048,NHS Lancashire and South Cumbria Integrated Care Board,Persons,22345.0,,,CVDP002SMOK,"Patients with GP recorded CVD or CVD risk factors who are GP recorded current smokers, who have a record of an offer of support or treatment within the preceding 12 months.",Smoking: Current smokers offered support/treatment (CVDP002SMOK),73.01,40-59,Age group,0,16445.0,To March 2026,74.17,73.59,
E54000048,NHS Lancashire and South Cumbria Integrated Care Board,Male,15620.0,,,CVDP002SMOK,"Patients with GP recorded CVD or CVD risk factors who are GP recorded current smokers, who have a record of an offer of support or treatment within the preceding 12 months.",Smoking: Current smokers offered support/treatment (CVDP002SMOK),77.23,60-79,Age group,0,12165.0,To March 2026,78.53,77.88,
E54000048,NHS Lancashire and South Cumbria Integrated Care Board,Female,12395.0,,,CVDP002SMOK,"Patients with GP recorded CVD or CVD risk factors who are GP recorded current smokers, who have a record of an offer of support or treatment within the preceding 12 months.",Smoking: Current smokers offered support/treatment (CVDP002SMOK),78.79,60-79,Age group,0,9855.0,To March 2026,80.21,79.52,
E54000048,NHS Lancashire and South Cumbria Integrated Care Board,Persons,28015.0,,,CVDP002SMOK,"Patients with GP recorded CVD or CVD risk factors who are GP recorded current smokers, who have a record of an offer of support or treatment within the preceding 12 months.",Smoking: Current smokers offered support/treatment (CVDP002SMOK),78.12,60-79,Age group,0,22020.0,To March 2026,79.08,78.61,
E54000048,NHS Lancashire and South Cumbria Integrated Care Board,Male,1530.0,,,CVDP002SMOK,"Patients with GP recorded CVD or CVD risk factors who are GP recorded current smokers, who have a record of an offer of support or treatment within the preceding 12 months.",Smoking: Current smokers offered support/treatment (CVDP002SMOK),72.98,80+,Age group,0,1150.0,To March 2026,77.28,75.21,
E54000048,NHS Lancashire and South Cumbria Integrated Care Board,Female,1780.0,,,CVDP002SMOK,"Patients with GP recorded CVD or CVD risk factors who are GP recorded current smokers, who have a record of an offer of support or treatment within the preceding 12 months.",Smoking: Current smokers offered support/treatment (CVDP002SMOK),73.6,80+,Age group,0,1345.0,To March 2026,77.58,75.63,
E54000048,NHS Lancashire and South Cumbria Integrated Care Board,Persons,3310.0,,,CVDP002SMOK,"Patients with GP recorded CVD or CVD risk factors who are GP recorded current smokers, who have a record of an offer of support or treatment within the preceding 12 months.",Smoking: Current smokers offered support/treatment (CVDP002SMOK),73.95,80+,Age group,0,2495.0,To March 2026,76.88,75.44,
E54000048,NHS Lancashire and South Cumbria Integrated Care Board,Persons,26105.0,,,CVDP002SMOK,"Patients with GP recorded CVD or CVD risk factors who are GP recorded current smokers, who have a record of an offer of support or treatment within the preceding 12 months.",Smoking: Current smokers offered support/treatment (CVDP002SMOK),76.95,1 - most deprived,Deprivation quintile,0,20220.0,To March 2026,77.96,77.46,
E54000048,NHS Lancashire and South Cumbria Integrated Care Board,Persons,11925.0,,,CVDP002SMOK,"Patients with GP recorded CVD or CVD risk factors who are GP recorded current smokers, who have a record of an offer of support or treatment within the preceding 12 months.",Smoking: Current smokers offered support/treatment (CVDP002SMOK),75.16,2,Deprivation quintile,0,9055.0,To March 2026,76.69,75.93,
E54000048,NHS Lancashire and South Cumbria Integrated Care Board,Persons,7250.0,,,CVDP002SMOK,"Patients with GP recorded CVD or CVD risk factors who are GP recorded current smokers, who have a record of an offer of support or treatment within the preceding 12 months.",Smoking: Current smokers offered support/treatment (CVDP002SMOK),74.96,3,Deprivation quintile,0,5510.0,To March 2026,76.91,75.95,
E54000048,NHS Lancashire and South Cumbria Integrated Care Board,Persons,7740.0,,,CVDP002SMOK,"Patients with GP recorded CVD or CVD risk factors who are GP recorded current smokers, who have a record of an offer of support or treatment within the preceding 12 months.",Smoking: Current smokers offered support/treatment (CVDP002SMOK),70.71,4,Deprivation quintile,0,5550.0,To March 2026,72.71,71.72,
E54000048,NHS Lancashire and South Cumbria Integrated Care Board,Persons,4130.0,,,CVDP002SMOK,"Patients with GP recorded CVD or CVD risk factors who are GP recorded current smokers, who have a record of an offer of support or treatment within the preceding 12 months.",Smoking: Current smokers offered support/treatment (CVDP002SMOK),71.59,5 - least deprived,Deprivation quintile,0,3015.0,To March 2026,74.28,72.95,
E54000048,NHS Lancashire and South Cumbria Integrated Care Board,Persons,4260.0,,,CVDP002SMOK,"Patients with GP recorded CVD or CVD risk factors who are GP recorded current smokers, who have a record of an offer of support or treatment within the preceding 12 months.",Smoking: Current smokers offered support/treatment (CVDP002SMOK),75.43,Asian,Ethnicity,0,3270.0,To March 2026,77.97,76.73,
E54000048,NHS Lancashire and South Cumbria Integrated Care Board,Persons,260.0,,,CVDP002SMOK,"Patients with GP recorded CVD or CVD risk factors who are GP recorded current smokers, who have a record of an offer of support or treatment within the preceding 12 months.",Smoking: Current smokers offered support/treatment (CVDP002SMOK),62.21,Black,Ethnicity,0,175.0,To March 2026,73.28,67.95,
E54000048,NHS Lancashire and South Cumbria Integrated Care Board,Persons,450.0,,,CVDP002SMOK,"Patients with GP recorded CVD or CVD risk factors who are GP recorded current smokers, who have a record of an offer of support or treatment within the preceding 12 months.",Smoking: Current smokers offered support/treatment (CVDP002SMOK),57.62,Missing,Ethnicity,0,280.0,To March 2026,66.45,62.22,
E54000048,NHS Lancashire and South Cumbria Integrated Care Board,Persons,375.0,,,CVDP002SMOK,"Patients with GP recorded CVD or CVD risk factors who are GP recorded current smokers, who have a record of an offer of support or treatment within the preceding 12 months.",Smoking: Current smokers offered support/treatment (CVDP002SMOK),63.16,Mixed,Ethnicity,0,255.0,To March 2026,72.37,67.9,
E54000048,NHS Lancashire and South Cumbria Integrated Care Board,Persons,1020.0,,,CVDP002SMOK,"Patients with GP recorded CVD or CVD risk factors who are GP recorded current smokers, who have a record of an offer of support or treatment within the preceding 12 months.",Smoking: Current smokers offered support/treatment (CVDP002SMOK),59.22,Not stated,Ethnicity,0,635.0,To March 2026,65.07,62.23,
E54000048,NHS Lancashire and South Cumbria Integrated Care Board,Persons,1225.0,,,CVDP002SMOK,"Patients with GP recorded CVD or CVD risk factors who are GP recorded current smokers, who have a record of an offer of support or treatment within the preceding 12 months.",Smoking: Current smokers offered support/treatment (CVDP002SMOK),77.46,Other,Ethnicity,0,980.0,To March 2026,81.94,79.77,
E54000048,NHS Lancashire and South Cumbria Integrated Care Board,Persons,49255.0,,,CVDP002SMOK,"Patients with GP recorded CVD or CVD risk factors who are GP recorded current smokers, who have a record of an offer of support or treatment within the preceding 12 months.",Smoking: Current smokers offered support/treatment (CVDP002SMOK),75.82,White,Ethnicity,0,37530.0,To March 2026,76.57,76.2,
E54000048,NHS Lancashire and South Cumbria Integrated Care Board,Persons,54155.0,,,CVDP002SMOK,"Patients with GP recorded CVD or CVD risk factors who are GP recorded current smokers, who have a record of an offer of support or treatment within the preceding 12 months.",Smoking: Current smokers offered support/treatment (CVDP002SMOK),75.2,People without SMI,Mental Health,0,40920.0,To March 2026,75.93,75.57,
E54000048,NHS Lancashire and South Cumbria Integrated Care Board,Persons,2695.0,,,CVDP002SMOK,"Patients with GP recorded CVD or CVD risk factors who are GP recorded current smokers, who have a record of an offer of support or treatment within the preceding 12 months.",Smoking: Current smokers offered support/treatment (CVDP002SMOK),80.29,People with SMI,Mental Health,0,2205.0,To March 2026,83.18,81.79,
E54000048,NHS Lancashire and South Cumbria Integrated Care Board,Persons,56590.0,,,CVDP002SMOK,"Patients with GP recorded CVD or CVD risk factors who are GP recorded current smokers, who have a record of an offer of support or treatment within the preceding 12 months.",Smoking: Current smokers offered support/treatment (CVDP002SMOK),75.46,People without a diagnosed learning disability,Learning Disability,0,42905.0,To March 2026,76.17,75.82,
E54000048,NHS Lancashire and South Cumbria Integrated Care Board,Persons,260.0,,,CVDP002SMOK,"Patients with GP recorded CVD or CVD risk factors who are GP recorded current smokers, who have a record of an offer of support or treatment within the preceding 12 months.",Smoking: Current smokers offered support/treatment (CVDP002SMOK),80.61,People with a diagnosed learning disability,Learning Disability,0,220.0,To March 2026,88.97,85.38,
E54000015,"NHS Leicester, Leicestershire and Rutland Integrated Care Board",Persons,30280.0,,,CVDP002SMOK,"Patients with GP recorded CVD or CVD risk factors who are GP recorded current smokers, who have a record of an offer of support or treatment within the preceding 12 months.",Smoking: Current smokers offered support/treatment (CVDP002SMOK),74.79,Persons,Sex,0,22790.0,To March 2026,75.76,75.28,
E54000015,"NHS Leicester, Leicestershire and Rutland Integrated Care Board",Female,11660.0,,,CVDP002SMOK,"Patients with GP recorded CVD or CVD risk factors who are GP recorded current smokers, who have a record of an offer of support or treatment within the preceding 12 months.",Smoking: Current smokers offered support/treatment (CVDP002SMOK),75.63,Female,Sex,0,8910.0,To March 2026,77.17,76.41,
E54000015,"NHS Leicester, Leicestershire and Rutland Integrated Care Board",Male,18620.0,,,CVDP002SMOK,"Patients with GP recorded CVD or CVD risk factors who are GP recorded current smokers, who have a record of an offer of support or treatment within the preceding 12 months.",Smoking: Current smokers offered support/treatment (CVDP002SMOK),73.94,Male,Sex,0,13885.0,To March 2026,75.18,74.57,
E54000015,"NHS Leicester, Leicestershire and Rutland Integrated Care Board",Male,1230.0,,,CVDP002SMOK,"Patients with GP recorded CVD or CVD risk factors who are GP recorded current smokers, who have a record of an offer of support or treatment within the preceding 12 months.",Smoking: Current smokers offered support/treatment (CVDP002SMOK),65.29,18-39,Age group,0,835.0,To March 2026,70.48,67.97,
E54000015,"NHS Leicester, Leicestershire and Rutland Integrated Care Board",Female,775.0,,,CVDP002SMOK,"Patients with GP recorded CVD or CVD risk factors who are GP recorded current smokers, who have a record of an offer of support or treatment within the preceding 12 months.",Smoking: Current smokers offered support/treatment (CVDP002SMOK),68.73,18-39,Age group,0,555.0,To March 2026,75.03,71.96,
E54000015,"NHS Leicester, Leicestershire and Rutland Integrated Care Board",Persons,2005.0,,,CVDP002SMOK,"Patients with GP recorded CVD or CVD risk factors who are GP recorded current smokers, who have a record of an offer of support or treatment within the preceding 12 months.",Smoking: Current smokers offered support/treatment (CVDP002SMOK),67.46,18-39,Age group,0,1395.0,To March 2026,71.45,69.51,
E54000015,"NHS Leicester, Leicestershire and Rutland Integrated Care Board",Male,7975.0,,,CVDP002SMOK,"Patients with GP recorded CVD or CVD risk factors who are GP recorded current smokers, who have a record of an offer of support or treatment within the preceding 12 months.",Smoking: Current smokers offered support/treatment (CVDP002SMOK),71.93,40-59,Age group,0,5815.0,To March 2026,73.87,72.91,
E54000015,"NHS Leicester, Leicestershire and Rutland Integrated Care Board",Female,4305.0,,,CVDP002SMOK,"Patients with GP recorded CVD or CVD risk factors who are GP recorded current smokers, who have a record of an offer of support or treatment within the preceding 12 months.",Smoking: Current smokers offered support/treatment (CVDP002SMOK),75.45,40-59,Age group,0,3300.0,To March 2026,77.96,76.74,
E54000015,"NHS Leicester, Leicestershire and Rutland Integrated Care Board",Persons,12280.0,,,CVDP002SMOK,"Patients with GP recorded CVD or CVD risk factors who are GP recorded current smokers, who have a record of an offer of support or treatment within the preceding 12 months.",Smoking: Current smokers offered support/treatment (CVDP002SMOK),73.48,40-59,Age group,0,9120.0,To March 2026,75.01,74.25,
E54000015,"NHS Leicester, Leicestershire and Rutland Integrated Care Board",Male,8440.0,,,CVDP002SMOK,"Patients with GP recorded CVD or CVD risk factors who are GP recorded current smokers, who have a record of an offer of support or treatment within the preceding 12 months.",Smoking: Current smokers offered support/treatment (CVDP002SMOK),76.41,60-79,Age group,0,6525.0,To March 2026,78.18,77.31,
E54000015,"NHS Leicester, Leicestershire and Rutland Integrated Care Board",Female,5650.0,,,CVDP002SMOK,"Patients with GP recorded CVD or CVD risk factors who are GP recorded current smokers, who have a record of an offer of support or treatment within the preceding 12 months.",Smoking: Current smokers offered support/treatment (CVDP002SMOK),76.57,60-79,Age group,0,4385.0,To March 2026,78.73,77.67,
E54000015,"NHS Leicester, Leicestershire and Rutland Integrated Care Board",Persons,14090.0,,,CVDP002SMOK,"Patients with GP recorded CVD or CVD risk factors who are GP recorded current smokers, who have a record of an offer of support or treatment within the preceding 12 months.",Smoking: Current smokers offered support/treatment (CVDP002SMOK),76.76,60-79,Age group,0,10910.0,To March 2026,78.13,77.46,
E54000015,"NHS Leicester, Leicestershire and Rutland Integrated Care Board",Male,970.0,,,CVDP002SMOK,"Patients with GP recorded CVD or CVD risk factors who are GP recorded current smokers, who have a record of an offer of support or treatment within the preceding 12 months.",Smoking: Current smokers offered support/treatment (CVDP002SMOK),69.82,80+,Age group,0,705.0,To March 2026,75.36,72.71,
E54000015,"NHS Leicester, Leicestershire and Rutland Integrated Care Board",Female,935.0,,,CVDP002SMOK,"Patients with GP recorded CVD or CVD risk factors who are GP recorded current smokers, who have a record of an offer of support or treatment within the preceding 12 months.",Smoking: Current smokers offered support/treatment (CVDP002SMOK),67.91,80+,Age group,0,665.0,To March 2026,73.67,70.91,
E54000015,"NHS Leicester, Leicestershire and Rutland Integrated Care Board",Persons,1905.0,,,CVDP002SMOK,"Patients with GP recorded CVD or CVD risk factors who are GP recorded current smokers, who have a record of an offer of support or treatment within the preceding 12 months.",Smoking: Current smokers offered support/treatment (CVDP002SMOK),69.77,80+,Age group,0,1370.0,To March 2026,73.81,71.83,
E54000015,"NHS Leicester, Leicestershire and Rutland Integrated Care Board",Persons,6190.0,,,CVDP002SMOK,"Patients with GP recorded CVD or CVD risk factors who are GP recorded current smokers, who have a record of an offer of support or treatment within the preceding 12 months.",Smoking: Current smokers offered support/treatment (CVDP002SMOK),75.71,1 - most deprived,Deprivation quintile,0,4755.0,To March 2026,77.8,76.78,
E54000015,"NHS Leicester, Leicestershire and Rutland Integrated Care Board",Persons,6910.0,,,CVDP002SMOK,"Patients with GP recorded CVD or CVD risk factors who are GP recorded current smokers, who have a record of an offer of support or treatment within the preceding 12 months.",Smoking: Current smokers offered support/treatment (CVDP002SMOK),74.52,2,Deprivation quintile,0,5220.0,To March 2026,76.54,75.55,
E54000015,"NHS Leicester, Leicestershire and Rutland Integrated Care Board",Persons,5385.0,,,CVDP002SMOK,"Patients with GP recorded CVD or CVD risk factors who are GP recorded current smokers, who have a record of an offer of support or treatment within the preceding 12 months.",Smoking: Current smokers offered support/treatment (CVDP002SMOK),73.06,3,Deprivation quintile,0,3995.0,To March 2026,75.38,74.23,
E54000015,"NHS Leicester, Leicestershire and Rutland Integrated Care Board",Persons,6775.0,,,CVDP002SMOK,"Patients with GP recorded CVD or CVD risk factors who are GP recorded current smokers, who have a record of an offer of support or treatment within the preceding 12 months.",Smoking: Current smokers offered support/treatment (CVDP002SMOK),73.8,4,Deprivation quintile,0,5070.0,To March 2026,75.87,74.85,
E54000015,"NHS Leicester, Leicestershire and Rutland Integrated Care Board",Persons,5225.0,,,CVDP002SMOK,"Patients with GP recorded CVD or CVD risk factors who are GP recorded current smokers, who have a record of an offer of support or treatment within the preceding 12 months.",Smoking: Current smokers offered support/treatment (CVDP002SMOK),72.88,5 - least deprived,Deprivation quintile,0,3870.0,To March 2026,75.25,74.09,
E54000015,"NHS Leicester, Leicestershire and Rutland Integrated Care Board",Persons,4655.0,,,CVDP002SMOK,"Patients with GP recorded CVD or CVD risk factors who are GP recorded current smokers, who have a record of an offer of support or treatment within the preceding 12 months.",Smoking: Current smokers offered support/treatment (CVDP002SMOK),74.73,Asian,Ethnicity,0,3535.0,To March 2026,77.18,75.98,
E54000015,"NHS Leicester, Leicestershire and Rutland Integrated Care Board",Persons,740.0,,,CVDP002SMOK,"Patients with GP recorded CVD or CVD risk factors who are GP recorded current smokers, who have a record of an offer of support or treatment within the preceding 12 months.",Smoking: Current smokers offered support/treatment (CVDP002SMOK),65.46,Black,Ethnicity,0,510.0,To March 2026,72.04,68.83,
E54000015,"NHS Leicester, Leicestershire and Rutland Integrated Care Board",Persons,380.0,,,CVDP002SMOK,"Patients with GP recorded CVD or CVD risk factors who are GP recorded current smokers, who have a record of an offer of support or treatment within the preceding 12 months.",Smoking: Current smokers offered support/treatment (CVDP002SMOK),56.36,Missing,Ethnicity,0,235.0,To March 2026,65.97,61.26,
E54000015,"NHS Leicester, Leicestershire and Rutland Integrated Care Board",Persons,355.0,,,CVDP002SMOK,"Patients with GP recorded CVD or CVD risk factors who are GP recorded current smokers, who have a record of an offer of support or treatment within the preceding 12 months.",Smoking: Current smokers offered support/treatment (CVDP002SMOK),69.72,Mixed,Ethnicity,0,265.0,To March 2026,78.61,74.51,
E54000015,"NHS Leicester, Leicestershire and Rutland Integrated Care Board",Persons,865.0,,,CVDP002SMOK,"Patients with GP recorded CVD or CVD risk factors who are GP recorded current smokers, who have a record of an offer of support or treatment within the preceding 12 months.",Smoking: Current smokers offered support/treatment (CVDP002SMOK),63.52,Not stated,Ethnicity,0,580.0,To March 2026,69.74,66.74,
E54000015,"NHS Leicester, Leicestershire and Rutland Integrated Care Board",Persons,390.0,,,CVDP002SMOK,"Patients with GP recorded CVD or CVD risk factors who are GP recorded current smokers, who have a record of an offer of support or treatment within the preceding 12 months.",Smoking: Current smokers offered support/treatment (CVDP002SMOK),70.38,Other,Ethnicity,0,295.0,To March 2026,78.73,74.74,
E54000015,"NHS Leicester, Leicestershire and Rutland Integrated Care Board",Persons,22885.0,,,CVDP002SMOK,"Patients with GP recorded CVD or CVD risk factors who are GP recorded current smokers, who have a record of an offer of support or treatment within the preceding 12 months.",Smoking: Current smokers offered support/treatment (CVDP002SMOK),75.36,White,Ethnicity,0,17375.0,To March 2026,76.47,75.92,
E54000015,"NHS Leicester, Leicestershire and Rutland Integrated Care Board",Persons,29125.0,,,CVDP002SMOK,"Patients with GP recorded CVD or CVD risk factors who are GP recorded current smokers, who have a record of an offer of support or treatment within the preceding 12 months.",Smoking: Current smokers offered support/treatment (CVDP002SMOK),74.35,People without SMI,Mental Health,0,21800.0,To March 2026,75.35,74.85,
E54000015,"NHS Leicester, Leicestershire and Rutland Integrated Care Board",Persons,1155.0,,,CVDP002SMOK,"Patients with GP recorded CVD or CVD risk factors who are GP recorded current smokers, who have a record of an offer of support or treatment within the preceding 12 months.",Smoking: Current smokers offered support/treatment (CVDP002SMOK),83.77,People with SMI,Mental Health,0,990.0,To March 2026,87.74,85.89,
E54000015,"NHS Leicester, Leicestershire and Rutland Integrated Care Board",Persons,30145.0,,,CVDP002SMOK,"Patients with GP recorded CVD or CVD risk factors who are GP recorded current smokers, who have a record of an offer of support or treatment within the preceding 12 months.",Smoking: Current smokers offered support/treatment (CVDP002SMOK),74.76,People without a diagnosed learning disability,Learning Disability,0,22680.0,To March 2026,75.73,75.25,
E54000015,"NHS Leicester, Leicestershire and Rutland Integrated Care Board",Persons,135.0,,,CVDP002SMOK,"Patients with GP recorded CVD or CVD risk factors who are GP recorded current smokers, who have a record of an offer of support or treatment within the preceding 12 months.",Smoking: Current smokers offered support/treatment (CVDP002SMOK),75.18,People with a diagnosed learning disability,Learning Disability,0,110.0,To March 2026,87.59,82.09,
E54000013,NHS Lincolnshire Integrated Care Board,Persons,23970.0,,,CVDP002SMOK,"Patients with GP recorded CVD or CVD risk factors who are GP recorded current smokers, who have a record of an offer of support or treatment within the preceding 12 months.",Smoking: Current smokers offered support/treatment (CVDP002SMOK),78.87,Persons,Sex,0,19030.0,To March 2026,79.89,79.38,
E54000013,NHS Lincolnshire Integrated Care Board,Female,10570.0,,,CVDP002SMOK,"Patients with GP recorded CVD or CVD risk factors who are GP recorded current smokers, who have a record of an offer of support or treatment within the preceding 12 months.",Smoking: Current smokers offered support/treatment (CVDP002SMOK),79.7,Female,Sex,0,8505.0,To March 2026,81.21,80.47,
E54000013,NHS Lincolnshire Integrated Care Board,Male,13400.0,,,CVDP002SMOK,"Patients with GP recorded CVD or CVD risk factors who are GP recorded current smokers, who have a record of an offer of support or treatment within the preceding 12 months.",Smoking: Current smokers offered support/treatment (CVDP002SMOK),77.82,Male,Sex,0,10525.0,To March 2026,79.21,78.52,
E54000013,NHS Lincolnshire Integrated Care Board,Male,780.0,,,CVDP002SMOK,"Patients with GP recorded CVD or CVD risk factors who are GP recorded current smokers, who have a record of an offer of support or treatment within the preceding 12 months.",Smoking: Current smokers offered support/treatment (CVDP002SMOK),68.54,18-39,Age group,0,560.0,To March 2026,74.81,71.76,
E54000013,NHS Lincolnshire Integrated Care Board,Female,650.0,,,CVDP002SMOK,"Patients with GP recorded CVD or CVD risk factors who are GP recorded current smokers, who have a record of an offer of support or treatment within the preceding 12 months.",Smoking: Current smokers offered support/treatment (CVDP002SMOK),73.27,18-39,Age group,0,495.0,To March 2026,79.72,76.7,
E54000013,NHS Lincolnshire Integrated Care Board,Persons,1425.0,,,CVDP002SMOK,"Patients with GP recorded CVD or CVD risk factors who are GP recorded current smokers, who have a record of an offer of support or treatment within the preceding 12 months.",Smoking: Current smokers offered support/treatment (CVDP002SMOK),71.68,18-39,Age group,0,1055.0,To March 2026,76.22,74.0,
E54000013,NHS Lincolnshire Integrated Care Board,Male,5025.0,,,CVDP002SMOK,"Patients with GP recorded CVD or CVD risk factors who are GP recorded current smokers, who have a record of an offer of support or treatment within the preceding 12 months.",Smoking: Current smokers offered support/treatment (CVDP002SMOK),74.01,40-59,Age group,0,3780.0,To March 2026,76.4,75.23,
E54000013,NHS Lincolnshire Integrated Care Board,Female,3670.0,,,CVDP002SMOK,"Patients with GP recorded CVD or CVD risk factors who are GP recorded current smokers, who have a record of an offer of support or treatment within the preceding 12 months.",Smoking: Current smokers offered support/treatment (CVDP002SMOK),78.64,40-59,Age group,0,2935.0,To March 2026,81.23,79.96,
E54000013,NHS Lincolnshire Integrated Care Board,Persons,8695.0,,,CVDP002SMOK,"Patients with GP recorded CVD or CVD risk factors who are GP recorded current smokers, who have a record of an offer of support or treatment within the preceding 12 months.",Smoking: Current smokers offered support/treatment (CVDP002SMOK),76.34,40-59,Age group,0,6715.0,To March 2026,78.1,77.23,
E54000013,NHS Lincolnshire Integrated Care Board,Male,6805.0,,,CVDP002SMOK,"Patients with GP recorded CVD or CVD risk factors who are GP recorded current smokers, who have a record of an offer of support or treatment within the preceding 12 months.",Smoking: Current smokers offered support/treatment (CVDP002SMOK),80.72,60-79,Age group,0,5555.0,To March 2026,82.56,81.66,
E54000013,NHS Lincolnshire Integrated Care Board,Female,5435.0,,,CVDP002SMOK,"Patients with GP recorded CVD or CVD risk factors who are GP recorded current smokers, who have a record of an offer of support or treatment within the preceding 12 months.",Smoking: Current smokers offered support/treatment (CVDP002SMOK),80.58,60-79,Age group,0,4435.0,To March 2026,82.62,81.62,
E54000013,NHS Lincolnshire Integrated Care Board,Persons,12235.0,,,CVDP002SMOK,"Patients with GP recorded CVD or CVD risk factors who are GP recorded current smokers, who have a record of an offer of support or treatment within the preceding 12 months.",Smoking: Current smokers offered support/treatment (CVDP002SMOK),80.95,60-79,Age group,0,9990.0,To March 2026,82.31,81.64,
E54000013,NHS Lincolnshire Integrated Care Board,Male,795.0,,,CVDP002SMOK,"Patients with GP recorded CVD or CVD risk factors who are GP recorded current smokers, who have a record of an offer of support or treatment within the preceding 12 months.",Smoking: Current smokers offered support/treatment (CVDP002SMOK),76.26,80+,Age group,0,630.0,To March 2026,81.78,79.19,
E54000013,NHS Lincolnshire Integrated Care Board,Female,820.0,,,CVDP002SMOK,"Patients with GP recorded CVD or CVD risk factors who are GP recorded current smokers, who have a record of an offer of support or treatment within the preceding 12 months.",Smoking: Current smokers offered support/treatment (CVDP002SMOK),75.12,80+,Age group,0,640.0,To March 2026,80.7,78.08,
E54000013,NHS Lincolnshire Integrated Care Board,Persons,1615.0,,,CVDP002SMOK,"Patients with GP recorded CVD or CVD risk factors who are GP recorded current smokers, who have a record of an offer of support or treatment within the preceding 12 months.",Smoking: Current smokers offered support/treatment (CVDP002SMOK),76.56,80+,Age group,0,1270.0,To March 2026,80.52,78.62,
E54000013,NHS Lincolnshire Integrated Care Board,Persons,6065.0,,,CVDP002SMOK,"Patients with GP recorded CVD or CVD risk factors who are GP recorded current smokers, who have a record of an offer of support or treatment within the preceding 12 months.",Smoking: Current smokers offered support/treatment (CVDP002SMOK),76.99,1 - most deprived,Deprivation quintile,0,4735.0,To March 2026,79.07,78.05,
E54000013,NHS Lincolnshire Integrated Care Board,Persons,6615.0,,,CVDP002SMOK,"Patients with GP recorded CVD or CVD risk factors who are GP recorded current smokers, who have a record of an offer of support or treatment within the preceding 12 months.",Smoking: Current smokers offered support/treatment (CVDP002SMOK),77.75,2,Deprivation quintile,0,5210.0,To March 2026,79.72,78.76,
E54000013,NHS Lincolnshire Integrated Care Board,Persons,4695.0,,,CVDP002SMOK,"Patients with GP recorded CVD or CVD risk factors who are GP recorded current smokers, who have a record of an offer of support or treatment within the preceding 12 months.",Smoking: Current smokers offered support/treatment (CVDP002SMOK),78.66,3,Deprivation quintile,0,3745.0,To March 2026,80.94,79.82,
E54000013,NHS Lincolnshire Integrated Care Board,Persons,4115.0,,,CVDP002SMOK,"Patients with GP recorded CVD or CVD risk factors who are GP recorded current smokers, who have a record of an offer of support or treatment within the preceding 12 months.",Smoking: Current smokers offered support/treatment (CVDP002SMOK),79.79,4,Deprivation quintile,0,3335.0,To March 2026,82.17,81.02,
E54000013,NHS Lincolnshire Integrated Care Board,Persons,2645.0,,,CVDP002SMOK,"Patients with GP recorded CVD or CVD risk factors who are GP recorded current smokers, who have a record of an offer of support or treatment within the preceding 12 months.",Smoking: Current smokers offered support/treatment (CVDP002SMOK),77.48,5 - least deprived,Deprivation quintile,0,2090.0,To March 2026,80.58,79.08,
E54000013,NHS Lincolnshire Integrated Care Board,Persons,200.0,,,CVDP002SMOK,"Patients with GP recorded CVD or CVD risk factors who are GP recorded current smokers, who have a record of an offer of support or treatment within the preceding 12 months.",Smoking: Current smokers offered support/treatment (CVDP002SMOK),65.52,Asian,Ethnicity,0,145.0,To March 2026,77.83,72.0,
E54000013,NHS Lincolnshire Integrated Care Board,Persons,120.0,,,CVDP002SMOK,"Patients with GP recorded CVD or CVD risk factors who are GP recorded current smokers, who have a record of an offer of support or treatment within the preceding 12 months.",Smoking: Current smokers offered support/treatment (CVDP002SMOK),63.41,Black,Ethnicity,0,85.0,To March 2026,78.86,71.67,
E54000013,NHS Lincolnshire Integrated Care Board,Persons,635.0,,,CVDP002SMOK,"Patients with GP recorded CVD or CVD risk factors who are GP recorded current smokers, who have a record of an offer of support or treatment within the preceding 12 months.",Smoking: Current smokers offered support/treatment (CVDP002SMOK),69.65,Missing,Ethnicity,0,465.0,To March 2026,76.42,73.14,
E54000013,NHS Lincolnshire Integrated Care Board,Persons,90.0,,,CVDP002SMOK,"Patients with GP recorded CVD or CVD risk factors who are GP recorded current smokers, who have a record of an offer of support or treatment within the preceding 12 months.",Smoking: Current smokers offered support/treatment (CVDP002SMOK),64.84,Mixed,Ethnicity,0,65.0,To March 2026,82.42,75.0,
E54000013,NHS Lincolnshire Integrated Care Board,Persons,340.0,,,CVDP002SMOK,"Patients with GP recorded CVD or CVD risk factors who are GP recorded current smokers, who have a record of an offer of support or treatment within the preceding 12 months.",Smoking: Current smokers offered support/treatment (CVDP002SMOK),73.18,Not stated,Ethnicity,0,265.0,To March 2026,81.92,77.94,
E54000013,NHS Lincolnshire Integrated Care Board,Persons,185.0,,,CVDP002SMOK,"Patients with GP recorded CVD or CVD risk factors who are GP recorded current smokers, who have a record of an offer of support or treatment within the preceding 12 months.",Smoking: Current smokers offered support/treatment (CVDP002SMOK),67.2,Other,Ethnicity,0,135.0,To March 2026,79.57,73.77,
E54000013,NHS Lincolnshire Integrated Care Board,Persons,22410.0,,,CVDP002SMOK,"Patients with GP recorded CVD or CVD risk factors who are GP recorded current smokers, who have a record of an offer of support or treatment within the preceding 12 months.",Smoking: Current smokers offered support/treatment (CVDP002SMOK),79.22,White,Ethnicity,0,17870.0,To March 2026,80.27,79.75,
E54000013,NHS Lincolnshire Integrated Care Board,Persons,23230.0,,,CVDP002SMOK,"Patients with GP recorded CVD or CVD risk factors who are GP recorded current smokers, who have a record of an offer of support or treatment within the preceding 12 months.",Smoking: Current smokers offered support/treatment (CVDP002SMOK),78.72,People without SMI,Mental Health,0,18405.0,To March 2026,79.76,79.24,
E54000013,NHS Lincolnshire Integrated Care Board,Persons,745.0,,,CVDP002SMOK,"Patients with GP recorded CVD or CVD risk factors who are GP recorded current smokers, who have a record of an offer of support or treatment within the preceding 12 months.",Smoking: Current smokers offered support/treatment (CVDP002SMOK),80.86,People with SMI,Mental Health,0,620.0,To March 2026,86.08,83.6,
E54000013,NHS Lincolnshire Integrated Care Board,Persons,23860.0,,,CVDP002SMOK,"Patients with GP recorded CVD or CVD risk factors who are GP recorded current smokers, who have a record of an offer of support or treatment within the preceding 12 months.",Smoking: Current smokers offered support/treatment (CVDP002SMOK),78.8,People without a diagnosed learning disability,Learning Disability,0,18925.0,To March 2026,79.83,79.32,
E54000013,NHS Lincolnshire Integrated Care Board,Persons,115.0,,,CVDP002SMOK,"Patients with GP recorded CVD or CVD risk factors who are GP recorded current smokers, who have a record of an offer of support or treatment within the preceding 12 months.",Smoking: Current smokers offered support/treatment (CVDP002SMOK),86.32,People with a diagnosed learning disability,Learning Disability,0,105.0,To March 2026,95.73,92.11,
E54000026,NHS Mid and South Essex Integrated Care Board,Persons,32195.0,,,CVDP002SMOK,"Patients with GP recorded CVD or CVD risk factors who are GP recorded current smokers, who have a record of an offer of support or treatment within the preceding 12 months.",Smoking: Current smokers offered support/treatment (CVDP002SMOK),73.82,Persons,Sex,0,23920.0,To March 2026,74.77,74.3,
E54000026,NHS Mid and South Essex Integrated Care Board,Female,13540.0,,,CVDP002SMOK,"Patients with GP recorded CVD or CVD risk factors who are GP recorded current smokers, who have a record of an offer of support or treatment within the preceding 12 months.",Smoking: Current smokers offered support/treatment (CVDP002SMOK),74.73,Female,Sex,0,10220.0,To March 2026,76.18,75.47,
E54000026,NHS Mid and South Essex Integrated Care Board,Male,18655.0,,,CVDP002SMOK,"Patients with GP recorded CVD or CVD risk factors who are GP recorded current smokers, who have a record of an offer of support or treatment within the preceding 12 months.",Smoking: Current smokers offered support/treatment (CVDP002SMOK),72.81,Male,Sex,0,13700.0,To March 2026,74.08,73.45,
E54000026,NHS Mid and South Essex Integrated Care Board,Male,1040.0,,,CVDP002SMOK,"Patients with GP recorded CVD or CVD risk factors who are GP recorded current smokers, who have a record of an offer of support or treatment within the preceding 12 months.",Smoking: Current smokers offered support/treatment (CVDP002SMOK),68.84,18-39,Age group,0,745.0,To March 2026,74.3,71.63,
E54000026,NHS Mid and South Essex Integrated Care Board,Female,675.0,,,CVDP002SMOK,"Patients with GP recorded CVD or CVD risk factors who are GP recorded current smokers, who have a record of an offer of support or treatment within the preceding 12 months.",Smoking: Current smokers offered support/treatment (CVDP002SMOK),78.91,18-39,Age group,0,555.0,To March 2026,84.66,81.93,
E54000026,NHS Mid and South Essex Integrated Care Board,Persons,1715.0,,,CVDP002SMOK,"Patients with GP recorded CVD or CVD risk factors who are GP recorded current smokers, who have a record of an offer of support or treatment within the preceding 12 months.",Smoking: Current smokers offered support/treatment (CVDP002SMOK),73.63,18-39,Age group,0,1300.0,To March 2026,77.65,75.69,
E54000026,NHS Mid and South Essex Integrated Care Board,Male,7230.0,,,CVDP002SMOK,"Patients with GP recorded CVD or CVD risk factors who are GP recorded current smokers, who have a record of an offer of support or treatment within the preceding 12 months.",Smoking: Current smokers offered support/treatment (CVDP002SMOK),74.45,40-59,Age group,0,5455.0,To March 2026,76.43,75.45,
E54000026,NHS Mid and South Essex Integrated Care Board,Female,4530.0,,,CVDP002SMOK,"Patients with GP recorded CVD or CVD risk factors who are GP recorded current smokers, who have a record of an offer of support or treatment within the preceding 12 months.",Smoking: Current smokers offered support/treatment (CVDP002SMOK),78.65,40-59,Age group,0,3620.0,To March 2026,80.97,79.83,
E54000026,NHS Mid and South Essex Integrated Care Board,Persons,11760.0,,,CVDP002SMOK,"Patients with GP recorded CVD or CVD risk factors who are GP recorded current smokers, who have a record of an offer of support or treatment within the preceding 12 months.",Smoking: Current smokers offered support/treatment (CVDP002SMOK),76.37,40-59,Age group,0,9075.0,To March 2026,77.88,77.14,
E54000026,NHS Mid and South Essex Integrated Care Board,Male,9435.0,,,CVDP002SMOK,"Patients with GP recorded CVD or CVD risk factors who are GP recorded current smokers, who have a record of an offer of support or treatment within the preceding 12 months.",Smoking: Current smokers offered support/treatment (CVDP002SMOK),70.67,60-79,Age group,0,6750.0,To March 2026,72.48,71.58,
E54000026,NHS Mid and South Essex Integrated Care Board,Female,7200.0,,,CVDP002SMOK,"Patients with GP recorded CVD or CVD risk factors who are GP recorded current smokers, who have a record of an offer of support or treatment within the preceding 12 months.",Smoking: Current smokers offered support/treatment (CVDP002SMOK),70.65,60-79,Age group,0,5160.0,To March 2026,72.72,71.69,
E54000026,NHS Mid and South Essex Integrated Care Board,Persons,16635.0,,,CVDP002SMOK,"Patients with GP recorded CVD or CVD risk factors who are GP recorded current smokers, who have a record of an offer of support or treatment within the preceding 12 months.",Smoking: Current smokers offered support/treatment (CVDP002SMOK),70.94,60-79,Age group,0,11915.0,To March 2026,72.31,71.63,
E54000026,NHS Mid and South Essex Integrated Care Board,Male,950.0,,,CVDP002SMOK,"Patients with GP recorded CVD or CVD risk factors who are GP recorded current smokers, who have a record of an offer of support or treatment within the preceding 12 months.",Smoking: Current smokers offered support/treatment (CVDP002SMOK),76.13,80+,Age group,0,750.0,To March 2026,81.26,78.78,
E54000026,NHS Mid and South Essex Integrated Care Board,Female,1135.0,,,CVDP002SMOK,"Patients with GP recorded CVD or CVD risk factors who are GP recorded current smokers, who have a record of an offer of support or treatment within the preceding 12 months.",Smoking: Current smokers offered support/treatment (CVDP002SMOK),75.62,80+,Age group,0,885.0,To March 2026,80.37,78.11,
E54000026,NHS Mid and South Essex Integrated Care Board,Persons,2085.0,,,CVDP002SMOK,"Patients with GP recorded CVD or CVD risk factors who are GP recorded current smokers, who have a record of an offer of support or treatment within the preceding 12 months.",Smoking: Current smokers offered support/treatment (CVDP002SMOK),76.63,80+,Age group,0,1635.0,To March 2026,80.12,78.42,
E54000026,NHS Mid and South Essex Integrated Care Board,Persons,5325.0,,,CVDP002SMOK,"Patients with GP recorded CVD or CVD risk factors who are GP recorded current smokers, who have a record of an offer of support or treatment within the preceding 12 months.",Smoking: Current smokers offered support/treatment (CVDP002SMOK),79.49,1 - most deprived,Deprivation quintile,0,4290.0,To March 2026,81.61,80.57,
E54000026,NHS Mid and South Essex Integrated Care Board,Persons,7735.0,,,CVDP002SMOK,"Patients with GP recorded CVD or CVD risk factors who are GP recorded current smokers, who have a record of an offer of support or treatment within the preceding 12 months.",Smoking: Current smokers offered support/treatment (CVDP002SMOK),80.07,2,Deprivation quintile,0,6260.0,To March 2026,81.81,80.95,
E54000026,NHS Mid and South Essex Integrated Care Board,Persons,7225.0,,,CVDP002SMOK,"Patients with GP recorded CVD or CVD risk factors who are GP recorded current smokers, who have a record of an offer of support or treatment within the preceding 12 months.",Smoking: Current smokers offered support/treatment (CVDP002SMOK),73.52,3,Deprivation quintile,0,5385.0,To March 2026,75.53,74.54,
E54000026,NHS Mid and South Essex Integrated Care Board,Persons,6605.0,,,CVDP002SMOK,"Patients with GP recorded CVD or CVD risk factors who are GP recorded current smokers, who have a record of an offer of support or treatment within the preceding 12 months.",Smoking: Current smokers offered support/treatment (CVDP002SMOK),70.25,4,Deprivation quintile,0,4715.0,To March 2026,72.43,71.36,
E54000026,NHS Mid and South Essex Integrated Care Board,Persons,5495.0,,,CVDP002SMOK,"Patients with GP recorded CVD or CVD risk factors who are GP recorded current smokers, who have a record of an offer of support or treatment within the preceding 12 months.",Smoking: Current smokers offered support/treatment (CVDP002SMOK),60.81,5 - least deprived,Deprivation quintile,0,3410.0,To March 2026,63.36,62.1,
E54000026,NHS Mid and South Essex Integrated Care Board,Persons,875.0,,,CVDP002SMOK,"Patients with GP recorded CVD or CVD risk factors who are GP recorded current smokers, who have a record of an offer of support or treatment within the preceding 12 months.",Smoking: Current smokers offered support/treatment (CVDP002SMOK),74.74,Asian,Ethnicity,0,680.0,To March 2026,80.2,77.63,
E54000026,NHS Mid and South Essex Integrated Care Board,Persons,520.0,,,CVDP002SMOK,"Patients with GP recorded CVD or CVD risk factors who are GP recorded current smokers, who have a record of an offer of support or treatment within the preceding 12 months.",Smoking: Current smokers offered support/treatment (CVDP002SMOK),67.75,Black,Ethnicity,0,370.0,To March 2026,75.43,71.81,
E54000026,NHS Mid and South Essex Integrated Care Board,Persons,1315.0,,,CVDP002SMOK,"Patients with GP recorded CVD or CVD risk factors who are GP recorded current smokers, who have a record of an offer of support or treatment within the preceding 12 months.",Smoking: Current smokers offered support/treatment (CVDP002SMOK),70.49,Missing,Ethnicity,0,960.0,To March 2026,75.27,72.93,
E54000026,NHS Mid and South Essex Integrated Care Board,Persons,315.0,,,CVDP002SMOK,"Patients with GP recorded CVD or CVD risk factors who are GP recorded current smokers, who have a record of an offer of support or treatment within the preceding 12 months.",Smoking: Current smokers offered support/treatment (CVDP002SMOK),72.81,Mixed,Ethnicity,0,245.0,To March 2026,81.88,77.6,
E54000026,NHS Mid and South Essex Integrated Care Board,Persons,945.0,,,CVDP002SMOK,"Patients with GP recorded CVD or CVD risk factors who are GP recorded current smokers, who have a record of an offer of support or treatment within the preceding 12 months.",Smoking: Current smokers offered support/treatment (CVDP002SMOK),66.39,Not stated,Ethnicity,0,655.0,To March 2026,72.18,69.34,
E54000026,NHS Mid and South Essex Integrated Care Board,Persons,205.0,,,CVDP002SMOK,"Patients with GP recorded CVD or CVD risk factors who are GP recorded current smokers, who have a record of an offer of support or treatment within the preceding 12 months.",Smoking: Current smokers offered support/treatment (CVDP002SMOK),77.4,Other,Ethnicity,0,170.0,To March 2026,87.5,82.93,
E54000026,NHS Mid and South Essex Integrated Care Board,Persons,28020.0,,,CVDP002SMOK,"Patients with GP recorded CVD or CVD risk factors who are GP recorded current smokers, who have a record of an offer of support or treatment within the preceding 12 months.",Smoking: Current smokers offered support/treatment (CVDP002SMOK),73.86,White,Ethnicity,0,20835.0,To March 2026,74.88,74.37,
E54000026,NHS Mid and South Essex Integrated Care Board,Persons,31075.0,,,CVDP002SMOK,"Patients with GP recorded CVD or CVD risk factors who are GP recorded current smokers, who have a record of an offer of support or treatment within the preceding 12 months.",Smoking: Current smokers offered support/treatment (CVDP002SMOK),73.34,People without SMI,Mental Health,0,22945.0,To March 2026,74.31,73.83,
E54000026,NHS Mid and South Essex Integrated Care Board,Persons,1120.0,,,CVDP002SMOK,"Patients with GP recorded CVD or CVD risk factors who are GP recorded current smokers, who have a record of an offer of support or treatment within the preceding 12 months.",Smoking: Current smokers offered support/treatment (CVDP002SMOK),85.28,People with SMI,Mental Health,0,975.0,To March 2026,89.12,87.3,
E54000026,NHS Mid and South Essex Integrated Care Board,Persons,32055.0,,,CVDP002SMOK,"Patients with GP recorded CVD or CVD risk factors who are GP recorded current smokers, who have a record of an offer of support or treatment within the preceding 12 months.",Smoking: Current smokers offered support/treatment (CVDP002SMOK),73.74,People without a diagnosed learning disability,Learning Disability,0,23790.0,To March 2026,74.7,74.22,
E54000026,NHS Mid and South Essex Integrated Care Board,Persons,140.0,,,CVDP002SMOK,"Patients with GP recorded CVD or CVD risk factors who are GP recorded current smokers, who have a record of an offer of support or treatment within the preceding 12 months.",Smoking: Current smokers offered support/treatment (CVDP002SMOK),86.71,People with a diagnosed learning disability,Learning Disability,0,130.0,To March 2026,95.8,92.14,
E54000022,Nhs Norfolk And Waveney Integrated Care Board,Persons,30700.0,,,CVDP002SMOK,"Patients with GP recorded CVD or CVD risk factors who are GP recorded current smokers, who have a record of an offer of support or treatment within the preceding 12 months.",Smoking: Current smokers offered support/treatment (CVDP002SMOK),73.43,Persons,Sex,0,22695.0,To March 2026,74.41,73.92,
E54000022,Nhs Norfolk And Waveney Integrated Care Board,Female,13070.0,,,CVDP002SMOK,"Patients with GP recorded CVD or CVD risk factors who are GP recorded current smokers, who have a record of an offer of support or treatment within the preceding 12 months.",Smoking: Current smokers offered support/treatment (CVDP002SMOK),74.52,Female,Sex,0,9835.0,To March 2026,76.0,75.27,
E54000022,Nhs Norfolk And Waveney Integrated Care Board,Male,17635.0,,,CVDP002SMOK,"Patients with GP recorded CVD or CVD risk factors who are GP recorded current smokers, who have a record of an offer of support or treatment within the preceding 12 months.",Smoking: Current smokers offered support/treatment (CVDP002SMOK),72.27,Male,Sex,0,12860.0,To March 2026,73.58,72.93,
E54000022,Nhs Norfolk And Waveney Integrated Care Board,Male,1050.0,,,CVDP002SMOK,"Patients with GP recorded CVD or CVD risk factors who are GP recorded current smokers, who have a record of an offer of support or treatment within the preceding 12 months.",Smoking: Current smokers offered support/treatment (CVDP002SMOK),60.17,18-39,Age group,0,660.0,To March 2026,65.97,63.11,
E54000022,Nhs Norfolk And Waveney Integrated Care Board,Female,830.0,,,CVDP002SMOK,"Patients with GP recorded CVD or CVD risk factors who are GP recorded current smokers, who have a record of an offer of support or treatment within the preceding 12 months.",Smoking: Current smokers offered support/treatment (CVDP002SMOK),69.11,18-39,Age group,0,600.0,To March 2026,75.12,72.26,
E54000022,Nhs Norfolk And Waveney Integrated Care Board,Persons,1880.0,,,CVDP002SMOK,"Patients with GP recorded CVD or CVD risk factors who are GP recorded current smokers, who have a record of an offer of support or treatment within the preceding 12 months.",Smoking: Current smokers offered support/treatment (CVDP002SMOK),65.02,18-39,Age group,0,1260.0,To March 2026,69.22,67.15,
E54000022,Nhs Norfolk And Waveney Integrated Care Board,Male,6695.0,,,CVDP002SMOK,"Patients with GP recorded CVD or CVD risk factors who are GP recorded current smokers, who have a record of an offer of support or treatment within the preceding 12 months.",Smoking: Current smokers offered support/treatment (CVDP002SMOK),69.5,40-59,Age group,0,4725.0,To March 2026,71.68,70.61,
E54000022,Nhs Norfolk And Waveney Integrated Care Board,Female,4565.0,,,CVDP002SMOK,"Patients with GP recorded CVD or CVD risk factors who are GP recorded current smokers, who have a record of an offer of support or treatment within the preceding 12 months.",Smoking: Current smokers offered support/treatment (CVDP002SMOK),74.26,40-59,Age group,0,3450.0,To March 2026,76.73,75.51,
E54000022,Nhs Norfolk And Waveney Integrated Care Board,Persons,11260.0,,,CVDP002SMOK,"Patients with GP recorded CVD or CVD risk factors who are GP recorded current smokers, who have a record of an offer of support or treatment within the preceding 12 months.",Smoking: Current smokers offered support/treatment (CVDP002SMOK),71.77,40-59,Age group,0,8175.0,To March 2026,73.42,72.6,
E54000022,Nhs Norfolk And Waveney Integrated Care Board,Male,8785.0,,,CVDP002SMOK,"Patients with GP recorded CVD or CVD risk factors who are GP recorded current smokers, who have a record of an offer of support or treatment within the preceding 12 months.",Smoking: Current smokers offered support/treatment (CVDP002SMOK),74.8,60-79,Age group,0,6650.0,To March 2026,76.58,75.7,
E54000022,Nhs Norfolk And Waveney Integrated Care Board,Female,6550.0,,,CVDP002SMOK,"Patients with GP recorded CVD or CVD risk factors who are GP recorded current smokers, who have a record of an offer of support or treatment within the preceding 12 months.",Smoking: Current smokers offered support/treatment (CVDP002SMOK),74.94,60-79,Age group,0,4980.0,To March 2026,76.99,75.98,
E54000022,Nhs Norfolk And Waveney Integrated Care Board,Persons,15335.0,,,CVDP002SMOK,"Patients with GP recorded CVD or CVD risk factors who are GP recorded current smokers, who have a record of an offer of support or treatment within the preceding 12 months.",Smoking: Current smokers offered support/treatment (CVDP002SMOK),75.14,60-79,Age group,0,11630.0,To March 2026,76.49,75.82,
E54000022,Nhs Norfolk And Waveney Integrated Care Board,Male,1105.0,,,CVDP002SMOK,"Patients with GP recorded CVD or CVD risk factors who are GP recorded current smokers, who have a record of an offer of support or treatment within the preceding 12 months.",Smoking: Current smokers offered support/treatment (CVDP002SMOK),71.6,80+,Age group,0,820.0,To March 2026,76.74,74.23,
E54000022,Nhs Norfolk And Waveney Integrated Care Board,Female,1120.0,,,CVDP002SMOK,"Patients with GP recorded CVD or CVD risk factors who are GP recorded current smokers, who have a record of an offer of support or treatment within the preceding 12 months.",Smoking: Current smokers offered support/treatment (CVDP002SMOK),69.66,80+,Age group,0,810.0,To March 2026,74.82,72.35,
E54000022,Nhs Norfolk And Waveney Integrated Care Board,Persons,2225.0,,,CVDP002SMOK,"Patients with GP recorded CVD or CVD risk factors who are GP recorded current smokers, who have a record of an offer of support or treatment within the preceding 12 months.",Smoking: Current smokers offered support/treatment (CVDP002SMOK),71.43,80+,Age group,0,1630.0,To March 2026,75.07,73.28,
E54000022,Nhs Norfolk And Waveney Integrated Care Board,Persons,8400.0,,,CVDP002SMOK,"Patients with GP recorded CVD or CVD risk factors who are GP recorded current smokers, who have a record of an offer of support or treatment within the preceding 12 months.",Smoking: Current smokers offered support/treatment (CVDP002SMOK),73.93,1 - most deprived,Deprivation quintile,0,6290.0,To March 2026,75.78,74.86,
E54000022,Nhs Norfolk And Waveney Integrated Care Board,Persons,8210.0,,,CVDP002SMOK,"Patients with GP recorded CVD or CVD risk factors who are GP recorded current smokers, who have a record of an offer of support or treatment within the preceding 12 months.",Smoking: Current smokers offered support/treatment (CVDP002SMOK),73.69,2,Deprivation quintile,0,6125.0,To March 2026,75.57,74.65,
E54000022,Nhs Norfolk And Waveney Integrated Care Board,Persons,8615.0,,,CVDP002SMOK,"Patients with GP recorded CVD or CVD risk factors who are GP recorded current smokers, who have a record of an offer of support or treatment within the preceding 12 months.",Smoking: Current smokers offered support/treatment (CVDP002SMOK),72.03,3,Deprivation quintile,0,6285.0,To March 2026,73.89,72.97,
E54000022,Nhs Norfolk And Waveney Integrated Care Board,Persons,3820.0,,,CVDP002SMOK,"Patients with GP recorded CVD or CVD risk factors who are GP recorded current smokers, who have a record of an offer of support or treatment within the preceding 12 months.",Smoking: Current smokers offered support/treatment (CVDP002SMOK),70.39,4,Deprivation quintile,0,2745.0,To March 2026,73.24,71.83,
E54000022,Nhs Norfolk And Waveney Integrated Care Board,Persons,1890.0,,,CVDP002SMOK,"Patients with GP recorded CVD or CVD risk factors who are GP recorded current smokers, who have a record of an offer of support or treatment within the preceding 12 months.",Smoking: Current smokers offered support/treatment (CVDP002SMOK),71.86,5 - least deprived,Deprivation quintile,0,1395.0,To March 2026,75.77,73.88,
E54000022,Nhs Norfolk And Waveney Integrated Care Board,Persons,325.0,,,CVDP002SMOK,"Patients with GP recorded CVD or CVD risk factors who are GP recorded current smokers, who have a record of an offer of support or treatment within the preceding 12 months.",Smoking: Current smokers offered support/treatment (CVDP002SMOK),65.75,Asian,Ethnicity,0,230.0,To March 2026,75.54,70.99,
E54000022,Nhs Norfolk And Waveney Integrated Care Board,Persons,155.0,,,CVDP002SMOK,"Patients with GP recorded CVD or CVD risk factors who are GP recorded current smokers, who have a record of an offer of support or treatment within the preceding 12 months.",Smoking: Current smokers offered support/treatment (CVDP002SMOK),67.52,Black,Ethnicity,0,115.0,To March 2026,80.89,74.68,
E54000022,Nhs Norfolk And Waveney Integrated Care Board,Persons,1070.0,,,CVDP002SMOK,"Patients with GP recorded CVD or CVD risk factors who are GP recorded current smokers, who have a record of an offer of support or treatment within the preceding 12 months.",Smoking: Current smokers offered support/treatment (CVDP002SMOK),63.28,Missing,Ethnicity,0,710.0,To March 2026,68.87,66.17,
E54000022,Nhs Norfolk And Waveney Integrated Care Board,Persons,190.0,,,CVDP002SMOK,"Patients with GP recorded CVD or CVD risk factors who are GP recorded current smokers, who have a record of an offer of support or treatment within the preceding 12 months.",Smoking: Current smokers offered support/treatment (CVDP002SMOK),59.79,Mixed,Ethnicity,0,125.0,To March 2026,72.68,66.49,
E54000022,Nhs Norfolk And Waveney Integrated Care Board,Persons,725.0,,,CVDP002SMOK,"Patients with GP recorded CVD or CVD risk factors who are GP recorded current smokers, who have a record of an offer of support or treatment within the preceding 12 months.",Smoking: Current smokers offered support/treatment (CVDP002SMOK),63.42,Not stated,Ethnicity,0,485.0,To March 2026,70.14,66.85,
E54000022,Nhs Norfolk And Waveney Integrated Care Board,Persons,295.0,,,CVDP002SMOK,"Patients with GP recorded CVD or CVD risk factors who are GP recorded current smokers, who have a record of an offer of support or treatment within the preceding 12 months.",Smoking: Current smokers offered support/treatment (CVDP002SMOK),67.0,Other,Ethnicity,0,215.0,To March 2026,77.0,72.39,
E54000022,Nhs Norfolk And Waveney Integrated Care Board,Persons,27940.0,,,CVDP002SMOK,"Patients with GP recorded CVD or CVD risk factors who are GP recorded current smokers, who have a record of an offer of support or treatment within the preceding 12 months.",Smoking: Current smokers offered support/treatment (CVDP002SMOK),73.99,White,Ethnicity,0,20815.0,To March 2026,75.01,74.5,
E54000022,Nhs Norfolk And Waveney Integrated Care Board,Persons,29565.0,,,CVDP002SMOK,"Patients with GP recorded CVD or CVD risk factors who are GP recorded current smokers, who have a record of an offer of support or treatment within the preceding 12 months.",Smoking: Current smokers offered support/treatment (CVDP002SMOK),73.2,People without SMI,Mental Health,0,21790.0,To March 2026,74.2,73.7,
E54000022,Nhs Norfolk And Waveney Integrated Care Board,Persons,1140.0,,,CVDP002SMOK,"Patients with GP recorded CVD or CVD risk factors who are GP recorded current smokers, who have a record of an offer of support or treatment within the preceding 12 months.",Smoking: Current smokers offered support/treatment (CVDP002SMOK),77.3,People with SMI,Mental Health,0,905.0,To March 2026,81.95,79.7,
E54000022,Nhs Norfolk And Waveney Integrated Care Board,Persons,30500.0,,,CVDP002SMOK,"Patients with GP recorded CVD or CVD risk factors who are GP recorded current smokers, who have a record of an offer of support or treatment within the preceding 12 months.",Smoking: Current smokers offered support/treatment (CVDP002SMOK),73.32,People without a diagnosed learning disability,Learning Disability,0,22515.0,To March 2026,74.3,73.81,
E54000022,Nhs Norfolk And Waveney Integrated Care Board,Persons,200.0,,,CVDP002SMOK,"Patients with GP recorded CVD or CVD risk factors who are GP recorded current smokers, who have a record of an offer of support or treatment within the preceding 12 months.",Smoking: Current smokers offered support/treatment (CVDP002SMOK),85.71,People with a diagnosed learning disability,Learning Disability,0,180.0,To March 2026,93.6,90.5,
E54000028,NHS North Central London Integrated Care Board,Persons,38155.0,,,CVDP002SMOK,"Patients with GP recorded CVD or CVD risk factors who are GP recorded current smokers, who have a record of an offer of support or treatment within the preceding 12 months.",Smoking: Current smokers offered support/treatment (CVDP002SMOK),76.82,Persons,Sex,0,29475.0,To March 2026,77.66,77.24,
E54000028,NHS North Central London Integrated Care Board,Female,13865.0,,,CVDP002SMOK,"Patients with GP recorded CVD or CVD risk factors who are GP recorded current smokers, who have a record of an offer of support or treatment within the preceding 12 months.",Smoking: Current smokers offered support/treatment (CVDP002SMOK),77.15,Female,Sex,0,10795.0,To March 2026,78.53,77.84,
E54000028,NHS North Central London Integrated Care Board,Male,24290.0,,,CVDP002SMOK,"Patients with GP recorded CVD or CVD risk factors who are GP recorded current smokers, who have a record of an offer of support or treatment within the preceding 12 months.",Smoking: Current smokers offered support/treatment (CVDP002SMOK),76.37,Male,Sex,0,18680.0,To March 2026,77.42,76.9,
E54000028,NHS North Central London Integrated Care Board,Male,1630.0,,,CVDP002SMOK,"Patients with GP recorded CVD or CVD risk factors who are GP recorded current smokers, who have a record of an offer of support or treatment within the preceding 12 months.",Smoking: Current smokers offered support/treatment (CVDP002SMOK),69.14,18-39,Age group,0,1165.0,To March 2026,73.48,71.35,
E54000028,NHS North Central London Integrated Care Board,Female,890.0,,,CVDP002SMOK,"Patients with GP recorded CVD or CVD risk factors who are GP recorded current smokers, who have a record of an offer of support or treatment within the preceding 12 months.",Smoking: Current smokers offered support/treatment (CVDP002SMOK),67.68,18-39,Age group,0,630.0,To March 2026,73.63,70.72,
E54000028,NHS North Central London Integrated Care Board,Persons,2520.0,,,CVDP002SMOK,"Patients with GP recorded CVD or CVD risk factors who are GP recorded current smokers, who have a record of an offer of support or treatment within the preceding 12 months.",Smoking: Current smokers offered support/treatment (CVDP002SMOK),69.34,18-39,Age group,0,1790.0,To March 2026,72.87,71.13,
E54000028,NHS North Central London Integrated Care Board,Male,11335.0,,,CVDP002SMOK,"Patients with GP recorded CVD or CVD risk factors who are GP recorded current smokers, who have a record of an offer of support or treatment within the preceding 12 months.",Smoking: Current smokers offered support/treatment (CVDP002SMOK),74.96,40-59,Age group,0,8585.0,To March 2026,76.53,75.75,
E54000028,NHS North Central London Integrated Care Board,Female,5860.0,,,CVDP002SMOK,"Patients with GP recorded CVD or CVD risk factors who are GP recorded current smokers, who have a record of an offer of support or treatment within the preceding 12 months.",Smoking: Current smokers offered support/treatment (CVDP002SMOK),77.27,40-59,Age group,0,4590.0,To March 2026,79.37,78.34,
E54000028,NHS North Central London Integrated Care Board,Persons,17195.0,,,CVDP002SMOK,"Patients with GP recorded CVD or CVD risk factors who are GP recorded current smokers, who have a record of an offer of support or treatment within the preceding 12 months.",Smoking: Current smokers offered support/treatment (CVDP002SMOK),76.0,40-59,Age group,0,13175.0,To March 2026,77.26,76.63,
E54000028,NHS North Central London Integrated Care Board,Male,10390.0,,,CVDP002SMOK,"Patients with GP recorded CVD or CVD risk factors who are GP recorded current smokers, who have a record of an offer of support or treatment within the preceding 12 months.",Smoking: Current smokers offered support/treatment (CVDP002SMOK),78.7,60-79,Age group,0,8255.0,To March 2026,80.24,79.48,
E54000028,NHS North Central London Integrated Care Board,Female,6260.0,,,CVDP002SMOK,"Patients with GP recorded CVD or CVD risk factors who are GP recorded current smokers, who have a record of an offer of support or treatment within the preceding 12 months.",Smoking: Current smokers offered support/treatment (CVDP002SMOK),78.17,60-79,Age group,0,4955.0,To March 2026,80.17,79.18,
E54000028,NHS North Central London Integrated Care Board,Persons,16650.0,,,CVDP002SMOK,"Patients with GP recorded CVD or CVD risk factors who are GP recorded current smokers, who have a record of an offer of support or treatment within the preceding 12 months.",Smoking: Current smokers offered support/treatment (CVDP002SMOK),78.75,60-79,Age group,0,13215.0,To March 2026,79.97,79.37,
E54000028,NHS North Central London Integrated Care Board,Male,940.0,,,CVDP002SMOK,"Patients with GP recorded CVD or CVD risk factors who are GP recorded current smokers, who have a record of an offer of support or treatment within the preceding 12 months.",Smoking: Current smokers offered support/treatment (CVDP002SMOK),68.82,80+,Age group,0,675.0,To March 2026,74.55,71.81,
E54000028,NHS North Central London Integrated Care Board,Female,855.0,,,CVDP002SMOK,"Patients with GP recorded CVD or CVD risk factors who are GP recorded current smokers, who have a record of an offer of support or treatment within the preceding 12 months.",Smoking: Current smokers offered support/treatment (CVDP002SMOK),69.03,80+,Age group,0,615.0,To March 2026,74.97,72.08,
E54000028,NHS North Central London Integrated Care Board,Persons,1795.0,,,CVDP002SMOK,"Patients with GP recorded CVD or CVD risk factors who are GP recorded current smokers, who have a record of an offer of support or treatment within the preceding 12 months.",Smoking: Current smokers offered support/treatment (CVDP002SMOK),69.82,80+,Age group,0,1290.0,To March 2026,73.93,71.94,
E54000028,NHS North Central London Integrated Care Board,Persons,12060.0,,,CVDP002SMOK,"Patients with GP recorded CVD or CVD risk factors who are GP recorded current smokers, who have a record of an offer of support or treatment within the preceding 12 months.",Smoking: Current smokers offered support/treatment (CVDP002SMOK),75.75,1 - most deprived,Deprivation quintile,0,9230.0,To March 2026,77.26,76.52,
E54000028,NHS North Central London Integrated Care Board,Persons,13230.0,,,CVDP002SMOK,"Patients with GP recorded CVD or CVD risk factors who are GP recorded current smokers, who have a record of an offer of support or treatment within the preceding 12 months.",Smoking: Current smokers offered support/treatment (CVDP002SMOK),77.51,2,Deprivation quintile,0,10350.0,To March 2026,78.91,78.22,
E54000028,NHS North Central London Integrated Care Board,Persons,6790.0,,,CVDP002SMOK,"Patients with GP recorded CVD or CVD risk factors who are GP recorded current smokers, who have a record of an offer of support or treatment within the preceding 12 months.",Smoking: Current smokers offered support/treatment (CVDP002SMOK),76.61,3,Deprivation quintile,0,5270.0,To March 2026,78.58,77.62,
E54000028,NHS North Central London Integrated Care Board,Persons,4315.0,,,CVDP002SMOK,"Patients with GP recorded CVD or CVD risk factors who are GP recorded current smokers, who have a record of an offer of support or treatment within the preceding 12 months.",Smoking: Current smokers offered support/treatment (CVDP002SMOK),75.74,4,Deprivation quintile,0,3325.0,To March 2026,78.24,77.02,
E54000028,NHS North Central London Integrated Care Board,Persons,1605.0,,,CVDP002SMOK,"Patients with GP recorded CVD or CVD risk factors who are GP recorded current smokers, who have a record of an offer of support or treatment within the preceding 12 months.",Smoking: Current smokers offered support/treatment (CVDP002SMOK),71.99,5 - least deprived,Deprivation quintile,0,1190.0,To March 2026,76.21,74.18,
E54000028,NHS North Central London Integrated Care Board,Persons,4225.0,,,CVDP002SMOK,"Patients with GP recorded CVD or CVD risk factors who are GP recorded current smokers, who have a record of an offer of support or treatment within the preceding 12 months.",Smoking: Current smokers offered support/treatment (CVDP002SMOK),76.82,Asian,Ethnicity,0,3300.0,To March 2026,79.3,78.08,
E54000028,NHS North Central London Integrated Care Board,Persons,4805.0,,,CVDP002SMOK,"Patients with GP recorded CVD or CVD risk factors who are GP recorded current smokers, who have a record of an offer of support or treatment within the preceding 12 months.",Smoking: Current smokers offered support/treatment (CVDP002SMOK),76.01,Black,Ethnicity,0,3710.0,To March 2026,78.38,77.22,
E54000028,NHS North Central London Integrated Care Board,Persons,325.0,,,CVDP002SMOK,"Patients with GP recorded CVD or CVD risk factors who are GP recorded current smokers, who have a record of an offer of support or treatment within the preceding 12 months.",Smoking: Current smokers offered support/treatment (CVDP002SMOK),58.9,Missing,Ethnicity,0,205.0,To March 2026,69.02,64.09,
E54000028,NHS North Central London Integrated Care Board,Persons,1435.0,,,CVDP002SMOK,"Patients with GP recorded CVD or CVD risk factors who are GP recorded current smokers, who have a record of an offer of support or treatment within the preceding 12 months.",Smoking: Current smokers offered support/treatment (CVDP002SMOK),73.94,Mixed,Ethnicity,0,1095.0,To March 2026,78.32,76.18,
E54000028,NHS North Central London Integrated Care Board,Persons,1000.0,,,CVDP002SMOK,"Patients with GP recorded CVD or CVD risk factors who are GP recorded current smokers, who have a record of an offer of support or treatment within the preceding 12 months.",Smoking: Current smokers offered support/treatment (CVDP002SMOK),64.04,Not stated,Ethnicity,0,670.0,To March 2026,69.83,67.03,
E54000028,NHS North Central London Integrated Care Board,Persons,4515.0,,,CVDP002SMOK,"Patients with GP recorded CVD or CVD risk factors who are GP recorded current smokers, who have a record of an offer of support or treatment within the preceding 12 months.",Smoking: Current smokers offered support/treatment (CVDP002SMOK),77.85,Other,Ethnicity,0,3570.0,To March 2026,80.22,79.05,
E54000028,NHS North Central London Integrated Care Board,Persons,21855.0,,,CVDP002SMOK,"Patients with GP recorded CVD or CVD risk factors who are GP recorded current smokers, who have a record of an offer of support or treatment within the preceding 12 months.",Smoking: Current smokers offered support/treatment (CVDP002SMOK),76.88,White,Ethnicity,0,16925.0,To March 2026,77.99,77.44,
E54000028,NHS North Central London Integrated Care Board,Persons,35405.0,,,CVDP002SMOK,"Patients with GP recorded CVD or CVD risk factors who are GP recorded current smokers, who have a record of an offer of support or treatment within the preceding 12 months.",Smoking: Current smokers offered support/treatment (CVDP002SMOK),76.15,People without SMI,Mental Health,0,27120.0,To March 2026,77.03,76.59,
E54000028,NHS North Central London Integrated Care Board,Persons,2750.0,,,CVDP002SMOK,"Patients with GP recorded CVD or CVD risk factors who are GP recorded current smokers, who have a record of an offer of support or treatment within the preceding 12 months.",Smoking: Current smokers offered support/treatment (CVDP002SMOK),84.27,People with SMI,Mental Health,0,2355.0,To March 2026,86.89,85.64,
E54000028,NHS North Central London Integrated Care Board,Persons,37920.0,,,CVDP002SMOK,"Patients with GP recorded CVD or CVD risk factors who are GP recorded current smokers, who have a record of an offer of support or treatment within the preceding 12 months.",Smoking: Current smokers offered support/treatment (CVDP002SMOK),76.75,People without a diagnosed learning disability,Learning Disability,0,29265.0,To March 2026,77.59,77.18,
E54000028,NHS North Central London Integrated Care Board,Persons,240.0,,,CVDP002SMOK,"Patients with GP recorded CVD or CVD risk factors who are GP recorded current smokers, who have a record of an offer of support or treatment within the preceding 12 months.",Smoking: Current smokers offered support/treatment (CVDP002SMOK),82.99,People with a diagnosed learning disability,Learning Disability,0,210.0,To March 2026,91.29,87.82,
E54000050,NHS North East and North Cumbria Integrated Care Board,Persons,98030.0,,,CVDP002SMOK,"Patients with GP recorded CVD or CVD risk factors who are GP recorded current smokers, who have a record of an offer of support or treatment within the preceding 12 months.",Smoking: Current smokers offered support/treatment (CVDP002SMOK),80.03,Persons,Sex,0,78700.0,To March 2026,80.53,80.28,
E54000050,NHS North East and North Cumbria Integrated Care Board,Female,44655.0,,,CVDP002SMOK,"Patients with GP recorded CVD or CVD risk factors who are GP recorded current smokers, who have a record of an offer of support or treatment within the preceding 12 months.",Smoking: Current smokers offered support/treatment (CVDP002SMOK),81.49,Female,Sex,0,36545.0,To March 2026,82.2,81.85,
E54000050,NHS North East and North Cumbria Integrated Care Board,Male,53380.0,,,CVDP002SMOK,"Patients with GP recorded CVD or CVD risk factors who are GP recorded current smokers, who have a record of an offer of support or treatment within the preceding 12 months.",Smoking: Current smokers offered support/treatment (CVDP002SMOK),78.62,Male,Sex,0,42150.0,To March 2026,79.31,78.97,
E54000050,NHS North East and North Cumbria Integrated Care Board,Male,3285.0,,,CVDP002SMOK,"Patients with GP recorded CVD or CVD risk factors who are GP recorded current smokers, who have a record of an offer of support or treatment within the preceding 12 months.",Smoking: Current smokers offered support/treatment (CVDP002SMOK),67.65,18-39,Age group,0,2275.0,To March 2026,70.78,69.23,
E54000050,NHS North East and North Cumbria Integrated Care Board,Female,2520.0,,,CVDP002SMOK,"Patients with GP recorded CVD or CVD risk factors who are GP recorded current smokers, who have a record of an offer of support or treatment within the preceding 12 months.",Smoking: Current smokers offered support/treatment (CVDP002SMOK),74.93,18-39,Age group,0,1930.0,To March 2026,78.22,76.61,
E54000050,NHS North East and North Cumbria Integrated Care Board,Persons,5810.0,,,CVDP002SMOK,"Patients with GP recorded CVD or CVD risk factors who are GP recorded current smokers, who have a record of an offer of support or treatment within the preceding 12 months.",Smoking: Current smokers offered support/treatment (CVDP002SMOK),71.28,18-39,Age group,0,4205.0,To March 2026,73.57,72.43,
E54000050,NHS North East and North Cumbria Integrated Care Board,Male,21425.0,,,CVDP002SMOK,"Patients with GP recorded CVD or CVD risk factors who are GP recorded current smokers, who have a record of an offer of support or treatment within the preceding 12 months.",Smoking: Current smokers offered support/treatment (CVDP002SMOK),75.84,40-59,Age group,0,16370.0,To March 2026,76.97,76.41,
E54000050,NHS North East and North Cumbria Integrated Care Board,Female,15020.0,,,CVDP002SMOK,"Patients with GP recorded CVD or CVD risk factors who are GP recorded current smokers, who have a record of an offer of support or treatment within the preceding 12 months.",Smoking: Current smokers offered support/treatment (CVDP002SMOK),80.35,40-59,Age group,0,12165.0,To March 2026,81.6,80.98,
E54000050,NHS North East and North Cumbria Integrated Care Board,Persons,36450.0,,,CVDP002SMOK,"Patients with GP recorded CVD or CVD risk factors who are GP recorded current smokers, who have a record of an offer of support or treatment within the preceding 12 months.",Smoking: Current smokers offered support/treatment (CVDP002SMOK),77.87,40-59,Age group,0,28535.0,To March 2026,78.71,78.29,
E54000050,NHS North East and North Cumbria Integrated Care Board,Male,26120.0,,,CVDP002SMOK,"Patients with GP recorded CVD or CVD risk factors who are GP recorded current smokers, who have a record of an offer of support or treatment within the preceding 12 months.",Smoking: Current smokers offered support/treatment (CVDP002SMOK),81.71,60-79,Age group,0,21465.0,To March 2026,82.63,82.18,
E54000050,NHS North East and North Cumbria Integrated Care Board,Female,23475.0,,,CVDP002SMOK,"Patients with GP recorded CVD or CVD risk factors who are GP recorded current smokers, who have a record of an offer of support or treatment within the preceding 12 months.",Smoking: Current smokers offered support/treatment (CVDP002SMOK),83.13,60-79,Age group,0,19630.0,To March 2026,84.08,83.61,
E54000050,NHS North East and North Cumbria Integrated Care Board,Persons,49595.0,,,CVDP002SMOK,"Patients with GP recorded CVD or CVD risk factors who are GP recorded current smokers, who have a record of an offer of support or treatment within the preceding 12 months.",Smoking: Current smokers offered support/treatment (CVDP002SMOK),82.52,60-79,Age group,0,41090.0,To March 2026,83.19,82.86,
E54000050,NHS North East and North Cumbria Integrated Care Board,Male,2550.0,,,CVDP002SMOK,"Patients with GP recorded CVD or CVD risk factors who are GP recorded current smokers, who have a record of an offer of support or treatment within the preceding 12 months.",Smoking: Current smokers offered support/treatment (CVDP002SMOK),78.53,80+,Age group,0,2040.0,To March 2026,81.62,80.11,
E54000050,NHS North East and North Cumbria Integrated Care Board,Female,3635.0,,,CVDP002SMOK,"Patients with GP recorded CVD or CVD risk factors who are GP recorded current smokers, who have a record of an offer of support or treatment within the preceding 12 months.",Smoking: Current smokers offered support/treatment (CVDP002SMOK),76.27,80+,Age group,0,2820.0,To March 2026,78.96,77.65,
E54000050,NHS North East and North Cumbria Integrated Care Board,Persons,6180.0,,,CVDP002SMOK,"Patients with GP recorded CVD or CVD risk factors who are GP recorded current smokers, who have a record of an offer of support or treatment within the preceding 12 months.",Smoking: Current smokers offered support/treatment (CVDP002SMOK),77.62,80+,Age group,0,4865.0,To March 2026,79.66,78.66,
E54000050,NHS North East and North Cumbria Integrated Care Board,Persons,48015.0,,,CVDP002SMOK,"Patients with GP recorded CVD or CVD risk factors who are GP recorded current smokers, who have a record of an offer of support or treatment within the preceding 12 months.",Smoking: Current smokers offered support/treatment (CVDP002SMOK),80.46,1 - most deprived,Deprivation quintile,0,38800.0,To March 2026,81.16,80.81,
E54000050,NHS North East and North Cumbria Integrated Care Board,Persons,23700.0,,,CVDP002SMOK,"Patients with GP recorded CVD or CVD risk factors who are GP recorded current smokers, who have a record of an offer of support or treatment within the preceding 12 months.",Smoking: Current smokers offered support/treatment (CVDP002SMOK),79.76,2,Deprivation quintile,0,19025.0,To March 2026,80.77,80.27,
E54000050,NHS North East and North Cumbria Integrated Care Board,Persons,12190.0,,,CVDP002SMOK,"Patients with GP recorded CVD or CVD risk factors who are GP recorded current smokers, who have a record of an offer of support or treatment within the preceding 12 months.",Smoking: Current smokers offered support/treatment (CVDP002SMOK),78.62,3,Deprivation quintile,0,9675.0,To March 2026,80.06,79.35,
E54000050,NHS North East and North Cumbria Integrated Care Board,Persons,8845.0,,,CVDP002SMOK,"Patients with GP recorded CVD or CVD risk factors who are GP recorded current smokers, who have a record of an offer of support or treatment within the preceding 12 months.",Smoking: Current smokers offered support/treatment (CVDP002SMOK),79.08,4,Deprivation quintile,0,7070.0,To March 2026,80.75,79.93,
E54000050,NHS North East and North Cumbria Integrated Care Board,Persons,5295.0,,,CVDP002SMOK,"Patients with GP recorded CVD or CVD risk factors who are GP recorded current smokers, who have a record of an offer of support or treatment within the preceding 12 months.",Smoking: Current smokers offered support/treatment (CVDP002SMOK),76.84,5 - least deprived,Deprivation quintile,0,4130.0,To March 2026,79.06,77.98,
E54000050,NHS North East and North Cumbria Integrated Care Board,Persons,2200.0,,,CVDP002SMOK,"Patients with GP recorded CVD or CVD risk factors who are GP recorded current smokers, who have a record of an offer of support or treatment within the preceding 12 months.",Smoking: Current smokers offered support/treatment (CVDP002SMOK),76.26,Asian,Ethnicity,0,1715.0,To March 2026,79.71,78.05,
E54000050,NHS North East and North Cumbria Integrated Care Board,Persons,435.0,,,CVDP002SMOK,"Patients with GP recorded CVD or CVD risk factors who are GP recorded current smokers, who have a record of an offer of support or treatment within the preceding 12 months.",Smoking: Current smokers offered support/treatment (CVDP002SMOK),69.41,Black,Ethnicity,0,320.0,To March 2026,77.63,73.79,
E54000050,NHS North East and North Cumbria Integrated Care Board,Persons,1570.0,,,CVDP002SMOK,"Patients with GP recorded CVD or CVD risk factors who are GP recorded current smokers, who have a record of an offer of support or treatment within the preceding 12 months.",Smoking: Current smokers offered support/treatment (CVDP002SMOK),69.02,Missing,Ethnicity,0,1120.0,To March 2026,73.47,71.32,
E54000050,NHS North East and North Cumbria Integrated Care Board,Persons,505.0,,,CVDP002SMOK,"Patients with GP recorded CVD or CVD risk factors who are GP recorded current smokers, who have a record of an offer of support or treatment within the preceding 12 months.",Smoking: Current smokers offered support/treatment (CVDP002SMOK),72.58,Mixed,Ethnicity,0,385.0,To March 2026,79.88,76.39,
E54000050,NHS North East and North Cumbria Integrated Care Board,Persons,1685.0,,,CVDP002SMOK,"Patients with GP recorded CVD or CVD risk factors who are GP recorded current smokers, who have a record of an offer of support or treatment within the preceding 12 months.",Smoking: Current smokers offered support/treatment (CVDP002SMOK),71.62,Not stated,Ethnicity,0,1245.0,To March 2026,75.77,73.77,
E54000050,NHS North East and North Cumbria Integrated Care Board,Persons,875.0,,,CVDP002SMOK,"Patients with GP recorded CVD or CVD risk factors who are GP recorded current smokers, who have a record of an offer of support or treatment within the preceding 12 months.",Smoking: Current smokers offered support/treatment (CVDP002SMOK),76.68,Other,Ethnicity,0,695.0,To March 2026,81.91,79.45,
E54000050,NHS North East and North Cumbria Integrated Care Board,Persons,90765.0,,,CVDP002SMOK,"Patients with GP recorded CVD or CVD risk factors who are GP recorded current smokers, who have a record of an offer of support or treatment within the preceding 12 months.",Smoking: Current smokers offered support/treatment (CVDP002SMOK),80.41,White,Ethnicity,0,73215.0,To March 2026,80.92,80.67,
E54000050,NHS North East and North Cumbria Integrated Care Board,Persons,94050.0,,,CVDP002SMOK,"Patients with GP recorded CVD or CVD risk factors who are GP recorded current smokers, who have a record of an offer of support or treatment within the preceding 12 months.",Smoking: Current smokers offered support/treatment (CVDP002SMOK),79.84,People without SMI,Mental Health,0,75335.0,To March 2026,80.35,80.1,
E54000050,NHS North East and North Cumbria Integrated Care Board,Persons,3980.0,,,CVDP002SMOK,"Patients with GP recorded CVD or CVD risk factors who are GP recorded current smokers, who have a record of an offer of support or treatment within the preceding 12 months.",Smoking: Current smokers offered support/treatment (CVDP002SMOK),83.38,People with SMI,Mental Health,0,3365.0,To March 2026,85.61,84.52,
E54000050,NHS North East and North Cumbria Integrated Care Board,Persons,97165.0,,,CVDP002SMOK,"Patients with GP recorded CVD or CVD risk factors who are GP recorded current smokers, who have a record of an offer of support or treatment within the preceding 12 months.",Smoking: Current smokers offered support/treatment (CVDP002SMOK),79.95,People without a diagnosed learning disability,Learning Disability,0,77930.0,To March 2026,80.45,80.2,
E54000050,NHS North East and North Cumbria Integrated Care Board,Persons,865.0,,,CVDP002SMOK,"Patients with GP recorded CVD or CVD risk factors who are GP recorded current smokers, who have a record of an offer of support or treatment within the preceding 12 months.",Smoking: Current smokers offered support/treatment (CVDP002SMOK),86.41,People with a diagnosed learning disability,Learning Disability,0,765.0,To March 2026,90.55,88.67,
E54000029,NHS North East London Integrated Care Board,Persons,52600.0,,,CVDP002SMOK,"Patients with GP recorded CVD or CVD risk factors who are GP recorded current smokers, who have a record of an offer of support or treatment within the preceding 12 months.",Smoking: Current smokers offered support/treatment (CVDP002SMOK),81.64,Persons,Sex,0,43120.0,To March 2026,82.3,81.97,
E54000029,NHS North East London Integrated Care Board,Female,16525.0,,,CVDP002SMOK,"Patients with GP recorded CVD or CVD risk factors who are GP recorded current smokers, who have a record of an offer of support or treatment within the preceding 12 months.",Smoking: Current smokers offered support/treatment (CVDP002SMOK),81.57,Female,Sex,0,13575.0,To March 2026,82.73,82.16,
E54000029,NHS North East London Integrated Care Board,Male,36075.0,,,CVDP002SMOK,"Patients with GP recorded CVD or CVD risk factors who are GP recorded current smokers, who have a record of an offer of support or treatment within the preceding 12 months.",Smoking: Current smokers offered support/treatment (CVDP002SMOK),81.49,Male,Sex,0,29540.0,To March 2026,82.28,81.89,
E54000029,NHS North East London Integrated Care Board,Male,3150.0,,,CVDP002SMOK,"Patients with GP recorded CVD or CVD risk factors who are GP recorded current smokers, who have a record of an offer of support or treatment within the preceding 12 months.",Smoking: Current smokers offered support/treatment (CVDP002SMOK),74.8,18-39,Age group,0,2405.0,To March 2026,77.75,76.3,
E54000029,NHS North East London Integrated Care Board,Female,1205.0,,,CVDP002SMOK,"Patients with GP recorded CVD or CVD risk factors who are GP recorded current smokers, who have a record of an offer of support or treatment within the preceding 12 months.",Smoking: Current smokers offered support/treatment (CVDP002SMOK),75.52,18-39,Age group,0,940.0,To March 2026,80.15,77.94,
E54000029,NHS North East London Integrated Care Board,Persons,4360.0,,,CVDP002SMOK,"Patients with GP recorded CVD or CVD risk factors who are GP recorded current smokers, who have a record of an offer of support or treatment within the preceding 12 months.",Smoking: Current smokers offered support/treatment (CVDP002SMOK),75.49,18-39,Age group,0,3345.0,To March 2026,77.99,76.76,
E54000029,NHS North East London Integrated Care Board,Male,18605.0,,,CVDP002SMOK,"Patients with GP recorded CVD or CVD risk factors who are GP recorded current smokers, who have a record of an offer of support or treatment within the preceding 12 months.",Smoking: Current smokers offered support/treatment (CVDP002SMOK),80.21,40-59,Age group,0,15025.0,To March 2026,81.33,80.78,
E54000029,NHS North East London Integrated Care Board,Female,6940.0,,,CVDP002SMOK,"Patients with GP recorded CVD or CVD risk factors who are GP recorded current smokers, who have a record of an offer of support or treatment within the preceding 12 months.",Smoking: Current smokers offered support/treatment (CVDP002SMOK),80.55,40-59,Age group,0,5655.0,To March 2026,82.37,81.48,
E54000029,NHS North East London Integrated Care Board,Persons,25540.0,,,CVDP002SMOK,"Patients with GP recorded CVD or CVD risk factors who are GP recorded current smokers, who have a record of an offer of support or treatment within the preceding 12 months.",Smoking: Current smokers offered support/treatment (CVDP002SMOK),80.49,40-59,Age group,0,20680.0,To March 2026,81.44,80.97,
E54000029,NHS North East London Integrated Care Board,Male,13275.0,,,CVDP002SMOK,"Patients with GP recorded CVD or CVD risk factors who are GP recorded current smokers, who have a record of an offer of support or treatment within the preceding 12 months.",Smoking: Current smokers offered support/treatment (CVDP002SMOK),84.08,60-79,Age group,0,11245.0,To March 2026,85.3,84.7,
E54000029,NHS North East London Integrated Care Board,Female,7405.0,,,CVDP002SMOK,"Patients with GP recorded CVD or CVD risk factors who are GP recorded current smokers, who have a record of an offer of support or treatment within the preceding 12 months.",Smoking: Current smokers offered support/treatment (CVDP002SMOK),82.91,60-79,Age group,0,6205.0,To March 2026,84.59,83.77,
E54000029,NHS North East London Integrated Care Board,Persons,20680.0,,,CVDP002SMOK,"Patients with GP recorded CVD or CVD risk factors who are GP recorded current smokers, who have a record of an offer of support or treatment within the preceding 12 months.",Smoking: Current smokers offered support/treatment (CVDP002SMOK),83.87,60-79,Age group,0,17450.0,To March 2026,84.85,84.37,
E54000029,NHS North East London Integrated Care Board,Male,1045.0,,,CVDP002SMOK,"Patients with GP recorded CVD or CVD risk factors who are GP recorded current smokers, who have a record of an offer of support or treatment within the preceding 12 months.",Smoking: Current smokers offered support/treatment (CVDP002SMOK),80.53,80+,Age group,0,865.0,To March 2026,85.02,82.87,
E54000029,NHS North East London Integrated Care Board,Female,975.0,,,CVDP002SMOK,"Patients with GP recorded CVD or CVD risk factors who are GP recorded current smokers, who have a record of an offer of support or treatment within the preceding 12 months.",Smoking: Current smokers offered support/treatment (CVDP002SMOK),77.3,80+,Age group,0,780.0,To March 2026,82.31,79.9,
E54000029,NHS North East London Integrated Care Board,Persons,2020.0,,,CVDP002SMOK,"Patients with GP recorded CVD or CVD risk factors who are GP recorded current smokers, who have a record of an offer of support or treatment within the preceding 12 months.",Smoking: Current smokers offered support/treatment (CVDP002SMOK),79.68,80+,Age group,0,1645.0,To March 2026,83.04,81.44,
E54000029,NHS North East London Integrated Care Board,Persons,16425.0,,,CVDP002SMOK,"Patients with GP recorded CVD or CVD risk factors who are GP recorded current smokers, who have a record of an offer of support or treatment within the preceding 12 months.",Smoking: Current smokers offered support/treatment (CVDP002SMOK),83.19,1 - most deprived,Deprivation quintile,0,13760.0,To March 2026,84.32,83.76,
E54000029,NHS North East London Integrated Care Board,Persons,23030.0,,,CVDP002SMOK,"Patients with GP recorded CVD or CVD risk factors who are GP recorded current smokers, who have a record of an offer of support or treatment within the preceding 12 months.",Smoking: Current smokers offered support/treatment (CVDP002SMOK),82.34,2,Deprivation quintile,0,19075.0,To March 2026,83.31,82.83,
E54000029,NHS North East London Integrated Care Board,Persons,8470.0,,,CVDP002SMOK,"Patients with GP recorded CVD or CVD risk factors who are GP recorded current smokers, who have a record of an offer of support or treatment within the preceding 12 months.",Smoking: Current smokers offered support/treatment (CVDP002SMOK),76.56,3,Deprivation quintile,0,6560.0,To March 2026,78.33,77.46,
E54000029,NHS North East London Integrated Care Board,Persons,3300.0,,,CVDP002SMOK,"Patients with GP recorded CVD or CVD risk factors who are GP recorded current smokers, who have a record of an offer of support or treatment within the preceding 12 months.",Smoking: Current smokers offered support/treatment (CVDP002SMOK),76.69,4,Deprivation quintile,0,2580.0,To March 2026,79.51,78.13,
E54000029,NHS North East London Integrated Care Board,Persons,1440.0,,,CVDP002SMOK,"Patients with GP recorded CVD or CVD risk factors who are GP recorded current smokers, who have a record of an offer of support or treatment within the preceding 12 months.",Smoking: Current smokers offered support/treatment (CVDP002SMOK),74.81,5 - least deprived,Deprivation quintile,0,1110.0,To March 2026,79.11,77.05,
E54000029,NHS North East London Integrated Care Board,Persons,14740.0,,,CVDP002SMOK,"Patients with GP recorded CVD or CVD risk factors who are GP recorded current smokers, who have a record of an offer of support or treatment within the preceding 12 months.",Smoking: Current smokers offered support/treatment (CVDP002SMOK),83.71,Asian,Ethnicity,0,12425.0,To March 2026,84.89,84.31,
E54000029,NHS North East London Integrated Care Board,Persons,6405.0,,,CVDP002SMOK,"Patients with GP recorded CVD or CVD risk factors who are GP recorded current smokers, who have a record of an offer of support or treatment within the preceding 12 months.",Smoking: Current smokers offered support/treatment (CVDP002SMOK),81.49,Black,Ethnicity,0,5280.0,To March 2026,83.35,82.44,
E54000029,NHS North East London Integrated Care Board,Persons,185.0,,,CVDP002SMOK,"Patients with GP recorded CVD or CVD risk factors who are GP recorded current smokers, who have a record of an offer of support or treatment within the preceding 12 months.",Smoking: Current smokers offered support/treatment (CVDP002SMOK),55.38,Missing,Ethnicity,0,115.0,To March 2026,68.82,62.3,
E54000029,NHS North East London Integrated Care Board,Persons,1140.0,,,CVDP002SMOK,"Patients with GP recorded CVD or CVD risk factors who are GP recorded current smokers, who have a record of an offer of support or treatment within the preceding 12 months.",Smoking: Current smokers offered support/treatment (CVDP002SMOK),79.48,Mixed,Ethnicity,0,935.0,To March 2026,83.93,81.79,
E54000029,NHS North East London Integrated Care Board,Persons,660.0,,,CVDP002SMOK,"Patients with GP recorded CVD or CVD risk factors who are GP recorded current smokers, who have a record of an offer of support or treatment within the preceding 12 months.",Smoking: Current smokers offered support/treatment (CVDP002SMOK),75.34,Not stated,Ethnicity,0,520.0,To March 2026,81.5,78.55,
E54000029,NHS North East London Integrated Care Board,Persons,2865.0,,,CVDP002SMOK,"Patients with GP recorded CVD or CVD risk factors who are GP recorded current smokers, who have a record of an offer of support or treatment within the preceding 12 months.",Smoking: Current smokers offered support/treatment (CVDP002SMOK),82.87,Other,Ethnicity,0,2410.0,To March 2026,85.52,84.25,
E54000029,NHS North East London Integrated Care Board,Persons,26605.0,,,CVDP002SMOK,"Patients with GP recorded CVD or CVD risk factors who are GP recorded current smokers, who have a record of an offer of support or treatment within the preceding 12 months.",Smoking: Current smokers offered support/treatment (CVDP002SMOK),80.08,White,Ethnicity,0,21435.0,To March 2026,81.03,80.55,
E54000029,NHS North East London Integrated Care Board,Persons,49615.0,,,CVDP002SMOK,"Patients with GP recorded CVD or CVD risk factors who are GP recorded current smokers, who have a record of an offer of support or treatment within the preceding 12 months.",Smoking: Current smokers offered support/treatment (CVDP002SMOK),81.11,People without SMI,Mental Health,0,40410.0,To March 2026,81.79,81.45,
E54000029,NHS North East London Integrated Care Board,Persons,2990.0,,,CVDP002SMOK,"Patients with GP recorded CVD or CVD risk factors who are GP recorded current smokers, who have a record of an offer of support or treatment within the preceding 12 months.",Smoking: Current smokers offered support/treatment (CVDP002SMOK),89.5,People with SMI,Mental Health,0,2705.0,To March 2026,91.57,90.6,
E54000029,NHS North East London Integrated Care Board,Persons,52335.0,,,CVDP002SMOK,"Patients with GP recorded CVD or CVD risk factors who are GP recorded current smokers, who have a record of an offer of support or treatment within the preceding 12 months.",Smoking: Current smokers offered support/treatment (CVDP002SMOK),81.59,People without a diagnosed learning disability,Learning Disability,0,42875.0,To March 2026,82.25,81.92,
E54000029,NHS North East London Integrated Care Board,Persons,270.0,,,CVDP002SMOK,"Patients with GP recorded CVD or CVD risk factors who are GP recorded current smokers, who have a record of an offer of support or treatment within the preceding 12 months.",Smoking: Current smokers offered support/treatment (CVDP002SMOK),88.19,People with a diagnosed learning disability,Learning Disability,0,245.0,To March 2026,94.46,91.79,
E54000027,NHS North West London Integrated Care Board,Persons,68795.0,,,CVDP002SMOK,"Patients with GP recorded CVD or CVD risk factors who are GP recorded current smokers, who have a record of an offer of support or treatment within the preceding 12 months.",Smoking: Current smokers offered support/treatment (CVDP002SMOK),77.25,Persons,Sex,0,53365.0,To March 2026,77.88,77.57,
E54000027,NHS North West London Integrated Care Board,Female,22325.0,,,CVDP002SMOK,"Patients with GP recorded CVD or CVD risk factors who are GP recorded current smokers, who have a record of an offer of support or treatment within the preceding 12 months.",Smoking: Current smokers offered support/treatment (CVDP002SMOK),77.84,Female,Sex,0,17500.0,To March 2026,78.92,78.39,
E54000027,NHS North West London Integrated Care Board,Male,46475.0,,,CVDP002SMOK,"Patients with GP recorded CVD or CVD risk factors who are GP recorded current smokers, who have a record of an offer of support or treatment within the preceding 12 months.",Smoking: Current smokers offered support/treatment (CVDP002SMOK),76.79,Male,Sex,0,35865.0,To March 2026,77.55,77.17,
E54000027,NHS North West London Integrated Care Board,Male,4360.0,,,CVDP002SMOK,"Patients with GP recorded CVD or CVD risk factors who are GP recorded current smokers, who have a record of an offer of support or treatment within the preceding 12 months.",Smoking: Current smokers offered support/treatment (CVDP002SMOK),66.84,18-39,Age group,0,2975.0,To March 2026,69.59,68.24,
E54000027,NHS North West London Integrated Care Board,Female,2015.0,,,CVDP002SMOK,"Patients with GP recorded CVD or CVD risk factors who are GP recorded current smokers, who have a record of an offer of support or treatment within the preceding 12 months.",Smoking: Current smokers offered support/treatment (CVDP002SMOK),67.61,18-39,Age group,0,1400.0,To March 2026,71.58,69.65,
E54000027,NHS North West London Integrated Care Board,Persons,6370.0,,,CVDP002SMOK,"Patients with GP recorded CVD or CVD risk factors who are GP recorded current smokers, who have a record of an offer of support or treatment within the preceding 12 months.",Smoking: Current smokers offered support/treatment (CVDP002SMOK),67.54,18-39,Age group,0,4375.0,To March 2026,69.81,68.69,
E54000027,NHS North West London Integrated Care Board,Male,23000.0,,,CVDP002SMOK,"Patients with GP recorded CVD or CVD risk factors who are GP recorded current smokers, who have a record of an offer of support or treatment within the preceding 12 months.",Smoking: Current smokers offered support/treatment (CVDP002SMOK),75.74,40-59,Age group,0,17545.0,To March 2026,76.84,76.29,
E54000027,NHS North West London Integrated Care Board,Female,9190.0,,,CVDP002SMOK,"Patients with GP recorded CVD or CVD risk factors who are GP recorded current smokers, who have a record of an offer of support or treatment within the preceding 12 months.",Smoking: Current smokers offered support/treatment (CVDP002SMOK),77.45,40-59,Age group,0,7195.0,To March 2026,79.13,78.3,
E54000027,NHS North West London Integrated Care Board,Persons,32190.0,,,CVDP002SMOK,"Patients with GP recorded CVD or CVD risk factors who are GP recorded current smokers, who have a record of an offer of support or treatment within the preceding 12 months.",Smoking: Current smokers offered support/treatment (CVDP002SMOK),76.4,40-59,Age group,0,24745.0,To March 2026,77.32,76.87,
E54000027,NHS North West London Integrated Care Board,Male,17655.0,,,CVDP002SMOK,"Patients with GP recorded CVD or CVD risk factors who are GP recorded current smokers, who have a record of an offer of support or treatment within the preceding 12 months.",Smoking: Current smokers offered support/treatment (CVDP002SMOK),79.94,60-79,Age group,0,14220.0,To March 2026,81.1,80.53,
E54000027,NHS North West London Integrated Care Board,Female,9795.0,,,CVDP002SMOK,"Patients with GP recorded CVD or CVD risk factors who are GP recorded current smokers, who have a record of an offer of support or treatment within the preceding 12 months.",Smoking: Current smokers offered support/treatment (CVDP002SMOK),79.65,60-79,Age group,0,7880.0,To March 2026,81.21,80.44,
E54000027,NHS North West London Integrated Care Board,Persons,27450.0,,,CVDP002SMOK,"Patients with GP recorded CVD or CVD risk factors who are GP recorded current smokers, who have a record of an offer of support or treatment within the preceding 12 months.",Smoking: Current smokers offered support/treatment (CVDP002SMOK),80.03,60-79,Age group,0,22100.0,To March 2026,80.96,80.5,
E54000027,NHS North West London Integrated Care Board,Male,1460.0,,,CVDP002SMOK,"Patients with GP recorded CVD or CVD risk factors who are GP recorded current smokers, who have a record of an offer of support or treatment within the preceding 12 months.",Smoking: Current smokers offered support/treatment (CVDP002SMOK),74.93,80+,Age group,0,1125.0,To March 2026,79.23,77.14,
E54000027,NHS North West London Integrated Care Board,Female,1325.0,,,CVDP002SMOK,"Patients with GP recorded CVD or CVD risk factors who are GP recorded current smokers, who have a record of an offer of support or treatment within the preceding 12 months.",Smoking: Current smokers offered support/treatment (CVDP002SMOK),74.66,80+,Age group,0,1020.0,To March 2026,79.19,77.02,
E54000027,NHS North West London Integrated Care Board,Persons,2785.0,,,CVDP002SMOK,"Patients with GP recorded CVD or CVD risk factors who are GP recorded current smokers, who have a record of an offer of support or treatment within the preceding 12 months.",Smoking: Current smokers offered support/treatment (CVDP002SMOK),75.49,80+,Age group,0,2145.0,To March 2026,78.58,77.08,
E54000027,NHS North West London Integrated Care Board,Persons,12780.0,,,CVDP002SMOK,"Patients with GP recorded CVD or CVD risk factors who are GP recorded current smokers, who have a record of an offer of support or treatment within the preceding 12 months.",Smoking: Current smokers offered support/treatment (CVDP002SMOK),77.94,1 - most deprived,Deprivation quintile,0,10050.0,To March 2026,79.35,78.65,
E54000027,NHS North West London Integrated Care Board,Persons,24580.0,,,CVDP002SMOK,"Patients with GP recorded CVD or CVD risk factors who are GP recorded current smokers, who have a record of an offer of support or treatment within the preceding 12 months.",Smoking: Current smokers offered support/treatment (CVDP002SMOK),77.94,2,Deprivation quintile,0,19285.0,To March 2026,78.96,78.46,
E54000027,NHS North West London Integrated Care Board,Persons,18690.0,,,CVDP002SMOK,"Patients with GP recorded CVD or CVD risk factors who are GP recorded current smokers, who have a record of an offer of support or treatment within the preceding 12 months.",Smoking: Current smokers offered support/treatment (CVDP002SMOK),76.43,3,Deprivation quintile,0,14400.0,To March 2026,77.63,77.04,
E54000027,NHS North West London Integrated Care Board,Persons,8820.0,,,CVDP002SMOK,"Patients with GP recorded CVD or CVD risk factors who are GP recorded current smokers, who have a record of an offer of support or treatment within the preceding 12 months.",Smoking: Current smokers offered support/treatment (CVDP002SMOK),75.18,4,Deprivation quintile,0,6710.0,To March 2026,76.96,76.08,
E54000027,NHS North West London Integrated Care Board,Persons,2715.0,,,CVDP002SMOK,"Patients with GP recorded CVD or CVD risk factors who are GP recorded current smokers, who have a record of an offer of support or treatment within the preceding 12 months.",Smoking: Current smokers offered support/treatment (CVDP002SMOK),71.72,5 - least deprived,Deprivation quintile,0,1995.0,To March 2026,75.03,73.42,
E54000027,NHS North West London Integrated Care Board,Persons,16410.0,,,CVDP002SMOK,"Patients with GP recorded CVD or CVD risk factors who are GP recorded current smokers, who have a record of an offer of support or treatment within the preceding 12 months.",Smoking: Current smokers offered support/treatment (CVDP002SMOK),76.28,Asian,Ethnicity,0,12625.0,To March 2026,77.57,76.93,
E54000027,NHS North West London Integrated Care Board,Persons,8710.0,,,CVDP002SMOK,"Patients with GP recorded CVD or CVD risk factors who are GP recorded current smokers, who have a record of an offer of support or treatment within the preceding 12 months.",Smoking: Current smokers offered support/treatment (CVDP002SMOK),75.92,Black,Ethnicity,0,6690.0,To March 2026,77.68,76.81,
E54000027,NHS North West London Integrated Care Board,Persons,740.0,,,CVDP002SMOK,"Patients with GP recorded CVD or CVD risk factors who are GP recorded current smokers, who have a record of an offer of support or treatment within the preceding 12 months.",Smoking: Current smokers offered support/treatment (CVDP002SMOK),61.61,Missing,Ethnicity,0,485.0,To March 2026,68.32,65.09,
E54000027,NHS North West London Integrated Care Board,Persons,2460.0,,,CVDP002SMOK,"Patients with GP recorded CVD or CVD risk factors who are GP recorded current smokers, who have a record of an offer of support or treatment within the preceding 12 months.",Smoking: Current smokers offered support/treatment (CVDP002SMOK),75.33,Mixed,Ethnicity,0,1895.0,To March 2026,78.62,77.01,
E54000027,NHS North West London Integrated Care Board,Persons,1945.0,,,CVDP002SMOK,"Patients with GP recorded CVD or CVD risk factors who are GP recorded current smokers, who have a record of an offer of support or treatment within the preceding 12 months.",Smoking: Current smokers offered support/treatment (CVDP002SMOK),72.02,Not stated,Ethnicity,0,1440.0,To March 2026,75.87,73.98,
E54000027,NHS North West London Integrated Care Board,Persons,5615.0,,,CVDP002SMOK,"Patients with GP recorded CVD or CVD risk factors who are GP recorded current smokers, who have a record of an offer of support or treatment within the preceding 12 months.",Smoking: Current smokers offered support/treatment (CVDP002SMOK),77.95,Other,Ethnicity,0,4440.0,To March 2026,80.07,79.03,
E54000027,NHS North West London Integrated Care Board,Persons,32910.0,,,CVDP002SMOK,"Patients with GP recorded CVD or CVD risk factors who are GP recorded current smokers, who have a record of an offer of support or treatment within the preceding 12 months.",Smoking: Current smokers offered support/treatment (CVDP002SMOK),77.92,White,Ethnicity,0,25790.0,To March 2026,78.81,78.37,
E54000027,NHS North West London Integrated Care Board,Persons,64210.0,,,CVDP002SMOK,"Patients with GP recorded CVD or CVD risk factors who are GP recorded current smokers, who have a record of an offer of support or treatment within the preceding 12 months.",Smoking: Current smokers offered support/treatment (CVDP002SMOK),76.48,People without SMI,Mental Health,0,49315.0,To March 2026,77.13,76.8,
E54000027,NHS North West London Integrated Care Board,Persons,4585.0,,,CVDP002SMOK,"Patients with GP recorded CVD or CVD risk factors who are GP recorded current smokers, who have a record of an offer of support or treatment within the preceding 12 months.",Smoking: Current smokers offered support/treatment (CVDP002SMOK),87.32,People with SMI,Mental Health,0,4050.0,To March 2026,89.17,88.27,
E54000027,NHS North West London Integrated Care Board,Persons,68460.0,,,CVDP002SMOK,"Patients with GP recorded CVD or CVD risk factors who are GP recorded current smokers, who have a record of an offer of support or treatment within the preceding 12 months.",Smoking: Current smokers offered support/treatment (CVDP002SMOK),77.22,People without a diagnosed learning disability,Learning Disability,0,53085.0,To March 2026,77.85,77.54,
E54000027,NHS North West London Integrated Care Board,Persons,335.0,,,CVDP002SMOK,"Patients with GP recorded CVD or CVD risk factors who are GP recorded current smokers, who have a record of an offer of support or treatment within the preceding 12 months.",Smoking: Current smokers offered support/treatment (CVDP002SMOK),79.12,People with a diagnosed learning disability,Learning Disability,0,280.0,To March 2026,87.06,83.38,
E54000059,NHS Northamptonshire Integrated Care Board,Persons,22575.0,,,CVDP002SMOK,"Patients with GP recorded CVD or CVD risk factors who are GP recorded current smokers, who have a record of an offer of support or treatment within the preceding 12 months.",Smoking: Current smokers offered support/treatment (CVDP002SMOK),74.01,Persons,Sex,0,16835.0,To March 2026,75.14,74.58,
E54000059,NHS Northamptonshire Integrated Care Board,Female,9675.0,,,CVDP002SMOK,"Patients with GP recorded CVD or CVD risk factors who are GP recorded current smokers, who have a record of an offer of support or treatment within the preceding 12 months.",Smoking: Current smokers offered support/treatment (CVDP002SMOK),75.62,Female,Sex,0,7400.0,To March 2026,77.3,76.47,
E54000059,NHS Northamptonshire Integrated Care Board,Male,12895.0,,,CVDP002SMOK,"Patients with GP recorded CVD or CVD risk factors who are GP recorded current smokers, who have a record of an offer of support or treatment within the preceding 12 months.",Smoking: Current smokers offered support/treatment (CVDP002SMOK),72.39,Male,Sex,0,9435.0,To March 2026,73.92,73.16,
E54000059,NHS Northamptonshire Integrated Care Board,Male,880.0,,,CVDP002SMOK,"Patients with GP recorded CVD or CVD risk factors who are GP recorded current smokers, who have a record of an offer of support or treatment within the preceding 12 months.",Smoking: Current smokers offered support/treatment (CVDP002SMOK),62.29,18-39,Age group,0,575.0,To March 2026,68.52,65.45,
E54000059,NHS Northamptonshire Integrated Care Board,Female,675.0,,,CVDP002SMOK,"Patients with GP recorded CVD or CVD risk factors who are GP recorded current smokers, who have a record of an offer of support or treatment within the preceding 12 months.",Smoking: Current smokers offered support/treatment (CVDP002SMOK),68.34,18-39,Age group,0,485.0,To March 2026,75.0,71.77,
E54000059,NHS Northamptonshire Integrated Care Board,Persons,1555.0,,,CVDP002SMOK,"Patients with GP recorded CVD or CVD risk factors who are GP recorded current smokers, who have a record of an offer of support or treatment within the preceding 12 months.",Smoking: Current smokers offered support/treatment (CVDP002SMOK),65.81,18-39,Age group,0,1060.0,To March 2026,70.44,68.19,
E54000059,NHS Northamptonshire Integrated Care Board,Male,5570.0,,,CVDP002SMOK,"Patients with GP recorded CVD or CVD risk factors who are GP recorded current smokers, who have a record of an offer of support or treatment within the preceding 12 months.",Smoking: Current smokers offered support/treatment (CVDP002SMOK),70.66,40-59,Age group,0,4000.0,To March 2026,73.01,71.85,
E54000059,NHS Northamptonshire Integrated Care Board,Female,3745.0,,,CVDP002SMOK,"Patients with GP recorded CVD or CVD risk factors who are GP recorded current smokers, who have a record of an offer of support or treatment within the preceding 12 months.",Smoking: Current smokers offered support/treatment (CVDP002SMOK),75.05,40-59,Age group,0,2860.0,To March 2026,77.75,76.42,
E54000059,NHS Northamptonshire Integrated Care Board,Persons,9315.0,,,CVDP002SMOK,"Patients with GP recorded CVD or CVD risk factors who are GP recorded current smokers, who have a record of an offer of support or treatment within the preceding 12 months.",Smoking: Current smokers offered support/treatment (CVDP002SMOK),72.78,40-59,Age group,0,6865.0,To March 2026,74.57,73.69,
E54000059,NHS Northamptonshire Integrated Care Board,Male,5840.0,,,CVDP002SMOK,"Patients with GP recorded CVD or CVD risk factors who are GP recorded current smokers, who have a record of an offer of support or treatment within the preceding 12 months.",Smoking: Current smokers offered support/treatment (CVDP002SMOK),74.81,60-79,Age group,0,4435.0,To March 2026,77.0,75.93,
E54000059,NHS Northamptonshire Integrated Care Board,Female,4605.0,,,CVDP002SMOK,"Patients with GP recorded CVD or CVD risk factors who are GP recorded current smokers, who have a record of an offer of support or treatment within the preceding 12 months.",Smoking: Current smokers offered support/treatment (CVDP002SMOK),76.71,60-79,Age group,0,3590.0,To March 2026,79.1,77.93,
E54000059,NHS Northamptonshire Integrated Care Board,Persons,10445.0,,,CVDP002SMOK,"Patients with GP recorded CVD or CVD risk factors who are GP recorded current smokers, who have a record of an offer of support or treatment within the preceding 12 months.",Smoking: Current smokers offered support/treatment (CVDP002SMOK),76.0,60-79,Age group,0,8025.0,To March 2026,77.61,76.81,
E54000059,NHS Northamptonshire Integrated Care Board,Male,605.0,,,CVDP002SMOK,"Patients with GP recorded CVD or CVD risk factors who are GP recorded current smokers, who have a record of an offer of support or treatment within the preceding 12 months.",Smoking: Current smokers offered support/treatment (CVDP002SMOK),65.95,80+,Age group,0,420.0,To March 2026,73.19,69.75,
E54000059,NHS Northamptonshire Integrated Care Board,Female,655.0,,,CVDP002SMOK,"Patients with GP recorded CVD or CVD risk factors who are GP recorded current smokers, who have a record of an offer of support or treatment within the preceding 12 months.",Smoking: Current smokers offered support/treatment (CVDP002SMOK),67.78,80+,Age group,0,465.0,To March 2026,74.62,71.3,
E54000059,NHS Northamptonshire Integrated Care Board,Persons,1260.0,,,CVDP002SMOK,"Patients with GP recorded CVD or CVD risk factors who are GP recorded current smokers, who have a record of an offer of support or treatment within the preceding 12 months.",Smoking: Current smokers offered support/treatment (CVDP002SMOK),68.01,80+,Age group,0,890.0,To March 2026,73.0,70.56,
E54000059,NHS Northamptonshire Integrated Care Board,Persons,5160.0,,,CVDP002SMOK,"Patients with GP recorded CVD or CVD risk factors who are GP recorded current smokers, who have a record of an offer of support or treatment within the preceding 12 months.",Smoking: Current smokers offered support/treatment (CVDP002SMOK),75.38,1 - most deprived,Deprivation quintile,0,3950.0,To March 2026,77.69,76.55,
E54000059,NHS Northamptonshire Integrated Care Board,Persons,5570.0,,,CVDP002SMOK,"Patients with GP recorded CVD or CVD risk factors who are GP recorded current smokers, who have a record of an offer of support or treatment within the preceding 12 months.",Smoking: Current smokers offered support/treatment (CVDP002SMOK),74.94,2,Deprivation quintile,0,4240.0,To March 2026,77.17,76.08,
E54000059,NHS Northamptonshire Integrated Care Board,Persons,4040.0,,,CVDP002SMOK,"Patients with GP recorded CVD or CVD risk factors who are GP recorded current smokers, who have a record of an offer of support or treatment within the preceding 12 months.",Smoking: Current smokers offered support/treatment (CVDP002SMOK),72.61,3,Deprivation quintile,0,2990.0,To March 2026,75.3,73.97,
E54000059,NHS Northamptonshire Integrated Care Board,Persons,4780.0,,,CVDP002SMOK,"Patients with GP recorded CVD or CVD risk factors who are GP recorded current smokers, who have a record of an offer of support or treatment within the preceding 12 months.",Smoking: Current smokers offered support/treatment (CVDP002SMOK),71.47,4,Deprivation quintile,0,3480.0,To March 2026,73.98,72.75,
E54000059,NHS Northamptonshire Integrated Care Board,Persons,3545.0,,,CVDP002SMOK,"Patients with GP recorded CVD or CVD risk factors who are GP recorded current smokers, who have a record of an offer of support or treatment within the preceding 12 months.",Smoking: Current smokers offered support/treatment (CVDP002SMOK),69.48,5 - least deprived,Deprivation quintile,0,2515.0,To March 2026,72.44,70.97,
E54000059,NHS Northamptonshire Integrated Care Board,Persons,760.0,,,CVDP002SMOK,"Patients with GP recorded CVD or CVD risk factors who are GP recorded current smokers, who have a record of an offer of support or treatment within the preceding 12 months.",Smoking: Current smokers offered support/treatment (CVDP002SMOK),72.29,Asian,Ethnicity,0,575.0,To March 2026,78.3,75.46,
E54000059,NHS Northamptonshire Integrated Care Board,Persons,555.0,,,CVDP002SMOK,"Patients with GP recorded CVD or CVD risk factors who are GP recorded current smokers, who have a record of an offer of support or treatment within the preceding 12 months.",Smoking: Current smokers offered support/treatment (CVDP002SMOK),66.73,Black,Ethnicity,0,395.0,To March 2026,74.24,70.68,
E54000059,NHS Northamptonshire Integrated Care Board,Persons,555.0,,,CVDP002SMOK,"Patients with GP recorded CVD or CVD risk factors who are GP recorded current smokers, who have a record of an offer of support or treatment within the preceding 12 months.",Smoking: Current smokers offered support/treatment (CVDP002SMOK),60.57,Missing,Ethnicity,0,360.0,To March 2026,68.46,64.68,
E54000059,NHS Northamptonshire Integrated Care Board,Persons,265.0,,,CVDP002SMOK,"Patients with GP recorded CVD or CVD risk factors who are GP recorded current smokers, who have a record of an offer of support or treatment within the preceding 12 months.",Smoking: Current smokers offered support/treatment (CVDP002SMOK),63.81,Mixed,Ethnicity,0,185.0,To March 2026,74.63,69.43,
E54000059,NHS Northamptonshire Integrated Care Board,Persons,900.0,,,CVDP002SMOK,"Patients with GP recorded CVD or CVD risk factors who are GP recorded current smokers, who have a record of an offer of support or treatment within the preceding 12 months.",Smoking: Current smokers offered support/treatment (CVDP002SMOK),63.6,Not stated,Ethnicity,0,600.0,To March 2026,69.7,66.7,
E54000059,NHS Northamptonshire Integrated Care Board,Persons,175.0,,,CVDP002SMOK,"Patients with GP recorded CVD or CVD risk factors who are GP recorded current smokers, who have a record of an offer of support or treatment within the preceding 12 months.",Smoking: Current smokers offered support/treatment (CVDP002SMOK),62.36,Other,Ethnicity,0,120.0,To March 2026,75.84,69.71,
E54000059,NHS Northamptonshire Integrated Care Board,Persons,19360.0,,,CVDP002SMOK,"Patients with GP recorded CVD or CVD risk factors who are GP recorded current smokers, who have a record of an offer of support or treatment within the preceding 12 months.",Smoking: Current smokers offered support/treatment (CVDP002SMOK),74.81,White,Ethnicity,0,14605.0,To March 2026,76.02,75.42,
E54000059,NHS Northamptonshire Integrated Care Board,Persons,21750.0,,,CVDP002SMOK,"Patients with GP recorded CVD or CVD risk factors who are GP recorded current smokers, who have a record of an offer of support or treatment within the preceding 12 months.",Smoking: Current smokers offered support/treatment (CVDP002SMOK),73.59,People without SMI,Mental Health,0,16135.0,To March 2026,74.75,74.18,
E54000059,NHS Northamptonshire Integrated Care Board,Persons,820.0,,,CVDP002SMOK,"Patients with GP recorded CVD or CVD risk factors who are GP recorded current smokers, who have a record of an offer of support or treatment within the preceding 12 months.",Smoking: Current smokers offered support/treatment (CVDP002SMOK),82.79,People with SMI,Mental Health,0,700.0,To March 2026,87.52,85.28,
E54000059,NHS Northamptonshire Integrated Care Board,Persons,22455.0,,,CVDP002SMOK,"Patients with GP recorded CVD or CVD risk factors who are GP recorded current smokers, who have a record of an offer of support or treatment within the preceding 12 months.",Smoking: Current smokers offered support/treatment (CVDP002SMOK),73.92,People without a diagnosed learning disability,Learning Disability,0,16730.0,To March 2026,75.06,74.49,
E54000059,NHS Northamptonshire Integrated Care Board,Persons,115.0,,,CVDP002SMOK,"Patients with GP recorded CVD or CVD risk factors who are GP recorded current smokers, who have a record of an offer of support or treatment within the preceding 12 months.",Smoking: Current smokers offered support/treatment (CVDP002SMOK),85.0,People with a diagnosed learning disability,Learning Disability,0,105.0,To March 2026,95.0,91.45,
E54000060,NHS Nottingham and Nottinghamshire Integrated Care Board,Persons,31930.0,,,CVDP002SMOK,"Patients with GP recorded CVD or CVD risk factors who are GP recorded current smokers, who have a record of an offer of support or treatment within the preceding 12 months.",Smoking: Current smokers offered support/treatment (CVDP002SMOK),78.99,Persons,Sex,0,25365.0,To March 2026,79.88,79.44,
E54000060,NHS Nottingham and Nottinghamshire Integrated Care Board,Female,13595.0,,,CVDP002SMOK,"Patients with GP recorded CVD or CVD risk factors who are GP recorded current smokers, who have a record of an offer of support or treatment within the preceding 12 months.",Smoking: Current smokers offered support/treatment (CVDP002SMOK),80.26,Female,Sex,0,11005.0,To March 2026,81.58,80.93,
E54000060,NHS Nottingham and Nottinghamshire Integrated Care Board,Male,18335.0,,,CVDP002SMOK,"Patients with GP recorded CVD or CVD risk factors who are GP recorded current smokers, who have a record of an offer of support or treatment within the preceding 12 months.",Smoking: Current smokers offered support/treatment (CVDP002SMOK),77.73,Male,Sex,0,14360.0,To March 2026,78.92,78.33,
E54000060,NHS Nottingham and Nottinghamshire Integrated Care Board,Male,1115.0,,,CVDP002SMOK,"Patients with GP recorded CVD or CVD risk factors who are GP recorded current smokers, who have a record of an offer of support or treatment within the preceding 12 months.",Smoking: Current smokers offered support/treatment (CVDP002SMOK),69.11,18-39,Age group,0,800.0,To March 2026,74.31,71.81,
E54000060,NHS Nottingham and Nottinghamshire Integrated Care Board,Female,815.0,,,CVDP002SMOK,"Patients with GP recorded CVD or CVD risk factors who are GP recorded current smokers, who have a record of an offer of support or treatment within the preceding 12 months.",Smoking: Current smokers offered support/treatment (CVDP002SMOK),72.56,18-39,Age group,0,620.0,To March 2026,78.41,75.64,
E54000060,NHS Nottingham and Nottinghamshire Integrated Care Board,Persons,1930.0,,,CVDP002SMOK,"Patients with GP recorded CVD or CVD risk factors who are GP recorded current smokers, who have a record of an offer of support or treatment within the preceding 12 months.",Smoking: Current smokers offered support/treatment (CVDP002SMOK),71.41,18-39,Age group,0,1420.0,To March 2026,75.34,73.43,
E54000060,NHS Nottingham and Nottinghamshire Integrated Care Board,Male,7255.0,,,CVDP002SMOK,"Patients with GP recorded CVD or CVD risk factors who are GP recorded current smokers, who have a record of an offer of support or treatment within the preceding 12 months.",Smoking: Current smokers offered support/treatment (CVDP002SMOK),74.77,40-59,Age group,0,5495.0,To March 2026,76.74,75.76,
E54000060,NHS Nottingham and Nottinghamshire Integrated Care Board,Female,4715.0,,,CVDP002SMOK,"Patients with GP recorded CVD or CVD risk factors who are GP recorded current smokers, who have a record of an offer of support or treatment within the preceding 12 months.",Smoking: Current smokers offered support/treatment (CVDP002SMOK),79.25,40-59,Age group,0,3790.0,To March 2026,81.49,80.4,
E54000060,NHS Nottingham and Nottinghamshire Integrated Care Board,Persons,11965.0,,,CVDP002SMOK,"Patients with GP recorded CVD or CVD risk factors who are GP recorded current smokers, who have a record of an offer of support or treatment within the preceding 12 months.",Smoking: Current smokers offered support/treatment (CVDP002SMOK),76.83,40-59,Age group,0,9285.0,To March 2026,78.32,77.59,
E54000060,NHS Nottingham and Nottinghamshire Integrated Care Board,Male,8980.0,,,CVDP002SMOK,"Patients with GP recorded CVD or CVD risk factors who are GP recorded current smokers, who have a record of an offer of support or treatment within the preceding 12 months.",Smoking: Current smokers offered support/treatment (CVDP002SMOK),80.26,60-79,Age group,0,7280.0,To March 2026,81.88,81.08,
E54000060,NHS Nottingham and Nottinghamshire Integrated Care Board,Female,6945.0,,,CVDP002SMOK,"Patients with GP recorded CVD or CVD risk factors who are GP recorded current smokers, who have a record of an offer of support or treatment within the preceding 12 months.",Smoking: Current smokers offered support/treatment (CVDP002SMOK),81.03,60-79,Age group,0,5690.0,To March 2026,82.83,81.94,
E54000060,NHS Nottingham and Nottinghamshire Integrated Care Board,Persons,15925.0,,,CVDP002SMOK,"Patients with GP recorded CVD or CVD risk factors who are GP recorded current smokers, who have a record of an offer of support or treatment within the preceding 12 months.",Smoking: Current smokers offered support/treatment (CVDP002SMOK),80.85,60-79,Age group,0,12975.0,To March 2026,82.05,81.46,
E54000060,NHS Nottingham and Nottinghamshire Integrated Care Board,Male,985.0,,,CVDP002SMOK,"Patients with GP recorded CVD or CVD risk factors who are GP recorded current smokers, who have a record of an offer of support or treatment within the preceding 12 months.",Smoking: Current smokers offered support/treatment (CVDP002SMOK),76.97,80+,Age group,0,785.0,To March 2026,81.92,79.53,
E54000060,NHS Nottingham and Nottinghamshire Integrated Care Board,Female,1120.0,,,CVDP002SMOK,"Patients with GP recorded CVD or CVD risk factors who are GP recorded current smokers, who have a record of an offer of support or treatment within the preceding 12 months.",Smoking: Current smokers offered support/treatment (CVDP002SMOK),78.38,80+,Age group,0,905.0,To March 2026,82.92,80.73,
E54000060,NHS Nottingham and Nottinghamshire Integrated Care Board,Persons,2110.0,,,CVDP002SMOK,"Patients with GP recorded CVD or CVD risk factors who are GP recorded current smokers, who have a record of an offer of support or treatment within the preceding 12 months.",Smoking: Current smokers offered support/treatment (CVDP002SMOK),78.45,80+,Age group,0,1690.0,To March 2026,81.81,80.17,
E54000060,NHS Nottingham and Nottinghamshire Integrated Care Board,Persons,13200.0,,,CVDP002SMOK,"Patients with GP recorded CVD or CVD risk factors who are GP recorded current smokers, who have a record of an offer of support or treatment within the preceding 12 months.",Smoking: Current smokers offered support/treatment (CVDP002SMOK),79.66,1 - most deprived,Deprivation quintile,0,10605.0,To March 2026,81.01,80.34,
E54000060,NHS Nottingham and Nottinghamshire Integrated Care Board,Persons,6910.0,,,CVDP002SMOK,"Patients with GP recorded CVD or CVD risk factors who are GP recorded current smokers, who have a record of an offer of support or treatment within the preceding 12 months.",Smoking: Current smokers offered support/treatment (CVDP002SMOK),79.34,2,Deprivation quintile,0,5545.0,To March 2026,81.2,80.28,
E54000060,NHS Nottingham and Nottinghamshire Integrated Care Board,Persons,5440.0,,,CVDP002SMOK,"Patients with GP recorded CVD or CVD risk factors who are GP recorded current smokers, who have a record of an offer of support or treatment within the preceding 12 months.",Smoking: Current smokers offered support/treatment (CVDP002SMOK),79.92,3,Deprivation quintile,0,4405.0,To March 2026,82.0,80.98,
E54000060,NHS Nottingham and Nottinghamshire Integrated Care Board,Persons,3535.0,,,CVDP002SMOK,"Patients with GP recorded CVD or CVD risk factors who are GP recorded current smokers, who have a record of an offer of support or treatment within the preceding 12 months.",Smoking: Current smokers offered support/treatment (CVDP002SMOK),77.03,4,Deprivation quintile,0,2775.0,To March 2026,79.72,78.4,
E54000060,NHS Nottingham and Nottinghamshire Integrated Care Board,Persons,2930.0,,,CVDP002SMOK,"Patients with GP recorded CVD or CVD risk factors who are GP recorded current smokers, who have a record of an offer of support or treatment within the preceding 12 months.",Smoking: Current smokers offered support/treatment (CVDP002SMOK),72.25,5 - least deprived,Deprivation quintile,0,2165.0,To March 2026,75.42,73.86,
E54000060,NHS Nottingham and Nottinghamshire Integrated Care Board,Persons,1260.0,,,CVDP002SMOK,"Patients with GP recorded CVD or CVD risk factors who are GP recorded current smokers, who have a record of an offer of support or treatment within the preceding 12 months.",Smoking: Current smokers offered support/treatment (CVDP002SMOK),77.65,Asian,Ethnicity,0,1005.0,To March 2026,82.01,79.9,
E54000060,NHS Nottingham and Nottinghamshire Integrated Care Board,Persons,810.0,,,CVDP002SMOK,"Patients with GP recorded CVD or CVD risk factors who are GP recorded current smokers, who have a record of an offer of support or treatment within the preceding 12 months.",Smoking: Current smokers offered support/treatment (CVDP002SMOK),73.15,Black,Ethnicity,0,615.0,To March 2026,78.94,76.14,
E54000060,NHS Nottingham and Nottinghamshire Integrated Care Board,Persons,600.0,,,CVDP002SMOK,"Patients with GP recorded CVD or CVD risk factors who are GP recorded current smokers, who have a record of an offer of support or treatment within the preceding 12 months.",Smoking: Current smokers offered support/treatment (CVDP002SMOK),62.9,Missing,Ethnicity,0,400.0,To March 2026,70.38,66.72,
E54000060,NHS Nottingham and Nottinghamshire Integrated Care Board,Persons,455.0,,,CVDP002SMOK,"Patients with GP recorded CVD or CVD risk factors who are GP recorded current smokers, who have a record of an offer of support or treatment within the preceding 12 months.",Smoking: Current smokers offered support/treatment (CVDP002SMOK),71.46,Mixed,Ethnicity,0,345.0,To March 2026,79.3,75.66,
E54000060,NHS Nottingham and Nottinghamshire Integrated Care Board,Persons,330.0,,,CVDP002SMOK,"Patients with GP recorded CVD or CVD risk factors who are GP recorded current smokers, who have a record of an offer of support or treatment within the preceding 12 months.",Smoking: Current smokers offered support/treatment (CVDP002SMOK),72.16,Not stated,Ethnicity,0,255.0,To March 2026,81.14,77.04,
E54000060,NHS Nottingham and Nottinghamshire Integrated Care Board,Persons,400.0,,,CVDP002SMOK,"Patients with GP recorded CVD or CVD risk factors who are GP recorded current smokers, who have a record of an offer of support or treatment within the preceding 12 months.",Smoking: Current smokers offered support/treatment (CVDP002SMOK),71.07,Other,Ethnicity,0,300.0,To March 2026,79.3,75.38,
E54000060,NHS Nottingham and Nottinghamshire Integrated Care Board,Persons,28080.0,,,CVDP002SMOK,"Patients with GP recorded CVD or CVD risk factors who are GP recorded current smokers, who have a record of an offer of support or treatment within the preceding 12 months.",Smoking: Current smokers offered support/treatment (CVDP002SMOK),79.46,White,Ethnicity,0,22445.0,To March 2026,80.39,79.93,
E54000060,NHS Nottingham and Nottinghamshire Integrated Care Board,Persons,30780.0,,,CVDP002SMOK,"Patients with GP recorded CVD or CVD risk factors who are GP recorded current smokers, who have a record of an offer of support or treatment within the preceding 12 months.",Smoking: Current smokers offered support/treatment (CVDP002SMOK),78.7,People without SMI,Mental Health,0,24365.0,To March 2026,79.6,79.15,
E54000060,NHS Nottingham and Nottinghamshire Integrated Care Board,Persons,1150.0,,,CVDP002SMOK,"Patients with GP recorded CVD or CVD risk factors who are GP recorded current smokers, who have a record of an offer of support or treatment within the preceding 12 months.",Smoking: Current smokers offered support/treatment (CVDP002SMOK),85.02,People with SMI,Mental Health,0,1005.0,To March 2026,88.83,87.07,
E54000060,NHS Nottingham and Nottinghamshire Integrated Care Board,Persons,31710.0,,,CVDP002SMOK,"Patients with GP recorded CVD or CVD risk factors who are GP recorded current smokers, who have a record of an offer of support or treatment within the preceding 12 months.",Smoking: Current smokers offered support/treatment (CVDP002SMOK),78.95,People without a diagnosed learning disability,Learning Disability,0,25175.0,To March 2026,79.83,79.39,
E54000060,NHS Nottingham and Nottinghamshire Integrated Care Board,Persons,220.0,,,CVDP002SMOK,"Patients with GP recorded CVD or CVD risk factors who are GP recorded current smokers, who have a record of an offer of support or treatment within the preceding 12 months.",Smoking: Current smokers offered support/treatment (CVDP002SMOK),80.44,People with a diagnosed learning disability,Learning Disability,0,190.0,To March 2026,89.33,85.59,
E54000011,"NHS Shropshire, Telford and Wrekin Integrated Care Board",Persons,14030.0,,,CVDP002SMOK,"Patients with GP recorded CVD or CVD risk factors who are GP recorded current smokers, who have a record of an offer of support or treatment within the preceding 12 months.",Smoking: Current smokers offered support/treatment (CVDP002SMOK),67.0,Persons,Sex,0,9510.0,To March 2026,68.55,67.78,
E54000011,"NHS Shropshire, Telford and Wrekin Integrated Care Board",Female,6180.0,,,CVDP002SMOK,"Patients with GP recorded CVD or CVD risk factors who are GP recorded current smokers, who have a record of an offer of support or treatment within the preceding 12 months.",Smoking: Current smokers offered support/treatment (CVDP002SMOK),68.4,Female,Sex,0,4300.0,To March 2026,70.68,69.55,
E54000011,"NHS Shropshire, Telford and Wrekin Integrated Care Board",Male,7850.0,,,CVDP002SMOK,"Patients with GP recorded CVD or CVD risk factors who are GP recorded current smokers, who have a record of an offer of support or treatment within the preceding 12 months.",Smoking: Current smokers offered support/treatment (CVDP002SMOK),65.33,Male,Sex,0,5210.0,To March 2026,67.42,66.39,
E54000011,"NHS Shropshire, Telford and Wrekin Integrated Care Board",Male,415.0,,,CVDP002SMOK,"Patients with GP recorded CVD or CVD risk factors who are GP recorded current smokers, who have a record of an offer of support or treatment within the preceding 12 months.",Smoking: Current smokers offered support/treatment (CVDP002SMOK),51.67,18-39,Age group,0,235.0,To March 2026,61.0,56.39,
E54000011,"NHS Shropshire, Telford and Wrekin Integrated Care Board",Female,325.0,,,CVDP002SMOK,"Patients with GP recorded CVD or CVD risk factors who are GP recorded current smokers, who have a record of an offer of support or treatment within the preceding 12 months.",Smoking: Current smokers offered support/treatment (CVDP002SMOK),56.23,18-39,Age group,0,200.0,To March 2026,66.57,61.66,
E54000011,"NHS Shropshire, Telford and Wrekin Integrated Care Board",Persons,740.0,,,CVDP002SMOK,"Patients with GP recorded CVD or CVD risk factors who are GP recorded current smokers, who have a record of an offer of support or treatment within the preceding 12 months.",Smoking: Current smokers offered support/treatment (CVDP002SMOK),55.11,18-39,Age group,0,435.0,To March 2026,62.1,58.7,
E54000011,"NHS Shropshire, Telford and Wrekin Integrated Care Board",Male,2990.0,,,CVDP002SMOK,"Patients with GP recorded CVD or CVD risk factors who are GP recorded current smokers, who have a record of an offer of support or treatment within the preceding 12 months.",Smoking: Current smokers offered support/treatment (CVDP002SMOK),62.59,40-59,Age group,0,1925.0,To March 2026,66.0,64.33,
E54000011,"NHS Shropshire, Telford and Wrekin Integrated Care Board",Female,2170.0,,,CVDP002SMOK,"Patients with GP recorded CVD or CVD risk factors who are GP recorded current smokers, who have a record of an offer of support or treatment within the preceding 12 months.",Smoking: Current smokers offered support/treatment (CVDP002SMOK),67.13,40-59,Age group,0,1500.0,To March 2026,70.99,69.11,
E54000011,"NHS Shropshire, Telford and Wrekin Integrated Care Board",Persons,5165.0,,,CVDP002SMOK,"Patients with GP recorded CVD or CVD risk factors who are GP recorded current smokers, who have a record of an offer of support or treatment within the preceding 12 months.",Smoking: Current smokers offered support/treatment (CVDP002SMOK),65.04,40-59,Age group,0,3425.0,To March 2026,67.62,66.34,
E54000011,"NHS Shropshire, Telford and Wrekin Integrated Care Board",Male,3945.0,,,CVDP002SMOK,"Patients with GP recorded CVD or CVD risk factors who are GP recorded current smokers, who have a record of an offer of support or treatment within the preceding 12 months.",Smoking: Current smokers offered support/treatment (CVDP002SMOK),67.48,60-79,Age group,0,2720.0,To March 2026,70.34,68.92,
E54000011,"NHS Shropshire, Telford and Wrekin Integrated Care Board",Female,3220.0,,,CVDP002SMOK,"Patients with GP recorded CVD or CVD risk factors who are GP recorded current smokers, who have a record of an offer of support or treatment within the preceding 12 months.",Smoking: Current smokers offered support/treatment (CVDP002SMOK),70.4,60-79,Age group,0,2315.0,To March 2026,73.47,71.96,
E54000011,"NHS Shropshire, Telford and Wrekin Integrated Care Board",Persons,7165.0,,,CVDP002SMOK,"Patients with GP recorded CVD or CVD risk factors who are GP recorded current smokers, who have a record of an offer of support or treatment within the preceding 12 months.",Smoking: Current smokers offered support/treatment (CVDP002SMOK),69.22,60-79,Age group,0,5035.0,To March 2026,71.33,70.29,
E54000011,"NHS Shropshire, Telford and Wrekin Integrated Care Board",Male,500.0,,,CVDP002SMOK,"Patients with GP recorded CVD or CVD risk factors who are GP recorded current smokers, who have a record of an offer of support or treatment within the preceding 12 months.",Smoking: Current smokers offered support/treatment (CVDP002SMOK),62.82,80+,Age group,0,335.0,To March 2026,70.97,67.0,
E54000011,"NHS Shropshire, Telford and Wrekin Integrated Care Board",Female,465.0,,,CVDP002SMOK,"Patients with GP recorded CVD or CVD risk factors who are GP recorded current smokers, who have a record of an offer of support or treatment within the preceding 12 months.",Smoking: Current smokers offered support/treatment (CVDP002SMOK),56.01,80+,Age group,0,280.0,To March 2026,64.81,60.48,
E54000011,"NHS Shropshire, Telford and Wrekin Integrated Care Board",Persons,965.0,,,CVDP002SMOK,"Patients with GP recorded CVD or CVD risk factors who are GP recorded current smokers, who have a record of an offer of support or treatment within the preceding 12 months.",Smoking: Current smokers offered support/treatment (CVDP002SMOK),60.77,80+,Age group,0,615.0,To March 2026,66.77,63.86,
E54000011,"NHS Shropshire, Telford and Wrekin Integrated Care Board",Persons,2920.0,,,CVDP002SMOK,"Patients with GP recorded CVD or CVD risk factors who are GP recorded current smokers, who have a record of an offer of support or treatment within the preceding 12 months.",Smoking: Current smokers offered support/treatment (CVDP002SMOK),66.02,1 - most deprived,Deprivation quintile,0,1980.0,To March 2026,69.4,67.73,
E54000011,"NHS Shropshire, Telford and Wrekin Integrated Care Board",Persons,3820.0,,,CVDP002SMOK,"Patients with GP recorded CVD or CVD risk factors who are GP recorded current smokers, who have a record of an offer of support or treatment within the preceding 12 months.",Smoking: Current smokers offered support/treatment (CVDP002SMOK),66.97,2,Deprivation quintile,0,2615.0,To March 2026,69.9,68.47,
E54000011,"NHS Shropshire, Telford and Wrekin Integrated Care Board",Persons,3610.0,,,CVDP002SMOK,"Patients with GP recorded CVD or CVD risk factors who are GP recorded current smokers, who have a record of an offer of support or treatment within the preceding 12 months.",Smoking: Current smokers offered support/treatment (CVDP002SMOK),67.16,3,Deprivation quintile,0,2480.0,To March 2026,70.18,68.69,
E54000011,"NHS Shropshire, Telford and Wrekin Integrated Care Board",Persons,2605.0,,,CVDP002SMOK,"Patients with GP recorded CVD or CVD risk factors who are GP recorded current smokers, who have a record of an offer of support or treatment within the preceding 12 months.",Smoking: Current smokers offered support/treatment (CVDP002SMOK),64.77,4,Deprivation quintile,0,1735.0,To March 2026,68.38,66.62,
E54000011,"NHS Shropshire, Telford and Wrekin Integrated Care Board",Persons,1095.0,,,CVDP002SMOK,"Patients with GP recorded CVD or CVD risk factors who are GP recorded current smokers, who have a record of an offer of support or treatment within the preceding 12 months.",Smoking: Current smokers offered support/treatment (CVDP002SMOK),61.2,5 - least deprived,Deprivation quintile,0,700.0,To March 2026,66.85,64.11,
E54000011,"NHS Shropshire, Telford and Wrekin Integrated Care Board",Persons,300.0,,,CVDP002SMOK,"Patients with GP recorded CVD or CVD risk factors who are GP recorded current smokers, who have a record of an offer of support or treatment within the preceding 12 months.",Smoking: Current smokers offered support/treatment (CVDP002SMOK),57.89,Asian,Ethnicity,0,190.0,To March 2026,68.42,63.46,
E54000011,"NHS Shropshire, Telford and Wrekin Integrated Care Board",Persons,110.0,,,CVDP002SMOK,"Patients with GP recorded CVD or CVD risk factors who are GP recorded current smokers, who have a record of an offer of support or treatment within the preceding 12 months.",Smoking: Current smokers offered support/treatment (CVDP002SMOK),54.05,Black,Ethnicity,0,70.0,To March 2026,71.17,62.96,
E54000011,"NHS Shropshire, Telford and Wrekin Integrated Care Board",Persons,290.0,,,CVDP002SMOK,"Patients with GP recorded CVD or CVD risk factors who are GP recorded current smokers, who have a record of an offer of support or treatment within the preceding 12 months.",Smoking: Current smokers offered support/treatment (CVDP002SMOK),53.22,Missing,Ethnicity,0,170.0,To March 2026,64.41,58.9,
E54000011,"NHS Shropshire, Telford and Wrekin Integrated Care Board",Persons,110.0,,,CVDP002SMOK,"Patients with GP recorded CVD or CVD risk factors who are GP recorded current smokers, who have a record of an offer of support or treatment within the preceding 12 months.",Smoking: Current smokers offered support/treatment (CVDP002SMOK),58.41,Mixed,Ethnicity,0,75.0,To March 2026,75.22,67.27,
E54000011,"NHS Shropshire, Telford and Wrekin Integrated Care Board",Persons,300.0,,,CVDP002SMOK,"Patients with GP recorded CVD or CVD risk factors who are GP recorded current smokers, who have a record of an offer of support or treatment within the preceding 12 months.",Smoking: Current smokers offered support/treatment (CVDP002SMOK),52.16,Not stated,Ethnicity,0,170.0,To March 2026,63.12,57.72,
E54000011,"NHS Shropshire, Telford and Wrekin Integrated Care Board",Persons,55.0,,,CVDP002SMOK,"Patients with GP recorded CVD or CVD risk factors who are GP recorded current smokers, who have a record of an offer of support or treatment within the preceding 12 months.",Smoking: Current smokers offered support/treatment (CVDP002SMOK),55.17,Other,Ethnicity,0,35.0,To March 2026,77.59,67.27,
E54000011,"NHS Shropshire, Telford and Wrekin Integrated Care Board",Persons,12870.0,,,CVDP002SMOK,"Patients with GP recorded CVD or CVD risk factors who are GP recorded current smokers, who have a record of an offer of support or treatment within the preceding 12 months.",Smoking: Current smokers offered support/treatment (CVDP002SMOK),67.55,White,Ethnicity,0,8795.0,To March 2026,69.16,68.36,
E54000011,"NHS Shropshire, Telford and Wrekin Integrated Care Board",Persons,13510.0,,,CVDP002SMOK,"Patients with GP recorded CVD or CVD risk factors who are GP recorded current smokers, who have a record of an offer of support or treatment within the preceding 12 months.",Smoking: Current smokers offered support/treatment (CVDP002SMOK),66.76,People without SMI,Mental Health,0,9125.0,To March 2026,68.33,67.55,
E54000011,"NHS Shropshire, Telford and Wrekin Integrated Care Board",Persons,525.0,,,CVDP002SMOK,"Patients with GP recorded CVD or CVD risk factors who are GP recorded current smokers, who have a record of an offer of support or treatment within the preceding 12 months.",Smoking: Current smokers offered support/treatment (CVDP002SMOK),69.96,People with SMI,Mental Health,0,385.0,To March 2026,77.38,73.8,
E54000011,"NHS Shropshire, Telford and Wrekin Integrated Care Board",Persons,13980.0,,,CVDP002SMOK,"Patients with GP recorded CVD or CVD risk factors who are GP recorded current smokers, who have a record of an offer of support or treatment within the preceding 12 months.",Smoking: Current smokers offered support/treatment (CVDP002SMOK),66.97,People without a diagnosed learning disability,Learning Disability,0,9470.0,To March 2026,68.52,67.75,
E54000011,"NHS Shropshire, Telford and Wrekin Integrated Care Board",Persons,50.0,,,CVDP002SMOK,"Patients with GP recorded CVD or CVD risk factors who are GP recorded current smokers, who have a record of an offer of support or treatment within the preceding 12 months.",Smoking: Current smokers offered support/treatment (CVDP002SMOK),61.82,People with a diagnosed learning disability,Learning Disability,0,40.0,To March 2026,83.64,75.0,
E54000038,NHS Somerset Integrated Care Board,Persons,16635.0,,,CVDP002SMOK,"Patients with GP recorded CVD or CVD risk factors who are GP recorded current smokers, who have a record of an offer of support or treatment within the preceding 12 months.",Smoking: Current smokers offered support/treatment (CVDP002SMOK),66.7,Persons,Sex,0,11215.0,To March 2026,68.12,67.42,
E54000038,NHS Somerset Integrated Care Board,Female,7095.0,,,CVDP002SMOK,"Patients with GP recorded CVD or CVD risk factors who are GP recorded current smokers, who have a record of an offer of support or treatment within the preceding 12 months.",Smoking: Current smokers offered support/treatment (CVDP002SMOK),67.14,Female,Sex,0,4840.0,To March 2026,69.29,68.22,
E54000038,NHS Somerset Integrated Care Board,Male,9540.0,,,CVDP002SMOK,"Patients with GP recorded CVD or CVD risk factors who are GP recorded current smokers, who have a record of an offer of support or treatment within the preceding 12 months.",Smoking: Current smokers offered support/treatment (CVDP002SMOK),65.86,Male,Sex,0,6375.0,To March 2026,67.75,66.82,
E54000038,NHS Somerset Integrated Care Board,Male,480.0,,,CVDP002SMOK,"Patients with GP recorded CVD or CVD risk factors who are GP recorded current smokers, who have a record of an offer of support or treatment within the preceding 12 months.",Smoking: Current smokers offered support/treatment (CVDP002SMOK),52.99,18-39,Age group,0,275.0,To March 2026,61.65,57.47,
E54000038,NHS Somerset Integrated Care Board,Female,405.0,,,CVDP002SMOK,"Patients with GP recorded CVD or CVD risk factors who are GP recorded current smokers, who have a record of an offer of support or treatment within the preceding 12 months.",Smoking: Current smokers offered support/treatment (CVDP002SMOK),57.99,18-39,Age group,0,255.0,To March 2026,67.32,62.87,
E54000038,NHS Somerset Integrated Care Board,Persons,885.0,,,CVDP002SMOK,"Patients with GP recorded CVD or CVD risk factors who are GP recorded current smokers, who have a record of an offer of support or treatment within the preceding 12 months.",Smoking: Current smokers offered support/treatment (CVDP002SMOK),56.69,18-39,Age group,0,530.0,To March 2026,63.1,59.93,
E54000038,NHS Somerset Integrated Care Board,Male,3575.0,,,CVDP002SMOK,"Patients with GP recorded CVD or CVD risk factors who are GP recorded current smokers, who have a record of an offer of support or treatment within the preceding 12 months.",Smoking: Current smokers offered support/treatment (CVDP002SMOK),63.96,40-59,Age group,0,2345.0,To March 2026,67.06,65.52,
E54000038,NHS Somerset Integrated Care Board,Female,2415.0,,,CVDP002SMOK,"Patients with GP recorded CVD or CVD risk factors who are GP recorded current smokers, who have a record of an offer of support or treatment within the preceding 12 months.",Smoking: Current smokers offered support/treatment (CVDP002SMOK),67.76,40-59,Age group,0,1680.0,To March 2026,71.4,69.62,
E54000038,NHS Somerset Integrated Care Board,Persons,5990.0,,,CVDP002SMOK,"Patients with GP recorded CVD or CVD risk factors who are GP recorded current smokers, who have a record of an offer of support or treatment within the preceding 12 months.",Smoking: Current smokers offered support/treatment (CVDP002SMOK),65.97,40-59,Age group,0,4025.0,To March 2026,68.34,67.17,
E54000038,NHS Somerset Integrated Care Board,Male,4900.0,,,CVDP002SMOK,"Patients with GP recorded CVD or CVD risk factors who are GP recorded current smokers, who have a record of an offer of support or treatment within the preceding 12 months.",Smoking: Current smokers offered support/treatment (CVDP002SMOK),68.04,60-79,Age group,0,3400.0,To March 2026,70.61,69.35,
E54000038,NHS Somerset Integrated Care Board,Female,3680.0,,,CVDP002SMOK,"Patients with GP recorded CVD or CVD risk factors who are GP recorded current smokers, who have a record of an offer of support or treatment within the preceding 12 months.",Smoking: Current smokers offered support/treatment (CVDP002SMOK),67.68,60-79,Age group,0,2545.0,To March 2026,70.64,69.17,
E54000038,NHS Somerset Integrated Care Board,Persons,8580.0,,,CVDP002SMOK,"Patients with GP recorded CVD or CVD risk factors who are GP recorded current smokers, who have a record of an offer of support or treatment within the preceding 12 months.",Smoking: Current smokers offered support/treatment (CVDP002SMOK),68.29,60-79,Age group,0,5945.0,To March 2026,70.24,69.27,
E54000038,NHS Somerset Integrated Care Board,Male,585.0,,,CVDP002SMOK,"Patients with GP recorded CVD or CVD risk factors who are GP recorded current smokers, who have a record of an offer of support or treatment within the preceding 12 months.",Smoking: Current smokers offered support/treatment (CVDP002SMOK),57.17,80+,Age group,0,355.0,To March 2026,65.02,61.23,
E54000038,NHS Somerset Integrated Care Board,Female,595.0,,,CVDP002SMOK,"Patients with GP recorded CVD or CVD risk factors who are GP recorded current smokers, who have a record of an offer of support or treatment within the preceding 12 months.",Smoking: Current smokers offered support/treatment (CVDP002SMOK),56.33,80+,Age group,0,360.0,To March 2026,64.0,60.3,
E54000038,NHS Somerset Integrated Care Board,Persons,1180.0,,,CVDP002SMOK,"Patients with GP recorded CVD or CVD risk factors who are GP recorded current smokers, who have a record of an offer of support or treatment within the preceding 12 months.",Smoking: Current smokers offered support/treatment (CVDP002SMOK),57.99,80+,Age group,0,715.0,To March 2026,63.48,60.76,
E54000038,NHS Somerset Integrated Care Board,Persons,2455.0,,,CVDP002SMOK,"Patients with GP recorded CVD or CVD risk factors who are GP recorded current smokers, who have a record of an offer of support or treatment within the preceding 12 months.",Smoking: Current smokers offered support/treatment (CVDP002SMOK),66.49,1 - most deprived,Deprivation quintile,0,1675.0,To March 2026,70.15,68.37,
E54000038,NHS Somerset Integrated Care Board,Persons,4395.0,,,CVDP002SMOK,"Patients with GP recorded CVD or CVD risk factors who are GP recorded current smokers, who have a record of an offer of support or treatment within the preceding 12 months.",Smoking: Current smokers offered support/treatment (CVDP002SMOK),66.53,2,Deprivation quintile,0,2985.0,To March 2026,69.28,67.92,
E54000038,NHS Somerset Integrated Care Board,Persons,5505.0,,,CVDP002SMOK,"Patients with GP recorded CVD or CVD risk factors who are GP recorded current smokers, who have a record of an offer of support or treatment within the preceding 12 months.",Smoking: Current smokers offered support/treatment (CVDP002SMOK),66.38,3,Deprivation quintile,0,3720.0,To March 2026,68.85,67.64,
E54000038,NHS Somerset Integrated Care Board,Persons,3335.0,,,CVDP002SMOK,"Patients with GP recorded CVD or CVD risk factors who are GP recorded current smokers, who have a record of an offer of support or treatment within the preceding 12 months.",Smoking: Current smokers offered support/treatment (CVDP002SMOK),64.58,4,Deprivation quintile,0,2205.0,To March 2026,67.79,66.2,
E54000038,NHS Somerset Integrated Care Board,Persons,1110.0,,,CVDP002SMOK,"Patients with GP recorded CVD or CVD risk factors who are GP recorded current smokers, who have a record of an offer of support or treatment within the preceding 12 months.",Smoking: Current smokers offered support/treatment (CVDP002SMOK),64.36,5 - least deprived,Deprivation quintile,0,745.0,To March 2026,69.85,67.15,
E54000038,NHS Somerset Integrated Care Board,Persons,150.0,,,CVDP002SMOK,"Patients with GP recorded CVD or CVD risk factors who are GP recorded current smokers, who have a record of an offer of support or treatment within the preceding 12 months.",Smoking: Current smokers offered support/treatment (CVDP002SMOK),47.71,Asian,Ethnicity,0,85.0,To March 2026,63.4,56.0,
E54000038,NHS Somerset Integrated Care Board,Persons,60.0,,,CVDP002SMOK,"Patients with GP recorded CVD or CVD risk factors who are GP recorded current smokers, who have a record of an offer of support or treatment within the preceding 12 months.",Smoking: Current smokers offered support/treatment (CVDP002SMOK),50.77,Black,Ethnicity,0,40.0,To March 2026,73.85,62.9,
E54000038,NHS Somerset Integrated Care Board,Persons,520.0,,,CVDP002SMOK,"Patients with GP recorded CVD or CVD risk factors who are GP recorded current smokers, who have a record of an offer of support or treatment within the preceding 12 months.",Smoking: Current smokers offered support/treatment (CVDP002SMOK),57.52,Missing,Ethnicity,0,320.0,To March 2026,65.71,61.69,
E54000038,NHS Somerset Integrated Care Board,Persons,90.0,,,CVDP002SMOK,"Patients with GP recorded CVD or CVD risk factors who are GP recorded current smokers, who have a record of an offer of support or treatment within the preceding 12 months.",Smoking: Current smokers offered support/treatment (CVDP002SMOK),53.85,Mixed,Ethnicity,0,55.0,To March 2026,72.53,63.64,
E54000038,NHS Somerset Integrated Care Board,Persons,555.0,,,CVDP002SMOK,"Patients with GP recorded CVD or CVD risk factors who are GP recorded current smokers, who have a record of an offer of support or treatment within the preceding 12 months.",Smoking: Current smokers offered support/treatment (CVDP002SMOK),61.11,Not stated,Ethnicity,0,360.0,To March 2026,69.0,65.23,
E54000038,NHS Somerset Integrated Care Board,Persons,100.0,,,CVDP002SMOK,"Patients with GP recorded CVD or CVD risk factors who are GP recorded current smokers, who have a record of an offer of support or treatment within the preceding 12 months.",Smoking: Current smokers offered support/treatment (CVDP002SMOK),60.4,Other,Ethnicity,0,70.0,To March 2026,78.22,70.41,
E54000038,NHS Somerset Integrated Care Board,Persons,15160.0,,,CVDP002SMOK,"Patients with GP recorded CVD or CVD risk factors who are GP recorded current smokers, who have a record of an offer of support or treatment within the preceding 12 months.",Smoking: Current smokers offered support/treatment (CVDP002SMOK),67.08,White,Ethnicity,0,10285.0,To March 2026,68.57,67.83,
E54000038,NHS Somerset Integrated Care Board,Persons,16130.0,,,CVDP002SMOK,"Patients with GP recorded CVD or CVD risk factors who are GP recorded current smokers, who have a record of an offer of support or treatment within the preceding 12 months.",Smoking: Current smokers offered support/treatment (CVDP002SMOK),66.44,People without SMI,Mental Health,0,10835.0,To March 2026,67.89,67.17,
E54000038,NHS Somerset Integrated Care Board,Persons,505.0,,,CVDP002SMOK,"Patients with GP recorded CVD or CVD risk factors who are GP recorded current smokers, who have a record of an offer of support or treatment within the preceding 12 months.",Smoking: Current smokers offered support/treatment (CVDP002SMOK),71.37,People with SMI,Mental Health,0,380.0,To March 2026,78.82,75.35,
E54000038,NHS Somerset Integrated Care Board,Persons,16560.0,,,CVDP002SMOK,"Patients with GP recorded CVD or CVD risk factors who are GP recorded current smokers, who have a record of an offer of support or treatment within the preceding 12 months.",Smoking: Current smokers offered support/treatment (CVDP002SMOK),66.68,People without a diagnosed learning disability,Learning Disability,0,11160.0,To March 2026,68.1,67.4,
E54000038,NHS Somerset Integrated Care Board,Persons,80.0,,,CVDP002SMOK,"Patients with GP recorded CVD or CVD risk factors who are GP recorded current smokers, who have a record of an offer of support or treatment within the preceding 12 months.",Smoking: Current smokers offered support/treatment (CVDP002SMOK),61.73,People with a diagnosed learning disability,Learning Disability,0,55.0,To March 2026,80.25,71.79,
E54000030,NHS South East London Integrated Care Board,Persons,46850.0,,,CVDP002SMOK,"Patients with GP recorded CVD or CVD risk factors who are GP recorded current smokers, who have a record of an offer of support or treatment within the preceding 12 months.",Smoking: Current smokers offered support/treatment (CVDP002SMOK),71.43,Persons,Sex,0,33655.0,To March 2026,72.24,71.84,
E54000030,NHS South East London Integrated Care Board,Female,18110.0,,,CVDP002SMOK,"Patients with GP recorded CVD or CVD risk factors who are GP recorded current smokers, who have a record of an offer of support or treatment within the preceding 12 months.",Smoking: Current smokers offered support/treatment (CVDP002SMOK),73.24,Female,Sex,0,13380.0,To March 2026,74.51,73.88,
E54000030,NHS South East London Integrated Care Board,Male,28740.0,,,CVDP002SMOK,"Patients with GP recorded CVD or CVD risk factors who are GP recorded current smokers, who have a record of an offer of support or treatment within the preceding 12 months.",Smoking: Current smokers offered support/treatment (CVDP002SMOK),70.02,Male,Sex,0,20275.0,To March 2026,71.07,70.55,
E54000030,NHS South East London Integrated Care Board,Male,1970.0,,,CVDP002SMOK,"Patients with GP recorded CVD or CVD risk factors who are GP recorded current smokers, who have a record of an offer of support or treatment within the preceding 12 months.",Smoking: Current smokers offered support/treatment (CVDP002SMOK),61.61,18-39,Age group,0,1255.0,To March 2026,65.82,63.74,
E54000030,NHS South East London Integrated Care Board,Female,1275.0,,,CVDP002SMOK,"Patients with GP recorded CVD or CVD risk factors who are GP recorded current smokers, who have a record of an offer of support or treatment within the preceding 12 months.",Smoking: Current smokers offered support/treatment (CVDP002SMOK),65.21,18-39,Age group,0,865.0,To March 2026,70.29,67.79,
E54000030,NHS South East London Integrated Care Board,Persons,3245.0,,,CVDP002SMOK,"Patients with GP recorded CVD or CVD risk factors who are GP recorded current smokers, who have a record of an offer of support or treatment within the preceding 12 months.",Smoking: Current smokers offered support/treatment (CVDP002SMOK),63.67,18-39,Age group,0,2120.0,To March 2026,66.93,65.33,
E54000030,NHS South East London Integrated Care Board,Male,12910.0,,,CVDP002SMOK,"Patients with GP recorded CVD or CVD risk factors who are GP recorded current smokers, who have a record of an offer of support or treatment within the preceding 12 months.",Smoking: Current smokers offered support/treatment (CVDP002SMOK),67.41,40-59,Age group,0,8805.0,To March 2026,69.02,68.22,
E54000030,NHS South East London Integrated Care Board,Female,7250.0,,,CVDP002SMOK,"Patients with GP recorded CVD or CVD risk factors who are GP recorded current smokers, who have a record of an offer of support or treatment within the preceding 12 months.",Smoking: Current smokers offered support/treatment (CVDP002SMOK),71.35,40-59,Age group,0,5245.0,To March 2026,73.4,72.38,
E54000030,NHS South East London Integrated Care Board,Persons,20160.0,,,CVDP002SMOK,"Patients with GP recorded CVD or CVD risk factors who are GP recorded current smokers, who have a record of an offer of support or treatment within the preceding 12 months.",Smoking: Current smokers offered support/treatment (CVDP002SMOK),69.08,40-59,Age group,0,14055.0,To March 2026,70.35,69.72,
E54000030,NHS South East London Integrated Care Board,Male,12790.0,,,CVDP002SMOK,"Patients with GP recorded CVD or CVD risk factors who are GP recorded current smokers, who have a record of an offer of support or treatment within the preceding 12 months.",Smoking: Current smokers offered support/treatment (CVDP002SMOK),72.97,60-79,Age group,0,9430.0,To March 2026,74.5,73.74,
E54000030,NHS South East London Integrated Care Board,Female,8460.0,,,CVDP002SMOK,"Patients with GP recorded CVD or CVD risk factors who are GP recorded current smokers, who have a record of an offer of support or treatment within the preceding 12 months.",Smoking: Current smokers offered support/treatment (CVDP002SMOK),75.1,60-79,Age group,0,6430.0,To March 2026,76.91,76.01,
E54000030,NHS South East London Integrated Care Board,Persons,21245.0,,,CVDP002SMOK,"Patients with GP recorded CVD or CVD risk factors who are GP recorded current smokers, who have a record of an offer of support or treatment within the preceding 12 months.",Smoking: Current smokers offered support/treatment (CVDP002SMOK),74.06,60-79,Age group,0,15860.0,To March 2026,75.22,74.64,
E54000030,NHS South East London Integrated Care Board,Male,1075.0,,,CVDP002SMOK,"Patients with GP recorded CVD or CVD risk factors who are GP recorded current smokers, who have a record of an offer of support or treatment within the preceding 12 months.",Smoking: Current smokers offered support/treatment (CVDP002SMOK),70.32,80+,Age group,0,785.0,To March 2026,75.6,73.02,
E54000030,NHS South East London Integrated Care Board,Female,1125.0,,,CVDP002SMOK,"Patients with GP recorded CVD or CVD risk factors who are GP recorded current smokers, who have a record of an offer of support or treatment within the preceding 12 months.",Smoking: Current smokers offered support/treatment (CVDP002SMOK),71.81,80+,Age group,0,835.0,To March 2026,76.86,74.4,
E54000030,NHS South East London Integrated Care Board,Persons,2200.0,,,CVDP002SMOK,"Patients with GP recorded CVD or CVD risk factors who are GP recorded current smokers, who have a record of an offer of support or treatment within the preceding 12 months.",Smoking: Current smokers offered support/treatment (CVDP002SMOK),71.86,80+,Age group,0,1620.0,To March 2026,75.53,73.73,
E54000030,NHS South East London Integrated Care Board,Persons,11525.0,,,CVDP002SMOK,"Patients with GP recorded CVD or CVD risk factors who are GP recorded current smokers, who have a record of an offer of support or treatment within the preceding 12 months.",Smoking: Current smokers offered support/treatment (CVDP002SMOK),70.96,1 - most deprived,Deprivation quintile,0,8270.0,To March 2026,72.59,71.78,
E54000030,NHS South East London Integrated Care Board,Persons,18610.0,,,CVDP002SMOK,"Patients with GP recorded CVD or CVD risk factors who are GP recorded current smokers, who have a record of an offer of support or treatment within the preceding 12 months.",Smoking: Current smokers offered support/treatment (CVDP002SMOK),71.92,2,Deprivation quintile,0,13505.0,To March 2026,73.19,72.56,
E54000030,NHS South East London Integrated Care Board,Persons,8615.0,,,CVDP002SMOK,"Patients with GP recorded CVD or CVD risk factors who are GP recorded current smokers, who have a record of an offer of support or treatment within the preceding 12 months.",Smoking: Current smokers offered support/treatment (CVDP002SMOK),71.48,3,Deprivation quintile,0,6240.0,To March 2026,73.36,72.43,
E54000030,NHS South East London Integrated Care Board,Persons,4710.0,,,CVDP002SMOK,"Patients with GP recorded CVD or CVD risk factors who are GP recorded current smokers, who have a record of an offer of support or treatment within the preceding 12 months.",Smoking: Current smokers offered support/treatment (CVDP002SMOK),69.44,4,Deprivation quintile,0,3330.0,To March 2026,72.03,70.76,
E54000030,NHS South East London Integrated Care Board,Persons,3065.0,,,CVDP002SMOK,"Patients with GP recorded CVD or CVD risk factors who are GP recorded current smokers, who have a record of an offer of support or treatment within the preceding 12 months.",Smoking: Current smokers offered support/treatment (CVDP002SMOK),67.3,5 - least deprived,Deprivation quintile,0,2115.0,To March 2026,70.56,68.96,
E54000030,NHS South East London Integrated Care Board,Persons,3520.0,,,CVDP002SMOK,"Patients with GP recorded CVD or CVD risk factors who are GP recorded current smokers, who have a record of an offer of support or treatment within the preceding 12 months.",Smoking: Current smokers offered support/treatment (CVDP002SMOK),69.9,Asian,Ethnicity,0,2515.0,To March 2026,72.88,71.41,
E54000030,NHS South East London Integrated Care Board,Persons,9350.0,,,CVDP002SMOK,"Patients with GP recorded CVD or CVD risk factors who are GP recorded current smokers, who have a record of an offer of support or treatment within the preceding 12 months.",Smoking: Current smokers offered support/treatment (CVDP002SMOK),70.06,Black,Ethnicity,0,6640.0,To March 2026,71.89,70.99,
E54000030,NHS South East London Integrated Care Board,Persons,325.0,,,CVDP002SMOK,"Patients with GP recorded CVD or CVD risk factors who are GP recorded current smokers, who have a record of an offer of support or treatment within the preceding 12 months.",Smoking: Current smokers offered support/treatment (CVDP002SMOK),51.22,Missing,Ethnicity,0,185.0,To March 2026,61.89,56.62,
E54000030,NHS South East London Integrated Care Board,Persons,1775.0,,,CVDP002SMOK,"Patients with GP recorded CVD or CVD risk factors who are GP recorded current smokers, who have a record of an offer of support or treatment within the preceding 12 months.",Smoking: Current smokers offered support/treatment (CVDP002SMOK),65.6,Mixed,Ethnicity,0,1200.0,To March 2026,69.93,67.79,
E54000030,NHS South East London Integrated Care Board,Persons,1400.0,,,CVDP002SMOK,"Patients with GP recorded CVD or CVD risk factors who are GP recorded current smokers, who have a record of an offer of support or treatment within the preceding 12 months.",Smoking: Current smokers offered support/treatment (CVDP002SMOK),60.41,Not stated,Ethnicity,0,880.0,To March 2026,65.41,62.97,
E54000030,NHS South East London Integrated Care Board,Persons,1620.0,,,CVDP002SMOK,"Patients with GP recorded CVD or CVD risk factors who are GP recorded current smokers, who have a record of an offer of support or treatment within the preceding 12 months.",Smoking: Current smokers offered support/treatment (CVDP002SMOK),68.82,Other,Ethnicity,0,1150.0,To March 2026,73.2,71.05,
E54000030,NHS South East London Integrated Care Board,Persons,28860.0,,,CVDP002SMOK,"Patients with GP recorded CVD or CVD risk factors who are GP recorded current smokers, who have a record of an offer of support or treatment within the preceding 12 months.",Smoking: Current smokers offered support/treatment (CVDP002SMOK),72.54,White,Ethnicity,0,21085.0,To March 2026,73.56,73.06,
E54000030,NHS South East London Integrated Care Board,Persons,43885.0,,,CVDP002SMOK,"Patients with GP recorded CVD or CVD risk factors who are GP recorded current smokers, who have a record of an offer of support or treatment within the preceding 12 months.",Smoking: Current smokers offered support/treatment (CVDP002SMOK),70.75,People without SMI,Mental Health,0,31235.0,To March 2026,71.59,71.17,
E54000030,NHS South East London Integrated Care Board,Persons,2965.0,,,CVDP002SMOK,"Patients with GP recorded CVD or CVD risk factors who are GP recorded current smokers, who have a record of an offer of support or treatment within the preceding 12 months.",Smoking: Current smokers offered support/treatment (CVDP002SMOK),80.26,People with SMI,Mental Health,0,2420.0,To March 2026,83.02,81.69,
E54000030,NHS South East London Integrated Care Board,Persons,46535.0,,,CVDP002SMOK,"Patients with GP recorded CVD or CVD risk factors who are GP recorded current smokers, who have a record of an offer of support or treatment within the preceding 12 months.",Smoking: Current smokers offered support/treatment (CVDP002SMOK),71.34,People without a diagnosed learning disability,Learning Disability,0,33390.0,To March 2026,72.16,71.76,
E54000030,NHS South East London Integrated Care Board,Persons,315.0,,,CVDP002SMOK,"Patients with GP recorded CVD or CVD risk factors who are GP recorded current smokers, who have a record of an offer of support or treatment within the preceding 12 months.",Smoking: Current smokers offered support/treatment (CVDP002SMOK),79.5,People with a diagnosed learning disability,Learning Disability,0,265.0,To March 2026,87.38,83.76,
E54000031,NHS South West London Integrated Care Board,Persons,30570.0,,,CVDP002SMOK,"Patients with GP recorded CVD or CVD risk factors who are GP recorded current smokers, who have a record of an offer of support or treatment within the preceding 12 months.",Smoking: Current smokers offered support/treatment (CVDP002SMOK),77.51,Persons,Sex,0,23840.0,To March 2026,78.44,77.98,
E54000031,NHS South West London Integrated Care Board,Female,11310.0,,,CVDP002SMOK,"Patients with GP recorded CVD or CVD risk factors who are GP recorded current smokers, who have a record of an offer of support or treatment within the preceding 12 months.",Smoking: Current smokers offered support/treatment (CVDP002SMOK),78.57,Female,Sex,0,8975.0,To March 2026,80.05,79.32,
E54000031,NHS South West London Integrated Care Board,Male,19260.0,,,CVDP002SMOK,"Patients with GP recorded CVD or CVD risk factors who are GP recorded current smokers, who have a record of an offer of support or treatment within the preceding 12 months.",Smoking: Current smokers offered support/treatment (CVDP002SMOK),76.59,Male,Sex,0,14865.0,To March 2026,77.77,77.19,
E54000031,NHS South West London Integrated Care Board,Male,1305.0,,,CVDP002SMOK,"Patients with GP recorded CVD or CVD risk factors who are GP recorded current smokers, who have a record of an offer of support or treatment within the preceding 12 months.",Smoking: Current smokers offered support/treatment (CVDP002SMOK),62.48,18-39,Age group,0,850.0,To March 2026,67.61,65.08,
E54000031,NHS South West London Integrated Care Board,Female,720.0,,,CVDP002SMOK,"Patients with GP recorded CVD or CVD risk factors who are GP recorded current smokers, who have a record of an offer of support or treatment within the preceding 12 months.",Smoking: Current smokers offered support/treatment (CVDP002SMOK),66.57,18-39,Age group,0,505.0,To March 2026,73.2,70.04,
E54000031,NHS South West London Integrated Care Board,Persons,2025.0,,,CVDP002SMOK,"Patients with GP recorded CVD or CVD risk factors who are GP recorded current smokers, who have a record of an offer of support or treatment within the preceding 12 months.",Smoking: Current smokers offered support/treatment (CVDP002SMOK),64.78,18-39,Age group,0,1355.0,To March 2026,68.87,66.85,
E54000031,NHS South West London Integrated Care Board,Male,8595.0,,,CVDP002SMOK,"Patients with GP recorded CVD or CVD risk factors who are GP recorded current smokers, who have a record of an offer of support or treatment within the preceding 12 months.",Smoking: Current smokers offered support/treatment (CVDP002SMOK),75.86,40-59,Age group,0,6595.0,To March 2026,77.64,76.76,
E54000031,NHS South West London Integrated Care Board,Female,4320.0,,,CVDP002SMOK,"Patients with GP recorded CVD or CVD risk factors who are GP recorded current smokers, who have a record of an offer of support or treatment within the preceding 12 months.",Smoking: Current smokers offered support/treatment (CVDP002SMOK),78.89,40-59,Age group,0,3460.0,To March 2026,81.24,80.1,
E54000031,NHS South West London Integrated Care Board,Persons,12915.0,,,CVDP002SMOK,"Patients with GP recorded CVD or CVD risk factors who are GP recorded current smokers, who have a record of an offer of support or treatment within the preceding 12 months.",Smoking: Current smokers offered support/treatment (CVDP002SMOK),77.16,40-59,Age group,0,10060.0,To March 2026,78.58,77.88,
E54000031,NHS South West London Integrated Care Board,Male,8490.0,,,CVDP002SMOK,"Patients with GP recorded CVD or CVD risk factors who are GP recorded current smokers, who have a record of an offer of support or treatment within the preceding 12 months.",Smoking: Current smokers offered support/treatment (CVDP002SMOK),79.0,60-79,Age group,0,6780.0,To March 2026,80.7,79.87,
E54000031,NHS South West London Integrated Care Board,Female,5395.0,,,CVDP002SMOK,"Patients with GP recorded CVD or CVD risk factors who are GP recorded current smokers, who have a record of an offer of support or treatment within the preceding 12 months.",Smoking: Current smokers offered support/treatment (CVDP002SMOK),80.53,60-79,Age group,0,4400.0,To March 2026,82.58,81.57,
E54000031,NHS South West London Integrated Care Board,Persons,13880.0,,,CVDP002SMOK,"Patients with GP recorded CVD or CVD risk factors who are GP recorded current smokers, who have a record of an offer of support or treatment within the preceding 12 months.",Smoking: Current smokers offered support/treatment (CVDP002SMOK),79.86,60-79,Age group,0,11180.0,To March 2026,81.17,80.53,
E54000031,NHS South West London Integrated Care Board,Male,875.0,,,CVDP002SMOK,"Patients with GP recorded CVD or CVD risk factors who are GP recorded current smokers, who have a record of an offer of support or treatment within the preceding 12 months.",Smoking: Current smokers offered support/treatment (CVDP002SMOK),70.39,80+,Age group,0,640.0,To March 2026,76.2,73.37,
E54000031,NHS South West London Integrated Care Board,Female,875.0,,,CVDP002SMOK,"Patients with GP recorded CVD or CVD risk factors who are GP recorded current smokers, who have a record of an offer of support or treatment within the preceding 12 months.",Smoking: Current smokers offered support/treatment (CVDP002SMOK),66.21,80+,Age group,0,605.0,To March 2026,72.24,69.29,
E54000031,NHS South West London Integrated Care Board,Persons,1750.0,,,CVDP002SMOK,"Patients with GP recorded CVD or CVD risk factors who are GP recorded current smokers, who have a record of an offer of support or treatment within the preceding 12 months.",Smoking: Current smokers offered support/treatment (CVDP002SMOK),69.16,80+,Age group,0,1250.0,To March 2026,73.38,71.33,
E54000031,NHS South West London Integrated Care Board,Persons,3710.0,,,CVDP002SMOK,"Patients with GP recorded CVD or CVD risk factors who are GP recorded current smokers, who have a record of an offer of support or treatment within the preceding 12 months.",Smoking: Current smokers offered support/treatment (CVDP002SMOK),75.88,1 - most deprived,Deprivation quintile,0,2865.0,To March 2026,78.58,77.27,
E54000031,NHS South West London Integrated Care Board,Persons,8265.0,,,CVDP002SMOK,"Patients with GP recorded CVD or CVD risk factors who are GP recorded current smokers, who have a record of an offer of support or treatment within the preceding 12 months.",Smoking: Current smokers offered support/treatment (CVDP002SMOK),78.62,2,Deprivation quintile,0,6570.0,To March 2026,80.35,79.49,
E54000031,NHS South West London Integrated Care Board,Persons,7350.0,,,CVDP002SMOK,"Patients with GP recorded CVD or CVD risk factors who are GP recorded current smokers, who have a record of an offer of support or treatment within the preceding 12 months.",Smoking: Current smokers offered support/treatment (CVDP002SMOK),79.19,3,Deprivation quintile,0,5885.0,To March 2026,81.01,80.12,
E54000031,NHS South West London Integrated Care Board,Persons,6900.0,,,CVDP002SMOK,"Patients with GP recorded CVD or CVD risk factors who are GP recorded current smokers, who have a record of an offer of support or treatment within the preceding 12 months.",Smoking: Current smokers offered support/treatment (CVDP002SMOK),76.39,4,Deprivation quintile,0,5340.0,To March 2026,78.37,77.4,
E54000031,NHS South West London Integrated Care Board,Persons,4930.0,,,CVDP002SMOK,"Patients with GP recorded CVD or CVD risk factors who are GP recorded current smokers, who have a record of an offer of support or treatment within the preceding 12 months.",Smoking: Current smokers offered support/treatment (CVDP002SMOK),72.36,5 - least deprived,Deprivation quintile,0,3630.0,To March 2026,74.82,73.61,
E54000031,NHS South West London Integrated Care Board,Persons,4095.0,,,CVDP002SMOK,"Patients with GP recorded CVD or CVD risk factors who are GP recorded current smokers, who have a record of an offer of support or treatment within the preceding 12 months.",Smoking: Current smokers offered support/treatment (CVDP002SMOK),77.12,Asian,Ethnicity,0,3210.0,To March 2026,79.63,78.4,
E54000031,NHS South West London Integrated Care Board,Persons,3605.0,,,CVDP002SMOK,"Patients with GP recorded CVD or CVD risk factors who are GP recorded current smokers, who have a record of an offer of support or treatment within the preceding 12 months.",Smoking: Current smokers offered support/treatment (CVDP002SMOK),76.51,Black,Ethnicity,0,2810.0,To March 2026,79.2,77.88,
E54000031,NHS South West London Integrated Care Board,Persons,295.0,,,CVDP002SMOK,"Patients with GP recorded CVD or CVD risk factors who are GP recorded current smokers, who have a record of an offer of support or treatment within the preceding 12 months.",Smoking: Current smokers offered support/treatment (CVDP002SMOK),65.55,Missing,Ethnicity,0,210.0,To March 2026,75.59,70.95,
E54000031,NHS South West London Integrated Care Board,Persons,1115.0,,,CVDP002SMOK,"Patients with GP recorded CVD or CVD risk factors who are GP recorded current smokers, who have a record of an offer of support or treatment within the preceding 12 months.",Smoking: Current smokers offered support/treatment (CVDP002SMOK),74.96,Mixed,Ethnicity,0,865.0,To March 2026,79.79,77.49,
E54000031,NHS South West London Integrated Care Board,Persons,1105.0,,,CVDP002SMOK,"Patients with GP recorded CVD or CVD risk factors who are GP recorded current smokers, who have a record of an offer of support or treatment within the preceding 12 months.",Smoking: Current smokers offered support/treatment (CVDP002SMOK),68.14,Not stated,Ethnicity,0,785.0,To March 2026,73.47,70.86,
E54000031,NHS South West London Integrated Care Board,Persons,1030.0,,,CVDP002SMOK,"Patients with GP recorded CVD or CVD risk factors who are GP recorded current smokers, who have a record of an offer of support or treatment within the preceding 12 months.",Smoking: Current smokers offered support/treatment (CVDP002SMOK),72.65,Other,Ethnicity,0,775.0,To March 2026,77.89,75.39,
E54000031,NHS South West London Integrated Care Board,Persons,19325.0,,,CVDP002SMOK,"Patients with GP recorded CVD or CVD risk factors who are GP recorded current smokers, who have a record of an offer of support or treatment within the preceding 12 months.",Smoking: Current smokers offered support/treatment (CVDP002SMOK),78.0,White,Ethnicity,0,15185.0,To March 2026,79.16,78.59,
E54000031,NHS South West London Integrated Care Board,Persons,28820.0,,,CVDP002SMOK,"Patients with GP recorded CVD or CVD risk factors who are GP recorded current smokers, who have a record of an offer of support or treatment within the preceding 12 months.",Smoking: Current smokers offered support/treatment (CVDP002SMOK),77.1,People without SMI,Mental Health,0,22360.0,To March 2026,78.06,77.58,
E54000031,NHS South West London Integrated Care Board,Persons,1750.0,,,CVDP002SMOK,"Patients with GP recorded CVD or CVD risk factors who are GP recorded current smokers, who have a record of an offer of support or treatment within the preceding 12 months.",Smoking: Current smokers offered support/treatment (CVDP002SMOK),82.77,People with SMI,Mental Health,0,1480.0,To March 2026,86.14,84.51,
E54000031,NHS South West London Integrated Care Board,Persons,30360.0,,,CVDP002SMOK,"Patients with GP recorded CVD or CVD risk factors who are GP recorded current smokers, who have a record of an offer of support or treatment within the preceding 12 months.",Smoking: Current smokers offered support/treatment (CVDP002SMOK),77.45,People without a diagnosed learning disability,Learning Disability,0,23655.0,To March 2026,78.39,77.92,
E54000031,NHS South West London Integrated Care Board,Persons,215.0,,,CVDP002SMOK,"Patients with GP recorded CVD or CVD risk factors who are GP recorded current smokers, who have a record of an offer of support or treatment within the preceding 12 months.",Smoking: Current smokers offered support/treatment (CVDP002SMOK),80.18,People with a diagnosed learning disability,Learning Disability,0,185.0,To March 2026,89.4,85.51,
E54000061,NHS South Yorkshire Integrated Care Board,Persons,41340.0,,,CVDP002SMOK,"Patients with GP recorded CVD or CVD risk factors who are GP recorded current smokers, who have a record of an offer of support or treatment within the preceding 12 months.",Smoking: Current smokers offered support/treatment (CVDP002SMOK),77.92,Persons,Sex,0,32375.0,To March 2026,78.71,78.32,
E54000061,NHS South Yorkshire Integrated Care Board,Female,17860.0,,,CVDP002SMOK,"Patients with GP recorded CVD or CVD risk factors who are GP recorded current smokers, who have a record of an offer of support or treatment within the preceding 12 months.",Smoking: Current smokers offered support/treatment (CVDP002SMOK),79.45,Female,Sex,0,14295.0,To March 2026,80.62,80.04,
E54000061,NHS South Yorkshire Integrated Care Board,Male,23480.0,,,CVDP002SMOK,"Patients with GP recorded CVD or CVD risk factors who are GP recorded current smokers, who have a record of an offer of support or treatment within the preceding 12 months.",Smoking: Current smokers offered support/treatment (CVDP002SMOK),76.46,Male,Sex,0,18080.0,To March 2026,77.53,77.0,
E54000061,NHS South Yorkshire Integrated Care Board,Male,1685.0,,,CVDP002SMOK,"Patients with GP recorded CVD or CVD risk factors who are GP recorded current smokers, who have a record of an offer of support or treatment within the preceding 12 months.",Smoking: Current smokers offered support/treatment (CVDP002SMOK),65.33,18-39,Age group,0,1140.0,To March 2026,69.76,67.58,
E54000061,NHS South Yorkshire Integrated Care Board,Female,1100.0,,,CVDP002SMOK,"Patients with GP recorded CVD or CVD risk factors who are GP recorded current smokers, who have a record of an offer of support or treatment within the preceding 12 months.",Smoking: Current smokers offered support/treatment (CVDP002SMOK),70.42,18-39,Age group,0,805.0,To March 2026,75.59,73.07,
E54000061,NHS South Yorkshire Integrated Care Board,Persons,2785.0,,,CVDP002SMOK,"Patients with GP recorded CVD or CVD risk factors who are GP recorded current smokers, who have a record of an offer of support or treatment within the preceding 12 months.",Smoking: Current smokers offered support/treatment (CVDP002SMOK),68.02,18-39,Age group,0,1945.0,To March 2026,71.42,69.74,
E54000061,NHS South Yorkshire Integrated Care Board,Male,9895.0,,,CVDP002SMOK,"Patients with GP recorded CVD or CVD risk factors who are GP recorded current smokers, who have a record of an offer of support or treatment within the preceding 12 months.",Smoking: Current smokers offered support/treatment (CVDP002SMOK),73.8,40-59,Age group,0,7390.0,To March 2026,75.51,74.66,
E54000061,NHS South Yorkshire Integrated Care Board,Female,6445.0,,,CVDP002SMOK,"Patients with GP recorded CVD or CVD risk factors who are GP recorded current smokers, who have a record of an offer of support or treatment within the preceding 12 months.",Smoking: Current smokers offered support/treatment (CVDP002SMOK),77.56,40-59,Age group,0,5065.0,To March 2026,79.56,78.57,
E54000061,NHS South Yorkshire Integrated Care Board,Persons,16340.0,,,CVDP002SMOK,"Patients with GP recorded CVD or CVD risk factors who are GP recorded current smokers, who have a record of an offer of support or treatment within the preceding 12 months.",Smoking: Current smokers offered support/treatment (CVDP002SMOK),75.55,40-59,Age group,0,12450.0,To March 2026,76.85,76.2,
E54000061,NHS South Yorkshire Integrated Care Board,Male,10720.0,,,CVDP002SMOK,"Patients with GP recorded CVD or CVD risk factors who are GP recorded current smokers, who have a record of an offer of support or treatment within the preceding 12 months.",Smoking: Current smokers offered support/treatment (CVDP002SMOK),79.69,60-79,Age group,0,8625.0,To March 2026,81.19,80.45,
E54000061,NHS South Yorkshire Integrated Care Board,Female,8800.0,,,CVDP002SMOK,"Patients with GP recorded CVD or CVD risk factors who are GP recorded current smokers, who have a record of an offer of support or treatment within the preceding 12 months.",Smoking: Current smokers offered support/treatment (CVDP002SMOK),81.4,60-79,Age group,0,7235.0,To March 2026,82.99,82.21,
E54000061,NHS South Yorkshire Integrated Care Board,Persons,19520.0,,,CVDP002SMOK,"Patients with GP recorded CVD or CVD risk factors who are GP recorded current smokers, who have a record of an offer of support or treatment within the preceding 12 months.",Smoking: Current smokers offered support/treatment (CVDP002SMOK),80.69,60-79,Age group,0,15855.0,To March 2026,81.78,81.24,
E54000061,NHS South Yorkshire Integrated Care Board,Male,1180.0,,,CVDP002SMOK,"Patients with GP recorded CVD or CVD risk factors who are GP recorded current smokers, who have a record of an offer of support or treatment within the preceding 12 months.",Smoking: Current smokers offered support/treatment (CVDP002SMOK),76.42,80+,Age group,0,930.0,To March 2026,81.07,78.81,
E54000061,NHS South Yorkshire Integrated Care Board,Female,1520.0,,,CVDP002SMOK,"Patients with GP recorded CVD or CVD risk factors who are GP recorded current smokers, who have a record of an offer of support or treatment within the preceding 12 months.",Smoking: Current smokers offered support/treatment (CVDP002SMOK),76.61,80+,Age group,0,1195.0,To March 2026,80.68,78.74,
E54000061,NHS South Yorkshire Integrated Care Board,Persons,2700.0,,,CVDP002SMOK,"Patients with GP recorded CVD or CVD risk factors who are GP recorded current smokers, who have a record of an offer of support or treatment within the preceding 12 months.",Smoking: Current smokers offered support/treatment (CVDP002SMOK),77.2,80+,Age group,0,2125.0,To March 2026,80.27,78.77,
E54000061,NHS South Yorkshire Integrated Care Board,Persons,22900.0,,,CVDP002SMOK,"Patients with GP recorded CVD or CVD risk factors who are GP recorded current smokers, who have a record of an offer of support or treatment within the preceding 12 months.",Smoking: Current smokers offered support/treatment (CVDP002SMOK),78.34,1 - most deprived,Deprivation quintile,0,18065.0,To March 2026,79.4,78.87,
E54000061,NHS South Yorkshire Integrated Care Board,Persons,8235.0,,,CVDP002SMOK,"Patients with GP recorded CVD or CVD risk factors who are GP recorded current smokers, who have a record of an offer of support or treatment within the preceding 12 months.",Smoking: Current smokers offered support/treatment (CVDP002SMOK),77.57,2,Deprivation quintile,0,6460.0,To March 2026,79.34,78.47,
E54000061,NHS South Yorkshire Integrated Care Board,Persons,5170.0,,,CVDP002SMOK,"Patients with GP recorded CVD or CVD risk factors who are GP recorded current smokers, who have a record of an offer of support or treatment within the preceding 12 months.",Smoking: Current smokers offered support/treatment (CVDP002SMOK),75.92,3,Deprivation quintile,0,3985.0,To March 2026,78.2,77.09,
E54000061,NHS South Yorkshire Integrated Care Board,Persons,3500.0,,,CVDP002SMOK,"Patients with GP recorded CVD or CVD risk factors who are GP recorded current smokers, who have a record of an offer of support or treatment within the preceding 12 months.",Smoking: Current smokers offered support/treatment (CVDP002SMOK),74.94,4,Deprivation quintile,0,2675.0,To March 2026,77.74,76.38,
E54000061,NHS South Yorkshire Integrated Care Board,Persons,1455.0,,,CVDP002SMOK,"Patients with GP recorded CVD or CVD risk factors who are GP recorded current smokers, who have a record of an offer of support or treatment within the preceding 12 months.",Smoking: Current smokers offered support/treatment (CVDP002SMOK),74.66,5 - least deprived,Deprivation quintile,0,1115.0,To March 2026,78.98,76.88,
E54000061,NHS South Yorkshire Integrated Care Board,Persons,1585.0,,,CVDP002SMOK,"Patients with GP recorded CVD or CVD risk factors who are GP recorded current smokers, who have a record of an offer of support or treatment within the preceding 12 months.",Smoking: Current smokers offered support/treatment (CVDP002SMOK),72.26,Asian,Ethnicity,0,1180.0,To March 2026,76.54,74.48,
E54000061,NHS South Yorkshire Integrated Care Board,Persons,615.0,,,CVDP002SMOK,"Patients with GP recorded CVD or CVD risk factors who are GP recorded current smokers, who have a record of an offer of support or treatment within the preceding 12 months.",Smoking: Current smokers offered support/treatment (CVDP002SMOK),66.88,Black,Ethnicity,0,435.0,To March 2026,73.99,70.62,
E54000061,NHS South Yorkshire Integrated Care Board,Persons,635.0,,,CVDP002SMOK,"Patients with GP recorded CVD or CVD risk factors who are GP recorded current smokers, who have a record of an offer of support or treatment within the preceding 12 months.",Smoking: Current smokers offered support/treatment (CVDP002SMOK),63.13,Missing,Ethnicity,0,425.0,To March 2026,70.31,66.88,
E54000061,NHS South Yorkshire Integrated Care Board,Persons,405.0,,,CVDP002SMOK,"Patients with GP recorded CVD or CVD risk factors who are GP recorded current smokers, who have a record of an offer of support or treatment within the preceding 12 months.",Smoking: Current smokers offered support/treatment (CVDP002SMOK),71.43,Mixed,Ethnicity,0,305.0,To March 2026,79.56,75.68,
E54000061,NHS South Yorkshire Integrated Care Board,Persons,1330.0,,,CVDP002SMOK,"Patients with GP recorded CVD or CVD risk factors who are GP recorded current smokers, who have a record of an offer of support or treatment within the preceding 12 months.",Smoking: Current smokers offered support/treatment (CVDP002SMOK),72.06,Not stated,Ethnicity,0,990.0,To March 2026,76.7,74.47,
E54000061,NHS South Yorkshire Integrated Care Board,Persons,685.0,,,CVDP002SMOK,"Patients with GP recorded CVD or CVD risk factors who are GP recorded current smokers, who have a record of an offer of support or treatment within the preceding 12 months.",Smoking: Current smokers offered support/treatment (CVDP002SMOK),70.43,Other,Ethnicity,0,505.0,To March 2026,76.96,73.8,
E54000061,NHS South Yorkshire Integrated Care Board,Persons,36085.0,,,CVDP002SMOK,"Patients with GP recorded CVD or CVD risk factors who are GP recorded current smokers, who have a record of an offer of support or treatment within the preceding 12 months.",Smoking: Current smokers offered support/treatment (CVDP002SMOK),78.65,White,Ethnicity,0,28535.0,To March 2026,79.49,79.07,
E54000061,NHS South Yorkshire Integrated Care Board,Persons,39790.0,,,CVDP002SMOK,"Patients with GP recorded CVD or CVD risk factors who are GP recorded current smokers, who have a record of an offer of support or treatment within the preceding 12 months.",Smoking: Current smokers offered support/treatment (CVDP002SMOK),77.73,People without SMI,Mental Health,0,31090.0,To March 2026,78.54,78.13,
E54000061,NHS South Yorkshire Integrated Care Board,Persons,1555.0,,,CVDP002SMOK,"Patients with GP recorded CVD or CVD risk factors who are GP recorded current smokers, who have a record of an offer of support or treatment within the preceding 12 months.",Smoking: Current smokers offered support/treatment (CVDP002SMOK),80.99,People with SMI,Mental Health,0,1290.0,To March 2026,84.71,82.95,
E54000061,NHS South Yorkshire Integrated Care Board,Persons,41000.0,,,CVDP002SMOK,"Patients with GP recorded CVD or CVD risk factors who are GP recorded current smokers, who have a record of an offer of support or treatment within the preceding 12 months.",Smoking: Current smokers offered support/treatment (CVDP002SMOK),77.81,People without a diagnosed learning disability,Learning Disability,0,32070.0,To March 2026,78.61,78.21,
E54000061,NHS South Yorkshire Integrated Care Board,Persons,340.0,,,CVDP002SMOK,"Patients with GP recorded CVD or CVD risk factors who are GP recorded current smokers, who have a record of an offer of support or treatment within the preceding 12 months.",Smoking: Current smokers offered support/treatment (CVDP002SMOK),86.96,People with a diagnosed learning disability,Learning Disability,0,310.0,To March 2026,93.04,90.35,
E54000010,NHS Staffordshire and Stoke-on-Trent Integrated Care Board,Persons,32075.0,,,CVDP002SMOK,"Patients with GP recorded CVD or CVD risk factors who are GP recorded current smokers, who have a record of an offer of support or treatment within the preceding 12 months.",Smoking: Current smokers offered support/treatment (CVDP002SMOK),75.97,Persons,Sex,0,24520.0,To March 2026,76.9,76.44,
E54000010,NHS Staffordshire and Stoke-on-Trent Integrated Care Board,Female,13455.0,,,CVDP002SMOK,"Patients with GP recorded CVD or CVD risk factors who are GP recorded current smokers, who have a record of an offer of support or treatment within the preceding 12 months.",Smoking: Current smokers offered support/treatment (CVDP002SMOK),77.15,Female,Sex,0,10480.0,To March 2026,78.55,77.86,
E54000010,NHS Staffordshire and Stoke-on-Trent Integrated Care Board,Male,18620.0,,,CVDP002SMOK,"Patients with GP recorded CVD or CVD risk factors who are GP recorded current smokers, who have a record of an offer of support or treatment within the preceding 12 months.",Smoking: Current smokers offered support/treatment (CVDP002SMOK),74.78,Male,Sex,0,14040.0,To March 2026,76.02,75.41,
E54000010,NHS Staffordshire and Stoke-on-Trent Integrated Care Board,Male,1120.0,,,CVDP002SMOK,"Patients with GP recorded CVD or CVD risk factors who are GP recorded current smokers, who have a record of an offer of support or treatment within the preceding 12 months.",Smoking: Current smokers offered support/treatment (CVDP002SMOK),65.21,18-39,Age group,0,760.0,To March 2026,70.64,67.98,
E54000010,NHS Staffordshire and Stoke-on-Trent Integrated Care Board,Female,795.0,,,CVDP002SMOK,"Patients with GP recorded CVD or CVD risk factors who are GP recorded current smokers, who have a record of an offer of support or treatment within the preceding 12 months.",Smoking: Current smokers offered support/treatment (CVDP002SMOK),69.46,18-39,Age group,0,580.0,To March 2026,75.59,72.61,
E54000010,NHS Staffordshire and Stoke-on-Trent Integrated Care Board,Persons,1915.0,,,CVDP002SMOK,"Patients with GP recorded CVD or CVD risk factors who are GP recorded current smokers, who have a record of an offer of support or treatment within the preceding 12 months.",Smoking: Current smokers offered support/treatment (CVDP002SMOK),67.81,18-39,Age group,0,1340.0,To March 2026,71.88,69.9,
E54000010,NHS Staffordshire and Stoke-on-Trent Integrated Care Board,Male,7545.0,,,CVDP002SMOK,"Patients with GP recorded CVD or CVD risk factors who are GP recorded current smokers, who have a record of an offer of support or treatment within the preceding 12 months.",Smoking: Current smokers offered support/treatment (CVDP002SMOK),72.01,40-59,Age group,0,5510.0,To March 2026,74.01,73.02,
E54000010,NHS Staffordshire and Stoke-on-Trent Integrated Care Board,Female,4735.0,,,CVDP002SMOK,"Patients with GP recorded CVD or CVD risk factors who are GP recorded current smokers, who have a record of an offer of support or treatment within the preceding 12 months.",Smoking: Current smokers offered support/treatment (CVDP002SMOK),75.83,40-59,Age group,0,3645.0,To March 2026,78.21,77.04,
E54000010,NHS Staffordshire and Stoke-on-Trent Integrated Care Board,Persons,12280.0,,,CVDP002SMOK,"Patients with GP recorded CVD or CVD risk factors who are GP recorded current smokers, who have a record of an offer of support or treatment within the preceding 12 months.",Smoking: Current smokers offered support/treatment (CVDP002SMOK),73.79,40-59,Age group,0,9155.0,To March 2026,75.33,74.57,
E54000010,NHS Staffordshire and Stoke-on-Trent Integrated Care Board,Male,8935.0,,,CVDP002SMOK,"Patients with GP recorded CVD or CVD risk factors who are GP recorded current smokers, who have a record of an offer of support or treatment within the preceding 12 months.",Smoking: Current smokers offered support/treatment (CVDP002SMOK),77.17,60-79,Age group,0,6975.0,To March 2026,78.88,78.04,
E54000010,NHS Staffordshire and Stoke-on-Trent Integrated Care Board,Female,6885.0,,,CVDP002SMOK,"Patients with GP recorded CVD or CVD risk factors who are GP recorded current smokers, who have a record of an offer of support or treatment within the preceding 12 months.",Smoking: Current smokers offered support/treatment (CVDP002SMOK),79.07,60-79,Age group,0,5510.0,To March 2026,80.95,80.03,
E54000010,NHS Staffordshire and Stoke-on-Trent Integrated Care Board,Persons,15820.0,,,CVDP002SMOK,"Patients with GP recorded CVD or CVD risk factors who are GP recorded current smokers, who have a record of an offer of support or treatment within the preceding 12 months.",Smoking: Current smokers offered support/treatment (CVDP002SMOK),78.26,60-79,Age group,0,12485.0,To March 2026,79.53,78.9,
E54000010,NHS Staffordshire and Stoke-on-Trent Integrated Care Board,Male,1015.0,,,CVDP002SMOK,"Patients with GP recorded CVD or CVD risk factors who are GP recorded current smokers, who have a record of an offer of support or treatment within the preceding 12 months.",Smoking: Current smokers offered support/treatment (CVDP002SMOK),75.66,80+,Age group,0,795.0,To March 2026,80.67,78.25,
E54000010,NHS Staffordshire and Stoke-on-Trent Integrated Care Board,Female,1040.0,,,CVDP002SMOK,"Patients with GP recorded CVD or CVD risk factors who are GP recorded current smokers, who have a record of an offer of support or treatment within the preceding 12 months.",Smoking: Current smokers offered support/treatment (CVDP002SMOK),68.52,80+,Age group,0,745.0,To March 2026,73.97,71.31,
E54000010,NHS Staffordshire and Stoke-on-Trent Integrated Care Board,Persons,2060.0,,,CVDP002SMOK,"Patients with GP recorded CVD or CVD risk factors who are GP recorded current smokers, who have a record of an offer of support or treatment within the preceding 12 months.",Smoking: Current smokers offered support/treatment (CVDP002SMOK),72.83,80+,Age group,0,1540.0,To March 2026,76.56,74.73,
E54000010,NHS Staffordshire and Stoke-on-Trent Integrated Care Board,Persons,10210.0,,,CVDP002SMOK,"Patients with GP recorded CVD or CVD risk factors who are GP recorded current smokers, who have a record of an offer of support or treatment within the preceding 12 months.",Smoking: Current smokers offered support/treatment (CVDP002SMOK),79.9,1 - most deprived,Deprivation quintile,0,8240.0,To March 2026,81.43,80.68,
E54000010,NHS Staffordshire and Stoke-on-Trent Integrated Care Board,Persons,7540.0,,,CVDP002SMOK,"Patients with GP recorded CVD or CVD risk factors who are GP recorded current smokers, who have a record of an offer of support or treatment within the preceding 12 months.",Smoking: Current smokers offered support/treatment (CVDP002SMOK),75.11,2,Deprivation quintile,0,5735.0,To March 2026,77.03,76.08,
E54000010,NHS Staffordshire and Stoke-on-Trent Integrated Care Board,Persons,5935.0,,,CVDP002SMOK,"Patients with GP recorded CVD or CVD risk factors who are GP recorded current smokers, who have a record of an offer of support or treatment within the preceding 12 months.",Smoking: Current smokers offered support/treatment (CVDP002SMOK),72.61,3,Deprivation quintile,0,4375.0,To March 2026,74.84,73.74,
E54000010,NHS Staffordshire and Stoke-on-Trent Integrated Care Board,Persons,5350.0,,,CVDP002SMOK,"Patients with GP recorded CVD or CVD risk factors who are GP recorded current smokers, who have a record of an offer of support or treatment within the preceding 12 months.",Smoking: Current smokers offered support/treatment (CVDP002SMOK),71.95,4,Deprivation quintile,0,3910.0,To March 2026,74.32,73.15,
E54000010,NHS Staffordshire and Stoke-on-Trent Integrated Care Board,Persons,3315.0,,,CVDP002SMOK,"Patients with GP recorded CVD or CVD risk factors who are GP recorded current smokers, who have a record of an offer of support or treatment within the preceding 12 months.",Smoking: Current smokers offered support/treatment (CVDP002SMOK),70.69,5 - least deprived,Deprivation quintile,0,2395.0,To March 2026,73.73,72.23,
E54000010,NHS Staffordshire and Stoke-on-Trent Integrated Care Board,Persons,1300.0,,,CVDP002SMOK,"Patients with GP recorded CVD or CVD risk factors who are GP recorded current smokers, who have a record of an offer of support or treatment within the preceding 12 months.",Smoking: Current smokers offered support/treatment (CVDP002SMOK),78.99,Asian,Ethnicity,0,1055.0,To March 2026,83.21,81.17,
E54000010,NHS Staffordshire and Stoke-on-Trent Integrated Care Board,Persons,270.0,,,CVDP002SMOK,"Patients with GP recorded CVD or CVD risk factors who are GP recorded current smokers, who have a record of an offer of support or treatment within the preceding 12 months.",Smoking: Current smokers offered support/treatment (CVDP002SMOK),68.36,Black,Ethnicity,0,200.0,To March 2026,78.55,73.9,
E54000010,NHS Staffordshire and Stoke-on-Trent Integrated Care Board,Persons,245.0,,,CVDP002SMOK,"Patients with GP recorded CVD or CVD risk factors who are GP recorded current smokers, who have a record of an offer of support or treatment within the preceding 12 months.",Smoking: Current smokers offered support/treatment (CVDP002SMOK),55.69,Missing,Ethnicity,0,150.0,To March 2026,67.48,61.73,
E54000010,NHS Staffordshire and Stoke-on-Trent Integrated Care Board,Persons,290.0,,,CVDP002SMOK,"Patients with GP recorded CVD or CVD risk factors who are GP recorded current smokers, who have a record of an offer of support or treatment within the preceding 12 months.",Smoking: Current smokers offered support/treatment (CVDP002SMOK),73.88,Mixed,Ethnicity,0,225.0,To March 2026,83.16,78.82,
E54000010,NHS Staffordshire and Stoke-on-Trent Integrated Care Board,Persons,360.0,,,CVDP002SMOK,"Patients with GP recorded CVD or CVD risk factors who are GP recorded current smokers, who have a record of an offer of support or treatment within the preceding 12 months.",Smoking: Current smokers offered support/treatment (CVDP002SMOK),55.62,Not stated,Ethnicity,0,220.0,To March 2026,65.48,60.77,
E54000010,NHS Staffordshire and Stoke-on-Trent Integrated Care Board,Persons,360.0,,,CVDP002SMOK,"Patients with GP recorded CVD or CVD risk factors who are GP recorded current smokers, who have a record of an offer of support or treatment within the preceding 12 months.",Smoking: Current smokers offered support/treatment (CVDP002SMOK),70.14,Other,Ethnicity,0,270.0,To March 2026,78.9,74.86,
E54000010,NHS Staffordshire and Stoke-on-Trent Integrated Care Board,Persons,29250.0,,,CVDP002SMOK,"Patients with GP recorded CVD or CVD risk factors who are GP recorded current smokers, who have a record of an offer of support or treatment within the preceding 12 months.",Smoking: Current smokers offered support/treatment (CVDP002SMOK),76.08,White,Ethnicity,0,22395.0,To March 2026,77.04,76.56,
E54000010,NHS Staffordshire and Stoke-on-Trent Integrated Care Board,Persons,31010.0,,,CVDP002SMOK,"Patients with GP recorded CVD or CVD risk factors who are GP recorded current smokers, who have a record of an offer of support or treatment within the preceding 12 months.",Smoking: Current smokers offered support/treatment (CVDP002SMOK),75.73,People without SMI,Mental Health,0,23635.0,To March 2026,76.68,76.21,
E54000010,NHS Staffordshire and Stoke-on-Trent Integrated Care Board,Persons,1065.0,,,CVDP002SMOK,"Patients with GP recorded CVD or CVD risk factors who are GP recorded current smokers, who have a record of an offer of support or treatment within the preceding 12 months.",Smoking: Current smokers offered support/treatment (CVDP002SMOK),80.71,People with SMI,Mental Health,0,885.0,To March 2026,85.21,83.1,
E54000010,NHS Staffordshire and Stoke-on-Trent Integrated Care Board,Persons,31920.0,,,CVDP002SMOK,"Patients with GP recorded CVD or CVD risk factors who are GP recorded current smokers, who have a record of an offer of support or treatment within the preceding 12 months.",Smoking: Current smokers offered support/treatment (CVDP002SMOK),75.92,People without a diagnosed learning disability,Learning Disability,0,24385.0,To March 2026,76.85,76.39,
E54000010,NHS Staffordshire and Stoke-on-Trent Integrated Care Board,Persons,155.0,,,CVDP002SMOK,"Patients with GP recorded CVD or CVD risk factors who are GP recorded current smokers, who have a record of an offer of support or treatment within the preceding 12 months.",Smoking: Current smokers offered support/treatment (CVDP002SMOK),80.89,People with a diagnosed learning disability,Learning Disability,0,135.0,To March 2026,91.08,87.01,
E54000023,NHS Suffolk and North East Essex Integrated Care Board,Persons,28035.0,,,CVDP002SMOK,"Patients with GP recorded CVD or CVD risk factors who are GP recorded current smokers, who have a record of an offer of support or treatment within the preceding 12 months.",Smoking: Current smokers offered support/treatment (CVDP002SMOK),79.45,Persons,Sex,0,22405.0,To March 2026,80.38,79.92,
E54000023,NHS Suffolk and North East Essex Integrated Care Board,Female,12095.0,,,CVDP002SMOK,"Patients with GP recorded CVD or CVD risk factors who are GP recorded current smokers, who have a record of an offer of support or treatment within the preceding 12 months.",Smoking: Current smokers offered support/treatment (CVDP002SMOK),80.34,Female,Sex,0,9805.0,To March 2026,81.74,81.04,
E54000023,NHS Suffolk and North East Essex Integrated Care Board,Male,15940.0,,,CVDP002SMOK,"Patients with GP recorded CVD or CVD risk factors who are GP recorded current smokers, who have a record of an offer of support or treatment within the preceding 12 months.",Smoking: Current smokers offered support/treatment (CVDP002SMOK),78.43,Male,Sex,0,12605.0,To March 2026,79.7,79.07,
E54000023,NHS Suffolk and North East Essex Integrated Care Board,Male,950.0,,,CVDP002SMOK,"Patients with GP recorded CVD or CVD risk factors who are GP recorded current smokers, who have a record of an offer of support or treatment within the preceding 12 months.",Smoking: Current smokers offered support/treatment (CVDP002SMOK),67.58,18-39,Age group,0,670.0,To March 2026,73.35,70.53,
E54000023,NHS Suffolk and North East Essex Integrated Care Board,Female,690.0,,,CVDP002SMOK,"Patients with GP recorded CVD or CVD risk factors who are GP recorded current smokers, who have a record of an offer of support or treatment within the preceding 12 months.",Smoking: Current smokers offered support/treatment (CVDP002SMOK),75.4,18-39,Age group,0,545.0,To March 2026,81.44,78.61,
E54000023,NHS Suffolk and North East Essex Integrated Care Board,Persons,1640.0,,,CVDP002SMOK,"Patients with GP recorded CVD or CVD risk factors who are GP recorded current smokers, who have a record of an offer of support or treatment within the preceding 12 months.",Smoking: Current smokers offered support/treatment (CVDP002SMOK),71.79,18-39,Age group,0,1215.0,To March 2026,75.99,73.93,
E54000023,NHS Suffolk and North East Essex Integrated Care Board,Male,6185.0,,,CVDP002SMOK,"Patients with GP recorded CVD or CVD risk factors who are GP recorded current smokers, who have a record of an offer of support or treatment within the preceding 12 months.",Smoking: Current smokers offered support/treatment (CVDP002SMOK),77.44,40-59,Age group,0,4855.0,To March 2026,79.48,78.48,
E54000023,NHS Suffolk and North East Essex Integrated Care Board,Female,4165.0,,,CVDP002SMOK,"Patients with GP recorded CVD or CVD risk factors who are GP recorded current smokers, who have a record of an offer of support or treatment within the preceding 12 months.",Smoking: Current smokers offered support/treatment (CVDP002SMOK),80.36,40-59,Age group,0,3400.0,To March 2026,82.71,81.57,
E54000023,NHS Suffolk and North East Essex Integrated Care Board,Persons,10355.0,,,CVDP002SMOK,"Patients with GP recorded CVD or CVD risk factors who are GP recorded current smokers, who have a record of an offer of support or treatment within the preceding 12 months.",Smoking: Current smokers offered support/treatment (CVDP002SMOK),78.94,40-59,Age group,0,8255.0,To March 2026,80.48,79.73,
E54000023,NHS Suffolk and North East Essex Integrated Care Board,Male,7740.0,,,CVDP002SMOK,"Patients with GP recorded CVD or CVD risk factors who are GP recorded current smokers, who have a record of an offer of support or treatment within the preceding 12 months.",Smoking: Current smokers offered support/treatment (CVDP002SMOK),80.7,60-79,Age group,0,6315.0,To March 2026,82.41,81.57,
E54000023,NHS Suffolk and North East Essex Integrated Care Board,Female,6115.0,,,CVDP002SMOK,"Patients with GP recorded CVD or CVD risk factors who are GP recorded current smokers, who have a record of an offer of support or treatment within the preceding 12 months.",Smoking: Current smokers offered support/treatment (CVDP002SMOK),81.72,60-79,Age group,0,5055.0,To March 2026,83.62,82.7,
E54000023,NHS Suffolk and North East Essex Integrated Care Board,Persons,13855.0,,,CVDP002SMOK,"Patients with GP recorded CVD or CVD risk factors who are GP recorded current smokers, who have a record of an offer of support or treatment within the preceding 12 months.",Smoking: Current smokers offered support/treatment (CVDP002SMOK),81.42,60-79,Age group,0,11370.0,To March 2026,82.7,82.07,
E54000023,NHS Suffolk and North East Essex Integrated Care Board,Male,1060.0,,,CVDP002SMOK,"Patients with GP recorded CVD or CVD risk factors who are GP recorded current smokers, who have a record of an offer of support or treatment within the preceding 12 months.",Smoking: Current smokers offered support/treatment (CVDP002SMOK),69.17,80+,Age group,0,765.0,To March 2026,74.53,71.91,
E54000023,NHS Suffolk and North East Essex Integrated Care Board,Female,1125.0,,,CVDP002SMOK,"Patients with GP recorded CVD or CVD risk factors who are GP recorded current smokers, who have a record of an offer of support or treatment within the preceding 12 months.",Smoking: Current smokers offered support/treatment (CVDP002SMOK),68.94,80+,Age group,0,805.0,To March 2026,74.18,71.62,
E54000023,NHS Suffolk and North East Essex Integrated Care Board,Persons,2185.0,,,CVDP002SMOK,"Patients with GP recorded CVD or CVD risk factors who are GP recorded current smokers, who have a record of an offer of support or treatment within the preceding 12 months.",Smoking: Current smokers offered support/treatment (CVDP002SMOK),69.84,80+,Age group,0,1570.0,To March 2026,73.58,71.76,
E54000023,NHS Suffolk and North East Essex Integrated Care Board,Persons,5770.0,,,CVDP002SMOK,"Patients with GP recorded CVD or CVD risk factors who are GP recorded current smokers, who have a record of an offer of support or treatment within the preceding 12 months.",Smoking: Current smokers offered support/treatment (CVDP002SMOK),81.91,1 - most deprived,Deprivation quintile,0,4785.0,To March 2026,83.85,82.91,
E54000023,NHS Suffolk and North East Essex Integrated Care Board,Persons,6445.0,,,CVDP002SMOK,"Patients with GP recorded CVD or CVD risk factors who are GP recorded current smokers, who have a record of an offer of support or treatment within the preceding 12 months.",Smoking: Current smokers offered support/treatment (CVDP002SMOK),81.46,2,Deprivation quintile,0,5310.0,To March 2026,83.31,82.4,
E54000023,NHS Suffolk and North East Essex Integrated Care Board,Persons,7630.0,,,CVDP002SMOK,"Patients with GP recorded CVD or CVD risk factors who are GP recorded current smokers, who have a record of an offer of support or treatment within the preceding 12 months.",Smoking: Current smokers offered support/treatment (CVDP002SMOK),76.96,3,Deprivation quintile,0,5945.0,To March 2026,78.82,77.91,
E54000023,NHS Suffolk and North East Essex Integrated Care Board,Persons,4980.0,,,CVDP002SMOK,"Patients with GP recorded CVD or CVD risk factors who are GP recorded current smokers, who have a record of an offer of support or treatment within the preceding 12 months.",Smoking: Current smokers offered support/treatment (CVDP002SMOK),76.99,4,Deprivation quintile,0,3895.0,To March 2026,79.28,78.16,
E54000023,NHS Suffolk and North East Essex Integrated Care Board,Persons,2900.0,,,CVDP002SMOK,"Patients with GP recorded CVD or CVD risk factors who are GP recorded current smokers, who have a record of an offer of support or treatment within the preceding 12 months.",Smoking: Current smokers offered support/treatment (CVDP002SMOK),75.69,5 - least deprived,Deprivation quintile,0,2240.0,To March 2026,78.72,77.25,
E54000023,NHS Suffolk and North East Essex Integrated Care Board,Persons,495.0,,,CVDP002SMOK,"Patients with GP recorded CVD or CVD risk factors who are GP recorded current smokers, who have a record of an offer of support or treatment within the preceding 12 months.",Smoking: Current smokers offered support/treatment (CVDP002SMOK),74.04,Asian,Ethnicity,0,385.0,To March 2026,81.29,77.94,
E54000023,NHS Suffolk and North East Essex Integrated Care Board,Persons,375.0,,,CVDP002SMOK,"Patients with GP recorded CVD or CVD risk factors who are GP recorded current smokers, who have a record of an offer of support or treatment within the preceding 12 months.",Smoking: Current smokers offered support/treatment (CVDP002SMOK),72.56,Black,Ethnicity,0,290.0,To March 2026,81.0,77.13,
E54000023,NHS Suffolk and North East Essex Integrated Care Board,Persons,290.0,,,CVDP002SMOK,"Patients with GP recorded CVD or CVD risk factors who are GP recorded current smokers, who have a record of an offer of support or treatment within the preceding 12 months.",Smoking: Current smokers offered support/treatment (CVDP002SMOK),65.07,Missing,Ethnicity,0,205.0,To March 2026,75.34,70.59,
E54000023,NHS Suffolk and North East Essex Integrated Care Board,Persons,245.0,,,CVDP002SMOK,"Patients with GP recorded CVD or CVD risk factors who are GP recorded current smokers, who have a record of an offer of support or treatment within the preceding 12 months.",Smoking: Current smokers offered support/treatment (CVDP002SMOK),71.95,Mixed,Ethnicity,0,190.0,To March 2026,82.11,77.37,
E54000023,NHS Suffolk and North East Essex Integrated Care Board,Persons,650.0,,,CVDP002SMOK,"Patients with GP recorded CVD or CVD risk factors who are GP recorded current smokers, who have a record of an offer of support or treatment within the preceding 12 months.",Smoking: Current smokers offered support/treatment (CVDP002SMOK),64.27,Not stated,Ethnicity,0,445.0,To March 2026,71.3,67.94,
E54000023,NHS Suffolk and North East Essex Integrated Care Board,Persons,240.0,,,CVDP002SMOK,"Patients with GP recorded CVD or CVD risk factors who are GP recorded current smokers, who have a record of an offer of support or treatment within the preceding 12 months.",Smoking: Current smokers offered support/treatment (CVDP002SMOK),73.03,Other,Ethnicity,0,185.0,To March 2026,83.4,78.57,
E54000023,NHS Suffolk and North East Essex Integrated Care Board,Persons,25745.0,,,CVDP002SMOK,"Patients with GP recorded CVD or CVD risk factors who are GP recorded current smokers, who have a record of an offer of support or treatment within the preceding 12 months.",Smoking: Current smokers offered support/treatment (CVDP002SMOK),79.96,White,Ethnicity,0,20710.0,To March 2026,80.93,80.45,
E54000023,NHS Suffolk and North East Essex Integrated Care Board,Persons,27035.0,,,CVDP002SMOK,"Patients with GP recorded CVD or CVD risk factors who are GP recorded current smokers, who have a record of an offer of support or treatment within the preceding 12 months.",Smoking: Current smokers offered support/treatment (CVDP002SMOK),79.24,People without SMI,Mental Health,0,21555.0,To March 2026,80.2,79.73,
E54000023,NHS Suffolk and North East Essex Integrated Care Board,Persons,1000.0,,,CVDP002SMOK,"Patients with GP recorded CVD or CVD risk factors who are GP recorded current smokers, who have a record of an offer of support or treatment within the preceding 12 months.",Smoking: Current smokers offered support/treatment (CVDP002SMOK),82.85,People with SMI,Mental Health,0,850.0,To March 2026,87.24,85.2,
E54000023,NHS Suffolk and North East Essex Integrated Care Board,Persons,27875.0,,,CVDP002SMOK,"Patients with GP recorded CVD or CVD risk factors who are GP recorded current smokers, who have a record of an offer of support or treatment within the preceding 12 months.",Smoking: Current smokers offered support/treatment (CVDP002SMOK),79.41,People without a diagnosed learning disability,Learning Disability,0,22270.0,To March 2026,80.35,79.88,
E54000023,NHS Suffolk and North East Essex Integrated Care Board,Persons,160.0,,,CVDP002SMOK,"Patients with GP recorded CVD or CVD risk factors who are GP recorded current smokers, who have a record of an offer of support or treatment within the preceding 12 months.",Smoking: Current smokers offered support/treatment (CVDP002SMOK),80.86,People with a diagnosed learning disability,Learning Disability,0,140.0,To March 2026,91.36,86.79,
E54000063,Nhs Surrey Heartlands Integrated Care Board,Persons,19940.0,,,CVDP002SMOK,"Patients with GP recorded CVD or CVD risk factors who are GP recorded current smokers, who have a record of an offer of support or treatment within the preceding 12 months.",Smoking: Current smokers offered support/treatment (CVDP002SMOK),68.51,Persons,Sex,0,13785.0,To March 2026,69.79,69.15,
E54000063,Nhs Surrey Heartlands Integrated Care Board,Female,8115.0,,,CVDP002SMOK,"Patients with GP recorded CVD or CVD risk factors who are GP recorded current smokers, who have a record of an offer of support or treatment within the preceding 12 months.",Smoking: Current smokers offered support/treatment (CVDP002SMOK),68.08,Female,Sex,0,5610.0,To March 2026,70.09,69.09,
E54000063,Nhs Surrey Heartlands Integrated Care Board,Male,11820.0,,,CVDP002SMOK,"Patients with GP recorded CVD or CVD risk factors who are GP recorded current smokers, who have a record of an offer of support or treatment within the preceding 12 months.",Smoking: Current smokers offered support/treatment (CVDP002SMOK),68.35,Male,Sex,0,8180.0,To March 2026,70.01,69.19,
E54000063,Nhs Surrey Heartlands Integrated Care Board,Male,685.0,,,CVDP002SMOK,"Patients with GP recorded CVD or CVD risk factors who are GP recorded current smokers, who have a record of an offer of support or treatment within the preceding 12 months.",Smoking: Current smokers offered support/treatment (CVDP002SMOK),58.12,18-39,Age group,0,425.0,To March 2026,65.36,61.86,
E54000063,Nhs Surrey Heartlands Integrated Care Board,Female,455.0,,,CVDP002SMOK,"Patients with GP recorded CVD or CVD risk factors who are GP recorded current smokers, who have a record of an offer of support or treatment within the preceding 12 months.",Smoking: Current smokers offered support/treatment (CVDP002SMOK),60.61,18-39,Age group,0,295.0,To March 2026,69.15,64.98,
E54000063,Nhs Surrey Heartlands Integrated Care Board,Persons,1140.0,,,CVDP002SMOK,"Patients with GP recorded CVD or CVD risk factors who are GP recorded current smokers, who have a record of an offer of support or treatment within the preceding 12 months.",Smoking: Current smokers offered support/treatment (CVDP002SMOK),60.31,18-39,Age group,0,720.0,To March 2026,65.82,63.1,
E54000063,Nhs Surrey Heartlands Integrated Care Board,Male,4860.0,,,CVDP002SMOK,"Patients with GP recorded CVD or CVD risk factors who are GP recorded current smokers, who have a record of an offer of support or treatment within the preceding 12 months.",Smoking: Current smokers offered support/treatment (CVDP002SMOK),67.22,40-59,Age group,0,3330.0,To March 2026,69.81,68.54,
E54000063,Nhs Surrey Heartlands Integrated Care Board,Female,2775.0,,,CVDP002SMOK,"Patients with GP recorded CVD or CVD risk factors who are GP recorded current smokers, who have a record of an offer of support or treatment within the preceding 12 months.",Smoking: Current smokers offered support/treatment (CVDP002SMOK),69.16,40-59,Age group,0,1965.0,To March 2026,72.51,70.86,
E54000063,Nhs Surrey Heartlands Integrated Care Board,Persons,7635.0,,,CVDP002SMOK,"Patients with GP recorded CVD or CVD risk factors who are GP recorded current smokers, who have a record of an offer of support or treatment within the preceding 12 months.",Smoking: Current smokers offered support/treatment (CVDP002SMOK),68.35,40-59,Age group,0,5300.0,To March 2026,70.4,69.38,
E54000063,Nhs Surrey Heartlands Integrated Care Board,Male,5520.0,,,CVDP002SMOK,"Patients with GP recorded CVD or CVD risk factors who are GP recorded current smokers, who have a record of an offer of support or treatment within the preceding 12 months.",Smoking: Current smokers offered support/treatment (CVDP002SMOK),71.04,60-79,Age group,0,3985.0,To March 2026,73.39,72.24,
E54000063,Nhs Surrey Heartlands Integrated Care Board,Female,3935.0,,,CVDP002SMOK,"Patients with GP recorded CVD or CVD risk factors who are GP recorded current smokers, who have a record of an offer of support or treatment within the preceding 12 months.",Smoking: Current smokers offered support/treatment (CVDP002SMOK),70.87,60-79,Age group,0,2845.0,To March 2026,73.67,72.3,
E54000063,Nhs Surrey Heartlands Integrated Care Board,Persons,9455.0,,,CVDP002SMOK,"Patients with GP recorded CVD or CVD risk factors who are GP recorded current smokers, who have a record of an offer of support or treatment within the preceding 12 months.",Smoking: Current smokers offered support/treatment (CVDP002SMOK),71.35,60-79,Age group,0,6830.0,To March 2026,73.15,72.26,
E54000063,Nhs Surrey Heartlands Integrated Care Board,Male,755.0,,,CVDP002SMOK,"Patients with GP recorded CVD or CVD risk factors who are GP recorded current smokers, who have a record of an offer of support or treatment within the preceding 12 months.",Smoking: Current smokers offered support/treatment (CVDP002SMOK),54.28,80+,Age group,0,435.0,To March 2026,61.26,57.8,
E54000063,Nhs Surrey Heartlands Integrated Care Board,Female,950.0,,,CVDP002SMOK,"Patients with GP recorded CVD or CVD risk factors who are GP recorded current smokers, who have a record of an offer of support or treatment within the preceding 12 months.",Smoking: Current smokers offered support/treatment (CVDP002SMOK),49.42,80+,Age group,0,500.0,To March 2026,55.71,52.63,
E54000063,Nhs Surrey Heartlands Integrated Care Board,Persons,1710.0,,,CVDP002SMOK,"Patients with GP recorded CVD or CVD risk factors who are GP recorded current smokers, who have a record of an offer of support or treatment within the preceding 12 months.",Smoking: Current smokers offered support/treatment (CVDP002SMOK),52.54,80+,Age group,0,940.0,To March 2026,57.22,54.92,
E54000063,Nhs Surrey Heartlands Integrated Care Board,Persons,295.0,,,CVDP002SMOK,"Patients with GP recorded CVD or CVD risk factors who are GP recorded current smokers, who have a record of an offer of support or treatment within the preceding 12 months.",Smoking: Current smokers offered support/treatment (CVDP002SMOK),69.02,1 - most deprived,Deprivation quintile,0,220.0,To March 2026,78.79,74.15,
E54000063,Nhs Surrey Heartlands Integrated Care Board,Persons,2870.0,,,CVDP002SMOK,"Patients with GP recorded CVD or CVD risk factors who are GP recorded current smokers, who have a record of an offer of support or treatment within the preceding 12 months.",Smoking: Current smokers offered support/treatment (CVDP002SMOK),70.26,2,Deprivation quintile,0,2065.0,To March 2026,73.54,71.94,
E54000063,Nhs Surrey Heartlands Integrated Care Board,Persons,4200.0,,,CVDP002SMOK,"Patients with GP recorded CVD or CVD risk factors who are GP recorded current smokers, who have a record of an offer of support or treatment within the preceding 12 months.",Smoking: Current smokers offered support/treatment (CVDP002SMOK),70.51,3,Deprivation quintile,0,3020.0,To March 2026,73.22,71.89,
E54000063,Nhs Surrey Heartlands Integrated Care Board,Persons,5625.0,,,CVDP002SMOK,"Patients with GP recorded CVD or CVD risk factors who are GP recorded current smokers, who have a record of an offer of support or treatment within the preceding 12 months.",Smoking: Current smokers offered support/treatment (CVDP002SMOK),68.57,4,Deprivation quintile,0,3925.0,To March 2026,70.97,69.78,
E54000063,Nhs Surrey Heartlands Integrated Care Board,Persons,7365.0,,,CVDP002SMOK,"Patients with GP recorded CVD or CVD risk factors who are GP recorded current smokers, who have a record of an offer of support or treatment within the preceding 12 months.",Smoking: Current smokers offered support/treatment (CVDP002SMOK),65.37,5 - least deprived,Deprivation quintile,0,4895.0,To March 2026,67.52,66.46,
E54000063,Nhs Surrey Heartlands Integrated Care Board,Persons,1265.0,,,CVDP002SMOK,"Patients with GP recorded CVD or CVD risk factors who are GP recorded current smokers, who have a record of an offer of support or treatment within the preceding 12 months.",Smoking: Current smokers offered support/treatment (CVDP002SMOK),66.03,Asian,Ethnicity,0,865.0,To March 2026,71.09,68.65,
E54000063,Nhs Surrey Heartlands Integrated Care Board,Persons,280.0,,,CVDP002SMOK,"Patients with GP recorded CVD or CVD risk factors who are GP recorded current smokers, who have a record of an offer of support or treatment within the preceding 12 months.",Smoking: Current smokers offered support/treatment (CVDP002SMOK),62.11,Black,Ethnicity,0,190.0,To March 2026,72.63,67.73,
E54000063,Nhs Surrey Heartlands Integrated Care Board,Persons,245.0,,,CVDP002SMOK,"Patients with GP recorded CVD or CVD risk factors who are GP recorded current smokers, who have a record of an offer of support or treatment within the preceding 12 months.",Smoking: Current smokers offered support/treatment (CVDP002SMOK),50.4,Missing,Ethnicity,0,140.0,To March 2026,62.4,56.68,
E54000063,Nhs Surrey Heartlands Integrated Care Board,Persons,310.0,,,CVDP002SMOK,"Patients with GP recorded CVD or CVD risk factors who are GP recorded current smokers, who have a record of an offer of support or treatment within the preceding 12 months.",Smoking: Current smokers offered support/treatment (CVDP002SMOK),65.71,Mixed,Ethnicity,0,220.0,To March 2026,75.56,70.83,
E54000063,Nhs Surrey Heartlands Integrated Care Board,Persons,960.0,,,CVDP002SMOK,"Patients with GP recorded CVD or CVD risk factors who are GP recorded current smokers, who have a record of an offer of support or treatment within the preceding 12 months.",Smoking: Current smokers offered support/treatment (CVDP002SMOK),60.23,Not stated,Ethnicity,0,610.0,To March 2026,66.25,63.33,
E54000063,Nhs Surrey Heartlands Integrated Care Board,Persons,390.0,,,CVDP002SMOK,"Patients with GP recorded CVD or CVD risk factors who are GP recorded current smokers, who have a record of an offer of support or treatment within the preceding 12 months.",Smoking: Current smokers offered support/treatment (CVDP002SMOK),66.5,Other,Ethnicity,0,280.0,To March 2026,75.38,71.1,
E54000063,Nhs Surrey Heartlands Integrated Care Board,Persons,16485.0,,,CVDP002SMOK,"Patients with GP recorded CVD or CVD risk factors who are GP recorded current smokers, who have a record of an offer of support or treatment within the preceding 12 months.",Smoking: Current smokers offered support/treatment (CVDP002SMOK),68.96,White,Ethnicity,0,11480.0,To March 2026,70.36,69.66,
E54000063,Nhs Surrey Heartlands Integrated Care Board,Persons,19155.0,,,CVDP002SMOK,"Patients with GP recorded CVD or CVD risk factors who are GP recorded current smokers, who have a record of an offer of support or treatment within the preceding 12 months.",Smoking: Current smokers offered support/treatment (CVDP002SMOK),68.02,People without SMI,Mental Health,0,13155.0,To March 2026,69.33,68.68,
E54000063,Nhs Surrey Heartlands Integrated Care Board,Persons,785.0,,,CVDP002SMOK,"Patients with GP recorded CVD or CVD risk factors who are GP recorded current smokers, who have a record of an offer of support or treatment within the preceding 12 months.",Smoking: Current smokers offered support/treatment (CVDP002SMOK),77.79,People with SMI,Mental Health,0,635.0,To March 2026,83.25,80.64,
E54000063,Nhs Surrey Heartlands Integrated Care Board,Persons,19820.0,,,CVDP002SMOK,"Patients with GP recorded CVD or CVD risk factors who are GP recorded current smokers, who have a record of an offer of support or treatment within the preceding 12 months.",Smoking: Current smokers offered support/treatment (CVDP002SMOK),68.39,People without a diagnosed learning disability,Learning Disability,0,13680.0,To March 2026,69.68,69.03,
E54000063,Nhs Surrey Heartlands Integrated Care Board,Persons,120.0,,,CVDP002SMOK,"Patients with GP recorded CVD or CVD risk factors who are GP recorded current smokers, who have a record of an offer of support or treatment within the preceding 12 months.",Smoking: Current smokers offered support/treatment (CVDP002SMOK),81.15,People with a diagnosed learning disability,Learning Disability,0,105.0,To March 2026,92.62,88.24,
E54000064,Nhs Sussex Integrated Care Board,Persons,44700.0,,,CVDP002SMOK,"Patients with GP recorded CVD or CVD risk factors who are GP recorded current smokers, who have a record of an offer of support or treatment within the preceding 12 months.",Smoking: Current smokers offered support/treatment (CVDP002SMOK),74.4,Persons,Sex,0,33440.0,To March 2026,75.21,74.81,
E54000064,Nhs Sussex Integrated Care Board,Female,18895.0,,,CVDP002SMOK,"Patients with GP recorded CVD or CVD risk factors who are GP recorded current smokers, who have a record of an offer of support or treatment within the preceding 12 months.",Smoking: Current smokers offered support/treatment (CVDP002SMOK),75.63,Female,Sex,0,14405.0,To March 2026,76.84,76.24,
E54000064,Nhs Sussex Integrated Care Board,Male,25805.0,,,CVDP002SMOK,"Patients with GP recorded CVD or CVD risk factors who are GP recorded current smokers, who have a record of an offer of support or treatment within the preceding 12 months.",Smoking: Current smokers offered support/treatment (CVDP002SMOK),73.22,Male,Sex,0,19030.0,To March 2026,74.29,73.76,
E54000064,Nhs Sussex Integrated Care Board,Male,1550.0,,,CVDP002SMOK,"Patients with GP recorded CVD or CVD risk factors who are GP recorded current smokers, who have a record of an offer of support or treatment within the preceding 12 months.",Smoking: Current smokers offered support/treatment (CVDP002SMOK),66.05,18-39,Age group,0,1060.0,To March 2026,70.61,68.36,
E54000064,Nhs Sussex Integrated Care Board,Female,1165.0,,,CVDP002SMOK,"Patients with GP recorded CVD or CVD risk factors who are GP recorded current smokers, who have a record of an offer of support or treatment within the preceding 12 months.",Smoking: Current smokers offered support/treatment (CVDP002SMOK),70.43,18-39,Age group,0,850.0,To March 2026,75.47,73.01,
E54000064,Nhs Sussex Integrated Care Board,Persons,2720.0,,,CVDP002SMOK,"Patients with GP recorded CVD or CVD risk factors who are GP recorded current smokers, who have a record of an offer of support or treatment within the preceding 12 months.",Smoking: Current smokers offered support/treatment (CVDP002SMOK),68.63,18-39,Age group,0,1915.0,To March 2026,72.04,70.36,
E54000064,Nhs Sussex Integrated Care Board,Male,10345.0,,,CVDP002SMOK,"Patients with GP recorded CVD or CVD risk factors who are GP recorded current smokers, who have a record of an offer of support or treatment within the preceding 12 months.",Smoking: Current smokers offered support/treatment (CVDP002SMOK),70.73,40-59,Age group,0,7410.0,To March 2026,72.46,71.6,
E54000064,Nhs Sussex Integrated Care Board,Female,6635.0,,,CVDP002SMOK,"Patients with GP recorded CVD or CVD risk factors who are GP recorded current smokers, who have a record of an offer of support or treatment within the preceding 12 months.",Smoking: Current smokers offered support/treatment (CVDP002SMOK),75.14,40-59,Age group,0,5055.0,To March 2026,77.19,76.19,
E54000064,Nhs Sussex Integrated Care Board,Persons,16980.0,,,CVDP002SMOK,"Patients with GP recorded CVD or CVD risk factors who are GP recorded current smokers, who have a record of an offer of support or treatment within the preceding 12 months.",Smoking: Current smokers offered support/treatment (CVDP002SMOK),72.73,40-59,Age group,0,12465.0,To March 2026,74.05,73.39,
E54000064,Nhs Sussex Integrated Care Board,Male,12465.0,,,CVDP002SMOK,"Patients with GP recorded CVD or CVD risk factors who are GP recorded current smokers, who have a record of an offer of support or treatment within the preceding 12 months.",Smoking: Current smokers offered support/treatment (CVDP002SMOK),75.58,60-79,Age group,0,9515.0,To March 2026,77.07,76.33,
E54000064,Nhs Sussex Integrated Care Board,Female,9530.0,,,CVDP002SMOK,"Patients with GP recorded CVD or CVD risk factors who are GP recorded current smokers, who have a record of an offer of support or treatment within the preceding 12 months.",Smoking: Current smokers offered support/treatment (CVDP002SMOK),77.18,60-79,Age group,0,7435.0,To March 2026,78.83,78.02,
E54000064,Nhs Sussex Integrated Care Board,Persons,21995.0,,,CVDP002SMOK,"Patients with GP recorded CVD or CVD risk factors who are GP recorded current smokers, who have a record of an offer of support or treatment within the preceding 12 months.",Smoking: Current smokers offered support/treatment (CVDP002SMOK),76.5,60-79,Age group,0,16950.0,To March 2026,77.61,77.06,
E54000064,Nhs Sussex Integrated Care Board,Male,1440.0,,,CVDP002SMOK,"Patients with GP recorded CVD or CVD risk factors who are GP recorded current smokers, who have a record of an offer of support or treatment within the preceding 12 months.",Smoking: Current smokers offered support/treatment (CVDP002SMOK),70.43,80+,Age group,0,1050.0,To March 2026,75.0,72.8,
E54000064,Nhs Sussex Integrated Care Board,Female,1565.0,,,CVDP002SMOK,"Patients with GP recorded CVD or CVD risk factors who are GP recorded current smokers, who have a record of an offer of support or treatment within the preceding 12 months.",Smoking: Current smokers offered support/treatment (CVDP002SMOK),65.64,80+,Age group,0,1065.0,To March 2026,70.24,68.01,
E54000064,Nhs Sussex Integrated Care Board,Persons,3005.0,,,CVDP002SMOK,"Patients with GP recorded CVD or CVD risk factors who are GP recorded current smokers, who have a record of an offer of support or treatment within the preceding 12 months.",Smoking: Current smokers offered support/treatment (CVDP002SMOK),68.64,80+,Age group,0,2110.0,To March 2026,71.9,70.31,
E54000064,Nhs Sussex Integrated Care Board,Persons,7845.0,,,CVDP002SMOK,"Patients with GP recorded CVD or CVD risk factors who are GP recorded current smokers, who have a record of an offer of support or treatment within the preceding 12 months.",Smoking: Current smokers offered support/treatment (CVDP002SMOK),74.27,1 - most deprived,Deprivation quintile,0,5900.0,To March 2026,76.17,75.23,
E54000064,Nhs Sussex Integrated Care Board,Persons,9965.0,,,CVDP002SMOK,"Patients with GP recorded CVD or CVD risk factors who are GP recorded current smokers, who have a record of an offer of support or treatment within the preceding 12 months.",Smoking: Current smokers offered support/treatment (CVDP002SMOK),73.71,2,Deprivation quintile,0,7430.0,To March 2026,75.42,74.58,
E54000064,Nhs Sussex Integrated Care Board,Persons,12340.0,,,CVDP002SMOK,"Patients with GP recorded CVD or CVD risk factors who are GP recorded current smokers, who have a record of an offer of support or treatment within the preceding 12 months.",Smoking: Current smokers offered support/treatment (CVDP002SMOK),73.83,3,Deprivation quintile,0,9205.0,To March 2026,75.36,74.6,
E54000064,Nhs Sussex Integrated Care Board,Persons,8315.0,,,CVDP002SMOK,"Patients with GP recorded CVD or CVD risk factors who are GP recorded current smokers, who have a record of an offer of support or treatment within the preceding 12 months.",Smoking: Current smokers offered support/treatment (CVDP002SMOK),73.11,4,Deprivation quintile,0,6160.0,To March 2026,74.99,74.07,
E54000064,Nhs Sussex Integrated Care Board,Persons,6210.0,,,CVDP002SMOK,"Patients with GP recorded CVD or CVD risk factors who are GP recorded current smokers, who have a record of an offer of support or treatment within the preceding 12 months.",Smoking: Current smokers offered support/treatment (CVDP002SMOK),75.19,5 - least deprived,Deprivation quintile,0,4735.0,To March 2026,77.29,76.25,
E54000064,Nhs Sussex Integrated Care Board,Persons,1370.0,,,CVDP002SMOK,"Patients with GP recorded CVD or CVD risk factors who are GP recorded current smokers, who have a record of an offer of support or treatment within the preceding 12 months.",Smoking: Current smokers offered support/treatment (CVDP002SMOK),72.25,Asian,Ethnicity,0,1020.0,To March 2026,76.84,74.6,
E54000064,Nhs Sussex Integrated Care Board,Persons,660.0,,,CVDP002SMOK,"Patients with GP recorded CVD or CVD risk factors who are GP recorded current smokers, who have a record of an offer of support or treatment within the preceding 12 months.",Smoking: Current smokers offered support/treatment (CVDP002SMOK),67.42,Black,Ethnicity,0,470.0,To March 2026,74.21,70.91,
E54000064,Nhs Sussex Integrated Care Board,Persons,1010.0,,,CVDP002SMOK,"Patients with GP recorded CVD or CVD risk factors who are GP recorded current smokers, who have a record of an offer of support or treatment within the preceding 12 months.",Smoking: Current smokers offered support/treatment (CVDP002SMOK),60.81,Missing,Ethnicity,0,645.0,To March 2026,66.63,63.76,
E54000064,Nhs Sussex Integrated Care Board,Persons,580.0,,,CVDP002SMOK,"Patients with GP recorded CVD or CVD risk factors who are GP recorded current smokers, who have a record of an offer of support or treatment within the preceding 12 months.",Smoking: Current smokers offered support/treatment (CVDP002SMOK),66.44,Mixed,Ethnicity,0,405.0,To March 2026,73.84,70.24,
E54000064,Nhs Sussex Integrated Care Board,Persons,2755.0,,,CVDP002SMOK,"Patients with GP recorded CVD or CVD risk factors who are GP recorded current smokers, who have a record of an offer of support or treatment within the preceding 12 months.",Smoking: Current smokers offered support/treatment (CVDP002SMOK),70.4,Not stated,Ethnicity,0,1990.0,To March 2026,73.73,72.11,
E54000064,Nhs Sussex Integrated Care Board,Persons,600.0,,,CVDP002SMOK,"Patients with GP recorded CVD or CVD risk factors who are GP recorded current smokers, who have a record of an offer of support or treatment within the preceding 12 months.",Smoking: Current smokers offered support/treatment (CVDP002SMOK),69.04,Other,Ethnicity,0,435.0,To March 2026,75.99,72.71,
E54000064,Nhs Sussex Integrated Care Board,Persons,37725.0,,,CVDP002SMOK,"Patients with GP recorded CVD or CVD risk factors who are GP recorded current smokers, who have a record of an offer of support or treatment within the preceding 12 months.",Smoking: Current smokers offered support/treatment (CVDP002SMOK),75.04,White,Ethnicity,0,28475.0,To March 2026,75.91,75.48,
E54000064,Nhs Sussex Integrated Care Board,Persons,42520.0,,,CVDP002SMOK,"Patients with GP recorded CVD or CVD risk factors who are GP recorded current smokers, who have a record of an offer of support or treatment within the preceding 12 months.",Smoking: Current smokers offered support/treatment (CVDP002SMOK),74.06,People without SMI,Mental Health,0,31670.0,To March 2026,74.89,74.47,
E54000064,Nhs Sussex Integrated Care Board,Persons,2175.0,,,CVDP002SMOK,"Patients with GP recorded CVD or CVD risk factors who are GP recorded current smokers, who have a record of an offer of support or treatment within the preceding 12 months.",Smoking: Current smokers offered support/treatment (CVDP002SMOK),79.63,People with SMI,Mental Health,0,1770.0,To March 2026,82.89,81.3,
E54000064,Nhs Sussex Integrated Care Board,Persons,44420.0,,,CVDP002SMOK,"Patients with GP recorded CVD or CVD risk factors who are GP recorded current smokers, who have a record of an offer of support or treatment within the preceding 12 months.",Smoking: Current smokers offered support/treatment (CVDP002SMOK),74.34,People without a diagnosed learning disability,Learning Disability,0,33200.0,To March 2026,75.15,74.75,
E54000064,Nhs Sussex Integrated Care Board,Persons,280.0,,,CVDP002SMOK,"Patients with GP recorded CVD or CVD risk factors who are GP recorded current smokers, who have a record of an offer of support or treatment within the preceding 12 months.",Smoking: Current smokers offered support/treatment (CVDP002SMOK),79.58,People with a diagnosed learning disability,Learning Disability,0,235.0,To March 2026,88.03,84.34,
E54000054,NHS West Yorkshire Integrated Care Board,Persons,80370.0,,,CVDP002SMOK,"Patients with GP recorded CVD or CVD risk factors who are GP recorded current smokers, who have a record of an offer of support or treatment within the preceding 12 months.",Smoking: Current smokers offered support/treatment (CVDP002SMOK),80.71,Persons,Sex,0,65085.0,To March 2026,81.25,80.99,
E54000054,NHS West Yorkshire Integrated Care Board,Female,32920.0,,,CVDP002SMOK,"Patients with GP recorded CVD or CVD risk factors who are GP recorded current smokers, who have a record of an offer of support or treatment within the preceding 12 months.",Smoking: Current smokers offered support/treatment (CVDP002SMOK),82.04,Female,Sex,0,27145.0,To March 2026,82.86,82.45,
E54000054,NHS West Yorkshire Integrated Care Board,Male,47450.0,,,CVDP002SMOK,"Patients with GP recorded CVD or CVD risk factors who are GP recorded current smokers, who have a record of an offer of support or treatment within the preceding 12 months.",Smoking: Current smokers offered support/treatment (CVDP002SMOK),79.6,Male,Sex,0,37945.0,To March 2026,80.32,79.97,
E54000054,NHS West Yorkshire Integrated Care Board,Male,3695.0,,,CVDP002SMOK,"Patients with GP recorded CVD or CVD risk factors who are GP recorded current smokers, who have a record of an offer of support or treatment within the preceding 12 months.",Smoking: Current smokers offered support/treatment (CVDP002SMOK),72.05,18-39,Age group,0,2715.0,To March 2026,74.89,73.49,
E54000054,NHS West Yorkshire Integrated Care Board,Female,2190.0,,,CVDP002SMOK,"Patients with GP recorded CVD or CVD risk factors who are GP recorded current smokers, who have a record of an offer of support or treatment within the preceding 12 months.",Smoking: Current smokers offered support/treatment (CVDP002SMOK),74.5,18-39,Age group,0,1670.0,To March 2026,78.06,76.34,
E54000054,NHS West Yorkshire Integrated Care Board,Persons,5880.0,,,CVDP002SMOK,"Patients with GP recorded CVD or CVD risk factors who are GP recorded current smokers, who have a record of an offer of support or treatment within the preceding 12 months.",Smoking: Current smokers offered support/treatment (CVDP002SMOK),73.42,18-39,Age group,0,4385.0,To March 2026,75.63,74.55,
E54000054,NHS West Yorkshire Integrated Care Board,Male,21425.0,,,CVDP002SMOK,"Patients with GP recorded CVD or CVD risk factors who are GP recorded current smokers, who have a record of an offer of support or treatment within the preceding 12 months.",Smoking: Current smokers offered support/treatment (CVDP002SMOK),77.71,40-59,Age group,0,16770.0,To March 2026,78.81,78.27,
E54000054,NHS West Yorkshire Integrated Care Board,Female,12300.0,,,CVDP002SMOK,"Patients with GP recorded CVD or CVD risk factors who are GP recorded current smokers, who have a record of an offer of support or treatment within the preceding 12 months.",Smoking: Current smokers offered support/treatment (CVDP002SMOK),81.03,40-59,Age group,0,10050.0,To March 2026,82.39,81.72,
E54000054,NHS West Yorkshire Integrated Care Board,Persons,33725.0,,,CVDP002SMOK,"Patients with GP recorded CVD or CVD risk factors who are GP recorded current smokers, who have a record of an offer of support or treatment within the preceding 12 months.",Smoking: Current smokers offered support/treatment (CVDP002SMOK),79.09,40-59,Age group,0,26820.0,To March 2026,79.95,79.53,
E54000054,NHS West Yorkshire Integrated Care Board,Male,20345.0,,,CVDP002SMOK,"Patients with GP recorded CVD or CVD risk factors who are GP recorded current smokers, who have a record of an offer of support or treatment within the preceding 12 months.",Smoking: Current smokers offered support/treatment (CVDP002SMOK),82.25,60-79,Age group,0,16840.0,To March 2026,83.29,82.77,
E54000054,NHS West Yorkshire Integrated Care Board,Female,15965.0,,,CVDP002SMOK,"Patients with GP recorded CVD or CVD risk factors who are GP recorded current smokers, who have a record of an offer of support or treatment within the preceding 12 months.",Smoking: Current smokers offered support/treatment (CVDP002SMOK),83.48,60-79,Age group,0,13420.0,To March 2026,84.61,84.05,
E54000054,NHS West Yorkshire Integrated Care Board,Persons,36315.0,,,CVDP002SMOK,"Patients with GP recorded CVD or CVD risk factors who are GP recorded current smokers, who have a record of an offer of support or treatment within the preceding 12 months.",Smoking: Current smokers offered support/treatment (CVDP002SMOK),82.95,60-79,Age group,0,30260.0,To March 2026,83.71,83.33,
E54000054,NHS West Yorkshire Integrated Care Board,Male,1985.0,,,CVDP002SMOK,"Patients with GP recorded CVD or CVD risk factors who are GP recorded current smokers, who have a record of an offer of support or treatment within the preceding 12 months.",Smoking: Current smokers offered support/treatment (CVDP002SMOK),79.83,80+,Age group,0,1620.0,To March 2026,83.2,81.56,
E54000054,NHS West Yorkshire Integrated Care Board,Female,2465.0,,,CVDP002SMOK,"Patients with GP recorded CVD or CVD risk factors who are GP recorded current smokers, who have a record of an offer of support or treatment within the preceding 12 months.",Smoking: Current smokers offered support/treatment (CVDP002SMOK),79.61,80+,Age group,0,2000.0,To March 2026,82.69,81.21,
E54000054,NHS West Yorkshire Integrated Care Board,Persons,4450.0,,,CVDP002SMOK,"Patients with GP recorded CVD or CVD risk factors who are GP recorded current smokers, who have a record of an offer of support or treatment within the preceding 12 months.",Smoking: Current smokers offered support/treatment (CVDP002SMOK),80.21,80+,Age group,0,3620.0,To March 2026,82.48,81.37,
E54000054,NHS West Yorkshire Integrated Care Board,Persons,41725.0,,,CVDP002SMOK,"Patients with GP recorded CVD or CVD risk factors who are GP recorded current smokers, who have a record of an offer of support or treatment within the preceding 12 months.",Smoking: Current smokers offered support/treatment (CVDP002SMOK),81.79,1 - most deprived,Deprivation quintile,0,34285.0,To March 2026,82.53,82.16,
E54000054,NHS West Yorkshire Integrated Care Board,Persons,15425.0,,,CVDP002SMOK,"Patients with GP recorded CVD or CVD risk factors who are GP recorded current smokers, who have a record of an offer of support or treatment within the preceding 12 months.",Smoking: Current smokers offered support/treatment (CVDP002SMOK),79.77,2,Deprivation quintile,0,12400.0,To March 2026,81.02,80.4,
E54000054,NHS West Yorkshire Integrated Care Board,Persons,10465.0,,,CVDP002SMOK,"Patients with GP recorded CVD or CVD risk factors who are GP recorded current smokers, who have a record of an offer of support or treatment within the preceding 12 months.",Smoking: Current smokers offered support/treatment (CVDP002SMOK),79.15,3,Deprivation quintile,0,8365.0,To March 2026,80.68,79.93,
E54000054,NHS West Yorkshire Integrated Care Board,Persons,8480.0,,,CVDP002SMOK,"Patients with GP recorded CVD or CVD risk factors who are GP recorded current smokers, who have a record of an offer of support or treatment within the preceding 12 months.",Smoking: Current smokers offered support/treatment (CVDP002SMOK),77.88,4,Deprivation quintile,0,6680.0,To March 2026,79.61,78.75,
E54000054,NHS West Yorkshire Integrated Care Board,Persons,4035.0,,,CVDP002SMOK,"Patients with GP recorded CVD or CVD risk factors who are GP recorded current smokers, who have a record of an offer of support or treatment within the preceding 12 months.",Smoking: Current smokers offered support/treatment (CVDP002SMOK),76.67,5 - least deprived,Deprivation quintile,0,3145.0,To March 2026,79.22,77.96,
E54000054,NHS West Yorkshire Integrated Care Board,Persons,10490.0,,,CVDP002SMOK,"Patients with GP recorded CVD or CVD risk factors who are GP recorded current smokers, who have a record of an offer of support or treatment within the preceding 12 months.",Smoking: Current smokers offered support/treatment (CVDP002SMOK),79.65,Asian,Ethnicity,0,8435.0,To March 2026,81.16,80.42,
E54000054,NHS West Yorkshire Integrated Care Board,Persons,1515.0,,,CVDP002SMOK,"Patients with GP recorded CVD or CVD risk factors who are GP recorded current smokers, who have a record of an offer of support or treatment within the preceding 12 months.",Smoking: Current smokers offered support/treatment (CVDP002SMOK),74.11,Black,Ethnicity,0,1155.0,To March 2026,78.33,76.3,
E54000054,NHS West Yorkshire Integrated Care Board,Persons,1980.0,,,CVDP002SMOK,"Patients with GP recorded CVD or CVD risk factors who are GP recorded current smokers, who have a record of an offer of support or treatment within the preceding 12 months.",Smoking: Current smokers offered support/treatment (CVDP002SMOK),71.41,Missing,Ethnicity,0,1455.0,To March 2026,75.29,73.38,
E54000054,NHS West Yorkshire Integrated Care Board,Persons,1095.0,,,CVDP002SMOK,"Patients with GP recorded CVD or CVD risk factors who are GP recorded current smokers, who have a record of an offer of support or treatment within the preceding 12 months.",Smoking: Current smokers offered support/treatment (CVDP002SMOK),76.41,Mixed,Ethnicity,0,865.0,To March 2026,81.24,78.9,
E54000054,NHS West Yorkshire Integrated Care Board,Persons,1150.0,,,CVDP002SMOK,"Patients with GP recorded CVD or CVD risk factors who are GP recorded current smokers, who have a record of an offer of support or treatment within the preceding 12 months.",Smoking: Current smokers offered support/treatment (CVDP002SMOK),74.15,Not stated,Ethnicity,0,880.0,To March 2026,79.01,76.7,
E54000054,NHS West Yorkshire Integrated Care Board,Persons,1060.0,,,CVDP002SMOK,"Patients with GP recorded CVD or CVD risk factors who are GP recorded current smokers, who have a record of an offer of support or treatment within the preceding 12 months.",Smoking: Current smokers offered support/treatment (CVDP002SMOK),74.76,Other,Ethnicity,0,820.0,To March 2026,79.76,77.34,
E54000054,NHS West Yorkshire Integrated Care Board,Persons,63080.0,,,CVDP002SMOK,"Patients with GP recorded CVD or CVD risk factors who are GP recorded current smokers, who have a record of an offer of support or treatment within the preceding 12 months.",Smoking: Current smokers offered support/treatment (CVDP002SMOK),81.3,White,Ethnicity,0,51480.0,To March 2026,81.91,81.61,
E54000054,NHS West Yorkshire Integrated Care Board,Persons,76585.0,,,CVDP002SMOK,"Patients with GP recorded CVD or CVD risk factors who are GP recorded current smokers, who have a record of an offer of support or treatment within the preceding 12 months.",Smoking: Current smokers offered support/treatment (CVDP002SMOK),80.42,People without SMI,Mental Health,0,61805.0,To March 2026,80.98,80.7,
E54000054,NHS West Yorkshire Integrated Care Board,Persons,3785.0,,,CVDP002SMOK,"Patients with GP recorded CVD or CVD risk factors who are GP recorded current smokers, who have a record of an offer of support or treatment within the preceding 12 months.",Smoking: Current smokers offered support/treatment (CVDP002SMOK),85.58,People with SMI,Mental Health,0,3280.0,To March 2026,87.72,86.68,
E54000054,NHS West Yorkshire Integrated Care Board,Persons,79765.0,,,CVDP002SMOK,"Patients with GP recorded CVD or CVD risk factors who are GP recorded current smokers, who have a record of an offer of support or treatment within the preceding 12 months.",Smoking: Current smokers offered support/treatment (CVDP002SMOK),80.63,People without a diagnosed learning disability,Learning Disability,0,64535.0,To March 2026,81.18,80.91,
E54000054,NHS West Yorkshire Integrated Care Board,Persons,600.0,,,CVDP002SMOK,"Patients with GP recorded CVD or CVD risk factors who are GP recorded current smokers, who have a record of an offer of support or treatment within the preceding 12 months.",Smoking: Current smokers offered support/treatment (CVDP002SMOK),88.93,People with a diagnosed learning disability,Learning Disability,0,550.0,To March 2026,93.39,91.36,
