AreaCode,AreaName,CategoryAttribute,Denominator,Factor,HighestPriorityNotificationType,IndicatorCode,IndicatorName,IndicatorShortName,LowerConfidenceLimit,MetricCategoryName,MetricCategoryTypeName,NotificationCount,Numerator,TimePeriodName,UpperConfidenceLimit,Value,ValueNote
E54000040,"NHS Bath and North East Somerset, Swindon and Wiltshire Integrated Care Board",Persons,23625.0,,,CVDP001SMOK,"Patients with GP recorded CVD or CVD risk factors who are GP recorded current smokers or have no smoking status recorded, whose notes record smoking status in the preceding 12 months.",Smoking: Record of smoking status (CVDP001SMOK),76.07,Persons,Sex,0,18100.0,To March 2026,77.15,76.62,
E54000040,"NHS Bath and North East Somerset, Swindon and Wiltshire Integrated Care Board",Female,10130.0,,,CVDP001SMOK,"Patients with GP recorded CVD or CVD risk factors who are GP recorded current smokers or have no smoking status recorded, whose notes record smoking status in the preceding 12 months.",Smoking: Record of smoking status (CVDP001SMOK),78.29,Female,Sex,0,8010.0,To March 2026,79.87,79.09,
E54000040,"NHS Bath and North East Somerset, Swindon and Wiltshire Integrated Care Board",Male,13495.0,,,CVDP001SMOK,"Patients with GP recorded CVD or CVD risk factors who are GP recorded current smokers or have no smoking status recorded, whose notes record smoking status in the preceding 12 months.",Smoking: Record of smoking status (CVDP001SMOK),74.03,Male,Sex,0,10090.0,To March 2026,75.49,74.76,
E54000040,"NHS Bath and North East Somerset, Swindon and Wiltshire Integrated Care Board",Male,940.0,,,CVDP001SMOK,"Patients with GP recorded CVD or CVD risk factors who are GP recorded current smokers or have no smoking status recorded, whose notes record smoking status in the preceding 12 months.",Smoking: Record of smoking status (CVDP001SMOK),50.85,18-39,Age group,0,505.0,To March 2026,57.11,53.99,
E54000040,"NHS Bath and North East Somerset, Swindon and Wiltshire Integrated Care Board",Female,770.0,,,CVDP001SMOK,"Patients with GP recorded CVD or CVD risk factors who are GP recorded current smokers or have no smoking status recorded, whose notes record smoking status in the preceding 12 months.",Smoking: Record of smoking status (CVDP001SMOK),66.45,18-39,Age group,0,535.0,To March 2026,72.93,69.83,
E54000040,"NHS Bath and North East Somerset, Swindon and Wiltshire Integrated Care Board",Persons,1710.0,,,CVDP001SMOK,"Patients with GP recorded CVD or CVD risk factors who are GP recorded current smokers or have no smoking status recorded, whose notes record smoking status in the preceding 12 months.",Smoking: Record of smoking status (CVDP001SMOK),58.8,18-39,Age group,0,1045.0,To March 2026,63.41,61.12,
E54000040,"NHS Bath and North East Somerset, Swindon and Wiltshire Integrated Care Board",Male,5160.0,,,CVDP001SMOK,"Patients with GP recorded CVD or CVD risk factors who are GP recorded current smokers or have no smoking status recorded, whose notes record smoking status in the preceding 12 months.",Smoking: Record of smoking status (CVDP001SMOK),69.48,40-59,Age group,0,3650.0,To March 2026,71.96,70.74,
E54000040,"NHS Bath and North East Somerset, Swindon and Wiltshire Integrated Care Board",Female,3520.0,,,CVDP001SMOK,"Patients with GP recorded CVD or CVD risk factors who are GP recorded current smokers or have no smoking status recorded, whose notes record smoking status in the preceding 12 months.",Smoking: Record of smoking status (CVDP001SMOK),77.09,40-59,Age group,0,2760.0,To March 2026,79.78,78.46,
E54000040,"NHS Bath and North East Somerset, Swindon and Wiltshire Integrated Care Board",Persons,8675.0,,,CVDP001SMOK,"Patients with GP recorded CVD or CVD risk factors who are GP recorded current smokers or have no smoking status recorded, whose notes record smoking status in the preceding 12 months.",Smoking: Record of smoking status (CVDP001SMOK),72.94,40-59,Age group,0,6410.0,To March 2026,74.78,73.87,
E54000040,"NHS Bath and North East Somerset, Swindon and Wiltshire Integrated Care Board",Male,6645.0,,,CVDP001SMOK,"Patients with GP recorded CVD or CVD risk factors who are GP recorded current smokers or have no smoking status recorded, whose notes record smoking status in the preceding 12 months.",Smoking: Record of smoking status (CVDP001SMOK),79.16,60-79,Age group,0,5325.0,To March 2026,81.07,80.13,
E54000040,"NHS Bath and North East Somerset, Swindon and Wiltshire Integrated Care Board",Female,5015.0,,,CVDP001SMOK,"Patients with GP recorded CVD or CVD risk factors who are GP recorded current smokers or have no smoking status recorded, whose notes record smoking status in the preceding 12 months.",Smoking: Record of smoking status (CVDP001SMOK),79.88,60-79,Age group,0,4065.0,To March 2026,82.05,80.98,
E54000040,"NHS Bath and North East Somerset, Swindon and Wiltshire Integrated Care Board",Persons,11665.0,,,CVDP001SMOK,"Patients with GP recorded CVD or CVD risk factors who are GP recorded current smokers or have no smoking status recorded, whose notes record smoking status in the preceding 12 months.",Smoking: Record of smoking status (CVDP001SMOK),79.77,60-79,Age group,0,9390.0,To March 2026,81.2,80.5,
E54000040,"NHS Bath and North East Somerset, Swindon and Wiltshire Integrated Care Board",Male,750.0,,,CVDP001SMOK,"Patients with GP recorded CVD or CVD risk factors who are GP recorded current smokers or have no smoking status recorded, whose notes record smoking status in the preceding 12 months.",Smoking: Record of smoking status (CVDP001SMOK),77.88,80+,Age group,0,610.0,To March 2026,83.44,80.85,
E54000040,"NHS Bath and North East Somerset, Swindon and Wiltshire Integrated Care Board",Female,825.0,,,CVDP001SMOK,"Patients with GP recorded CVD or CVD risk factors who are GP recorded current smokers or have no smoking status recorded, whose notes record smoking status in the preceding 12 months.",Smoking: Record of smoking status (CVDP001SMOK),75.94,80+,Age group,0,650.0,To March 2026,81.5,78.88,
E54000040,"NHS Bath and North East Somerset, Swindon and Wiltshire Integrated Care Board",Persons,1575.0,,,CVDP001SMOK,"Patients with GP recorded CVD or CVD risk factors who are GP recorded current smokers or have no smoking status recorded, whose notes record smoking status in the preceding 12 months.",Smoking: Record of smoking status (CVDP001SMOK),77.77,80+,Age group,0,1260.0,To March 2026,81.7,79.82,
E54000040,"NHS Bath and North East Somerset, Swindon and Wiltshire Integrated Care Board",Persons,2970.0,,,CVDP001SMOK,"Patients with GP recorded CVD or CVD risk factors who are GP recorded current smokers or have no smoking status recorded, whose notes record smoking status in the preceding 12 months.",Smoking: Record of smoking status (CVDP001SMOK),77.31,1 - most deprived,Deprivation quintile,0,2340.0,To March 2026,80.24,78.8,
E54000040,"NHS Bath and North East Somerset, Swindon and Wiltshire Integrated Care Board",Persons,3800.0,,,CVDP001SMOK,"Patients with GP recorded CVD or CVD risk factors who are GP recorded current smokers or have no smoking status recorded, whose notes record smoking status in the preceding 12 months.",Smoking: Record of smoking status (CVDP001SMOK),74.92,2,Deprivation quintile,0,2900.0,To March 2026,77.6,76.3,
E54000040,"NHS Bath and North East Somerset, Swindon and Wiltshire Integrated Care Board",Persons,5815.0,,,CVDP001SMOK,"Patients with GP recorded CVD or CVD risk factors who are GP recorded current smokers or have no smoking status recorded, whose notes record smoking status in the preceding 12 months.",Smoking: Record of smoking status (CVDP001SMOK),76.31,3,Deprivation quintile,0,4500.0,To March 2026,78.46,77.4,
E54000040,"NHS Bath and North East Somerset, Swindon and Wiltshire Integrated Care Board",Persons,6210.0,,,CVDP001SMOK,"Patients with GP recorded CVD or CVD risk factors who are GP recorded current smokers or have no smoking status recorded, whose notes record smoking status in the preceding 12 months.",Smoking: Record of smoking status (CVDP001SMOK),74.71,4,Deprivation quintile,0,4705.0,To March 2026,76.84,75.8,
E54000040,"NHS Bath and North East Somerset, Swindon and Wiltshire Integrated Care Board",Persons,4535.0,,,CVDP001SMOK,"Patients with GP recorded CVD or CVD risk factors who are GP recorded current smokers or have no smoking status recorded, whose notes record smoking status in the preceding 12 months.",Smoking: Record of smoking status (CVDP001SMOK),73.99,5 - least deprived,Deprivation quintile,0,3410.0,To March 2026,76.48,75.25,
E54000040,"NHS Bath and North East Somerset, Swindon and Wiltshire Integrated Care Board",Persons,725.0,,,CVDP001SMOK,"Patients with GP recorded CVD or CVD risk factors who are GP recorded current smokers or have no smoking status recorded, whose notes record smoking status in the preceding 12 months.",Smoking: Record of smoking status (CVDP001SMOK),62.12,Asian,Ethnicity,0,475.0,To March 2026,69.01,65.7,
E54000040,"NHS Bath and North East Somerset, Swindon and Wiltshire Integrated Care Board",Persons,280.0,,,CVDP001SMOK,"Patients with GP recorded CVD or CVD risk factors who are GP recorded current smokers or have no smoking status recorded, whose notes record smoking status in the preceding 12 months.",Smoking: Record of smoking status (CVDP001SMOK),58.36,Black,Ethnicity,0,180.0,To March 2026,69.4,64.03,
E54000040,"NHS Bath and North East Somerset, Swindon and Wiltshire Integrated Care Board",Persons,970.0,,,CVDP001SMOK,"Patients with GP recorded CVD or CVD risk factors who are GP recorded current smokers or have no smoking status recorded, whose notes record smoking status in the preceding 12 months.",Smoking: Record of smoking status (CVDP001SMOK),59.24,Missing,Ethnicity,0,605.0,To March 2026,65.3,62.31,
E54000040,"NHS Bath and North East Somerset, Swindon and Wiltshire Integrated Care Board",Persons,205.0,,,CVDP001SMOK,"Patients with GP recorded CVD or CVD risk factors who are GP recorded current smokers or have no smoking status recorded, whose notes record smoking status in the preceding 12 months.",Smoking: Record of smoking status (CVDP001SMOK),71.43,Mixed,Ethnicity,0,160.0,To March 2026,82.38,77.29,
E54000040,"NHS Bath and North East Somerset, Swindon and Wiltshire Integrated Care Board",Persons,1605.0,,,CVDP001SMOK,"Patients with GP recorded CVD or CVD risk factors who are GP recorded current smokers or have no smoking status recorded, whose notes record smoking status in the preceding 12 months.",Smoking: Record of smoking status (CVDP001SMOK),66.33,Not stated,Ethnicity,0,1100.0,To March 2026,70.82,68.64,
E54000040,"NHS Bath and North East Somerset, Swindon and Wiltshire Integrated Care Board",Persons,225.0,,,CVDP001SMOK,"Patients with GP recorded CVD or CVD risk factors who are GP recorded current smokers or have no smoking status recorded, whose notes record smoking status in the preceding 12 months.",Smoking: Record of smoking status (CVDP001SMOK),62.72,Other,Ethnicity,0,155.0,To March 2026,74.56,68.89,
E54000040,"NHS Bath and North East Somerset, Swindon and Wiltshire Integrated Care Board",Persons,19615.0,,,CVDP001SMOK,"Patients with GP recorded CVD or CVD risk factors who are GP recorded current smokers or have no smoking status recorded, whose notes record smoking status in the preceding 12 months.",Smoking: Record of smoking status (CVDP001SMOK),78.06,White,Ethnicity,0,15425.0,To March 2026,79.21,78.64,
E54000040,"NHS Bath and North East Somerset, Swindon and Wiltshire Integrated Care Board",Persons,22715.0,,,CVDP001SMOK,"Patients with GP recorded CVD or CVD risk factors who are GP recorded current smokers or have no smoking status recorded, whose notes record smoking status in the preceding 12 months.",Smoking: Record of smoking status (CVDP001SMOK),75.62,People without SMI,Mental Health,0,17300.0,To March 2026,76.72,76.17,
E54000040,"NHS Bath and North East Somerset, Swindon and Wiltshire Integrated Care Board",Persons,910.0,,,CVDP001SMOK,"Patients with GP recorded CVD or CVD risk factors who are GP recorded current smokers or have no smoking status recorded, whose notes record smoking status in the preceding 12 months.",Smoking: Record of smoking status (CVDP001SMOK),85.45,People with SMI,Mental Health,0,800.0,To March 2026,89.72,87.71,
E54000040,"NHS Bath and North East Somerset, Swindon and Wiltshire Integrated Care Board",Persons,23485.0,,,CVDP001SMOK,"Patients with GP recorded CVD or CVD risk factors who are GP recorded current smokers or have no smoking status recorded, whose notes record smoking status in the preceding 12 months.",Smoking: Record of smoking status (CVDP001SMOK),76.03,People without a diagnosed learning disability,Learning Disability,0,17985.0,To March 2026,77.12,76.58,
E54000040,"NHS Bath and North East Somerset, Swindon and Wiltshire Integrated Care Board",Persons,140.0,,,CVDP001SMOK,"Patients with GP recorded CVD or CVD risk factors who are GP recorded current smokers or have no smoking status recorded, whose notes record smoking status in the preceding 12 months.",Smoking: Record of smoking status (CVDP001SMOK),76.22,People with a diagnosed learning disability,Learning Disability,0,115.0,To March 2026,88.11,82.86,
E54000024,"NHS Bedfordshire, Luton and Milton Keynes Integrated Care Board",Persons,34810.0,,,CVDP001SMOK,"Patients with GP recorded CVD or CVD risk factors who are GP recorded current smokers or have no smoking status recorded, whose notes record smoking status in the preceding 12 months.",Smoking: Record of smoking status (CVDP001SMOK),72.2,Persons,Sex,0,25300.0,To March 2026,73.14,72.67,
E54000024,"NHS Bedfordshire, Luton and Milton Keynes Integrated Care Board",Female,13330.0,,,CVDP001SMOK,"Patients with GP recorded CVD or CVD risk factors who are GP recorded current smokers or have no smoking status recorded, whose notes record smoking status in the preceding 12 months.",Smoking: Record of smoking status (CVDP001SMOK),75.41,Female,Sex,0,10150.0,To March 2026,76.85,76.14,
E54000024,"NHS Bedfordshire, Luton and Milton Keynes Integrated Care Board",Male,21480.0,,,CVDP001SMOK,"Patients with GP recorded CVD or CVD risk factors who are GP recorded current smokers or have no smoking status recorded, whose notes record smoking status in the preceding 12 months.",Smoking: Record of smoking status (CVDP001SMOK),69.91,Male,Sex,0,15150.0,To March 2026,71.12,70.52,
E54000024,"NHS Bedfordshire, Luton and Milton Keynes Integrated Care Board",Male,2025.0,,,CVDP001SMOK,"Patients with GP recorded CVD or CVD risk factors who are GP recorded current smokers or have no smoking status recorded, whose notes record smoking status in the preceding 12 months.",Smoking: Record of smoking status (CVDP001SMOK),52.61,18-39,Age group,0,1110.0,To March 2026,56.9,54.77,
E54000024,"NHS Bedfordshire, Luton and Milton Keynes Integrated Care Board",Female,1170.0,,,CVDP001SMOK,"Patients with GP recorded CVD or CVD risk factors who are GP recorded current smokers or have no smoking status recorded, whose notes record smoking status in the preceding 12 months.",Smoking: Record of smoking status (CVDP001SMOK),59.13,18-39,Age group,0,725.0,To March 2026,64.68,61.93,
E54000024,"NHS Bedfordshire, Luton and Milton Keynes Integrated Care Board",Persons,3195.0,,,CVDP001SMOK,"Patients with GP recorded CVD or CVD risk factors who are GP recorded current smokers or have no smoking status recorded, whose notes record smoking status in the preceding 12 months.",Smoking: Record of smoking status (CVDP001SMOK),55.68,18-39,Age group,0,1835.0,To March 2026,59.09,57.39,
E54000024,"NHS Bedfordshire, Luton and Milton Keynes Integrated Care Board",Male,9655.0,,,CVDP001SMOK,"Patients with GP recorded CVD or CVD risk factors who are GP recorded current smokers or have no smoking status recorded, whose notes record smoking status in the preceding 12 months.",Smoking: Record of smoking status (CVDP001SMOK),68.1,40-59,Age group,0,6665.0,To March 2026,69.94,69.03,
E54000024,"NHS Bedfordshire, Luton and Milton Keynes Integrated Care Board",Female,4995.0,,,CVDP001SMOK,"Patients with GP recorded CVD or CVD risk factors who are GP recorded current smokers or have no smoking status recorded, whose notes record smoking status in the preceding 12 months.",Smoking: Record of smoking status (CVDP001SMOK),76.81,40-59,Age group,0,3895.0,To March 2026,79.09,77.98,
E54000024,"NHS Bedfordshire, Luton and Milton Keynes Integrated Care Board",Persons,14650.0,,,CVDP001SMOK,"Patients with GP recorded CVD or CVD risk factors who are GP recorded current smokers or have no smoking status recorded, whose notes record smoking status in the preceding 12 months.",Smoking: Record of smoking status (CVDP001SMOK),71.35,40-59,Age group,0,10560.0,To March 2026,72.8,72.08,
E54000024,"NHS Bedfordshire, Luton and Milton Keynes Integrated Care Board",Male,9095.0,,,CVDP001SMOK,"Patients with GP recorded CVD or CVD risk factors who are GP recorded current smokers or have no smoking status recorded, whose notes record smoking status in the preceding 12 months.",Smoking: Record of smoking status (CVDP001SMOK),73.86,60-79,Age group,0,6800.0,To March 2026,75.64,74.76,
E54000024,"NHS Bedfordshire, Luton and Milton Keynes Integrated Care Board",Female,6485.0,,,CVDP001SMOK,"Patients with GP recorded CVD or CVD risk factors who are GP recorded current smokers or have no smoking status recorded, whose notes record smoking status in the preceding 12 months.",Smoking: Record of smoking status (CVDP001SMOK),75.67,60-79,Age group,0,4975.0,To March 2026,77.72,76.71,
E54000024,"NHS Bedfordshire, Luton and Milton Keynes Integrated Care Board",Persons,15575.0,,,CVDP001SMOK,"Patients with GP recorded CVD or CVD risk factors who are GP recorded current smokers or have no smoking status recorded, whose notes record smoking status in the preceding 12 months.",Smoking: Record of smoking status (CVDP001SMOK),74.89,60-79,Age group,0,11770.0,To March 2026,76.24,75.57,
E54000024,"NHS Bedfordshire, Luton and Milton Keynes Integrated Care Board",Male,710.0,,,CVDP001SMOK,"Patients with GP recorded CVD or CVD risk factors who are GP recorded current smokers or have no smoking status recorded, whose notes record smoking status in the preceding 12 months.",Smoking: Record of smoking status (CVDP001SMOK),78.37,80+,Age group,0,575.0,To March 2026,83.99,81.38,
E54000024,"NHS Bedfordshire, Luton and Milton Keynes Integrated Care Board",Female,685.0,,,CVDP001SMOK,"Patients with GP recorded CVD or CVD risk factors who are GP recorded current smokers or have no smoking status recorded, whose notes record smoking status in the preceding 12 months.",Smoking: Record of smoking status (CVDP001SMOK),78.72,80+,Age group,0,560.0,To March 2026,84.4,81.7,
E54000024,"NHS Bedfordshire, Luton and Milton Keynes Integrated Care Board",Persons,1390.0,,,CVDP001SMOK,"Patients with GP recorded CVD or CVD risk factors who are GP recorded current smokers or have no smoking status recorded, whose notes record smoking status in the preceding 12 months.",Smoking: Record of smoking status (CVDP001SMOK),79.43,80+,Age group,0,1135.0,To March 2026,83.44,81.54,
E54000024,"NHS Bedfordshire, Luton and Milton Keynes Integrated Care Board",Persons,6665.0,,,CVDP001SMOK,"Patients with GP recorded CVD or CVD risk factors who are GP recorded current smokers or have no smoking status recorded, whose notes record smoking status in the preceding 12 months.",Smoking: Record of smoking status (CVDP001SMOK),72.33,1 - most deprived,Deprivation quintile,0,4895.0,To March 2026,74.45,73.4,
E54000024,"NHS Bedfordshire, Luton and Milton Keynes Integrated Care Board",Persons,8120.0,,,CVDP001SMOK,"Patients with GP recorded CVD or CVD risk factors who are GP recorded current smokers or have no smoking status recorded, whose notes record smoking status in the preceding 12 months.",Smoking: Record of smoking status (CVDP001SMOK),70.38,2,Deprivation quintile,0,5795.0,To March 2026,72.34,71.37,
E54000024,"NHS Bedfordshire, Luton and Milton Keynes Integrated Care Board",Persons,6970.0,,,CVDP001SMOK,"Patients with GP recorded CVD or CVD risk factors who are GP recorded current smokers or have no smoking status recorded, whose notes record smoking status in the preceding 12 months.",Smoking: Record of smoking status (CVDP001SMOK),72.22,3,Deprivation quintile,0,5110.0,To March 2026,74.28,73.26,
E54000024,"NHS Bedfordshire, Luton and Milton Keynes Integrated Care Board",Persons,7345.0,,,CVDP001SMOK,"Patients with GP recorded CVD or CVD risk factors who are GP recorded current smokers or have no smoking status recorded, whose notes record smoking status in the preceding 12 months.",Smoking: Record of smoking status (CVDP001SMOK),70.54,4,Deprivation quintile,0,5260.0,To March 2026,72.59,71.58,
E54000024,"NHS Bedfordshire, Luton and Milton Keynes Integrated Care Board",Persons,5590.0,,,CVDP001SMOK,"Patients with GP recorded CVD or CVD risk factors who are GP recorded current smokers or have no smoking status recorded, whose notes record smoking status in the preceding 12 months.",Smoking: Record of smoking status (CVDP001SMOK),73.54,5 - least deprived,Deprivation quintile,0,4175.0,To March 2026,75.81,74.69,
E54000024,"NHS Bedfordshire, Luton and Milton Keynes Integrated Care Board",Persons,4995.0,,,CVDP001SMOK,"Patients with GP recorded CVD or CVD risk factors who are GP recorded current smokers or have no smoking status recorded, whose notes record smoking status in the preceding 12 months.",Smoking: Record of smoking status (CVDP001SMOK),66.61,Asian,Ethnicity,0,3390.0,To March 2026,69.19,67.91,
E54000024,"NHS Bedfordshire, Luton and Milton Keynes Integrated Care Board",Persons,1680.0,,,CVDP001SMOK,"Patients with GP recorded CVD or CVD risk factors who are GP recorded current smokers or have no smoking status recorded, whose notes record smoking status in the preceding 12 months.",Smoking: Record of smoking status (CVDP001SMOK),66.15,Black,Ethnicity,0,1150.0,To March 2026,70.55,68.41,
E54000024,"NHS Bedfordshire, Luton and Milton Keynes Integrated Care Board",Persons,1120.0,,,CVDP001SMOK,"Patients with GP recorded CVD or CVD risk factors who are GP recorded current smokers or have no smoking status recorded, whose notes record smoking status in the preceding 12 months.",Smoking: Record of smoking status (CVDP001SMOK),47.64,Missing,Ethnicity,0,565.0,To March 2026,53.43,50.54,
E54000024,"NHS Bedfordshire, Luton and Milton Keynes Integrated Care Board",Persons,565.0,,,CVDP001SMOK,"Patients with GP recorded CVD or CVD risk factors who are GP recorded current smokers or have no smoking status recorded, whose notes record smoking status in the preceding 12 months.",Smoking: Record of smoking status (CVDP001SMOK),69.19,Mixed,Ethnicity,0,410.0,To March 2026,76.41,72.92,
E54000024,"NHS Bedfordshire, Luton and Milton Keynes Integrated Care Board",Persons,1250.0,,,CVDP001SMOK,"Patients with GP recorded CVD or CVD risk factors who are GP recorded current smokers or have no smoking status recorded, whose notes record smoking status in the preceding 12 months.",Smoking: Record of smoking status (CVDP001SMOK),61.77,Not stated,Ethnicity,0,805.0,To March 2026,67.04,64.48,
E54000024,"NHS Bedfordshire, Luton and Milton Keynes Integrated Care Board",Persons,585.0,,,CVDP001SMOK,"Patients with GP recorded CVD or CVD risk factors who are GP recorded current smokers or have no smoking status recorded, whose notes record smoking status in the preceding 12 months.",Smoking: Record of smoking status (CVDP001SMOK),65.7,Other,Ethnicity,0,405.0,To March 2026,73.01,69.45,
E54000024,"NHS Bedfordshire, Luton and Milton Keynes Integrated Care Board",Persons,24615.0,,,CVDP001SMOK,"Patients with GP recorded CVD or CVD risk factors who are GP recorded current smokers or have no smoking status recorded, whose notes record smoking status in the preceding 12 months.",Smoking: Record of smoking status (CVDP001SMOK),74.88,White,Ethnicity,0,18565.0,To March 2026,75.95,75.42,
E54000024,"NHS Bedfordshire, Luton and Milton Keynes Integrated Care Board",Persons,33455.0,,,CVDP001SMOK,"Patients with GP recorded CVD or CVD risk factors who are GP recorded current smokers or have no smoking status recorded, whose notes record smoking status in the preceding 12 months.",Smoking: Record of smoking status (CVDP001SMOK),71.53,People without SMI,Mental Health,0,24090.0,To March 2026,72.49,72.01,
E54000024,"NHS Bedfordshire, Luton and Milton Keynes Integrated Care Board",Persons,1355.0,,,CVDP001SMOK,"Patients with GP recorded CVD or CVD risk factors who are GP recorded current smokers or have no smoking status recorded, whose notes record smoking status in the preceding 12 months.",Smoking: Record of smoking status (CVDP001SMOK),87.28,People with SMI,Mental Health,0,1210.0,To March 2026,90.59,89.02,
E54000024,"NHS Bedfordshire, Luton and Milton Keynes Integrated Care Board",Persons,34665.0,,,CVDP001SMOK,"Patients with GP recorded CVD or CVD risk factors who are GP recorded current smokers or have no smoking status recorded, whose notes record smoking status in the preceding 12 months.",Smoking: Record of smoking status (CVDP001SMOK),72.12,People without a diagnosed learning disability,Learning Disability,0,25165.0,To March 2026,73.05,72.59,
E54000024,"NHS Bedfordshire, Luton and Milton Keynes Integrated Care Board",Persons,145.0,,,CVDP001SMOK,"Patients with GP recorded CVD or CVD risk factors who are GP recorded current smokers or have no smoking status recorded, whose notes record smoking status in the preceding 12 months.",Smoking: Record of smoking status (CVDP001SMOK),87.84,People with a diagnosed learning disability,Learning Disability,0,135.0,To March 2026,95.95,93.1,
E54000055,NHS Birmingham and Solihull Integrated Care Board,Persons,44285.0,,,CVDP001SMOK,"Patients with GP recorded CVD or CVD risk factors who are GP recorded current smokers or have no smoking status recorded, whose notes record smoking status in the preceding 12 months.",Smoking: Record of smoking status (CVDP001SMOK),76.03,Persons,Sex,0,33850.0,To March 2026,76.82,76.43,
E54000055,NHS Birmingham and Solihull Integrated Care Board,Female,15790.0,,,CVDP001SMOK,"Patients with GP recorded CVD or CVD risk factors who are GP recorded current smokers or have no smoking status recorded, whose notes record smoking status in the preceding 12 months.",Smoking: Record of smoking status (CVDP001SMOK),78.67,Female,Sex,0,12525.0,To March 2026,79.93,79.3,
E54000055,NHS Birmingham and Solihull Integrated Care Board,Male,28495.0,,,CVDP001SMOK,"Patients with GP recorded CVD or CVD risk factors who are GP recorded current smokers or have no smoking status recorded, whose notes record smoking status in the preceding 12 months.",Smoking: Record of smoking status (CVDP001SMOK),74.33,Male,Sex,0,21325.0,To March 2026,75.34,74.84,
E54000055,NHS Birmingham and Solihull Integrated Care Board,Male,2450.0,,,CVDP001SMOK,"Patients with GP recorded CVD or CVD risk factors who are GP recorded current smokers or have no smoking status recorded, whose notes record smoking status in the preceding 12 months.",Smoking: Record of smoking status (CVDP001SMOK),56.24,18-39,Age group,0,1425.0,To March 2026,60.11,58.19,
E54000055,NHS Birmingham and Solihull Integrated Care Board,Female,1195.0,,,CVDP001SMOK,"Patients with GP recorded CVD or CVD risk factors who are GP recorded current smokers or have no smoking status recorded, whose notes record smoking status in the preceding 12 months.",Smoking: Record of smoking status (CVDP001SMOK),62.1,18-39,Age group,0,775.0,To March 2026,67.45,64.85,
E54000055,NHS Birmingham and Solihull Integrated Care Board,Persons,3645.0,,,CVDP001SMOK,"Patients with GP recorded CVD or CVD risk factors who are GP recorded current smokers or have no smoking status recorded, whose notes record smoking status in the preceding 12 months.",Smoking: Record of smoking status (CVDP001SMOK),58.79,18-39,Age group,0,2200.0,To March 2026,61.94,60.37,
E54000055,NHS Birmingham and Solihull Integrated Care Board,Male,13260.0,,,CVDP001SMOK,"Patients with GP recorded CVD or CVD risk factors who are GP recorded current smokers or have no smoking status recorded, whose notes record smoking status in the preceding 12 months.",Smoking: Record of smoking status (CVDP001SMOK),71.93,40-59,Age group,0,9640.0,To March 2026,73.44,72.69,
E54000055,NHS Birmingham and Solihull Integrated Care Board,Female,5855.0,,,CVDP001SMOK,"Patients with GP recorded CVD or CVD risk factors who are GP recorded current smokers or have no smoking status recorded, whose notes record smoking status in the preceding 12 months.",Smoking: Record of smoking status (CVDP001SMOK),77.74,40-59,Age group,0,4615.0,To March 2026,79.83,78.81,
E54000055,NHS Birmingham and Solihull Integrated Care Board,Persons,19115.0,,,CVDP001SMOK,"Patients with GP recorded CVD or CVD risk factors who are GP recorded current smokers or have no smoking status recorded, whose notes record smoking status in the preceding 12 months.",Smoking: Record of smoking status (CVDP001SMOK),73.94,40-59,Age group,0,14255.0,To March 2026,75.18,74.57,
E54000055,NHS Birmingham and Solihull Integrated Care Board,Male,11595.0,,,CVDP001SMOK,"Patients with GP recorded CVD or CVD risk factors who are GP recorded current smokers or have no smoking status recorded, whose notes record smoking status in the preceding 12 months.",Smoking: Record of smoking status (CVDP001SMOK),79.56,60-79,Age group,0,9310.0,To March 2026,81.0,80.29,
E54000055,NHS Birmingham and Solihull Integrated Care Board,Female,7595.0,,,CVDP001SMOK,"Patients with GP recorded CVD or CVD risk factors who are GP recorded current smokers or have no smoking status recorded, whose notes record smoking status in the preceding 12 months.",Smoking: Record of smoking status (CVDP001SMOK),81.36,60-79,Age group,0,6245.0,To March 2026,83.07,82.24,
E54000055,NHS Birmingham and Solihull Integrated Care Board,Persons,19190.0,,,CVDP001SMOK,"Patients with GP recorded CVD or CVD risk factors who are GP recorded current smokers or have no smoking status recorded, whose notes record smoking status in the preceding 12 months.",Smoking: Record of smoking status (CVDP001SMOK),80.5,60-79,Age group,0,15555.0,To March 2026,81.6,81.06,
E54000055,NHS Birmingham and Solihull Integrated Care Board,Male,1190.0,,,CVDP001SMOK,"Patients with GP recorded CVD or CVD risk factors who are GP recorded current smokers or have no smoking status recorded, whose notes record smoking status in the preceding 12 months.",Smoking: Record of smoking status (CVDP001SMOK),77.55,80+,Age group,0,950.0,To March 2026,82.08,79.93,
E54000055,NHS Birmingham and Solihull Integrated Care Board,Female,1145.0,,,CVDP001SMOK,"Patients with GP recorded CVD or CVD risk factors who are GP recorded current smokers or have no smoking status recorded, whose notes record smoking status in the preceding 12 months.",Smoking: Record of smoking status (CVDP001SMOK),75.02,80+,Age group,0,890.0,To March 2026,79.81,77.49,
E54000055,NHS Birmingham and Solihull Integrated Care Board,Persons,2335.0,,,CVDP001SMOK,"Patients with GP recorded CVD or CVD risk factors who are GP recorded current smokers or have no smoking status recorded, whose notes record smoking status in the preceding 12 months.",Smoking: Record of smoking status (CVDP001SMOK),77.05,80+,Age group,0,1840.0,To March 2026,80.34,78.73,
E54000055,NHS Birmingham and Solihull Integrated Care Board,Persons,29010.0,,,CVDP001SMOK,"Patients with GP recorded CVD or CVD risk factors who are GP recorded current smokers or have no smoking status recorded, whose notes record smoking status in the preceding 12 months.",Smoking: Record of smoking status (CVDP001SMOK),76.99,1 - most deprived,Deprivation quintile,0,22475.0,To March 2026,77.95,77.48,
E54000055,NHS Birmingham and Solihull Integrated Care Board,Persons,7580.0,,,CVDP001SMOK,"Patients with GP recorded CVD or CVD risk factors who are GP recorded current smokers or have no smoking status recorded, whose notes record smoking status in the preceding 12 months.",Smoking: Record of smoking status (CVDP001SMOK),75.22,2,Deprivation quintile,0,5775.0,To March 2026,77.13,76.18,
E54000055,NHS Birmingham and Solihull Integrated Care Board,Persons,3930.0,,,CVDP001SMOK,"Patients with GP recorded CVD or CVD risk factors who are GP recorded current smokers or have no smoking status recorded, whose notes record smoking status in the preceding 12 months.",Smoking: Record of smoking status (CVDP001SMOK),74.0,3,Deprivation quintile,0,2960.0,To March 2026,76.67,75.36,
E54000055,NHS Birmingham and Solihull Integrated Care Board,Persons,1505.0,,,CVDP001SMOK,"Patients with GP recorded CVD or CVD risk factors who are GP recorded current smokers or have no smoking status recorded, whose notes record smoking status in the preceding 12 months.",Smoking: Record of smoking status (CVDP001SMOK),68.59,4,Deprivation quintile,0,1070.0,To March 2026,73.16,70.92,
E54000055,NHS Birmingham and Solihull Integrated Care Board,Persons,1410.0,,,CVDP001SMOK,"Patients with GP recorded CVD or CVD risk factors who are GP recorded current smokers or have no smoking status recorded, whose notes record smoking status in the preceding 12 months.",Smoking: Record of smoking status (CVDP001SMOK),65.06,5 - least deprived,Deprivation quintile,0,950.0,To March 2026,69.88,67.54,
E54000055,NHS Birmingham and Solihull Integrated Care Board,Persons,9945.0,,,CVDP001SMOK,"Patients with GP recorded CVD or CVD risk factors who are GP recorded current smokers or have no smoking status recorded, whose notes record smoking status in the preceding 12 months.",Smoking: Record of smoking status (CVDP001SMOK),72.4,Asian,Ethnicity,0,7285.0,To March 2026,74.14,73.27,
E54000055,NHS Birmingham and Solihull Integrated Care Board,Persons,3825.0,,,CVDP001SMOK,"Patients with GP recorded CVD or CVD risk factors who are GP recorded current smokers or have no smoking status recorded, whose notes record smoking status in the preceding 12 months.",Smoking: Record of smoking status (CVDP001SMOK),72.86,Black,Ethnicity,0,2840.0,To March 2026,75.63,74.27,
E54000055,NHS Birmingham and Solihull Integrated Care Board,Persons,590.0,,,CVDP001SMOK,"Patients with GP recorded CVD or CVD risk factors who are GP recorded current smokers or have no smoking status recorded, whose notes record smoking status in the preceding 12 months.",Smoking: Record of smoking status (CVDP001SMOK),44.84,Missing,Ethnicity,0,285.0,To March 2026,52.79,48.81,
E54000055,NHS Birmingham and Solihull Integrated Care Board,Persons,1015.0,,,CVDP001SMOK,"Patients with GP recorded CVD or CVD risk factors who are GP recorded current smokers or have no smoking status recorded, whose notes record smoking status in the preceding 12 months.",Smoking: Record of smoking status (CVDP001SMOK),71.48,Mixed,Ethnicity,0,755.0,To March 2026,76.79,74.26,
E54000055,NHS Birmingham and Solihull Integrated Care Board,Persons,1010.0,,,CVDP001SMOK,"Patients with GP recorded CVD or CVD risk factors who are GP recorded current smokers or have no smoking status recorded, whose notes record smoking status in the preceding 12 months.",Smoking: Record of smoking status (CVDP001SMOK),68.94,Not stated,Ethnicity,0,725.0,To March 2026,74.48,71.83,
E54000055,NHS Birmingham and Solihull Integrated Care Board,Persons,1115.0,,,CVDP001SMOK,"Patients with GP recorded CVD or CVD risk factors who are GP recorded current smokers or have no smoking status recorded, whose notes record smoking status in the preceding 12 months.",Smoking: Record of smoking status (CVDP001SMOK),72.23,Other,Ethnicity,0,835.0,To March 2026,77.23,74.84,
E54000055,NHS Birmingham and Solihull Integrated Care Board,Persons,26790.0,,,CVDP001SMOK,"Patients with GP recorded CVD or CVD risk factors who are GP recorded current smokers or have no smoking status recorded, whose notes record smoking status in the preceding 12 months.",Smoking: Record of smoking status (CVDP001SMOK),78.35,White,Ethnicity,0,21120.0,To March 2026,79.32,78.84,
E54000055,NHS Birmingham and Solihull Integrated Care Board,Persons,41825.0,,,CVDP001SMOK,"Patients with GP recorded CVD or CVD risk factors who are GP recorded current smokers or have no smoking status recorded, whose notes record smoking status in the preceding 12 months.",Smoking: Record of smoking status (CVDP001SMOK),75.35,People without SMI,Mental Health,0,31685.0,To March 2026,76.17,75.76,
E54000055,NHS Birmingham and Solihull Integrated Care Board,Persons,2465.0,,,CVDP001SMOK,"Patients with GP recorded CVD or CVD risk factors who are GP recorded current smokers or have no smoking status recorded, whose notes record smoking status in the preceding 12 months.",Smoking: Record of smoking status (CVDP001SMOK),86.46,People with SMI,Mental Health,0,2160.0,To March 2026,89.01,87.78,
E54000055,NHS Birmingham and Solihull Integrated Care Board,Persons,43955.0,,,CVDP001SMOK,"Patients with GP recorded CVD or CVD risk factors who are GP recorded current smokers or have no smoking status recorded, whose notes record smoking status in the preceding 12 months.",Smoking: Record of smoking status (CVDP001SMOK),75.93,People without a diagnosed learning disability,Learning Disability,0,33550.0,To March 2026,76.72,76.33,
E54000055,NHS Birmingham and Solihull Integrated Care Board,Persons,335.0,,,CVDP001SMOK,"Patients with GP recorded CVD or CVD risk factors who are GP recorded current smokers or have no smoking status recorded, whose notes record smoking status in the preceding 12 months.",Smoking: Record of smoking status (CVDP001SMOK),86.35,People with a diagnosed learning disability,Learning Disability,0,300.0,To March 2026,92.58,89.82,
E54000062,NHS Black Country Integrated Care Board,Persons,41085.0,,,CVDP001SMOK,"Patients with GP recorded CVD or CVD risk factors who are GP recorded current smokers or have no smoking status recorded, whose notes record smoking status in the preceding 12 months.",Smoking: Record of smoking status (CVDP001SMOK),77.47,Persons,Sex,0,31995.0,To March 2026,78.27,77.87,
E54000062,NHS Black Country Integrated Care Board,Female,16750.0,,,CVDP001SMOK,"Patients with GP recorded CVD or CVD risk factors who are GP recorded current smokers or have no smoking status recorded, whose notes record smoking status in the preceding 12 months.",Smoking: Record of smoking status (CVDP001SMOK),79.29,Female,Sex,0,13385.0,To March 2026,80.5,79.9,
E54000062,NHS Black Country Integrated Care Board,Male,24335.0,,,CVDP001SMOK,"Patients with GP recorded CVD or CVD risk factors who are GP recorded current smokers or have no smoking status recorded, whose notes record smoking status in the preceding 12 months.",Smoking: Record of smoking status (CVDP001SMOK),75.94,Male,Sex,0,18610.0,To March 2026,77.0,76.47,
E54000062,NHS Black Country Integrated Care Board,Male,1830.0,,,CVDP001SMOK,"Patients with GP recorded CVD or CVD risk factors who are GP recorded current smokers or have no smoking status recorded, whose notes record smoking status in the preceding 12 months.",Smoking: Record of smoking status (CVDP001SMOK),57.98,18-39,Age group,0,1105.0,To March 2026,62.45,60.26,
E54000062,NHS Black Country Integrated Care Board,Female,1260.0,,,CVDP001SMOK,"Patients with GP recorded CVD or CVD risk factors who are GP recorded current smokers or have no smoking status recorded, whose notes record smoking status in the preceding 12 months.",Smoking: Record of smoking status (CVDP001SMOK),62.21,18-39,Age group,0,820.0,To March 2026,67.43,64.9,
E54000062,NHS Black Country Integrated Care Board,Persons,3095.0,,,CVDP001SMOK,"Patients with GP recorded CVD or CVD risk factors who are GP recorded current smokers or have no smoking status recorded, whose notes record smoking status in the preceding 12 months.",Smoking: Record of smoking status (CVDP001SMOK),60.45,18-39,Age group,0,1925.0,To March 2026,63.84,62.15,
E54000062,NHS Black Country Integrated Care Board,Male,10960.0,,,CVDP001SMOK,"Patients with GP recorded CVD or CVD risk factors who are GP recorded current smokers or have no smoking status recorded, whose notes record smoking status in the preceding 12 months.",Smoking: Record of smoking status (CVDP001SMOK),72.86,40-59,Age group,0,8075.0,To March 2026,74.5,73.69,
E54000062,NHS Black Country Integrated Care Board,Female,6435.0,,,CVDP001SMOK,"Patients with GP recorded CVD or CVD risk factors who are GP recorded current smokers or have no smoking status recorded, whose notes record smoking status in the preceding 12 months.",Smoking: Record of smoking status (CVDP001SMOK),76.82,40-59,Age group,0,5010.0,To March 2026,78.84,77.85,
E54000062,NHS Black Country Integrated Care Board,Persons,17400.0,,,CVDP001SMOK,"Patients with GP recorded CVD or CVD risk factors who are GP recorded current smokers or have no smoking status recorded, whose notes record smoking status in the preceding 12 months.",Smoking: Record of smoking status (CVDP001SMOK),74.58,40-59,Age group,0,13090.0,To March 2026,75.86,75.23,
E54000062,NHS Black Country Integrated Care Board,Male,10435.0,,,CVDP001SMOK,"Patients with GP recorded CVD or CVD risk factors who are GP recorded current smokers or have no smoking status recorded, whose notes record smoking status in the preceding 12 months.",Smoking: Record of smoking status (CVDP001SMOK),80.86,60-79,Age group,0,8515.0,To March 2026,82.35,81.61,
E54000062,NHS Black Country Integrated Care Board,Female,7910.0,,,CVDP001SMOK,"Patients with GP recorded CVD or CVD risk factors who are GP recorded current smokers or have no smoking status recorded, whose notes record smoking status in the preceding 12 months.",Smoking: Record of smoking status (CVDP001SMOK),82.65,60-79,Age group,0,6605.0,To March 2026,84.28,83.48,
E54000062,NHS Black Country Integrated Care Board,Persons,18350.0,,,CVDP001SMOK,"Patients with GP recorded CVD or CVD risk factors who are GP recorded current smokers or have no smoking status recorded, whose notes record smoking status in the preceding 12 months.",Smoking: Record of smoking status (CVDP001SMOK),81.86,60-79,Age group,0,15120.0,To March 2026,82.96,82.42,
E54000062,NHS Black Country Integrated Care Board,Male,1110.0,,,CVDP001SMOK,"Patients with GP recorded CVD or CVD risk factors who are GP recorded current smokers or have no smoking status recorded, whose notes record smoking status in the preceding 12 months.",Smoking: Record of smoking status (CVDP001SMOK),80.11,80+,Age group,0,915.0,To March 2026,84.52,82.4,
E54000062,NHS Black Country Integrated Care Board,Female,1140.0,,,CVDP001SMOK,"Patients with GP recorded CVD or CVD risk factors who are GP recorded current smokers or have no smoking status recorded, whose notes record smoking status in the preceding 12 months.",Smoking: Record of smoking status (CVDP001SMOK),81.0,80+,Age group,0,950.0,To March 2026,85.29,83.23,
E54000062,NHS Black Country Integrated Care Board,Persons,2245.0,,,CVDP001SMOK,"Patients with GP recorded CVD or CVD risk factors who are GP recorded current smokers or have no smoking status recorded, whose notes record smoking status in the preceding 12 months.",Smoking: Record of smoking status (CVDP001SMOK),81.2,80+,Age group,0,1860.0,To March 2026,84.31,82.82,
E54000062,NHS Black Country Integrated Care Board,Persons,24875.0,,,CVDP001SMOK,"Patients with GP recorded CVD or CVD risk factors who are GP recorded current smokers or have no smoking status recorded, whose notes record smoking status in the preceding 12 months.",Smoking: Record of smoking status (CVDP001SMOK),77.38,1 - most deprived,Deprivation quintile,0,19380.0,To March 2026,78.41,77.9,
E54000062,NHS Black Country Integrated Care Board,Persons,8235.0,,,CVDP001SMOK,"Patients with GP recorded CVD or CVD risk factors who are GP recorded current smokers or have no smoking status recorded, whose notes record smoking status in the preceding 12 months.",Smoking: Record of smoking status (CVDP001SMOK),77.6,2,Deprivation quintile,0,6465.0,To March 2026,79.38,78.51,
E54000062,NHS Black Country Integrated Care Board,Persons,4210.0,,,CVDP001SMOK,"Patients with GP recorded CVD or CVD risk factors who are GP recorded current smokers or have no smoking status recorded, whose notes record smoking status in the preceding 12 months.",Smoking: Record of smoking status (CVDP001SMOK),76.69,3,Deprivation quintile,0,3280.0,To March 2026,79.18,77.96,
E54000062,NHS Black Country Integrated Care Board,Persons,2685.0,,,CVDP001SMOK,"Patients with GP recorded CVD or CVD risk factors who are GP recorded current smokers or have no smoking status recorded, whose notes record smoking status in the preceding 12 months.",Smoking: Record of smoking status (CVDP001SMOK),75.16,4,Deprivation quintile,0,2060.0,To March 2026,78.32,76.77,
E54000062,NHS Black Country Integrated Care Board,Persons,1420.0,,,CVDP001SMOK,"Patients with GP recorded CVD or CVD risk factors who are GP recorded current smokers or have no smoking status recorded, whose notes record smoking status in the preceding 12 months.",Smoking: Record of smoking status (CVDP001SMOK),72.63,5 - least deprived,Deprivation quintile,0,1065.0,To March 2026,77.12,74.96,
E54000062,NHS Black Country Integrated Care Board,Persons,4930.0,,,CVDP001SMOK,"Patients with GP recorded CVD or CVD risk factors who are GP recorded current smokers or have no smoking status recorded, whose notes record smoking status in the preceding 12 months.",Smoking: Record of smoking status (CVDP001SMOK),71.33,Asian,Ethnicity,0,3580.0,To March 2026,73.8,72.59,
E54000062,NHS Black Country Integrated Care Board,Persons,1950.0,,,CVDP001SMOK,"Patients with GP recorded CVD or CVD risk factors who are GP recorded current smokers or have no smoking status recorded, whose notes record smoking status in the preceding 12 months.",Smoking: Record of smoking status (CVDP001SMOK),72.49,Black,Ethnicity,0,1450.0,To March 2026,76.33,74.45,
E54000062,NHS Black Country Integrated Care Board,Persons,1015.0,,,CVDP001SMOK,"Patients with GP recorded CVD or CVD risk factors who are GP recorded current smokers or have no smoking status recorded, whose notes record smoking status in the preceding 12 months.",Smoking: Record of smoking status (CVDP001SMOK),60.98,Missing,Ethnicity,0,650.0,To March 2026,66.86,64.01,
E54000062,NHS Black Country Integrated Care Board,Persons,1065.0,,,CVDP001SMOK,"Patients with GP recorded CVD or CVD risk factors who are GP recorded current smokers or have no smoking status recorded, whose notes record smoking status in the preceding 12 months.",Smoking: Record of smoking status (CVDP001SMOK),67.94,Mixed,Ethnicity,0,755.0,To March 2026,73.36,70.76,
E54000062,NHS Black Country Integrated Care Board,Persons,600.0,,,CVDP001SMOK,"Patients with GP recorded CVD or CVD risk factors who are GP recorded current smokers or have no smoking status recorded, whose notes record smoking status in the preceding 12 months.",Smoking: Record of smoking status (CVDP001SMOK),70.05,Not stated,Ethnicity,0,440.0,To March 2026,77.04,73.75,
E54000062,NHS Black Country Integrated Care Board,Persons,685.0,,,CVDP001SMOK,"Patients with GP recorded CVD or CVD risk factors who are GP recorded current smokers or have no smoking status recorded, whose notes record smoking status in the preceding 12 months.",Smoking: Record of smoking status (CVDP001SMOK),70.54,Other,Ethnicity,0,505.0,To March 2026,77.07,73.91,
E54000062,NHS Black Country Integrated Care Board,Persons,30840.0,,,CVDP001SMOK,"Patients with GP recorded CVD or CVD risk factors who are GP recorded current smokers or have no smoking status recorded, whose notes record smoking status in the preceding 12 months.",Smoking: Record of smoking status (CVDP001SMOK),79.35,White,Ethnicity,0,24610.0,To March 2026,80.24,79.8,
E54000062,NHS Black Country Integrated Care Board,Persons,39455.0,,,CVDP001SMOK,"Patients with GP recorded CVD or CVD risk factors who are GP recorded current smokers or have no smoking status recorded, whose notes record smoking status in the preceding 12 months.",Smoking: Record of smoking status (CVDP001SMOK),76.88,People without SMI,Mental Health,0,30495.0,To March 2026,77.71,77.3,
E54000062,NHS Black Country Integrated Care Board,Persons,1635.0,,,CVDP001SMOK,"Patients with GP recorded CVD or CVD risk factors who are GP recorded current smokers or have no smoking status recorded, whose notes record smoking status in the preceding 12 months.",Smoking: Record of smoking status (CVDP001SMOK),90.28,People with SMI,Mental Health,0,1495.0,To March 2026,92.91,91.67,
E54000062,NHS Black Country Integrated Care Board,Persons,40885.0,,,CVDP001SMOK,"Patients with GP recorded CVD or CVD risk factors who are GP recorded current smokers or have no smoking status recorded, whose notes record smoking status in the preceding 12 months.",Smoking: Record of smoking status (CVDP001SMOK),77.4,People without a diagnosed learning disability,Learning Disability,0,31810.0,To March 2026,78.21,77.81,
E54000062,NHS Black Country Integrated Care Board,Persons,200.0,,,CVDP001SMOK,"Patients with GP recorded CVD or CVD risk factors who are GP recorded current smokers or have no smoking status recorded, whose notes record smoking status in the preceding 12 months.",Smoking: Record of smoking status (CVDP001SMOK),85.37,People with a diagnosed learning disability,Learning Disability,0,180.0,To March 2026,93.17,90.1,
E54000039,"NHS Bristol, North Somerset and South Gloucestershire Integrated Care Board",Persons,24515.0,,,CVDP001SMOK,"Patients with GP recorded CVD or CVD risk factors who are GP recorded current smokers or have no smoking status recorded, whose notes record smoking status in the preceding 12 months.",Smoking: Record of smoking status (CVDP001SMOK),73.96,Persons,Sex,0,18265.0,To March 2026,75.05,74.51,
E54000039,"NHS Bristol, North Somerset and South Gloucestershire Integrated Care Board",Female,10175.0,,,CVDP001SMOK,"Patients with GP recorded CVD or CVD risk factors who are GP recorded current smokers or have no smoking status recorded, whose notes record smoking status in the preceding 12 months.",Smoking: Record of smoking status (CVDP001SMOK),77.15,Female,Sex,0,7930.0,To March 2026,78.75,77.96,
E54000039,"NHS Bristol, North Somerset and South Gloucestershire Integrated Care Board",Male,14340.0,,,CVDP001SMOK,"Patients with GP recorded CVD or CVD risk factors who are GP recorded current smokers or have no smoking status recorded, whose notes record smoking status in the preceding 12 months.",Smoking: Record of smoking status (CVDP001SMOK),71.32,Male,Sex,0,10335.0,To March 2026,72.79,72.06,
E54000039,"NHS Bristol, North Somerset and South Gloucestershire Integrated Care Board",Male,1210.0,,,CVDP001SMOK,"Patients with GP recorded CVD or CVD risk factors who are GP recorded current smokers or have no smoking status recorded, whose notes record smoking status in the preceding 12 months.",Smoking: Record of smoking status (CVDP001SMOK),50.0,18-39,Age group,0,640.0,To March 2026,55.61,52.85,
E54000039,"NHS Bristol, North Somerset and South Gloucestershire Integrated Care Board",Female,770.0,,,CVDP001SMOK,"Patients with GP recorded CVD or CVD risk factors who are GP recorded current smokers or have no smoking status recorded, whose notes record smoking status in the preceding 12 months.",Smoking: Record of smoking status (CVDP001SMOK),63.29,18-39,Age group,0,510.0,To March 2026,69.91,66.67,
E54000039,"NHS Bristol, North Somerset and South Gloucestershire Integrated Care Board",Persons,1975.0,,,CVDP001SMOK,"Patients with GP recorded CVD or CVD risk factors who are GP recorded current smokers or have no smoking status recorded, whose notes record smoking status in the preceding 12 months.",Smoking: Record of smoking status (CVDP001SMOK),56.01,18-39,Age group,0,1150.0,To March 2026,60.35,58.22,
E54000039,"NHS Bristol, North Somerset and South Gloucestershire Integrated Care Board",Male,5860.0,,,CVDP001SMOK,"Patients with GP recorded CVD or CVD risk factors who are GP recorded current smokers or have no smoking status recorded, whose notes record smoking status in the preceding 12 months.",Smoking: Record of smoking status (CVDP001SMOK),67.39,40-59,Age group,0,4020.0,To March 2026,69.76,68.58,
E54000039,"NHS Bristol, North Somerset and South Gloucestershire Integrated Care Board",Female,3525.0,,,CVDP001SMOK,"Patients with GP recorded CVD or CVD risk factors who are GP recorded current smokers or have no smoking status recorded, whose notes record smoking status in the preceding 12 months.",Smoking: Record of smoking status (CVDP001SMOK),75.79,40-59,Age group,0,2720.0,To March 2026,78.54,77.19,
E54000039,"NHS Bristol, North Somerset and South Gloucestershire Integrated Care Board",Persons,9385.0,,,CVDP001SMOK,"Patients with GP recorded CVD or CVD risk factors who are GP recorded current smokers or have no smoking status recorded, whose notes record smoking status in the preceding 12 months.",Smoking: Record of smoking status (CVDP001SMOK),70.9,40-59,Age group,0,6740.0,To March 2026,72.71,71.81,
E54000039,"NHS Bristol, North Somerset and South Gloucestershire Integrated Care Board",Male,6465.0,,,CVDP001SMOK,"Patients with GP recorded CVD or CVD risk factors who are GP recorded current smokers or have no smoking status recorded, whose notes record smoking status in the preceding 12 months.",Smoking: Record of smoking status (CVDP001SMOK),76.72,60-79,Age group,0,5030.0,To March 2026,78.75,77.75,
E54000039,"NHS Bristol, North Somerset and South Gloucestershire Integrated Care Board",Female,4890.0,,,CVDP001SMOK,"Patients with GP recorded CVD or CVD risk factors who are GP recorded current smokers or have no smoking status recorded, whose notes record smoking status in the preceding 12 months.",Smoking: Record of smoking status (CVDP001SMOK),79.29,60-79,Age group,0,3930.0,To March 2026,81.5,80.43,
E54000039,"NHS Bristol, North Somerset and South Gloucestershire Integrated Care Board",Persons,11355.0,,,CVDP001SMOK,"Patients with GP recorded CVD or CVD risk factors who are GP recorded current smokers or have no smoking status recorded, whose notes record smoking status in the preceding 12 months.",Smoking: Record of smoking status (CVDP001SMOK),78.14,60-79,Age group,0,8960.0,To March 2026,79.64,78.9,
E54000039,"NHS Bristol, North Somerset and South Gloucestershire Integrated Care Board",Male,805.0,,,CVDP001SMOK,"Patients with GP recorded CVD or CVD risk factors who are GP recorded current smokers or have no smoking status recorded, whose notes record smoking status in the preceding 12 months.",Smoking: Record of smoking status (CVDP001SMOK),77.7,80+,Age group,0,650.0,To March 2026,83.15,80.6,
E54000039,"NHS Bristol, North Somerset and South Gloucestershire Integrated Care Board",Female,990.0,,,CVDP001SMOK,"Patients with GP recorded CVD or CVD risk factors who are GP recorded current smokers or have no smoking status recorded, whose notes record smoking status in the preceding 12 months.",Smoking: Record of smoking status (CVDP001SMOK),74.67,80+,Age group,0,765.0,To March 2026,79.8,77.32,
E54000039,"NHS Bristol, North Somerset and South Gloucestershire Integrated Care Board",Persons,1795.0,,,CVDP001SMOK,"Patients with GP recorded CVD or CVD risk factors who are GP recorded current smokers or have no smoking status recorded, whose notes record smoking status in the preceding 12 months.",Smoking: Record of smoking status (CVDP001SMOK),76.82,80+,Age group,0,1415.0,To March 2026,80.6,78.79,
E54000039,"NHS Bristol, North Somerset and South Gloucestershire Integrated Care Board",Persons,7730.0,,,CVDP001SMOK,"Patients with GP recorded CVD or CVD risk factors who are GP recorded current smokers or have no smoking status recorded, whose notes record smoking status in the preceding 12 months.",Smoking: Record of smoking status (CVDP001SMOK),74.39,1 - most deprived,Deprivation quintile,0,5825.0,To March 2026,76.3,75.36,
E54000039,"NHS Bristol, North Somerset and South Gloucestershire Integrated Care Board",Persons,5190.0,,,CVDP001SMOK,"Patients with GP recorded CVD or CVD risk factors who are GP recorded current smokers or have no smoking status recorded, whose notes record smoking status in the preceding 12 months.",Smoking: Record of smoking status (CVDP001SMOK),73.94,2,Deprivation quintile,0,3900.0,To March 2026,76.29,75.13,
E54000039,"NHS Bristol, North Somerset and South Gloucestershire Integrated Care Board",Persons,4010.0,,,CVDP001SMOK,"Patients with GP recorded CVD or CVD risk factors who are GP recorded current smokers or have no smoking status recorded, whose notes record smoking status in the preceding 12 months.",Smoking: Record of smoking status (CVDP001SMOK),73.59,3,Deprivation quintile,0,3005.0,To March 2026,76.25,74.94,
E54000039,"NHS Bristol, North Somerset and South Gloucestershire Integrated Care Board",Persons,4295.0,,,CVDP001SMOK,"Patients with GP recorded CVD or CVD risk factors who are GP recorded current smokers or have no smoking status recorded, whose notes record smoking status in the preceding 12 months.",Smoking: Record of smoking status (CVDP001SMOK),72.63,4,Deprivation quintile,0,3175.0,To March 2026,75.23,73.96,
E54000039,"NHS Bristol, North Somerset and South Gloucestershire Integrated Care Board",Persons,3425.0,,,CVDP001SMOK,"Patients with GP recorded CVD or CVD risk factors who are GP recorded current smokers or have no smoking status recorded, whose notes record smoking status in the preceding 12 months.",Smoking: Record of smoking status (CVDP001SMOK),70.7,5 - least deprived,Deprivation quintile,0,2475.0,To March 2026,73.67,72.22,
E54000039,"NHS Bristol, North Somerset and South Gloucestershire Integrated Care Board",Persons,895.0,,,CVDP001SMOK,"Patients with GP recorded CVD or CVD risk factors who are GP recorded current smokers or have no smoking status recorded, whose notes record smoking status in the preceding 12 months.",Smoking: Record of smoking status (CVDP001SMOK),66.44,Asian,Ethnicity,0,620.0,To March 2026,72.46,69.57,
E54000039,"NHS Bristol, North Somerset and South Gloucestershire Integrated Care Board",Persons,1110.0,,,CVDP001SMOK,"Patients with GP recorded CVD or CVD risk factors who are GP recorded current smokers or have no smoking status recorded, whose notes record smoking status in the preceding 12 months.",Smoking: Record of smoking status (CVDP001SMOK),67.6,Black,Ethnicity,0,780.0,To March 2026,72.91,70.31,
E54000039,"NHS Bristol, North Somerset and South Gloucestershire Integrated Care Board",Persons,305.0,,,CVDP001SMOK,"Patients with GP recorded CVD or CVD risk factors who are GP recorded current smokers or have no smoking status recorded, whose notes record smoking status in the preceding 12 months.",Smoking: Record of smoking status (CVDP001SMOK),35.18,Missing,Ethnicity,0,125.0,To March 2026,45.93,40.46,
E54000039,"NHS Bristol, North Somerset and South Gloucestershire Integrated Care Board",Persons,410.0,,,CVDP001SMOK,"Patients with GP recorded CVD or CVD risk factors who are GP recorded current smokers or have no smoking status recorded, whose notes record smoking status in the preceding 12 months.",Smoking: Record of smoking status (CVDP001SMOK),68.6,Mixed,Ethnicity,0,300.0,To March 2026,77.05,72.99,
E54000039,"NHS Bristol, North Somerset and South Gloucestershire Integrated Care Board",Persons,1310.0,,,CVDP001SMOK,"Patients with GP recorded CVD or CVD risk factors who are GP recorded current smokers or have no smoking status recorded, whose notes record smoking status in the preceding 12 months.",Smoking: Record of smoking status (CVDP001SMOK),64.33,Not stated,Ethnicity,0,880.0,To March 2026,69.35,66.92,
E54000039,"NHS Bristol, North Somerset and South Gloucestershire Integrated Care Board",Persons,275.0,,,CVDP001SMOK,"Patients with GP recorded CVD or CVD risk factors who are GP recorded current smokers or have no smoking status recorded, whose notes record smoking status in the preceding 12 months.",Smoking: Record of smoking status (CVDP001SMOK),62.82,Other,Ethnicity,0,190.0,To March 2026,73.65,68.61,
E54000039,"NHS Bristol, North Somerset and South Gloucestershire Integrated Care Board",Persons,20210.0,,,CVDP001SMOK,"Patients with GP recorded CVD or CVD risk factors who are GP recorded current smokers or have no smoking status recorded, whose notes record smoking status in the preceding 12 months.",Smoking: Record of smoking status (CVDP001SMOK),75.49,White,Ethnicity,0,15375.0,To March 2026,76.66,76.08,
E54000039,"NHS Bristol, North Somerset and South Gloucestershire Integrated Care Board",Persons,23465.0,,,CVDP001SMOK,"Patients with GP recorded CVD or CVD risk factors who are GP recorded current smokers or have no smoking status recorded, whose notes record smoking status in the preceding 12 months.",Smoking: Record of smoking status (CVDP001SMOK),73.32,People without SMI,Mental Health,0,17335.0,To March 2026,74.44,73.89,
E54000039,"NHS Bristol, North Somerset and South Gloucestershire Integrated Care Board",Persons,1050.0,,,CVDP001SMOK,"Patients with GP recorded CVD or CVD risk factors who are GP recorded current smokers or have no smoking status recorded, whose notes record smoking status in the preceding 12 months.",Smoking: Record of smoking status (CVDP001SMOK),86.41,People with SMI,Mental Health,0,930.0,To March 2026,90.21,88.47,
E54000039,"NHS Bristol, North Somerset and South Gloucestershire Integrated Care Board",Persons,24330.0,,,CVDP001SMOK,"Patients with GP recorded CVD or CVD risk factors who are GP recorded current smokers or have no smoking status recorded, whose notes record smoking status in the preceding 12 months.",Smoking: Record of smoking status (CVDP001SMOK),73.83,People without a diagnosed learning disability,Learning Disability,0,18100.0,To March 2026,74.92,74.38,
E54000039,"NHS Bristol, North Somerset and South Gloucestershire Integrated Care Board",Persons,180.0,,,CVDP001SMOK,"Patients with GP recorded CVD or CVD risk factors who are GP recorded current smokers or have no smoking status recorded, whose notes record smoking status in the preceding 12 months.",Smoking: Record of smoking status (CVDP001SMOK),87.03,People with a diagnosed learning disability,Learning Disability,0,165.0,To March 2026,94.59,91.76,
E54000044,"NHS Buckinghamshire, Oxfordshire and Berkshire West Integrated Care Board",Persons,36960.0,,,CVDP001SMOK,"Patients with GP recorded CVD or CVD risk factors who are GP recorded current smokers or have no smoking status recorded, whose notes record smoking status in the preceding 12 months.",Smoking: Record of smoking status (CVDP001SMOK),72.89,Persons,Sex,0,27110.0,To March 2026,73.79,73.34,
E54000044,"NHS Buckinghamshire, Oxfordshire and Berkshire West Integrated Care Board",Female,14745.0,,,CVDP001SMOK,"Patients with GP recorded CVD or CVD risk factors who are GP recorded current smokers or have no smoking status recorded, whose notes record smoking status in the preceding 12 months.",Smoking: Record of smoking status (CVDP001SMOK),75.43,Female,Sex,0,11225.0,To March 2026,76.8,76.12,
E54000044,"NHS Buckinghamshire, Oxfordshire and Berkshire West Integrated Care Board",Male,22215.0,,,CVDP001SMOK,"Patients with GP recorded CVD or CVD risk factors who are GP recorded current smokers or have no smoking status recorded, whose notes record smoking status in the preceding 12 months.",Smoking: Record of smoking status (CVDP001SMOK),70.9,Male,Sex,0,15885.0,To March 2026,72.08,71.49,
E54000044,"NHS Buckinghamshire, Oxfordshire and Berkshire West Integrated Care Board",Male,1540.0,,,CVDP001SMOK,"Patients with GP recorded CVD or CVD risk factors who are GP recorded current smokers or have no smoking status recorded, whose notes record smoking status in the preceding 12 months.",Smoking: Record of smoking status (CVDP001SMOK),53.66,18-39,Age group,0,865.0,To March 2026,58.59,56.17,
E54000044,"NHS Buckinghamshire, Oxfordshire and Berkshire West Integrated Care Board",Female,955.0,,,CVDP001SMOK,"Patients with GP recorded CVD or CVD risk factors who are GP recorded current smokers or have no smoking status recorded, whose notes record smoking status in the preceding 12 months.",Smoking: Record of smoking status (CVDP001SMOK),64.05,18-39,Age group,0,640.0,To March 2026,70.01,67.09,
E54000044,"NHS Buckinghamshire, Oxfordshire and Berkshire West Integrated Care Board",Persons,2495.0,,,CVDP001SMOK,"Patients with GP recorded CVD or CVD risk factors who are GP recorded current smokers or have no smoking status recorded, whose notes record smoking status in the preceding 12 months.",Smoking: Record of smoking status (CVDP001SMOK),58.43,18-39,Age group,0,1505.0,To March 2026,62.23,60.34,
E54000044,"NHS Buckinghamshire, Oxfordshire and Berkshire West Integrated Care Board",Male,9320.0,,,CVDP001SMOK,"Patients with GP recorded CVD or CVD risk factors who are GP recorded current smokers or have no smoking status recorded, whose notes record smoking status in the preceding 12 months.",Smoking: Record of smoking status (CVDP001SMOK),67.34,40-59,Age group,0,6365.0,To March 2026,69.22,68.29,
E54000044,"NHS Buckinghamshire, Oxfordshire and Berkshire West Integrated Care Board",Female,5365.0,,,CVDP001SMOK,"Patients with GP recorded CVD or CVD risk factors who are GP recorded current smokers or have no smoking status recorded, whose notes record smoking status in the preceding 12 months.",Smoking: Record of smoking status (CVDP001SMOK),74.56,40-59,Age group,0,4065.0,To March 2026,76.85,75.72,
E54000044,"NHS Buckinghamshire, Oxfordshire and Berkshire West Integrated Care Board",Persons,14685.0,,,CVDP001SMOK,"Patients with GP recorded CVD or CVD risk factors who are GP recorded current smokers or have no smoking status recorded, whose notes record smoking status in the preceding 12 months.",Smoking: Record of smoking status (CVDP001SMOK),70.27,40-59,Age group,0,10425.0,To March 2026,71.73,71.0,
E54000044,"NHS Buckinghamshire, Oxfordshire and Berkshire West Integrated Care Board",Male,10135.0,,,CVDP001SMOK,"Patients with GP recorded CVD or CVD risk factors who are GP recorded current smokers or have no smoking status recorded, whose notes record smoking status in the preceding 12 months.",Smoking: Record of smoking status (CVDP001SMOK),75.47,60-79,Age group,0,7730.0,To March 2026,77.11,76.3,
E54000044,"NHS Buckinghamshire, Oxfordshire and Berkshire West Integrated Care Board",Female,7055.0,,,CVDP001SMOK,"Patients with GP recorded CVD or CVD risk factors who are GP recorded current smokers or have no smoking status recorded, whose notes record smoking status in the preceding 12 months.",Smoking: Record of smoking status (CVDP001SMOK),76.71,60-79,Age group,0,5480.0,To March 2026,78.65,77.69,
E54000044,"NHS Buckinghamshire, Oxfordshire and Berkshire West Integrated Care Board",Persons,17190.0,,,CVDP001SMOK,"Patients with GP recorded CVD or CVD risk factors who are GP recorded current smokers or have no smoking status recorded, whose notes record smoking status in the preceding 12 months.",Smoking: Record of smoking status (CVDP001SMOK),76.23,60-79,Age group,0,13215.0,To March 2026,77.49,76.87,
E54000044,"NHS Buckinghamshire, Oxfordshire and Berkshire West Integrated Care Board",Male,1225.0,,,CVDP001SMOK,"Patients with GP recorded CVD or CVD risk factors who are GP recorded current smokers or have no smoking status recorded, whose notes record smoking status in the preceding 12 months.",Smoking: Record of smoking status (CVDP001SMOK),72.94,80+,Age group,0,925.0,To March 2026,77.75,75.41,
E54000044,"NHS Buckinghamshire, Oxfordshire and Berkshire West Integrated Care Board",Female,1370.0,,,CVDP001SMOK,"Patients with GP recorded CVD or CVD risk factors who are GP recorded current smokers or have no smoking status recorded, whose notes record smoking status in the preceding 12 months.",Smoking: Record of smoking status (CVDP001SMOK),73.56,80+,Age group,0,1040.0,To March 2026,78.08,75.91,
E54000044,"NHS Buckinghamshire, Oxfordshire and Berkshire West Integrated Care Board",Persons,2595.0,,,CVDP001SMOK,"Patients with GP recorded CVD or CVD risk factors who are GP recorded current smokers or have no smoking status recorded, whose notes record smoking status in the preceding 12 months.",Smoking: Record of smoking status (CVDP001SMOK),74.01,80+,Age group,0,1965.0,To March 2026,77.28,75.67,
E54000044,"NHS Buckinghamshire, Oxfordshire and Berkshire West Integrated Care Board",Persons,2145.0,,,CVDP001SMOK,"Patients with GP recorded CVD or CVD risk factors who are GP recorded current smokers or have no smoking status recorded, whose notes record smoking status in the preceding 12 months.",Smoking: Record of smoking status (CVDP001SMOK),72.55,1 - most deprived,Deprivation quintile,0,1595.0,To March 2026,76.23,74.43,
E54000044,"NHS Buckinghamshire, Oxfordshire and Berkshire West Integrated Care Board",Persons,5520.0,,,CVDP001SMOK,"Patients with GP recorded CVD or CVD risk factors who are GP recorded current smokers or have no smoking status recorded, whose notes record smoking status in the preceding 12 months.",Smoking: Record of smoking status (CVDP001SMOK),72.2,2,Deprivation quintile,0,4050.0,To March 2026,74.52,73.38,
E54000044,"NHS Buckinghamshire, Oxfordshire and Berkshire West Integrated Care Board",Persons,6860.0,,,CVDP001SMOK,"Patients with GP recorded CVD or CVD risk factors who are GP recorded current smokers or have no smoking status recorded, whose notes record smoking status in the preceding 12 months.",Smoking: Record of smoking status (CVDP001SMOK),72.63,3,Deprivation quintile,0,5055.0,To March 2026,74.71,73.68,
E54000044,"NHS Buckinghamshire, Oxfordshire and Berkshire West Integrated Care Board",Persons,9570.0,,,CVDP001SMOK,"Patients with GP recorded CVD or CVD risk factors who are GP recorded current smokers or have no smoking status recorded, whose notes record smoking status in the preceding 12 months.",Smoking: Record of smoking status (CVDP001SMOK),73.01,4,Deprivation quintile,0,7070.0,To March 2026,74.76,73.9,
E54000044,"NHS Buckinghamshire, Oxfordshire and Berkshire West Integrated Care Board",Persons,12845.0,,,CVDP001SMOK,"Patients with GP recorded CVD or CVD risk factors who are GP recorded current smokers or have no smoking status recorded, whose notes record smoking status in the preceding 12 months.",Smoking: Record of smoking status (CVDP001SMOK),71.8,5 - least deprived,Deprivation quintile,0,9325.0,To March 2026,73.34,72.58,
E54000044,"NHS Buckinghamshire, Oxfordshire and Berkshire West Integrated Care Board",Persons,2960.0,,,CVDP001SMOK,"Patients with GP recorded CVD or CVD risk factors who are GP recorded current smokers or have no smoking status recorded, whose notes record smoking status in the preceding 12 months.",Smoking: Record of smoking status (CVDP001SMOK),68.59,Asian,Ethnicity,0,2080.0,To March 2026,71.86,70.25,
E54000044,"NHS Buckinghamshire, Oxfordshire and Berkshire West Integrated Care Board",Persons,1040.0,,,CVDP001SMOK,"Patients with GP recorded CVD or CVD risk factors who are GP recorded current smokers or have no smoking status recorded, whose notes record smoking status in the preceding 12 months.",Smoking: Record of smoking status (CVDP001SMOK),70.14,Black,Ethnicity,0,760.0,To March 2026,75.5,72.94,
E54000044,"NHS Buckinghamshire, Oxfordshire and Berkshire West Integrated Care Board",Persons,710.0,,,CVDP001SMOK,"Patients with GP recorded CVD or CVD risk factors who are GP recorded current smokers or have no smoking status recorded, whose notes record smoking status in the preceding 12 months.",Smoking: Record of smoking status (CVDP001SMOK),46.13,Missing,Ethnicity,0,355.0,To March 2026,53.45,49.86,
E54000044,"NHS Buckinghamshire, Oxfordshire and Berkshire West Integrated Care Board",Persons,605.0,,,CVDP001SMOK,"Patients with GP recorded CVD or CVD risk factors who are GP recorded current smokers or have no smoking status recorded, whose notes record smoking status in the preceding 12 months.",Smoking: Record of smoking status (CVDP001SMOK),68.09,Mixed,Ethnicity,0,435.0,To March 2026,75.16,71.74,
E54000044,"NHS Buckinghamshire, Oxfordshire and Berkshire West Integrated Care Board",Persons,1640.0,,,CVDP001SMOK,"Patients with GP recorded CVD or CVD risk factors who are GP recorded current smokers or have no smoking status recorded, whose notes record smoking status in the preceding 12 months.",Smoking: Record of smoking status (CVDP001SMOK),59.04,Not stated,Ethnicity,0,1005.0,To March 2026,63.72,61.4,
E54000044,"NHS Buckinghamshire, Oxfordshire and Berkshire West Integrated Care Board",Persons,550.0,,,CVDP001SMOK,"Patients with GP recorded CVD or CVD risk factors who are GP recorded current smokers or have no smoking status recorded, whose notes record smoking status in the preceding 12 months.",Smoking: Record of smoking status (CVDP001SMOK),66.85,Other,Ethnicity,0,390.0,To March 2026,74.28,70.67,
E54000044,"NHS Buckinghamshire, Oxfordshire and Berkshire West Integrated Care Board",Persons,29455.0,,,CVDP001SMOK,"Patients with GP recorded CVD or CVD risk factors who are GP recorded current smokers or have no smoking status recorded, whose notes record smoking status in the preceding 12 months.",Smoking: Record of smoking status (CVDP001SMOK),74.48,White,Ethnicity,0,22085.0,To March 2026,75.47,74.98,
E54000044,"NHS Buckinghamshire, Oxfordshire and Berkshire West Integrated Care Board",Persons,35545.0,,,CVDP001SMOK,"Patients with GP recorded CVD or CVD risk factors who are GP recorded current smokers or have no smoking status recorded, whose notes record smoking status in the preceding 12 months.",Smoking: Record of smoking status (CVDP001SMOK),72.37,People without SMI,Mental Health,0,25890.0,To March 2026,73.29,72.83,
E54000044,"NHS Buckinghamshire, Oxfordshire and Berkshire West Integrated Care Board",Persons,1415.0,,,CVDP001SMOK,"Patients with GP recorded CVD or CVD risk factors who are GP recorded current smokers or have no smoking status recorded, whose notes record smoking status in the preceding 12 months.",Smoking: Record of smoking status (CVDP001SMOK),84.23,People with SMI,Mental Health,0,1220.0,To March 2026,87.82,86.1,
E54000044,"NHS Buckinghamshire, Oxfordshire and Berkshire West Integrated Care Board",Persons,36735.0,,,CVDP001SMOK,"Patients with GP recorded CVD or CVD risk factors who are GP recorded current smokers or have no smoking status recorded, whose notes record smoking status in the preceding 12 months.",Smoking: Record of smoking status (CVDP001SMOK),72.78,People without a diagnosed learning disability,Learning Disability,0,26905.0,To March 2026,73.69,73.24,
E54000044,"NHS Buckinghamshire, Oxfordshire and Berkshire West Integrated Care Board",Persons,230.0,,,CVDP001SMOK,"Patients with GP recorded CVD or CVD risk factors who are GP recorded current smokers or have no smoking status recorded, whose notes record smoking status in the preceding 12 months.",Smoking: Record of smoking status (CVDP001SMOK),84.85,People with a diagnosed learning disability,Learning Disability,0,205.0,To March 2026,92.64,89.47,
E54000056,NHS Cambridgeshire and Peterborough Integrated Care Board,Persons,23025.0,,,CVDP001SMOK,"Patients with GP recorded CVD or CVD risk factors who are GP recorded current smokers or have no smoking status recorded, whose notes record smoking status in the preceding 12 months.",Smoking: Record of smoking status (CVDP001SMOK),79.24,Persons,Sex,0,18365.0,To March 2026,80.28,79.76,
E54000056,NHS Cambridgeshire and Peterborough Integrated Care Board,Female,9380.0,,,CVDP001SMOK,"Patients with GP recorded CVD or CVD risk factors who are GP recorded current smokers or have no smoking status recorded, whose notes record smoking status in the preceding 12 months.",Smoking: Record of smoking status (CVDP001SMOK),81.32,Female,Sex,0,7700.0,To March 2026,82.86,82.1,
E54000056,NHS Cambridgeshire and Peterborough Integrated Care Board,Male,13645.0,,,CVDP001SMOK,"Patients with GP recorded CVD or CVD risk factors who are GP recorded current smokers or have no smoking status recorded, whose notes record smoking status in the preceding 12 months.",Smoking: Record of smoking status (CVDP001SMOK),77.46,Male,Sex,0,10665.0,To March 2026,78.84,78.15,
E54000056,NHS Cambridgeshire and Peterborough Integrated Care Board,Male,1015.0,,,CVDP001SMOK,"Patients with GP recorded CVD or CVD risk factors who are GP recorded current smokers or have no smoking status recorded, whose notes record smoking status in the preceding 12 months.",Smoking: Record of smoking status (CVDP001SMOK),61.49,18-39,Age group,0,655.0,To March 2026,67.29,64.43,
E54000056,NHS Cambridgeshire and Peterborough Integrated Care Board,Female,635.0,,,CVDP001SMOK,"Patients with GP recorded CVD or CVD risk factors who are GP recorded current smokers or have no smoking status recorded, whose notes record smoking status in the preceding 12 months.",Smoking: Record of smoking status (CVDP001SMOK),72.66,18-39,Age group,0,485.0,To March 2026,79.22,76.14,
E54000056,NHS Cambridgeshire and Peterborough Integrated Care Board,Persons,1650.0,,,CVDP001SMOK,"Patients with GP recorded CVD or CVD risk factors who are GP recorded current smokers or have no smoking status recorded, whose notes record smoking status in the preceding 12 months.",Smoking: Record of smoking status (CVDP001SMOK),66.71,18-39,Age group,0,1140.0,To March 2026,71.12,68.95,
E54000056,NHS Cambridgeshire and Peterborough Integrated Care Board,Male,5815.0,,,CVDP001SMOK,"Patients with GP recorded CVD or CVD risk factors who are GP recorded current smokers or have no smoking status recorded, whose notes record smoking status in the preceding 12 months.",Smoking: Record of smoking status (CVDP001SMOK),74.18,40-59,Age group,0,4380.0,To March 2026,76.38,75.31,
E54000056,NHS Cambridgeshire and Peterborough Integrated Care Board,Female,3555.0,,,CVDP001SMOK,"Patients with GP recorded CVD or CVD risk factors who are GP recorded current smokers or have no smoking status recorded, whose notes record smoking status in the preceding 12 months.",Smoking: Record of smoking status (CVDP001SMOK),81.36,40-59,Age group,0,2935.0,To March 2026,83.83,82.64,
E54000056,NHS Cambridgeshire and Peterborough Integrated Care Board,Persons,9370.0,,,CVDP001SMOK,"Patients with GP recorded CVD or CVD risk factors who are GP recorded current smokers or have no smoking status recorded, whose notes record smoking status in the preceding 12 months.",Smoking: Record of smoking status (CVDP001SMOK),77.24,40-59,Age group,0,7315.0,To March 2026,78.91,78.09,
E54000056,NHS Cambridgeshire and Peterborough Integrated Care Board,Male,6095.0,,,CVDP001SMOK,"Patients with GP recorded CVD or CVD risk factors who are GP recorded current smokers or have no smoking status recorded, whose notes record smoking status in the preceding 12 months.",Smoking: Record of smoking status (CVDP001SMOK),81.34,60-79,Age group,0,5015.0,To March 2026,83.24,82.31,
E54000056,NHS Cambridgeshire and Peterborough Integrated Care Board,Female,4540.0,,,CVDP001SMOK,"Patients with GP recorded CVD or CVD risk factors who are GP recorded current smokers or have no smoking status recorded, whose notes record smoking status in the preceding 12 months.",Smoking: Record of smoking status (CVDP001SMOK),81.51,60-79,Age group,0,3750.0,To March 2026,83.71,82.64,
E54000056,NHS Cambridgeshire and Peterborough Integrated Care Board,Persons,10635.0,,,CVDP001SMOK,"Patients with GP recorded CVD or CVD risk factors who are GP recorded current smokers or have no smoking status recorded, whose notes record smoking status in the preceding 12 months.",Smoking: Record of smoking status (CVDP001SMOK),81.72,60-79,Age group,0,8770.0,To March 2026,83.16,82.45,
E54000056,NHS Cambridgeshire and Peterborough Integrated Care Board,Male,720.0,,,CVDP001SMOK,"Patients with GP recorded CVD or CVD risk factors who are GP recorded current smokers or have no smoking status recorded, whose notes record smoking status in the preceding 12 months.",Smoking: Record of smoking status (CVDP001SMOK),82.6,80+,Age group,0,615.0,To March 2026,87.71,85.3,
E54000056,NHS Cambridgeshire and Peterborough Integrated Care Board,Female,650.0,,,CVDP001SMOK,"Patients with GP recorded CVD or CVD risk factors who are GP recorded current smokers or have no smoking status recorded, whose notes record smoking status in the preceding 12 months.",Smoking: Record of smoking status (CVDP001SMOK),78.1,80+,Age group,0,530.0,To March 2026,84.07,81.23,
E54000056,NHS Cambridgeshire and Peterborough Integrated Care Board,Persons,1370.0,,,CVDP001SMOK,"Patients with GP recorded CVD or CVD risk factors who are GP recorded current smokers or have no smoking status recorded, whose notes record smoking status in the preceding 12 months.",Smoking: Record of smoking status (CVDP001SMOK),81.3,80+,Age group,0,1145.0,To March 2026,85.23,83.37,
E54000056,NHS Cambridgeshire and Peterborough Integrated Care Board,Persons,5465.0,,,CVDP001SMOK,"Patients with GP recorded CVD or CVD risk factors who are GP recorded current smokers or have no smoking status recorded, whose notes record smoking status in the preceding 12 months.",Smoking: Record of smoking status (CVDP001SMOK),79.81,1 - most deprived,Deprivation quintile,0,4420.0,To March 2026,81.89,80.88,
E54000056,NHS Cambridgeshire and Peterborough Integrated Care Board,Persons,3855.0,,,CVDP001SMOK,"Patients with GP recorded CVD or CVD risk factors who are GP recorded current smokers or have no smoking status recorded, whose notes record smoking status in the preceding 12 months.",Smoking: Record of smoking status (CVDP001SMOK),79.44,2,Deprivation quintile,0,3110.0,To March 2026,81.93,80.72,
E54000056,NHS Cambridgeshire and Peterborough Integrated Care Board,Persons,5625.0,,,CVDP001SMOK,"Patients with GP recorded CVD or CVD risk factors who are GP recorded current smokers or have no smoking status recorded, whose notes record smoking status in the preceding 12 months.",Smoking: Record of smoking status (CVDP001SMOK),79.65,3,Deprivation quintile,0,4540.0,To March 2026,81.71,80.7,
E54000056,NHS Cambridgeshire and Peterborough Integrated Care Board,Persons,4315.0,,,CVDP001SMOK,"Patients with GP recorded CVD or CVD risk factors who are GP recorded current smokers or have no smoking status recorded, whose notes record smoking status in the preceding 12 months.",Smoking: Record of smoking status (CVDP001SMOK),76.93,4,Deprivation quintile,0,3375.0,To March 2026,79.38,78.19,
E54000056,NHS Cambridgeshire and Peterborough Integrated Care Board,Persons,3910.0,,,CVDP001SMOK,"Patients with GP recorded CVD or CVD risk factors who are GP recorded current smokers or have no smoking status recorded, whose notes record smoking status in the preceding 12 months.",Smoking: Record of smoking status (CVDP001SMOK),77.34,5 - least deprived,Deprivation quintile,0,3075.0,To March 2026,79.89,78.65,
E54000056,NHS Cambridgeshire and Peterborough Integrated Care Board,Persons,1270.0,,,CVDP001SMOK,"Patients with GP recorded CVD or CVD risk factors who are GP recorded current smokers or have no smoking status recorded, whose notes record smoking status in the preceding 12 months.",Smoking: Record of smoking status (CVDP001SMOK),75.94,Asian,Ethnicity,0,995.0,To March 2026,80.42,78.25,
E54000056,NHS Cambridgeshire and Peterborough Integrated Care Board,Persons,385.0,,,CVDP001SMOK,"Patients with GP recorded CVD or CVD risk factors who are GP recorded current smokers or have no smoking status recorded, whose notes record smoking status in the preceding 12 months.",Smoking: Record of smoking status (CVDP001SMOK),68.21,Black,Ethnicity,0,280.0,To March 2026,76.92,72.87,
E54000056,NHS Cambridgeshire and Peterborough Integrated Care Board,Persons,215.0,,,CVDP001SMOK,"Patients with GP recorded CVD or CVD risk factors who are GP recorded current smokers or have no smoking status recorded, whose notes record smoking status in the preceding 12 months.",Smoking: Record of smoking status (CVDP001SMOK),53.18,Missing,Ethnicity,0,130.0,To March 2026,65.91,59.91,
E54000056,NHS Cambridgeshire and Peterborough Integrated Care Board,Persons,260.0,,,CVDP001SMOK,"Patients with GP recorded CVD or CVD risk factors who are GP recorded current smokers or have no smoking status recorded, whose notes record smoking status in the preceding 12 months.",Smoking: Record of smoking status (CVDP001SMOK),64.26,Mixed,Ethnicity,0,180.0,To March 2026,75.29,70.0,
E54000056,NHS Cambridgeshire and Peterborough Integrated Care Board,Persons,365.0,,,CVDP001SMOK,"Patients with GP recorded CVD or CVD risk factors who are GP recorded current smokers or have no smoking status recorded, whose notes record smoking status in the preceding 12 months.",Smoking: Record of smoking status (CVDP001SMOK),65.03,Not stated,Ethnicity,0,255.0,To March 2026,74.32,69.97,
E54000056,NHS Cambridgeshire and Peterborough Integrated Care Board,Persons,295.0,,,CVDP001SMOK,"Patients with GP recorded CVD or CVD risk factors who are GP recorded current smokers or have no smoking status recorded, whose notes record smoking status in the preceding 12 months.",Smoking: Record of smoking status (CVDP001SMOK),75.5,Other,Ethnicity,0,235.0,To March 2026,84.23,80.34,
E54000056,NHS Cambridgeshire and Peterborough Integrated Care Board,Persons,20235.0,,,CVDP001SMOK,"Patients with GP recorded CVD or CVD risk factors who are GP recorded current smokers or have no smoking status recorded, whose notes record smoking status in the preceding 12 months.",Smoking: Record of smoking status (CVDP001SMOK),79.94,White,Ethnicity,0,16290.0,To March 2026,81.03,80.49,
E54000056,NHS Cambridgeshire and Peterborough Integrated Care Board,Persons,22225.0,,,CVDP001SMOK,"Patients with GP recorded CVD or CVD risk factors who are GP recorded current smokers or have no smoking status recorded, whose notes record smoking status in the preceding 12 months.",Smoking: Record of smoking status (CVDP001SMOK),78.8,People without SMI,Mental Health,0,17635.0,To March 2026,79.86,79.34,
E54000056,NHS Cambridgeshire and Peterborough Integrated Care Board,Persons,800.0,,,CVDP001SMOK,"Patients with GP recorded CVD or CVD risk factors who are GP recorded current smokers or have no smoking status recorded, whose notes record smoking status in the preceding 12 months.",Smoking: Record of smoking status (CVDP001SMOK),89.54,People with SMI,Mental Health,0,735.0,To March 2026,93.28,91.63,
E54000056,NHS Cambridgeshire and Peterborough Integrated Care Board,Persons,22910.0,,,CVDP001SMOK,"Patients with GP recorded CVD or CVD risk factors who are GP recorded current smokers or have no smoking status recorded, whose notes record smoking status in the preceding 12 months.",Smoking: Record of smoking status (CVDP001SMOK),79.17,People without a diagnosed learning disability,Learning Disability,0,18260.0,To March 2026,80.21,79.7,
E54000056,NHS Cambridgeshire and Peterborough Integrated Care Board,Persons,115.0,,,CVDP001SMOK,"Patients with GP recorded CVD or CVD risk factors who are GP recorded current smokers or have no smoking status recorded, whose notes record smoking status in the preceding 12 months.",Smoking: Record of smoking status (CVDP001SMOK),87.29,People with a diagnosed learning disability,Learning Disability,0,105.0,To March 2026,96.61,93.04,
E54000008,NHS Cheshire and Merseyside Integrated Care Board,Persons,79285.0,,,CVDP001SMOK,"Patients with GP recorded CVD or CVD risk factors who are GP recorded current smokers or have no smoking status recorded, whose notes record smoking status in the preceding 12 months.",Smoking: Record of smoking status (CVDP001SMOK),75.52,Persons,Sex,0,60110.0,To March 2026,76.11,75.82,
E54000008,NHS Cheshire and Merseyside Integrated Care Board,Female,35325.0,,,CVDP001SMOK,"Patients with GP recorded CVD or CVD risk factors who are GP recorded current smokers or have no smoking status recorded, whose notes record smoking status in the preceding 12 months.",Smoking: Record of smoking status (CVDP001SMOK),78.07,Female,Sex,0,27730.0,To March 2026,78.93,78.51,
E54000008,NHS Cheshire and Merseyside Integrated Care Board,Male,43960.0,,,CVDP001SMOK,"Patients with GP recorded CVD or CVD risk factors who are GP recorded current smokers or have no smoking status recorded, whose notes record smoking status in the preceding 12 months.",Smoking: Record of smoking status (CVDP001SMOK),73.24,Male,Sex,0,32380.0,To March 2026,74.06,73.66,
E54000008,NHS Cheshire and Merseyside Integrated Care Board,Male,2685.0,,,CVDP001SMOK,"Patients with GP recorded CVD or CVD risk factors who are GP recorded current smokers or have no smoking status recorded, whose notes record smoking status in the preceding 12 months.",Smoking: Record of smoking status (CVDP001SMOK),53.09,18-39,Age group,0,1475.0,To March 2026,56.85,54.98,
E54000008,NHS Cheshire and Merseyside Integrated Care Board,Female,1775.0,,,CVDP001SMOK,"Patients with GP recorded CVD or CVD risk factors who are GP recorded current smokers or have no smoking status recorded, whose notes record smoking status in the preceding 12 months.",Smoking: Record of smoking status (CVDP001SMOK),62.56,18-39,Age group,0,1150.0,To March 2026,66.95,64.81,
E54000008,NHS Cheshire and Merseyside Integrated Care Board,Persons,4460.0,,,CVDP001SMOK,"Patients with GP recorded CVD or CVD risk factors who are GP recorded current smokers or have no smoking status recorded, whose notes record smoking status in the preceding 12 months.",Smoking: Record of smoking status (CVDP001SMOK),57.44,18-39,Age group,0,2625.0,To March 2026,60.31,58.89,
E54000008,NHS Cheshire and Merseyside Integrated Care Board,Male,17630.0,,,CVDP001SMOK,"Patients with GP recorded CVD or CVD risk factors who are GP recorded current smokers or have no smoking status recorded, whose notes record smoking status in the preceding 12 months.",Smoking: Record of smoking status (CVDP001SMOK),68.46,40-59,Age group,0,12190.0,To March 2026,69.82,69.14,
E54000008,NHS Cheshire and Merseyside Integrated Care Board,Female,12155.0,,,CVDP001SMOK,"Patients with GP recorded CVD or CVD risk factors who are GP recorded current smokers or have no smoking status recorded, whose notes record smoking status in the preceding 12 months.",Smoking: Record of smoking status (CVDP001SMOK),75.18,40-59,Age group,0,9230.0,To March 2026,76.69,75.94,
E54000008,NHS Cheshire and Merseyside Integrated Care Board,Persons,29785.0,,,CVDP001SMOK,"Patients with GP recorded CVD or CVD risk factors who are GP recorded current smokers or have no smoking status recorded, whose notes record smoking status in the preceding 12 months.",Smoking: Record of smoking status (CVDP001SMOK),71.4,40-59,Age group,0,21420.0,To March 2026,72.42,71.92,
E54000008,NHS Cheshire and Merseyside Integrated Care Board,Male,21510.0,,,CVDP001SMOK,"Patients with GP recorded CVD or CVD risk factors who are GP recorded current smokers or have no smoking status recorded, whose notes record smoking status in the preceding 12 months.",Smoking: Record of smoking status (CVDP001SMOK),78.62,60-79,Age group,0,17030.0,To March 2026,79.71,79.17,
E54000008,NHS Cheshire and Merseyside Integrated Care Board,Female,18540.0,,,CVDP001SMOK,"Patients with GP recorded CVD or CVD risk factors who are GP recorded current smokers or have no smoking status recorded, whose notes record smoking status in the preceding 12 months.",Smoking: Record of smoking status (CVDP001SMOK),80.75,60-79,Age group,0,15080.0,To March 2026,81.88,81.32,
E54000008,NHS Cheshire and Merseyside Integrated Care Board,Persons,40050.0,,,CVDP001SMOK,"Patients with GP recorded CVD or CVD risk factors who are GP recorded current smokers or have no smoking status recorded, whose notes record smoking status in the preceding 12 months.",Smoking: Record of smoking status (CVDP001SMOK),79.77,60-79,Age group,0,32110.0,To March 2026,80.55,80.17,
E54000008,NHS Cheshire and Merseyside Integrated Care Board,Male,2140.0,,,CVDP001SMOK,"Patients with GP recorded CVD or CVD risk factors who are GP recorded current smokers or have no smoking status recorded, whose notes record smoking status in the preceding 12 months.",Smoking: Record of smoking status (CVDP001SMOK),77.07,80+,Age group,0,1685.0,To March 2026,80.52,78.86,
E54000008,NHS Cheshire and Merseyside Integrated Care Board,Female,2850.0,,,CVDP001SMOK,"Patients with GP recorded CVD or CVD risk factors who are GP recorded current smokers or have no smoking status recorded, whose notes record smoking status in the preceding 12 months.",Smoking: Record of smoking status (CVDP001SMOK),78.11,80+,Age group,0,2270.0,To March 2026,81.05,79.63,
E54000008,NHS Cheshire and Merseyside Integrated Care Board,Persons,4990.0,,,CVDP001SMOK,"Patients with GP recorded CVD or CVD risk factors who are GP recorded current smokers or have no smoking status recorded, whose notes record smoking status in the preceding 12 months.",Smoking: Record of smoking status (CVDP001SMOK),78.15,80+,Age group,0,3955.0,To March 2026,80.39,79.3,
E54000008,NHS Cheshire and Merseyside Integrated Care Board,Persons,43795.0,,,CVDP001SMOK,"Patients with GP recorded CVD or CVD risk factors who are GP recorded current smokers or have no smoking status recorded, whose notes record smoking status in the preceding 12 months.",Smoking: Record of smoking status (CVDP001SMOK),76.31,1 - most deprived,Deprivation quintile,0,33595.0,To March 2026,77.1,76.71,
E54000008,NHS Cheshire and Merseyside Integrated Care Board,Persons,12870.0,,,CVDP001SMOK,"Patients with GP recorded CVD or CVD risk factors who are GP recorded current smokers or have no smoking status recorded, whose notes record smoking status in the preceding 12 months.",Smoking: Record of smoking status (CVDP001SMOK),74.98,2,Deprivation quintile,0,9745.0,To March 2026,76.46,75.73,
E54000008,NHS Cheshire and Merseyside Integrated Care Board,Persons,8500.0,,,CVDP001SMOK,"Patients with GP recorded CVD or CVD risk factors who are GP recorded current smokers or have no smoking status recorded, whose notes record smoking status in the preceding 12 months.",Smoking: Record of smoking status (CVDP001SMOK),74.84,3,Deprivation quintile,0,6440.0,To March 2026,76.65,75.76,
E54000008,NHS Cheshire and Merseyside Integrated Care Board,Persons,8010.0,,,CVDP001SMOK,"Patients with GP recorded CVD or CVD risk factors who are GP recorded current smokers or have no smoking status recorded, whose notes record smoking status in the preceding 12 months.",Smoking: Record of smoking status (CVDP001SMOK),73.52,4,Deprivation quintile,0,5970.0,To March 2026,75.42,74.49,
E54000008,NHS Cheshire and Merseyside Integrated Care Board,Persons,5855.0,,,CVDP001SMOK,"Patients with GP recorded CVD or CVD risk factors who are GP recorded current smokers or have no smoking status recorded, whose notes record smoking status in the preceding 12 months.",Smoking: Record of smoking status (CVDP001SMOK),70.29,5 - least deprived,Deprivation quintile,0,4180.0,To March 2026,72.59,71.45,
E54000008,NHS Cheshire and Merseyside Integrated Care Board,Persons,1530.0,,,CVDP001SMOK,"Patients with GP recorded CVD or CVD risk factors who are GP recorded current smokers or have no smoking status recorded, whose notes record smoking status in the preceding 12 months.",Smoking: Record of smoking status (CVDP001SMOK),66.43,Asian,Ethnicity,0,1050.0,To March 2026,71.06,68.78,
E54000008,NHS Cheshire and Merseyside Integrated Care Board,Persons,800.0,,,CVDP001SMOK,"Patients with GP recorded CVD or CVD risk factors who are GP recorded current smokers or have no smoking status recorded, whose notes record smoking status in the preceding 12 months.",Smoking: Record of smoking status (CVDP001SMOK),64.13,Black,Ethnicity,0,540.0,To March 2026,70.61,67.5,
E54000008,NHS Cheshire and Merseyside Integrated Care Board,Persons,955.0,,,CVDP001SMOK,"Patients with GP recorded CVD or CVD risk factors who are GP recorded current smokers or have no smoking status recorded, whose notes record smoking status in the preceding 12 months.",Smoking: Record of smoking status (CVDP001SMOK),43.95,Missing,Ethnicity,0,450.0,To March 2026,50.21,47.12,
E54000008,NHS Cheshire and Merseyside Integrated Care Board,Persons,955.0,,,CVDP001SMOK,"Patients with GP recorded CVD or CVD risk factors who are GP recorded current smokers or have no smoking status recorded, whose notes record smoking status in the preceding 12 months.",Smoking: Record of smoking status (CVDP001SMOK),69.52,Mixed,Ethnicity,0,690.0,To March 2026,75.16,72.46,
E54000008,NHS Cheshire and Merseyside Integrated Care Board,Persons,2480.0,,,CVDP001SMOK,"Patients with GP recorded CVD or CVD risk factors who are GP recorded current smokers or have no smoking status recorded, whose notes record smoking status in the preceding 12 months.",Smoking: Record of smoking status (CVDP001SMOK),59.77,Not stated,Ethnicity,0,1530.0,To March 2026,63.55,61.69,
E54000008,NHS Cheshire and Merseyside Integrated Care Board,Persons,1460.0,,,CVDP001SMOK,"Patients with GP recorded CVD or CVD risk factors who are GP recorded current smokers or have no smoking status recorded, whose notes record smoking status in the preceding 12 months.",Smoking: Record of smoking status (CVDP001SMOK),67.76,Other,Ethnicity,0,1025.0,To March 2026,72.42,70.16,
E54000008,NHS Cheshire and Merseyside Integrated Care Board,Persons,71110.0,,,CVDP001SMOK,"Patients with GP recorded CVD or CVD risk factors who are GP recorded current smokers or have no smoking status recorded, whose notes record smoking status in the preceding 12 months.",Smoking: Record of smoking status (CVDP001SMOK),76.79,White,Ethnicity,0,54825.0,To March 2026,77.41,77.1,
E54000008,NHS Cheshire and Merseyside Integrated Care Board,Persons,75305.0,,,CVDP001SMOK,"Patients with GP recorded CVD or CVD risk factors who are GP recorded current smokers or have no smoking status recorded, whose notes record smoking status in the preceding 12 months.",Smoking: Record of smoking status (CVDP001SMOK),74.89,People without SMI,Mental Health,0,56625.0,To March 2026,75.51,75.2,
E54000008,NHS Cheshire and Merseyside Integrated Care Board,Persons,3980.0,,,CVDP001SMOK,"Patients with GP recorded CVD or CVD risk factors who are GP recorded current smokers or have no smoking status recorded, whose notes record smoking status in the preceding 12 months.",Smoking: Record of smoking status (CVDP001SMOK),86.45,People with SMI,Mental Health,0,3485.0,To March 2026,88.48,87.49,
E54000008,NHS Cheshire and Merseyside Integrated Care Board,Persons,78870.0,,,CVDP001SMOK,"Patients with GP recorded CVD or CVD risk factors who are GP recorded current smokers or have no smoking status recorded, whose notes record smoking status in the preceding 12 months.",Smoking: Record of smoking status (CVDP001SMOK),75.44,People without a diagnosed learning disability,Learning Disability,0,59735.0,To March 2026,76.04,75.74,
E54000008,NHS Cheshire and Merseyside Integrated Care Board,Persons,415.0,,,CVDP001SMOK,"Patients with GP recorded CVD or CVD risk factors who are GP recorded current smokers or have no smoking status recorded, whose notes record smoking status in the preceding 12 months.",Smoking: Record of smoking status (CVDP001SMOK),87.35,People with a diagnosed learning disability,Learning Disability,0,375.0,To March 2026,92.84,90.38,
E54000036,NHS Cornwall and the Isles of Scilly Integrated Care Board,Persons,15990.0,,,CVDP001SMOK,"Patients with GP recorded CVD or CVD risk factors who are GP recorded current smokers or have no smoking status recorded, whose notes record smoking status in the preceding 12 months.",Smoking: Record of smoking status (CVDP001SMOK),76.96,Persons,Sex,0,12410.0,To March 2026,78.25,77.61,
E54000036,NHS Cornwall and the Isles of Scilly Integrated Care Board,Female,6915.0,,,CVDP001SMOK,"Patients with GP recorded CVD or CVD risk factors who are GP recorded current smokers or have no smoking status recorded, whose notes record smoking status in the preceding 12 months.",Smoking: Record of smoking status (CVDP001SMOK),77.9,Female,Sex,0,5455.0,To March 2026,79.82,78.88,
E54000036,NHS Cornwall and the Isles of Scilly Integrated Care Board,Male,9075.0,,,CVDP001SMOK,"Patients with GP recorded CVD or CVD risk factors who are GP recorded current smokers or have no smoking status recorded, whose notes record smoking status in the preceding 12 months.",Smoking: Record of smoking status (CVDP001SMOK),75.76,Male,Sex,0,6955.0,To March 2026,77.5,76.65,
E54000036,NHS Cornwall and the Isles of Scilly Integrated Care Board,Male,500.0,,,CVDP001SMOK,"Patients with GP recorded CVD or CVD risk factors who are GP recorded current smokers or have no smoking status recorded, whose notes record smoking status in the preceding 12 months.",Smoking: Record of smoking status (CVDP001SMOK),56.37,18-39,Age group,0,305.0,To March 2026,64.74,60.72,
E54000036,NHS Cornwall and the Isles of Scilly Integrated Care Board,Female,420.0,,,CVDP001SMOK,"Patients with GP recorded CVD or CVD risk factors who are GP recorded current smokers or have no smoking status recorded, whose notes record smoking status in the preceding 12 months.",Smoking: Record of smoking status (CVDP001SMOK),66.75,18-39,Age group,0,300.0,To March 2026,75.3,71.29,
E54000036,NHS Cornwall and the Isles of Scilly Integrated Care Board,Persons,915.0,,,CVDP001SMOK,"Patients with GP recorded CVD or CVD risk factors who are GP recorded current smokers or have no smoking status recorded, whose notes record smoking status in the preceding 12 months.",Smoking: Record of smoking status (CVDP001SMOK),62.39,18-39,Age group,0,600.0,To March 2026,68.48,65.54,
E54000036,NHS Cornwall and the Isles of Scilly Integrated Care Board,Male,3155.0,,,CVDP001SMOK,"Patients with GP recorded CVD or CVD risk factors who are GP recorded current smokers or have no smoking status recorded, whose notes record smoking status in the preceding 12 months.",Smoking: Record of smoking status (CVDP001SMOK),69.96,40-59,Age group,0,2255.0,To March 2026,73.1,71.55,
E54000036,NHS Cornwall and the Isles of Scilly Integrated Care Board,Female,2305.0,,,CVDP001SMOK,"Patients with GP recorded CVD or CVD risk factors who are GP recorded current smokers or have no smoking status recorded, whose notes record smoking status in the preceding 12 months.",Smoking: Record of smoking status (CVDP001SMOK),75.28,40-59,Age group,0,1775.0,To March 2026,78.71,77.03,
E54000036,NHS Cornwall and the Isles of Scilly Integrated Care Board,Persons,5455.0,,,CVDP001SMOK,"Patients with GP recorded CVD or CVD risk factors who are GP recorded current smokers or have no smoking status recorded, whose notes record smoking status in the preceding 12 months.",Smoking: Record of smoking status (CVDP001SMOK),72.69,40-59,Age group,0,4030.0,To March 2026,75.01,73.86,
E54000036,NHS Cornwall and the Isles of Scilly Integrated Care Board,Male,4850.0,,,CVDP001SMOK,"Patients with GP recorded CVD or CVD risk factors who are GP recorded current smokers or have no smoking status recorded, whose notes record smoking status in the preceding 12 months.",Smoking: Record of smoking status (CVDP001SMOK),79.69,60-79,Age group,0,3920.0,To March 2026,81.9,80.82,
E54000036,NHS Cornwall and the Isles of Scilly Integrated Care Board,Female,3610.0,,,CVDP001SMOK,"Patients with GP recorded CVD or CVD risk factors who are GP recorded current smokers or have no smoking status recorded, whose notes record smoking status in the preceding 12 months.",Smoking: Record of smoking status (CVDP001SMOK),79.92,60-79,Age group,0,2935.0,To March 2026,82.46,81.23,
E54000036,NHS Cornwall and the Isles of Scilly Integrated Care Board,Persons,8460.0,,,CVDP001SMOK,"Patients with GP recorded CVD or CVD risk factors who are GP recorded current smokers or have no smoking status recorded, whose notes record smoking status in the preceding 12 months.",Smoking: Record of smoking status (CVDP001SMOK),80.15,60-79,Age group,0,6850.0,To March 2026,81.81,80.99,
E54000036,NHS Cornwall and the Isles of Scilly Integrated Care Board,Male,575.0,,,CVDP001SMOK,"Patients with GP recorded CVD or CVD risk factors who are GP recorded current smokers or have no smoking status recorded, whose notes record smoking status in the preceding 12 months.",Smoking: Record of smoking status (CVDP001SMOK),80.07,80+,Age group,0,480.0,To March 2026,86.14,83.28,
E54000036,NHS Cornwall and the Isles of Scilly Integrated Care Board,Female,585.0,,,CVDP001SMOK,"Patients with GP recorded CVD or CVD risk factors who are GP recorded current smokers or have no smoking status recorded, whose notes record smoking status in the preceding 12 months.",Smoking: Record of smoking status (CVDP001SMOK),73.55,80+,Age group,0,450.0,To March 2026,80.2,77.02,
E54000036,NHS Cornwall and the Isles of Scilly Integrated Care Board,Persons,1155.0,,,CVDP001SMOK,"Patients with GP recorded CVD or CVD risk factors who are GP recorded current smokers or have no smoking status recorded, whose notes record smoking status in the preceding 12 months.",Smoking: Record of smoking status (CVDP001SMOK),77.76,80+,Age group,0,925.0,To March 2026,82.33,80.12,
E54000036,NHS Cornwall and the Isles of Scilly Integrated Care Board,Persons,3250.0,,,CVDP001SMOK,"Patients with GP recorded CVD or CVD risk factors who are GP recorded current smokers or have no smoking status recorded, whose notes record smoking status in the preceding 12 months.",Smoking: Record of smoking status (CVDP001SMOK),76.77,1 - most deprived,Deprivation quintile,0,2545.0,To March 2026,79.6,78.23,
E54000036,NHS Cornwall and the Isles of Scilly Integrated Care Board,Persons,6875.0,,,CVDP001SMOK,"Patients with GP recorded CVD or CVD risk factors who are GP recorded current smokers or have no smoking status recorded, whose notes record smoking status in the preceding 12 months.",Smoking: Record of smoking status (CVDP001SMOK),76.27,2,Deprivation quintile,0,5315.0,To March 2026,78.25,77.28,
E54000036,NHS Cornwall and the Isles of Scilly Integrated Care Board,Persons,4060.0,,,CVDP001SMOK,"Patients with GP recorded CVD or CVD risk factors who are GP recorded current smokers or have no smoking status recorded, whose notes record smoking status in the preceding 12 months.",Smoking: Record of smoking status (CVDP001SMOK),75.97,3,Deprivation quintile,0,3135.0,To March 2026,78.53,77.29,
E54000036,NHS Cornwall and the Isles of Scilly Integrated Care Board,Persons,1735.0,,,CVDP001SMOK,"Patients with GP recorded CVD or CVD risk factors who are GP recorded current smokers or have no smoking status recorded, whose notes record smoking status in the preceding 12 months.",Smoking: Record of smoking status (CVDP001SMOK),76.03,4,Deprivation quintile,0,1355.0,To March 2026,79.89,78.01,
E54000036,NHS Cornwall and the Isles of Scilly Integrated Care Board,Persons,135.0,,,CVDP001SMOK,"Patients with GP recorded CVD or CVD risk factors who are GP recorded current smokers or have no smoking status recorded, whose notes record smoking status in the preceding 12 months.",Smoking: Record of smoking status (CVDP001SMOK),74.1,5 - least deprived,Deprivation quintile,0,110.0,To March 2026,87.05,81.62,
E54000036,NHS Cornwall and the Isles of Scilly Integrated Care Board,Persons,95.0,,,CVDP001SMOK,"Patients with GP recorded CVD or CVD risk factors who are GP recorded current smokers or have no smoking status recorded, whose notes record smoking status in the preceding 12 months.",Smoking: Record of smoking status (CVDP001SMOK),66.67,Asian,Ethnicity,0,75.0,To March 2026,82.83,76.04,
E54000036,NHS Cornwall and the Isles of Scilly Integrated Care Board,Persons,40.0,,,CVDP001SMOK,"Patients with GP recorded CVD or CVD risk factors who are GP recorded current smokers or have no smoking status recorded, whose notes record smoking status in the preceding 12 months.",Smoking: Record of smoking status (CVDP001SMOK),56.1,Black,Ethnicity,0,25.0,To March 2026,82.93,71.05,
E54000036,NHS Cornwall and the Isles of Scilly Integrated Care Board,Persons,930.0,,,CVDP001SMOK,"Patients with GP recorded CVD or CVD risk factors who are GP recorded current smokers or have no smoking status recorded, whose notes record smoking status in the preceding 12 months.",Smoking: Record of smoking status (CVDP001SMOK),65.88,Missing,Ethnicity,0,640.0,To March 2026,71.76,68.88,
E54000036,NHS Cornwall and the Isles of Scilly Integrated Care Board,Persons,60.0,,,CVDP001SMOK,"Patients with GP recorded CVD or CVD risk factors who are GP recorded current smokers or have no smoking status recorded, whose notes record smoking status in the preceding 12 months.",Smoking: Record of smoking status (CVDP001SMOK),62.3,Mixed,Ethnicity,0,45.0,To March 2026,83.61,74.14,
E54000036,NHS Cornwall and the Isles of Scilly Integrated Care Board,Persons,1585.0,,,CVDP001SMOK,"Patients with GP recorded CVD or CVD risk factors who are GP recorded current smokers or have no smoking status recorded, whose notes record smoking status in the preceding 12 months.",Smoking: Record of smoking status (CVDP001SMOK),68.28,Not stated,Ethnicity,0,1115.0,To March 2026,72.76,70.56,
E54000036,NHS Cornwall and the Isles of Scilly Integrated Care Board,Persons,55.0,,,CVDP001SMOK,"Patients with GP recorded CVD or CVD risk factors who are GP recorded current smokers or have no smoking status recorded, whose notes record smoking status in the preceding 12 months.",Smoking: Record of smoking status (CVDP001SMOK),57.89,Other,Ethnicity,0,40.0,To March 2026,80.7,70.37,
E54000036,NHS Cornwall and the Isles of Scilly Integrated Care Board,Persons,13230.0,,,CVDP001SMOK,"Patients with GP recorded CVD or CVD risk factors who are GP recorded current smokers or have no smoking status recorded, whose notes record smoking status in the preceding 12 months.",Smoking: Record of smoking status (CVDP001SMOK),78.45,White,Ethnicity,0,10470.0,To March 2026,79.83,79.14,
E54000036,NHS Cornwall and the Isles of Scilly Integrated Care Board,Persons,15435.0,,,CVDP001SMOK,"Patients with GP recorded CVD or CVD risk factors who are GP recorded current smokers or have no smoking status recorded, whose notes record smoking status in the preceding 12 months.",Smoking: Record of smoking status (CVDP001SMOK),76.65,People without SMI,Mental Health,0,11935.0,To March 2026,77.97,77.32,
E54000036,NHS Cornwall and the Isles of Scilly Integrated Care Board,Persons,555.0,,,CVDP001SMOK,"Patients with GP recorded CVD or CVD risk factors who are GP recorded current smokers or have no smoking status recorded, whose notes record smoking status in the preceding 12 months.",Smoking: Record of smoking status (CVDP001SMOK),82.65,People with SMI,Mental Health,0,475.0,To March 2026,88.37,85.79,
E54000036,NHS Cornwall and the Isles of Scilly Integrated Care Board,Persons,15910.0,,,CVDP001SMOK,"Patients with GP recorded CVD or CVD risk factors who are GP recorded current smokers or have no smoking status recorded, whose notes record smoking status in the preceding 12 months.",Smoking: Record of smoking status (CVDP001SMOK),76.87,People without a diagnosed learning disability,Learning Disability,0,12335.0,To March 2026,78.17,77.53,
E54000036,NHS Cornwall and the Isles of Scilly Integrated Care Board,Persons,80.0,,,CVDP001SMOK,"Patients with GP recorded CVD or CVD risk factors who are GP recorded current smokers or have no smoking status recorded, whose notes record smoking status in the preceding 12 months.",Smoking: Record of smoking status (CVDP001SMOK),87.65,People with a diagnosed learning disability,Learning Disability,0,75.0,To March 2026,97.53,94.87,
E54000018,NHS Coventry and Warwickshire Integrated Care Board,Persons,27540.0,,,CVDP001SMOK,"Patients with GP recorded CVD or CVD risk factors who are GP recorded current smokers or have no smoking status recorded, whose notes record smoking status in the preceding 12 months.",Smoking: Record of smoking status (CVDP001SMOK),72.66,Persons,Sex,0,20155.0,To March 2026,73.7,73.19,
E54000018,NHS Coventry and Warwickshire Integrated Care Board,Female,11410.0,,,CVDP001SMOK,"Patients with GP recorded CVD or CVD risk factors who are GP recorded current smokers or have no smoking status recorded, whose notes record smoking status in the preceding 12 months.",Smoking: Record of smoking status (CVDP001SMOK),74.94,Female,Sex,0,8640.0,To March 2026,76.51,75.73,
E54000018,NHS Coventry and Warwickshire Integrated Care Board,Male,16130.0,,,CVDP001SMOK,"Patients with GP recorded CVD or CVD risk factors who are GP recorded current smokers or have no smoking status recorded, whose notes record smoking status in the preceding 12 months.",Smoking: Record of smoking status (CVDP001SMOK),70.68,Male,Sex,0,11515.0,To March 2026,72.08,71.38,
E54000018,NHS Coventry and Warwickshire Integrated Care Board,Male,1165.0,,,CVDP001SMOK,"Patients with GP recorded CVD or CVD risk factors who are GP recorded current smokers or have no smoking status recorded, whose notes record smoking status in the preceding 12 months.",Smoking: Record of smoking status (CVDP001SMOK),52.44,18-39,Age group,0,645.0,To March 2026,58.1,55.33,
E54000018,NHS Coventry and Warwickshire Integrated Care Board,Female,780.0,,,CVDP001SMOK,"Patients with GP recorded CVD or CVD risk factors who are GP recorded current smokers or have no smoking status recorded, whose notes record smoking status in the preceding 12 months.",Smoking: Record of smoking status (CVDP001SMOK),60.08,18-39,Age group,0,495.0,To March 2026,66.71,63.51,
E54000018,NHS Coventry and Warwickshire Integrated Care Board,Persons,1945.0,,,CVDP001SMOK,"Patients with GP recorded CVD or CVD risk factors who are GP recorded current smokers or have no smoking status recorded, whose notes record smoking status in the preceding 12 months.",Smoking: Record of smoking status (CVDP001SMOK),56.42,18-39,Age group,0,1140.0,To March 2026,60.78,58.61,
E54000018,NHS Coventry and Warwickshire Integrated Care Board,Male,6870.0,,,CVDP001SMOK,"Patients with GP recorded CVD or CVD risk factors who are GP recorded current smokers or have no smoking status recorded, whose notes record smoking status in the preceding 12 months.",Smoking: Record of smoking status (CVDP001SMOK),66.43,40-59,Age group,0,4640.0,To March 2026,68.64,67.55,
E54000018,NHS Coventry and Warwickshire Integrated Care Board,Female,4175.0,,,CVDP001SMOK,"Patients with GP recorded CVD or CVD risk factors who are GP recorded current smokers or have no smoking status recorded, whose notes record smoking status in the preceding 12 months.",Smoking: Record of smoking status (CVDP001SMOK),73.29,40-59,Age group,0,3115.0,To March 2026,75.92,74.63,
E54000018,NHS Coventry and Warwickshire Integrated Care Board,Persons,11045.0,,,CVDP001SMOK,"Patients with GP recorded CVD or CVD risk factors who are GP recorded current smokers or have no smoking status recorded, whose notes record smoking status in the preceding 12 months.",Smoking: Record of smoking status (CVDP001SMOK),69.37,40-59,Age group,0,7760.0,To March 2026,71.07,70.23,
E54000018,NHS Coventry and Warwickshire Integrated Care Board,Male,7215.0,,,CVDP001SMOK,"Patients with GP recorded CVD or CVD risk factors who are GP recorded current smokers or have no smoking status recorded, whose notes record smoking status in the preceding 12 months.",Smoking: Record of smoking status (CVDP001SMOK),76.12,60-79,Age group,0,5560.0,To March 2026,78.04,77.09,
E54000018,NHS Coventry and Warwickshire Integrated Care Board,Female,5490.0,,,CVDP001SMOK,"Patients with GP recorded CVD or CVD risk factors who are GP recorded current smokers or have no smoking status recorded, whose notes record smoking status in the preceding 12 months.",Smoking: Record of smoking status (CVDP001SMOK),77.34,60-79,Age group,0,4310.0,To March 2026,79.51,78.44,
E54000018,NHS Coventry and Warwickshire Integrated Care Board,Persons,12705.0,,,CVDP001SMOK,"Patients with GP recorded CVD or CVD risk factors who are GP recorded current smokers or have no smoking status recorded, whose notes record smoking status in the preceding 12 months.",Smoking: Record of smoking status (CVDP001SMOK),76.94,60-79,Age group,0,9870.0,To March 2026,78.39,77.67,
E54000018,NHS Coventry and Warwickshire Integrated Care Board,Male,880.0,,,CVDP001SMOK,"Patients with GP recorded CVD or CVD risk factors who are GP recorded current smokers or have no smoking status recorded, whose notes record smoking status in the preceding 12 months.",Smoking: Record of smoking status (CVDP001SMOK),72.93,80+,Age group,0,665.0,To March 2026,78.48,75.8,
E54000018,NHS Coventry and Warwickshire Integrated Care Board,Female,965.0,,,CVDP001SMOK,"Patients with GP recorded CVD or CVD risk factors who are GP recorded current smokers or have no smoking status recorded, whose notes record smoking status in the preceding 12 months.",Smoking: Record of smoking status (CVDP001SMOK),72.15,80+,Age group,0,720.0,To March 2026,77.54,74.97,
E54000018,NHS Coventry and Warwickshire Integrated Care Board,Persons,1845.0,,,CVDP001SMOK,"Patients with GP recorded CVD or CVD risk factors who are GP recorded current smokers or have no smoking status recorded, whose notes record smoking status in the preceding 12 months.",Smoking: Record of smoking status (CVDP001SMOK),73.35,80+,Age group,0,1390.0,To March 2026,77.25,75.37,
E54000018,NHS Coventry and Warwickshire Integrated Care Board,Persons,6305.0,,,CVDP001SMOK,"Patients with GP recorded CVD or CVD risk factors who are GP recorded current smokers or have no smoking status recorded, whose notes record smoking status in the preceding 12 months.",Smoking: Record of smoking status (CVDP001SMOK),72.72,1 - most deprived,Deprivation quintile,0,4655.0,To March 2026,74.88,73.82,
E54000018,NHS Coventry and Warwickshire Integrated Care Board,Persons,6770.0,,,CVDP001SMOK,"Patients with GP recorded CVD or CVD risk factors who are GP recorded current smokers or have no smoking status recorded, whose notes record smoking status in the preceding 12 months.",Smoking: Record of smoking status (CVDP001SMOK),72.55,2,Deprivation quintile,0,4985.0,To March 2026,74.65,73.62,
E54000018,NHS Coventry and Warwickshire Integrated Care Board,Persons,6155.0,,,CVDP001SMOK,"Patients with GP recorded CVD or CVD risk factors who are GP recorded current smokers or have no smoking status recorded, whose notes record smoking status in the preceding 12 months.",Smoking: Record of smoking status (CVDP001SMOK),72.53,3,Deprivation quintile,0,4535.0,To March 2026,74.72,73.64,
E54000018,NHS Coventry and Warwickshire Integrated Care Board,Persons,5260.0,,,CVDP001SMOK,"Patients with GP recorded CVD or CVD risk factors who are GP recorded current smokers or have no smoking status recorded, whose notes record smoking status in the preceding 12 months.",Smoking: Record of smoking status (CVDP001SMOK),71.06,4,Deprivation quintile,0,3800.0,To March 2026,73.47,72.28,
E54000018,NHS Coventry and Warwickshire Integrated Care Board,Persons,2935.0,,,CVDP001SMOK,"Patients with GP recorded CVD or CVD risk factors who are GP recorded current smokers or have no smoking status recorded, whose notes record smoking status in the preceding 12 months.",Smoking: Record of smoking status (CVDP001SMOK),70.92,5 - least deprived,Deprivation quintile,0,2130.0,To March 2026,74.12,72.56,
E54000018,NHS Coventry and Warwickshire Integrated Care Board,Persons,2015.0,,,CVDP001SMOK,"Patients with GP recorded CVD or CVD risk factors who are GP recorded current smokers or have no smoking status recorded, whose notes record smoking status in the preceding 12 months.",Smoking: Record of smoking status (CVDP001SMOK),68.47,Asian,Ethnicity,0,1420.0,To March 2026,72.43,70.51,
E54000018,NHS Coventry and Warwickshire Integrated Care Board,Persons,595.0,,,CVDP001SMOK,"Patients with GP recorded CVD or CVD risk factors who are GP recorded current smokers or have no smoking status recorded, whose notes record smoking status in the preceding 12 months.",Smoking: Record of smoking status (CVDP001SMOK),58.1,Black,Ethnicity,0,370.0,To March 2026,65.78,62.08,
E54000018,NHS Coventry and Warwickshire Integrated Care Board,Persons,365.0,,,CVDP001SMOK,"Patients with GP recorded CVD or CVD risk factors who are GP recorded current smokers or have no smoking status recorded, whose notes record smoking status in the preceding 12 months.",Smoking: Record of smoking status (CVDP001SMOK),39.78,Missing,Ethnicity,0,165.0,To March 2026,49.86,44.78,
E54000018,NHS Coventry and Warwickshire Integrated Care Board,Persons,330.0,,,CVDP001SMOK,"Patients with GP recorded CVD or CVD risk factors who are GP recorded current smokers or have no smoking status recorded, whose notes record smoking status in the preceding 12 months.",Smoking: Record of smoking status (CVDP001SMOK),62.46,Mixed,Ethnicity,0,225.0,To March 2026,72.37,67.58,
E54000018,NHS Coventry and Warwickshire Integrated Care Board,Persons,1615.0,,,CVDP001SMOK,"Patients with GP recorded CVD or CVD risk factors who are GP recorded current smokers or have no smoking status recorded, whose notes record smoking status in the preceding 12 months.",Smoking: Record of smoking status (CVDP001SMOK),57.74,Not stated,Ethnicity,0,970.0,To March 2026,62.5,60.14,
E54000018,NHS Coventry and Warwickshire Integrated Care Board,Persons,375.0,,,CVDP001SMOK,"Patients with GP recorded CVD or CVD risk factors who are GP recorded current smokers or have no smoking status recorded, whose notes record smoking status in the preceding 12 months.",Smoking: Record of smoking status (CVDP001SMOK),69.23,Other,Ethnicity,0,275.0,To March 2026,77.98,73.8,
E54000018,NHS Coventry and Warwickshire Integrated Care Board,Persons,22250.0,,,CVDP001SMOK,"Patients with GP recorded CVD or CVD risk factors who are GP recorded current smokers or have no smoking status recorded, whose notes record smoking status in the preceding 12 months.",Smoking: Record of smoking status (CVDP001SMOK),74.64,White,Ethnicity,0,16735.0,To March 2026,75.77,75.21,
E54000018,NHS Coventry and Warwickshire Integrated Care Board,Persons,26540.0,,,CVDP001SMOK,"Patients with GP recorded CVD or CVD risk factors who are GP recorded current smokers or have no smoking status recorded, whose notes record smoking status in the preceding 12 months.",Smoking: Record of smoking status (CVDP001SMOK),72.15,People without SMI,Mental Health,0,19290.0,To March 2026,73.22,72.69,
E54000018,NHS Coventry and Warwickshire Integrated Care Board,Persons,1005.0,,,CVDP001SMOK,"Patients with GP recorded CVD or CVD risk factors who are GP recorded current smokers or have no smoking status recorded, whose notes record smoking status in the preceding 12 months.",Smoking: Record of smoking status (CVDP001SMOK),84.1,People with SMI,Mental Health,0,865.0,To March 2026,88.27,86.34,
E54000018,NHS Coventry and Warwickshire Integrated Care Board,Persons,27395.0,,,CVDP001SMOK,"Patients with GP recorded CVD or CVD risk factors who are GP recorded current smokers or have no smoking status recorded, whose notes record smoking status in the preceding 12 months.",Smoking: Record of smoking status (CVDP001SMOK),72.59,People without a diagnosed learning disability,Learning Disability,0,20030.0,To March 2026,73.64,73.12,
E54000018,NHS Coventry and Warwickshire Integrated Care Board,Persons,145.0,,,CVDP001SMOK,"Patients with GP recorded CVD or CVD risk factors who are GP recorded current smokers or have no smoking status recorded, whose notes record smoking status in the preceding 12 months.",Smoking: Record of smoking status (CVDP001SMOK),79.73,People with a diagnosed learning disability,Learning Disability,0,125.0,To March 2026,90.54,86.21,
E54000058,NHS Derby and Derbyshire Integrated Care Board,Persons,31745.0,,,CVDP001SMOK,"Patients with GP recorded CVD or CVD risk factors who are GP recorded current smokers or have no smoking status recorded, whose notes record smoking status in the preceding 12 months.",Smoking: Record of smoking status (CVDP001SMOK),80.01,Persons,Sex,0,25540.0,To March 2026,80.88,80.45,
E54000058,NHS Derby and Derbyshire Integrated Care Board,Female,13765.0,,,CVDP001SMOK,"Patients with GP recorded CVD or CVD risk factors who are GP recorded current smokers or have no smoking status recorded, whose notes record smoking status in the preceding 12 months.",Smoking: Record of smoking status (CVDP001SMOK),81.83,Female,Sex,0,11350.0,To March 2026,83.09,82.47,
E54000058,NHS Derby and Derbyshire Integrated Care Board,Male,17980.0,,,CVDP001SMOK,"Patients with GP recorded CVD or CVD risk factors who are GP recorded current smokers or have no smoking status recorded, whose notes record smoking status in the preceding 12 months.",Smoking: Record of smoking status (CVDP001SMOK),78.3,Male,Sex,0,14190.0,To March 2026,79.49,78.9,
E54000058,NHS Derby and Derbyshire Integrated Care Board,Male,1245.0,,,CVDP001SMOK,"Patients with GP recorded CVD or CVD risk factors who are GP recorded current smokers or have no smoking status recorded, whose notes record smoking status in the preceding 12 months.",Smoking: Record of smoking status (CVDP001SMOK),59.73,18-39,Age group,0,780.0,To March 2026,65.09,62.44,
E54000058,NHS Derby and Derbyshire Integrated Care Board,Female,845.0,,,CVDP001SMOK,"Patients with GP recorded CVD or CVD risk factors who are GP recorded current smokers or have no smoking status recorded, whose notes record smoking status in the preceding 12 months.",Smoking: Record of smoking status (CVDP001SMOK),71.06,18-39,Age group,0,630.0,To March 2026,76.94,74.14,
E54000058,NHS Derby and Derbyshire Integrated Care Board,Persons,2095.0,,,CVDP001SMOK,"Patients with GP recorded CVD or CVD risk factors who are GP recorded current smokers or have no smoking status recorded, whose notes record smoking status in the preceding 12 months.",Smoking: Record of smoking status (CVDP001SMOK),65.12,18-39,Age group,0,1405.0,To March 2026,69.13,67.18,
E54000058,NHS Derby and Derbyshire Integrated Care Board,Male,7150.0,,,CVDP001SMOK,"Patients with GP recorded CVD or CVD risk factors who are GP recorded current smokers or have no smoking status recorded, whose notes record smoking status in the preceding 12 months.",Smoking: Record of smoking status (CVDP001SMOK),74.23,40-59,Age group,0,5380.0,To March 2026,76.23,75.24,
E54000058,NHS Derby and Derbyshire Integrated Care Board,Female,5045.0,,,CVDP001SMOK,"Patients with GP recorded CVD or CVD risk factors who are GP recorded current smokers or have no smoking status recorded, whose notes record smoking status in the preceding 12 months.",Smoking: Record of smoking status (CVDP001SMOK),79.67,40-59,Age group,0,4075.0,To March 2026,81.83,80.77,
E54000058,NHS Derby and Derbyshire Integrated Care Board,Persons,12190.0,,,CVDP001SMOK,"Patients with GP recorded CVD or CVD risk factors who are GP recorded current smokers or have no smoking status recorded, whose notes record smoking status in the preceding 12 months.",Smoking: Record of smoking status (CVDP001SMOK),76.78,40-59,Age group,0,9450.0,To March 2026,78.25,77.52,
E54000058,NHS Derby and Derbyshire Integrated Care Board,Male,8595.0,,,CVDP001SMOK,"Patients with GP recorded CVD or CVD risk factors who are GP recorded current smokers or have no smoking status recorded, whose notes record smoking status in the preceding 12 months.",Smoking: Record of smoking status (CVDP001SMOK),82.76,60-79,Age group,0,7180.0,To March 2026,84.32,83.56,
E54000058,NHS Derby and Derbyshire Integrated Care Board,Female,6790.0,,,CVDP001SMOK,"Patients with GP recorded CVD or CVD risk factors who are GP recorded current smokers or have no smoking status recorded, whose notes record smoking status in the preceding 12 months.",Smoking: Record of smoking status (CVDP001SMOK),83.55,60-79,Age group,0,5730.0,To March 2026,85.27,84.43,
E54000058,NHS Derby and Derbyshire Integrated Care Board,Persons,15385.0,,,CVDP001SMOK,"Patients with GP recorded CVD or CVD risk factors who are GP recorded current smokers or have no smoking status recorded, whose notes record smoking status in the preceding 12 months.",Smoking: Record of smoking status (CVDP001SMOK),83.35,60-79,Age group,0,12915.0,To March 2026,84.51,83.94,
E54000058,NHS Derby and Derbyshire Integrated Care Board,Male,995.0,,,CVDP001SMOK,"Patients with GP recorded CVD or CVD risk factors who are GP recorded current smokers or have no smoking status recorded, whose notes record smoking status in the preceding 12 months.",Smoking: Record of smoking status (CVDP001SMOK),83.33,80+,Age group,0,850.0,To March 2026,87.65,85.6,
E54000058,NHS Derby and Derbyshire Integrated Care Board,Female,1085.0,,,CVDP001SMOK,"Patients with GP recorded CVD or CVD risk factors who are GP recorded current smokers or have no smoking status recorded, whose notes record smoking status in the preceding 12 months.",Smoking: Record of smoking status (CVDP001SMOK),82.39,80+,Age group,0,920.0,To March 2026,86.61,84.64,
E54000058,NHS Derby and Derbyshire Integrated Care Board,Persons,2080.0,,,CVDP001SMOK,"Patients with GP recorded CVD or CVD risk factors who are GP recorded current smokers or have no smoking status recorded, whose notes record smoking status in the preceding 12 months.",Smoking: Record of smoking status (CVDP001SMOK),83.53,80+,Age group,0,1770.0,To March 2026,86.56,85.1,
E54000058,NHS Derby and Derbyshire Integrated Care Board,Persons,9310.0,,,CVDP001SMOK,"Patients with GP recorded CVD or CVD risk factors who are GP recorded current smokers or have no smoking status recorded, whose notes record smoking status in the preceding 12 months.",Smoking: Record of smoking status (CVDP001SMOK),80.81,1 - most deprived,Deprivation quintile,0,7595.0,To March 2026,82.38,81.61,
E54000058,NHS Derby and Derbyshire Integrated Care Board,Persons,7660.0,,,CVDP001SMOK,"Patients with GP recorded CVD or CVD risk factors who are GP recorded current smokers or have no smoking status recorded, whose notes record smoking status in the preceding 12 months.",Smoking: Record of smoking status (CVDP001SMOK),80.14,2,Deprivation quintile,0,6210.0,To March 2026,81.89,81.03,
E54000058,NHS Derby and Derbyshire Integrated Care Board,Persons,6610.0,,,CVDP001SMOK,"Patients with GP recorded CVD or CVD risk factors who are GP recorded current smokers or have no smoking status recorded, whose notes record smoking status in the preceding 12 months.",Smoking: Record of smoking status (CVDP001SMOK),79.19,3,Deprivation quintile,0,5300.0,To March 2026,81.11,80.17,
E54000058,NHS Derby and Derbyshire Integrated Care Board,Persons,4415.0,,,CVDP001SMOK,"Patients with GP recorded CVD or CVD risk factors who are GP recorded current smokers or have no smoking status recorded, whose notes record smoking status in the preceding 12 months.",Smoking: Record of smoking status (CVDP001SMOK),77.59,4,Deprivation quintile,0,3480.0,To March 2026,79.99,78.82,
E54000058,NHS Derby and Derbyshire Integrated Care Board,Persons,3705.0,,,CVDP001SMOK,"Patients with GP recorded CVD or CVD risk factors who are GP recorded current smokers or have no smoking status recorded, whose notes record smoking status in the preceding 12 months.",Smoking: Record of smoking status (CVDP001SMOK),77.54,5 - least deprived,Deprivation quintile,0,2925.0,To March 2026,80.16,78.87,
E54000058,NHS Derby and Derbyshire Integrated Care Board,Persons,1055.0,,,CVDP001SMOK,"Patients with GP recorded CVD or CVD risk factors who are GP recorded current smokers or have no smoking status recorded, whose notes record smoking status in the preceding 12 months.",Smoking: Record of smoking status (CVDP001SMOK),73.39,Asian,Ethnicity,0,800.0,To March 2026,78.5,76.07,
E54000058,NHS Derby and Derbyshire Integrated Care Board,Persons,390.0,,,CVDP001SMOK,"Patients with GP recorded CVD or CVD risk factors who are GP recorded current smokers or have no smoking status recorded, whose notes record smoking status in the preceding 12 months.",Smoking: Record of smoking status (CVDP001SMOK),72.26,Black,Ethnicity,0,300.0,To March 2026,80.41,76.67,
E54000058,NHS Derby and Derbyshire Integrated Care Board,Persons,940.0,,,CVDP001SMOK,"Patients with GP recorded CVD or CVD risk factors who are GP recorded current smokers or have no smoking status recorded, whose notes record smoking status in the preceding 12 months.",Smoking: Record of smoking status (CVDP001SMOK),63.66,Missing,Ethnicity,0,625.0,To March 2026,69.61,66.74,
E54000058,NHS Derby and Derbyshire Integrated Care Board,Persons,285.0,,,CVDP001SMOK,"Patients with GP recorded CVD or CVD risk factors who are GP recorded current smokers or have no smoking status recorded, whose notes record smoking status in the preceding 12 months.",Smoking: Record of smoking status (CVDP001SMOK),70.63,Mixed,Ethnicity,0,215.0,To March 2026,80.42,75.97,
E54000058,NHS Derby and Derbyshire Integrated Care Board,Persons,850.0,,,CVDP001SMOK,"Patients with GP recorded CVD or CVD risk factors who are GP recorded current smokers or have no smoking status recorded, whose notes record smoking status in the preceding 12 months.",Smoking: Record of smoking status (CVDP001SMOK),69.32,Not stated,Ethnicity,0,615.0,To March 2026,75.29,72.39,
E54000058,NHS Derby and Derbyshire Integrated Care Board,Persons,395.0,,,CVDP001SMOK,"Patients with GP recorded CVD or CVD risk factors who are GP recorded current smokers or have no smoking status recorded, whose notes record smoking status in the preceding 12 months.",Smoking: Record of smoking status (CVDP001SMOK),71.75,Other,Ethnicity,0,300.0,To March 2026,80.0,76.07,
E54000058,NHS Derby and Derbyshire Integrated Care Board,Persons,27835.0,,,CVDP001SMOK,"Patients with GP recorded CVD or CVD risk factors who are GP recorded current smokers or have no smoking status recorded, whose notes record smoking status in the preceding 12 months.",Smoking: Record of smoking status (CVDP001SMOK),81.02,White,Ethnicity,0,22680.0,To March 2026,81.93,81.48,
E54000058,NHS Derby and Derbyshire Integrated Care Board,Persons,30510.0,,,CVDP001SMOK,"Patients with GP recorded CVD or CVD risk factors who are GP recorded current smokers or have no smoking status recorded, whose notes record smoking status in the preceding 12 months.",Smoking: Record of smoking status (CVDP001SMOK),79.48,People without SMI,Mental Health,0,24385.0,To March 2026,80.38,79.93,
E54000058,NHS Derby and Derbyshire Integrated Care Board,Persons,1240.0,,,CVDP001SMOK,"Patients with GP recorded CVD or CVD risk factors who are GP recorded current smokers or have no smoking status recorded, whose notes record smoking status in the preceding 12 months.",Smoking: Record of smoking status (CVDP001SMOK),91.62,People with SMI,Mental Health,0,1155.0,To March 2026,94.44,93.13,
E54000058,NHS Derby and Derbyshire Integrated Care Board,Persons,31510.0,,,CVDP001SMOK,"Patients with GP recorded CVD or CVD risk factors who are GP recorded current smokers or have no smoking status recorded, whose notes record smoking status in the preceding 12 months.",Smoking: Record of smoking status (CVDP001SMOK),79.93,People without a diagnosed learning disability,Learning Disability,0,25325.0,To March 2026,80.8,80.37,
E54000058,NHS Derby and Derbyshire Integrated Care Board,Persons,240.0,,,CVDP001SMOK,"Patients with GP recorded CVD or CVD risk factors who are GP recorded current smokers or have no smoking status recorded, whose notes record smoking status in the preceding 12 months.",Smoking: Record of smoking status (CVDP001SMOK),87.14,People with a diagnosed learning disability,Learning Disability,0,215.0,To March 2026,94.19,91.18,
E54000037,NHS Devon Integrated Care Board,Persons,31855.0,,,CVDP001SMOK,"Patients with GP recorded CVD or CVD risk factors who are GP recorded current smokers or have no smoking status recorded, whose notes record smoking status in the preceding 12 months.",Smoking: Record of smoking status (CVDP001SMOK),78.61,Persons,Sex,0,25185.0,To March 2026,79.5,79.06,
E54000037,NHS Devon Integrated Care Board,Female,13735.0,,,CVDP001SMOK,"Patients with GP recorded CVD or CVD risk factors who are GP recorded current smokers or have no smoking status recorded, whose notes record smoking status in the preceding 12 months.",Smoking: Record of smoking status (CVDP001SMOK),80.68,Female,Sex,0,11170.0,To March 2026,81.98,81.33,
E54000037,NHS Devon Integrated Care Board,Male,18120.0,,,CVDP001SMOK,"Patients with GP recorded CVD or CVD risk factors who are GP recorded current smokers or have no smoking status recorded, whose notes record smoking status in the preceding 12 months.",Smoking: Record of smoking status (CVDP001SMOK),76.72,Male,Sex,0,14015.0,To March 2026,77.93,77.33,
E54000037,NHS Devon Integrated Care Board,Male,1090.0,,,CVDP001SMOK,"Patients with GP recorded CVD or CVD risk factors who are GP recorded current smokers or have no smoking status recorded, whose notes record smoking status in the preceding 12 months.",Smoking: Record of smoking status (CVDP001SMOK),53.66,18-39,Age group,0,615.0,To March 2026,59.52,56.66,
E54000037,NHS Devon Integrated Care Board,Female,775.0,,,CVDP001SMOK,"Patients with GP recorded CVD or CVD risk factors who are GP recorded current smokers or have no smoking status recorded, whose notes record smoking status in the preceding 12 months.",Smoking: Record of smoking status (CVDP001SMOK),68.85,18-39,Age group,0,560.0,To March 2026,75.16,72.09,
E54000037,NHS Devon Integrated Care Board,Persons,1865.0,,,CVDP001SMOK,"Patients with GP recorded CVD or CVD risk factors who are GP recorded current smokers or have no smoking status recorded, whose notes record smoking status in the preceding 12 months.",Smoking: Record of smoking status (CVDP001SMOK),60.88,18-39,Age group,0,1175.0,To March 2026,65.22,63.07,
E54000037,NHS Devon Integrated Care Board,Male,6390.0,,,CVDP001SMOK,"Patients with GP recorded CVD or CVD risk factors who are GP recorded current smokers or have no smoking status recorded, whose notes record smoking status in the preceding 12 months.",Smoking: Record of smoking status (CVDP001SMOK),72.24,40-59,Age group,0,4685.0,To March 2026,74.4,73.34,
E54000037,NHS Devon Integrated Care Board,Female,4435.0,,,CVDP001SMOK,"Patients with GP recorded CVD or CVD risk factors who are GP recorded current smokers or have no smoking status recorded, whose notes record smoking status in the preceding 12 months.",Smoking: Record of smoking status (CVDP001SMOK),78.91,40-59,Age group,0,3555.0,To March 2026,81.26,80.12,
E54000037,NHS Devon Integrated Care Board,Persons,10825.0,,,CVDP001SMOK,"Patients with GP recorded CVD or CVD risk factors who are GP recorded current smokers or have no smoking status recorded, whose notes record smoking status in the preceding 12 months.",Smoking: Record of smoking status (CVDP001SMOK),75.31,40-59,Age group,0,8240.0,To March 2026,76.91,76.12,
E54000037,NHS Devon Integrated Care Board,Male,9430.0,,,CVDP001SMOK,"Patients with GP recorded CVD or CVD risk factors who are GP recorded current smokers or have no smoking status recorded, whose notes record smoking status in the preceding 12 months.",Smoking: Record of smoking status (CVDP001SMOK),81.13,60-79,Age group,0,7725.0,To March 2026,82.68,81.92,
E54000037,NHS Devon Integrated Care Board,Female,7260.0,,,CVDP001SMOK,"Patients with GP recorded CVD or CVD risk factors who are GP recorded current smokers or have no smoking status recorded, whose notes record smoking status in the preceding 12 months.",Smoking: Record of smoking status (CVDP001SMOK),82.45,60-79,Age group,0,6050.0,To March 2026,84.16,83.33,
E54000037,NHS Devon Integrated Care Board,Persons,16690.0,,,CVDP001SMOK,"Patients with GP recorded CVD or CVD risk factors who are GP recorded current smokers or have no smoking status recorded, whose notes record smoking status in the preceding 12 months.",Smoking: Record of smoking status (CVDP001SMOK),81.95,60-79,Age group,0,13775.0,To March 2026,83.1,82.53,
E54000037,NHS Devon Integrated Care Board,Male,1210.0,,,CVDP001SMOK,"Patients with GP recorded CVD or CVD risk factors who are GP recorded current smokers or have no smoking status recorded, whose notes record smoking status in the preceding 12 months.",Smoking: Record of smoking status (CVDP001SMOK),79.0,80+,Age group,0,985.0,To March 2026,83.36,81.26,
E54000037,NHS Devon Integrated Care Board,Female,1270.0,,,CVDP001SMOK,"Patients with GP recorded CVD or CVD risk factors who are GP recorded current smokers or have no smoking status recorded, whose notes record smoking status in the preceding 12 months.",Smoking: Record of smoking status (CVDP001SMOK),77.5,80+,Age group,0,1010.0,To March 2026,81.9,79.81,
E54000037,NHS Devon Integrated Care Board,Persons,2480.0,,,CVDP001SMOK,"Patients with GP recorded CVD or CVD risk factors who are GP recorded current smokers or have no smoking status recorded, whose notes record smoking status in the preceding 12 months.",Smoking: Record of smoking status (CVDP001SMOK),78.93,80+,Age group,0,1995.0,To March 2026,82.03,80.52,
E54000037,NHS Devon Integrated Care Board,Persons,6955.0,,,CVDP001SMOK,"Patients with GP recorded CVD or CVD risk factors who are GP recorded current smokers or have no smoking status recorded, whose notes record smoking status in the preceding 12 months.",Smoking: Record of smoking status (CVDP001SMOK),78.12,1 - most deprived,Deprivation quintile,0,5500.0,To March 2026,80.02,79.09,
E54000037,NHS Devon Integrated Care Board,Persons,9070.0,,,CVDP001SMOK,"Patients with GP recorded CVD or CVD risk factors who are GP recorded current smokers or have no smoking status recorded, whose notes record smoking status in the preceding 12 months.",Smoking: Record of smoking status (CVDP001SMOK),78.45,2,Deprivation quintile,0,7190.0,To March 2026,80.11,79.29,
E54000037,NHS Devon Integrated Care Board,Persons,7985.0,,,CVDP001SMOK,"Patients with GP recorded CVD or CVD risk factors who are GP recorded current smokers or have no smoking status recorded, whose notes record smoking status in the preceding 12 months.",Smoking: Record of smoking status (CVDP001SMOK),77.67,3,Deprivation quintile,0,6275.0,To March 2026,79.46,78.58,
E54000037,NHS Devon Integrated Care Board,Persons,5205.0,,,CVDP001SMOK,"Patients with GP recorded CVD or CVD risk factors who are GP recorded current smokers or have no smoking status recorded, whose notes record smoking status in the preceding 12 months.",Smoking: Record of smoking status (CVDP001SMOK),77.74,4,Deprivation quintile,0,4105.0,To March 2026,79.94,78.86,
E54000037,NHS Devon Integrated Care Board,Persons,2605.0,,,CVDP001SMOK,"Patients with GP recorded CVD or CVD risk factors who are GP recorded current smokers or have no smoking status recorded, whose notes record smoking status in the preceding 12 months.",Smoking: Record of smoking status (CVDP001SMOK),78.33,5 - least deprived,Deprivation quintile,0,2080.0,To March 2026,81.4,79.92,
E54000037,NHS Devon Integrated Care Board,Persons,335.0,,,CVDP001SMOK,"Patients with GP recorded CVD or CVD risk factors who are GP recorded current smokers or have no smoking status recorded, whose notes record smoking status in the preceding 12 months.",Smoking: Record of smoking status (CVDP001SMOK),67.36,Asian,Ethnicity,0,240.0,To March 2026,76.85,72.46,
E54000037,NHS Devon Integrated Care Board,Persons,145.0,,,CVDP001SMOK,"Patients with GP recorded CVD or CVD risk factors who are GP recorded current smokers or have no smoking status recorded, whose notes record smoking status in the preceding 12 months.",Smoking: Record of smoking status (CVDP001SMOK),61.07,Black,Ethnicity,0,100.0,To March 2026,75.84,69.18,
E54000037,NHS Devon Integrated Care Board,Persons,1280.0,,,CVDP001SMOK,"Patients with GP recorded CVD or CVD risk factors who are GP recorded current smokers or have no smoking status recorded, whose notes record smoking status in the preceding 12 months.",Smoking: Record of smoking status (CVDP001SMOK),62.15,Missing,Ethnicity,0,830.0,To March 2026,67.37,64.79,
E54000037,NHS Devon Integrated Care Board,Persons,170.0,,,CVDP001SMOK,"Patients with GP recorded CVD or CVD risk factors who are GP recorded current smokers or have no smoking status recorded, whose notes record smoking status in the preceding 12 months.",Smoking: Record of smoking status (CVDP001SMOK),65.9,Mixed,Ethnicity,0,125.0,To March 2026,78.61,72.94,
E54000037,NHS Devon Integrated Care Board,Persons,2035.0,,,CVDP001SMOK,"Patients with GP recorded CVD or CVD risk factors who are GP recorded current smokers or have no smoking status recorded, whose notes record smoking status in the preceding 12 months.",Smoking: Record of smoking status (CVDP001SMOK),68.65,Not stated,Ethnicity,0,1440.0,To March 2026,72.57,70.66,
E54000037,NHS Devon Integrated Care Board,Persons,205.0,,,CVDP001SMOK,"Patients with GP recorded CVD or CVD risk factors who are GP recorded current smokers or have no smoking status recorded, whose notes record smoking status in the preceding 12 months.",Smoking: Record of smoking status (CVDP001SMOK),66.5,Other,Ethnicity,0,150.0,To March 2026,78.64,72.91,
E54000037,NHS Devon Integrated Care Board,Persons,27690.0,,,CVDP001SMOK,"Patients with GP recorded CVD or CVD risk factors who are GP recorded current smokers or have no smoking status recorded, whose notes record smoking status in the preceding 12 months.",Smoking: Record of smoking status (CVDP001SMOK),80.08,White,Ethnicity,0,22300.0,To March 2026,81.01,80.55,
E54000037,NHS Devon Integrated Care Board,Persons,30530.0,,,CVDP001SMOK,"Patients with GP recorded CVD or CVD risk factors who are GP recorded current smokers or have no smoking status recorded, whose notes record smoking status in the preceding 12 months.",Smoking: Record of smoking status (CVDP001SMOK),78.18,People without SMI,Mental Health,0,24010.0,To March 2026,79.1,78.65,
E54000037,NHS Devon Integrated Care Board,Persons,1330.0,,,CVDP001SMOK,"Patients with GP recorded CVD or CVD risk factors who are GP recorded current smokers or have no smoking status recorded, whose notes record smoking status in the preceding 12 months.",Smoking: Record of smoking status (CVDP001SMOK),86.7,People with SMI,Mental Health,0,1175.0,To March 2026,90.08,88.48,
E54000037,NHS Devon Integrated Care Board,Persons,31645.0,,,CVDP001SMOK,"Patients with GP recorded CVD or CVD risk factors who are GP recorded current smokers or have no smoking status recorded, whose notes record smoking status in the preceding 12 months.",Smoking: Record of smoking status (CVDP001SMOK),78.53,People without a diagnosed learning disability,Learning Disability,0,24995.0,To March 2026,79.43,78.98,
E54000037,NHS Devon Integrated Care Board,Persons,210.0,,,CVDP001SMOK,"Patients with GP recorded CVD or CVD risk factors who are GP recorded current smokers or have no smoking status recorded, whose notes record smoking status in the preceding 12 months.",Smoking: Record of smoking status (CVDP001SMOK),85.45,People with a diagnosed learning disability,Learning Disability,0,190.0,To March 2026,93.43,90.0,
E54000041,NHS Dorset Integrated Care Board,Persons,19075.0,,,CVDP001SMOK,"Patients with GP recorded CVD or CVD risk factors who are GP recorded current smokers or have no smoking status recorded, whose notes record smoking status in the preceding 12 months.",Smoking: Record of smoking status (CVDP001SMOK),76.41,Persons,Sex,0,14690.0,To March 2026,77.6,77.01,
E54000041,NHS Dorset Integrated Care Board,Female,7920.0,,,CVDP001SMOK,"Patients with GP recorded CVD or CVD risk factors who are GP recorded current smokers or have no smoking status recorded, whose notes record smoking status in the preceding 12 months.",Smoking: Record of smoking status (CVDP001SMOK),78.49,Female,Sex,0,6285.0,To March 2026,80.27,79.39,
E54000041,NHS Dorset Integrated Care Board,Male,11160.0,,,CVDP001SMOK,"Patients with GP recorded CVD or CVD risk factors who are GP recorded current smokers or have no smoking status recorded, whose notes record smoking status in the preceding 12 months.",Smoking: Record of smoking status (CVDP001SMOK),74.51,Male,Sex,0,8405.0,To March 2026,76.1,75.32,
E54000041,NHS Dorset Integrated Care Board,Male,645.0,,,CVDP001SMOK,"Patients with GP recorded CVD or CVD risk factors who are GP recorded current smokers or have no smoking status recorded, whose notes record smoking status in the preceding 12 months.",Smoking: Record of smoking status (CVDP001SMOK),56.5,18-39,Age group,0,390.0,To March 2026,63.93,60.34,
E54000041,NHS Dorset Integrated Care Board,Female,415.0,,,CVDP001SMOK,"Patients with GP recorded CVD or CVD risk factors who are GP recorded current smokers or have no smoking status recorded, whose notes record smoking status in the preceding 12 months.",Smoking: Record of smoking status (CVDP001SMOK),70.81,18-39,Age group,0,310.0,To March 2026,78.95,75.18,
E54000041,NHS Dorset Integrated Care Board,Persons,1060.0,,,CVDP001SMOK,"Patients with GP recorded CVD or CVD risk factors who are GP recorded current smokers or have no smoking status recorded, whose notes record smoking status in the preceding 12 months.",Smoking: Record of smoking status (CVDP001SMOK),63.24,18-39,Age group,0,700.0,To March 2026,68.9,66.16,
E54000041,NHS Dorset Integrated Care Board,Male,4005.0,,,CVDP001SMOK,"Patients with GP recorded CVD or CVD risk factors who are GP recorded current smokers or have no smoking status recorded, whose notes record smoking status in the preceding 12 months.",Smoking: Record of smoking status (CVDP001SMOK),69.57,40-59,Age group,0,2840.0,To March 2026,72.37,71.0,
E54000041,NHS Dorset Integrated Care Board,Female,2695.0,,,CVDP001SMOK,"Patients with GP recorded CVD or CVD risk factors who are GP recorded current smokers or have no smoking status recorded, whose notes record smoking status in the preceding 12 months.",Smoking: Record of smoking status (CVDP001SMOK),76.28,40-59,Age group,0,2100.0,To March 2026,79.39,77.88,
E54000041,NHS Dorset Integrated Care Board,Persons,6700.0,,,CVDP001SMOK,"Patients with GP recorded CVD or CVD risk factors who are GP recorded current smokers or have no smoking status recorded, whose notes record smoking status in the preceding 12 months.",Smoking: Record of smoking status (CVDP001SMOK),72.71,40-59,Age group,0,4940.0,To March 2026,74.81,73.77,
E54000041,NHS Dorset Integrated Care Board,Male,5770.0,,,CVDP001SMOK,"Patients with GP recorded CVD or CVD risk factors who are GP recorded current smokers or have no smoking status recorded, whose notes record smoking status in the preceding 12 months.",Smoking: Record of smoking status (CVDP001SMOK),78.13,60-79,Age group,0,4570.0,To March 2026,80.2,79.19,
E54000041,NHS Dorset Integrated Care Board,Female,4105.0,,,CVDP001SMOK,"Patients with GP recorded CVD or CVD risk factors who are GP recorded current smokers or have no smoking status recorded, whose notes record smoking status in the preceding 12 months.",Smoking: Record of smoking status (CVDP001SMOK),79.31,60-79,Age group,0,3305.0,To March 2026,81.72,80.54,
E54000041,NHS Dorset Integrated Care Board,Persons,9875.0,,,CVDP001SMOK,"Patients with GP recorded CVD or CVD risk factors who are GP recorded current smokers or have no smoking status recorded, whose notes record smoking status in the preceding 12 months.",Smoking: Record of smoking status (CVDP001SMOK),78.95,60-79,Age group,0,7875.0,To March 2026,80.52,79.75,
E54000041,NHS Dorset Integrated Care Board,Male,740.0,,,CVDP001SMOK,"Patients with GP recorded CVD or CVD risk factors who are GP recorded current smokers or have no smoking status recorded, whose notes record smoking status in the preceding 12 months.",Smoking: Record of smoking status (CVDP001SMOK),78.63,80+,Age group,0,605.0,To March 2026,84.14,81.51,
E54000041,NHS Dorset Integrated Care Board,Female,705.0,,,CVDP001SMOK,"Patients with GP recorded CVD or CVD risk factors who are GP recorded current smokers or have no smoking status recorded, whose notes record smoking status in the preceding 12 months.",Smoking: Record of smoking status (CVDP001SMOK),77.93,80+,Age group,0,570.0,To March 2026,83.59,80.97,
E54000041,NHS Dorset Integrated Care Board,Persons,1445.0,,,CVDP001SMOK,"Patients with GP recorded CVD or CVD risk factors who are GP recorded current smokers or have no smoking status recorded, whose notes record smoking status in the preceding 12 months.",Smoking: Record of smoking status (CVDP001SMOK),79.14,80+,Age group,0,1175.0,To March 2026,83.15,81.25,
E54000041,NHS Dorset Integrated Care Board,Persons,2865.0,,,CVDP001SMOK,"Patients with GP recorded CVD or CVD risk factors who are GP recorded current smokers or have no smoking status recorded, whose notes record smoking status in the preceding 12 months.",Smoking: Record of smoking status (CVDP001SMOK),74.08,1 - most deprived,Deprivation quintile,0,2170.0,To March 2026,77.22,75.7,
E54000041,NHS Dorset Integrated Care Board,Persons,4210.0,,,CVDP001SMOK,"Patients with GP recorded CVD or CVD risk factors who are GP recorded current smokers or have no smoking status recorded, whose notes record smoking status in the preceding 12 months.",Smoking: Record of smoking status (CVDP001SMOK),76.79,2,Deprivation quintile,0,3285.0,To March 2026,79.28,78.05,
E54000041,NHS Dorset Integrated Care Board,Persons,5550.0,,,CVDP001SMOK,"Patients with GP recorded CVD or CVD risk factors who are GP recorded current smokers or have no smoking status recorded, whose notes record smoking status in the preceding 12 months.",Smoking: Record of smoking status (CVDP001SMOK),76.34,3,Deprivation quintile,0,4300.0,To March 2026,78.54,77.46,
E54000041,NHS Dorset Integrated Care Board,Persons,4110.0,,,CVDP001SMOK,"Patients with GP recorded CVD or CVD risk factors who are GP recorded current smokers or have no smoking status recorded, whose notes record smoking status in the preceding 12 months.",Smoking: Record of smoking status (CVDP001SMOK),75.42,4,Deprivation quintile,0,3155.0,To March 2026,78.0,76.74,
E54000041,NHS Dorset Integrated Care Board,Persons,2435.0,,,CVDP001SMOK,"Patients with GP recorded CVD or CVD risk factors who are GP recorded current smokers or have no smoking status recorded, whose notes record smoking status in the preceding 12 months.",Smoking: Record of smoking status (CVDP001SMOK),74.68,5 - least deprived,Deprivation quintile,0,1860.0,To March 2026,78.05,76.42,
E54000041,NHS Dorset Integrated Care Board,Persons,285.0,,,CVDP001SMOK,"Patients with GP recorded CVD or CVD risk factors who are GP recorded current smokers or have no smoking status recorded, whose notes record smoking status in the preceding 12 months.",Smoking: Record of smoking status (CVDP001SMOK),68.17,Asian,Ethnicity,0,210.0,To March 2026,78.2,73.43,
E54000041,NHS Dorset Integrated Care Board,Persons,140.0,,,CVDP001SMOK,"Patients with GP recorded CVD or CVD risk factors who are GP recorded current smokers or have no smoking status recorded, whose notes record smoking status in the preceding 12 months.",Smoking: Record of smoking status (CVDP001SMOK),56.64,Black,Ethnicity,0,90.0,To March 2026,72.03,65.0,
E54000041,NHS Dorset Integrated Care Board,Persons,885.0,,,CVDP001SMOK,"Patients with GP recorded CVD or CVD risk factors who are GP recorded current smokers or have no smoking status recorded, whose notes record smoking status in the preceding 12 months.",Smoking: Record of smoking status (CVDP001SMOK),59.91,Missing,Ethnicity,0,560.0,To March 2026,66.22,63.16,
E54000041,NHS Dorset Integrated Care Board,Persons,130.0,,,CVDP001SMOK,"Patients with GP recorded CVD or CVD risk factors who are GP recorded current smokers or have no smoking status recorded, whose notes record smoking status in the preceding 12 months.",Smoking: Record of smoking status (CVDP001SMOK),71.76,Mixed,Ethnicity,0,100.0,To March 2026,85.5,79.69,
E54000041,NHS Dorset Integrated Care Board,Persons,1075.0,,,CVDP001SMOK,"Patients with GP recorded CVD or CVD risk factors who are GP recorded current smokers or have no smoking status recorded, whose notes record smoking status in the preceding 12 months.",Smoking: Record of smoking status (CVDP001SMOK),69.72,Not stated,Ethnicity,0,780.0,To March 2026,75.0,72.42,
E54000041,NHS Dorset Integrated Care Board,Persons,180.0,,,CVDP001SMOK,"Patients with GP recorded CVD or CVD risk factors who are GP recorded current smokers or have no smoking status recorded, whose notes record smoking status in the preceding 12 months.",Smoking: Record of smoking status (CVDP001SMOK),63.24,Other,Ethnicity,0,130.0,To March 2026,76.22,70.33,
E54000041,NHS Dorset Integrated Care Board,Persons,16380.0,,,CVDP001SMOK,"Patients with GP recorded CVD or CVD risk factors who are GP recorded current smokers or have no smoking status recorded, whose notes record smoking status in the preceding 12 months.",Smoking: Record of smoking status (CVDP001SMOK),77.64,White,Ethnicity,0,12820.0,To March 2026,78.9,78.28,
E54000041,NHS Dorset Integrated Care Board,Persons,18335.0,,,CVDP001SMOK,"Patients with GP recorded CVD or CVD risk factors who are GP recorded current smokers or have no smoking status recorded, whose notes record smoking status in the preceding 12 months.",Smoking: Record of smoking status (CVDP001SMOK),75.84,People without SMI,Mental Health,0,14020.0,To March 2026,77.07,76.46,
E54000041,NHS Dorset Integrated Care Board,Persons,740.0,,,CVDP001SMOK,"Patients with GP recorded CVD or CVD risk factors who are GP recorded current smokers or have no smoking status recorded, whose notes record smoking status in the preceding 12 months.",Smoking: Record of smoking status (CVDP001SMOK),88.32,People with SMI,Mental Health,0,670.0,To March 2026,92.48,90.57,
E54000041,NHS Dorset Integrated Care Board,Persons,18960.0,,,CVDP001SMOK,"Patients with GP recorded CVD or CVD risk factors who are GP recorded current smokers or have no smoking status recorded, whose notes record smoking status in the preceding 12 months.",Smoking: Record of smoking status (CVDP001SMOK),76.32,People without a diagnosed learning disability,Learning Disability,0,14585.0,To March 2026,77.52,76.93,
E54000041,NHS Dorset Integrated Care Board,Persons,115.0,,,CVDP001SMOK,"Patients with GP recorded CVD or CVD risk factors who are GP recorded current smokers or have no smoking status recorded, whose notes record smoking status in the preceding 12 months.",Smoking: Record of smoking status (CVDP001SMOK),84.17,People with a diagnosed learning disability,Learning Disability,0,105.0,To March 2026,94.17,90.6,
E54000034,NHS Frimley Integrated Care Board,Persons,17530.0,,,CVDP001SMOK,"Patients with GP recorded CVD or CVD risk factors who are GP recorded current smokers or have no smoking status recorded, whose notes record smoking status in the preceding 12 months.",Smoking: Record of smoking status (CVDP001SMOK),76.36,Persons,Sex,0,13495.0,To March 2026,77.61,76.99,
E54000034,NHS Frimley Integrated Care Board,Female,6640.0,,,CVDP001SMOK,"Patients with GP recorded CVD or CVD risk factors who are GP recorded current smokers or have no smoking status recorded, whose notes record smoking status in the preceding 12 months.",Smoking: Record of smoking status (CVDP001SMOK),78.88,Female,Sex,0,5300.0,To March 2026,80.8,79.86,
E54000034,NHS Frimley Integrated Care Board,Male,10890.0,,,CVDP001SMOK,"Patients with GP recorded CVD or CVD risk factors who are GP recorded current smokers or have no smoking status recorded, whose notes record smoking status in the preceding 12 months.",Smoking: Record of smoking status (CVDP001SMOK),74.43,Male,Sex,0,8195.0,To March 2026,76.04,75.25,
E54000034,NHS Frimley Integrated Care Board,Male,850.0,,,CVDP001SMOK,"Patients with GP recorded CVD or CVD risk factors who are GP recorded current smokers or have no smoking status recorded, whose notes record smoking status in the preceding 12 months.",Smoking: Record of smoking status (CVDP001SMOK),59.65,18-39,Age group,0,535.0,To March 2026,66.08,62.91,
E54000034,NHS Frimley Integrated Care Board,Female,510.0,,,CVDP001SMOK,"Patients with GP recorded CVD or CVD risk factors who are GP recorded current smokers or have no smoking status recorded, whose notes record smoking status in the preceding 12 months.",Smoking: Record of smoking status (CVDP001SMOK),60.51,18-39,Age group,0,330.0,To March 2026,68.68,64.77,
E54000034,NHS Frimley Integrated Care Board,Persons,1365.0,,,CVDP001SMOK,"Patients with GP recorded CVD or CVD risk factors who are GP recorded current smokers or have no smoking status recorded, whose notes record smoking status in the preceding 12 months.",Smoking: Record of smoking status (CVDP001SMOK),61.05,18-39,Age group,0,865.0,To March 2026,66.11,63.61,
E54000034,NHS Frimley Integrated Care Board,Male,4865.0,,,CVDP001SMOK,"Patients with GP recorded CVD or CVD risk factors who are GP recorded current smokers or have no smoking status recorded, whose notes record smoking status in the preceding 12 months.",Smoking: Record of smoking status (CVDP001SMOK),71.84,40-59,Age group,0,3555.0,To March 2026,74.33,73.1,
E54000034,NHS Frimley Integrated Care Board,Female,2460.0,,,CVDP001SMOK,"Patients with GP recorded CVD or CVD risk factors who are GP recorded current smokers or have no smoking status recorded, whose notes record smoking status in the preceding 12 months.",Smoking: Record of smoking status (CVDP001SMOK),79.56,40-59,Age group,0,1995.0,To March 2026,82.65,81.16,
E54000034,NHS Frimley Integrated Care Board,Persons,7325.0,,,CVDP001SMOK,"Patients with GP recorded CVD or CVD risk factors who are GP recorded current smokers or have no smoking status recorded, whose notes record smoking status in the preceding 12 months.",Smoking: Record of smoking status (CVDP001SMOK),74.82,40-59,Age group,0,5550.0,To March 2026,76.77,75.81,
E54000034,NHS Frimley Integrated Care Board,Male,4630.0,,,CVDP001SMOK,"Patients with GP recorded CVD or CVD risk factors who are GP recorded current smokers or have no smoking status recorded, whose notes record smoking status in the preceding 12 months.",Smoking: Record of smoking status (CVDP001SMOK),77.89,60-79,Age group,0,3660.0,To March 2026,80.22,79.09,
E54000034,NHS Frimley Integrated Care Board,Female,3140.0,,,CVDP001SMOK,"Patients with GP recorded CVD or CVD risk factors who are GP recorded current smokers or have no smoking status recorded, whose notes record smoking status in the preceding 12 months.",Smoking: Record of smoking status (CVDP001SMOK),80.17,60-79,Age group,0,2560.0,To March 2026,82.88,81.55,
E54000034,NHS Frimley Integrated Care Board,Persons,7770.0,,,CVDP001SMOK,"Patients with GP recorded CVD or CVD risk factors who are GP recorded current smokers or have no smoking status recorded, whose notes record smoking status in the preceding 12 months.",Smoking: Record of smoking status (CVDP001SMOK),79.18,60-79,Age group,0,6220.0,To March 2026,80.95,80.08,
E54000034,NHS Frimley Integrated Care Board,Male,545.0,,,CVDP001SMOK,"Patients with GP recorded CVD or CVD risk factors who are GP recorded current smokers or have no smoking status recorded, whose notes record smoking status in the preceding 12 months.",Smoking: Record of smoking status (CVDP001SMOK),77.7,80+,Age group,0,440.0,To March 2026,84.1,81.07,
E54000034,NHS Frimley Integrated Care Board,Female,530.0,,,CVDP001SMOK,"Patients with GP recorded CVD or CVD risk factors who are GP recorded current smokers or have no smoking status recorded, whose notes record smoking status in the preceding 12 months.",Smoking: Record of smoking status (CVDP001SMOK),74.72,80+,Age group,0,415.0,To March 2026,81.65,78.34,
E54000034,NHS Frimley Integrated Care Board,Persons,1075.0,,,CVDP001SMOK,"Patients with GP recorded CVD or CVD risk factors who are GP recorded current smokers or have no smoking status recorded, whose notes record smoking status in the preceding 12 months.",Smoking: Record of smoking status (CVDP001SMOK),77.27,80+,Age group,0,855.0,To March 2026,82.0,79.72,
E54000034,NHS Frimley Integrated Care Board,Persons,745.0,,,CVDP001SMOK,"Patients with GP recorded CVD or CVD risk factors who are GP recorded current smokers or have no smoking status recorded, whose notes record smoking status in the preceding 12 months.",Smoking: Record of smoking status (CVDP001SMOK),78.88,1 - most deprived,Deprivation quintile,0,610.0,To March 2026,84.36,81.74,
E54000034,NHS Frimley Integrated Care Board,Persons,4335.0,,,CVDP001SMOK,"Patients with GP recorded CVD or CVD risk factors who are GP recorded current smokers or have no smoking status recorded, whose notes record smoking status in the preceding 12 months.",Smoking: Record of smoking status (CVDP001SMOK),76.87,2,Deprivation quintile,0,3390.0,To March 2026,79.31,78.12,
E54000034,NHS Frimley Integrated Care Board,Persons,3965.0,,,CVDP001SMOK,"Patients with GP recorded CVD or CVD risk factors who are GP recorded current smokers or have no smoking status recorded, whose notes record smoking status in the preceding 12 months.",Smoking: Record of smoking status (CVDP001SMOK),75.6,3,Deprivation quintile,0,3050.0,To March 2026,78.23,76.95,
E54000034,NHS Frimley Integrated Care Board,Persons,3320.0,,,CVDP001SMOK,"Patients with GP recorded CVD or CVD risk factors who are GP recorded current smokers or have no smoking status recorded, whose notes record smoking status in the preceding 12 months.",Smoking: Record of smoking status (CVDP001SMOK),76.27,4,Deprivation quintile,0,2580.0,To March 2026,79.1,77.73,
E54000034,NHS Frimley Integrated Care Board,Persons,5120.0,,,CVDP001SMOK,"Patients with GP recorded CVD or CVD risk factors who are GP recorded current smokers or have no smoking status recorded, whose notes record smoking status in the preceding 12 months.",Smoking: Record of smoking status (CVDP001SMOK),73.99,5 - least deprived,Deprivation quintile,0,3850.0,To March 2026,76.35,75.19,
E54000034,NHS Frimley Integrated Care Board,Persons,2815.0,,,CVDP001SMOK,"Patients with GP recorded CVD or CVD risk factors who are GP recorded current smokers or have no smoking status recorded, whose notes record smoking status in the preceding 12 months.",Smoking: Record of smoking status (CVDP001SMOK),74.47,Asian,Ethnicity,0,2145.0,To March 2026,77.59,76.07,
E54000034,NHS Frimley Integrated Care Board,Persons,430.0,,,CVDP001SMOK,"Patients with GP recorded CVD or CVD risk factors who are GP recorded current smokers or have no smoking status recorded, whose notes record smoking status in the preceding 12 months.",Smoking: Record of smoking status (CVDP001SMOK),70.74,Black,Ethnicity,0,325.0,To March 2026,78.8,74.94,
E54000034,NHS Frimley Integrated Care Board,Persons,205.0,,,CVDP001SMOK,"Patients with GP recorded CVD or CVD risk factors who are GP recorded current smokers or have no smoking status recorded, whose notes record smoking status in the preceding 12 months.",Smoking: Record of smoking status (CVDP001SMOK),40.29,Missing,Ethnicity,0,95.0,To March 2026,53.88,47.29,
E54000034,NHS Frimley Integrated Care Board,Persons,250.0,,,CVDP001SMOK,"Patients with GP recorded CVD or CVD risk factors who are GP recorded current smokers or have no smoking status recorded, whose notes record smoking status in the preceding 12 months.",Smoking: Record of smoking status (CVDP001SMOK),71.26,Mixed,Ethnicity,0,195.0,To March 2026,81.5,76.89,
E54000034,NHS Frimley Integrated Care Board,Persons,600.0,,,CVDP001SMOK,"Patients with GP recorded CVD or CVD risk factors who are GP recorded current smokers or have no smoking status recorded, whose notes record smoking status in the preceding 12 months.",Smoking: Record of smoking status (CVDP001SMOK),62.58,Not stated,Ethnicity,0,400.0,To March 2026,70.03,66.39,
E54000034,NHS Frimley Integrated Care Board,Persons,305.0,,,CVDP001SMOK,"Patients with GP recorded CVD or CVD risk factors who are GP recorded current smokers or have no smoking status recorded, whose notes record smoking status in the preceding 12 months.",Smoking: Record of smoking status (CVDP001SMOK),70.32,Other,Ethnicity,0,230.0,To March 2026,79.68,75.24,
E54000034,NHS Frimley Integrated Care Board,Persons,12920.0,,,CVDP001SMOK,"Patients with GP recorded CVD or CVD risk factors who are GP recorded current smokers or have no smoking status recorded, whose notes record smoking status in the preceding 12 months.",Smoking: Record of smoking status (CVDP001SMOK),77.55,White,Ethnicity,0,10110.0,To March 2026,78.97,78.27,
E54000034,NHS Frimley Integrated Care Board,Persons,16895.0,,,CVDP001SMOK,"Patients with GP recorded CVD or CVD risk factors who are GP recorded current smokers or have no smoking status recorded, whose notes record smoking status in the preceding 12 months.",Smoking: Record of smoking status (CVDP001SMOK),75.88,People without SMI,Mental Health,0,12925.0,To March 2026,77.15,76.52,
E54000034,NHS Frimley Integrated Care Board,Persons,635.0,,,CVDP001SMOK,"Patients with GP recorded CVD or CVD risk factors who are GP recorded current smokers or have no smoking status recorded, whose notes record smoking status in the preceding 12 months.",Smoking: Record of smoking status (CVDP001SMOK),86.88,People with SMI,Mental Health,0,570.0,To March 2026,91.56,89.48,
E54000034,NHS Frimley Integrated Care Board,Persons,17445.0,,,CVDP001SMOK,"Patients with GP recorded CVD or CVD risk factors who are GP recorded current smokers or have no smoking status recorded, whose notes record smoking status in the preceding 12 months.",Smoking: Record of smoking status (CVDP001SMOK),76.29,People without a diagnosed learning disability,Learning Disability,0,13420.0,To March 2026,77.54,76.92,
E54000034,NHS Frimley Integrated Care Board,Persons,85.0,,,CVDP001SMOK,"Patients with GP recorded CVD or CVD risk factors who are GP recorded current smokers or have no smoking status recorded, whose notes record smoking status in the preceding 12 months.",Smoking: Record of smoking status (CVDP001SMOK),83.33,People with a diagnosed learning disability,Learning Disability,0,80.0,To March 2026,95.56,90.8,
E54000043,NHS Gloucestershire Integrated Care Board,Persons,18905.0,,,CVDP001SMOK,"Patients with GP recorded CVD or CVD risk factors who are GP recorded current smokers or have no smoking status recorded, whose notes record smoking status in the preceding 12 months.",Smoking: Record of smoking status (CVDP001SMOK),73.03,Persons,Sex,0,13925.0,To March 2026,74.28,73.66,
E54000043,NHS Gloucestershire Integrated Care Board,Female,8310.0,,,CVDP001SMOK,"Patients with GP recorded CVD or CVD risk factors who are GP recorded current smokers or have no smoking status recorded, whose notes record smoking status in the preceding 12 months.",Smoking: Record of smoking status (CVDP001SMOK),76.1,Female,Sex,0,6400.0,To March 2026,77.91,77.02,
E54000043,NHS Gloucestershire Integrated Care Board,Male,10595.0,,,CVDP001SMOK,"Patients with GP recorded CVD or CVD risk factors who are GP recorded current smokers or have no smoking status recorded, whose notes record smoking status in the preceding 12 months.",Smoking: Record of smoking status (CVDP001SMOK),70.15,Male,Sex,0,7525.0,To March 2026,71.88,71.02,
E54000043,NHS Gloucestershire Integrated Care Board,Male,895.0,,,CVDP001SMOK,"Patients with GP recorded CVD or CVD risk factors who are GP recorded current smokers or have no smoking status recorded, whose notes record smoking status in the preceding 12 months.",Smoking: Record of smoking status (CVDP001SMOK),45.22,18-39,Age group,0,435.0,To March 2026,51.67,48.49,
E54000043,NHS Gloucestershire Integrated Care Board,Female,640.0,,,CVDP001SMOK,"Patients with GP recorded CVD or CVD risk factors who are GP recorded current smokers or have no smoking status recorded, whose notes record smoking status in the preceding 12 months.",Smoking: Record of smoking status (CVDP001SMOK),60.0,18-39,Age group,0,410.0,To March 2026,67.29,63.71,
E54000043,NHS Gloucestershire Integrated Care Board,Persons,1540.0,,,CVDP001SMOK,"Patients with GP recorded CVD or CVD risk factors who are GP recorded current smokers or have no smoking status recorded, whose notes record smoking status in the preceding 12 months.",Smoking: Record of smoking status (CVDP001SMOK),52.33,18-39,Age group,0,845.0,To March 2026,57.26,54.84,
E54000043,NHS Gloucestershire Integrated Care Board,Male,4305.0,,,CVDP001SMOK,"Patients with GP recorded CVD or CVD risk factors who are GP recorded current smokers or have no smoking status recorded, whose notes record smoking status in the preceding 12 months.",Smoking: Record of smoking status (CVDP001SMOK),65.2,40-59,Age group,0,2865.0,To March 2026,68.01,66.61,
E54000043,NHS Gloucestershire Integrated Care Board,Female,3110.0,,,CVDP001SMOK,"Patients with GP recorded CVD or CVD risk factors who are GP recorded current smokers or have no smoking status recorded, whose notes record smoking status in the preceding 12 months.",Smoking: Record of smoking status (CVDP001SMOK),74.09,40-59,Age group,0,2355.0,To March 2026,77.08,75.61,
E54000043,NHS Gloucestershire Integrated Care Board,Persons,7415.0,,,CVDP001SMOK,"Patients with GP recorded CVD or CVD risk factors who are GP recorded current smokers or have no smoking status recorded, whose notes record smoking status in the preceding 12 months.",Smoking: Record of smoking status (CVDP001SMOK),69.34,40-59,Age group,0,5220.0,To March 2026,71.41,70.39,
E54000043,NHS Gloucestershire Integrated Care Board,Male,4840.0,,,CVDP001SMOK,"Patients with GP recorded CVD or CVD risk factors who are GP recorded current smokers or have no smoking status recorded, whose notes record smoking status in the preceding 12 months.",Smoking: Record of smoking status (CVDP001SMOK),76.73,60-79,Age group,0,3770.0,To March 2026,79.06,77.91,
E54000043,NHS Gloucestershire Integrated Care Board,Female,3955.0,,,CVDP001SMOK,"Patients with GP recorded CVD or CVD risk factors who are GP recorded current smokers or have no smoking status recorded, whose notes record smoking status in the preceding 12 months.",Smoking: Record of smoking status (CVDP001SMOK),78.56,60-79,Age group,0,3160.0,To March 2026,81.03,79.83,
E54000043,NHS Gloucestershire Integrated Care Board,Persons,8795.0,,,CVDP001SMOK,"Patients with GP recorded CVD or CVD risk factors who are GP recorded current smokers or have no smoking status recorded, whose notes record smoking status in the preceding 12 months.",Smoking: Record of smoking status (CVDP001SMOK),77.91,60-79,Age group,0,6930.0,To March 2026,79.61,78.77,
E54000043,NHS Gloucestershire Integrated Care Board,Male,550.0,,,CVDP001SMOK,"Patients with GP recorded CVD or CVD risk factors who are GP recorded current smokers or have no smoking status recorded, whose notes record smoking status in the preceding 12 months.",Smoking: Record of smoking status (CVDP001SMOK),78.2,80+,Age group,0,450.0,To March 2026,84.5,81.52,
E54000043,NHS Gloucestershire Integrated Care Board,Female,600.0,,,CVDP001SMOK,"Patients with GP recorded CVD or CVD risk factors who are GP recorded current smokers or have no smoking status recorded, whose notes record smoking status in the preceding 12 months.",Smoking: Record of smoking status (CVDP001SMOK),76.69,80+,Age group,0,480.0,To March 2026,82.98,80.07,
E54000043,NHS Gloucestershire Integrated Care Board,Persons,1155.0,,,CVDP001SMOK,"Patients with GP recorded CVD or CVD risk factors who are GP recorded current smokers or have no smoking status recorded, whose notes record smoking status in the preceding 12 months.",Smoking: Record of smoking status (CVDP001SMOK),78.39,80+,Age group,0,930.0,To March 2026,82.89,80.76,
E54000043,NHS Gloucestershire Integrated Care Board,Persons,2960.0,,,CVDP001SMOK,"Patients with GP recorded CVD or CVD risk factors who are GP recorded current smokers or have no smoking status recorded, whose notes record smoking status in the preceding 12 months.",Smoking: Record of smoking status (CVDP001SMOK),71.06,1 - most deprived,Deprivation quintile,0,2150.0,To March 2026,74.27,72.68,
E54000043,NHS Gloucestershire Integrated Care Board,Persons,3035.0,,,CVDP001SMOK,"Patients with GP recorded CVD or CVD risk factors who are GP recorded current smokers or have no smoking status recorded, whose notes record smoking status in the preceding 12 months.",Smoking: Record of smoking status (CVDP001SMOK),72.7,2,Deprivation quintile,0,2255.0,To March 2026,75.79,74.28,
E54000043,NHS Gloucestershire Integrated Care Board,Persons,4715.0,,,CVDP001SMOK,"Patients with GP recorded CVD or CVD risk factors who are GP recorded current smokers or have no smoking status recorded, whose notes record smoking status in the preceding 12 months.",Smoking: Record of smoking status (CVDP001SMOK),74.26,3,Deprivation quintile,0,3560.0,To March 2026,76.7,75.49,
E54000043,NHS Gloucestershire Integrated Care Board,Persons,4325.0,,,CVDP001SMOK,"Patients with GP recorded CVD or CVD risk factors who are GP recorded current smokers or have no smoking status recorded, whose notes record smoking status in the preceding 12 months.",Smoking: Record of smoking status (CVDP001SMOK),73.4,4,Deprivation quintile,0,3230.0,To March 2026,75.99,74.72,
E54000043,NHS Gloucestershire Integrated Care Board,Persons,3740.0,,,CVDP001SMOK,"Patients with GP recorded CVD or CVD risk factors who are GP recorded current smokers or have no smoking status recorded, whose notes record smoking status in the preceding 12 months.",Smoking: Record of smoking status (CVDP001SMOK),69.07,5 - least deprived,Deprivation quintile,0,2640.0,To March 2026,71.98,70.54,
E54000043,NHS Gloucestershire Integrated Care Board,Persons,460.0,,,CVDP001SMOK,"Patients with GP recorded CVD or CVD risk factors who are GP recorded current smokers or have no smoking status recorded, whose notes record smoking status in the preceding 12 months.",Smoking: Record of smoking status (CVDP001SMOK),58.87,Asian,Ethnicity,0,290.0,To March 2026,67.53,63.4,
E54000043,NHS Gloucestershire Integrated Care Board,Persons,340.0,,,CVDP001SMOK,"Patients with GP recorded CVD or CVD risk factors who are GP recorded current smokers or have no smoking status recorded, whose notes record smoking status in the preceding 12 months.",Smoking: Record of smoking status (CVDP001SMOK),60.93,Black,Ethnicity,0,225.0,To March 2026,70.85,66.18,
E54000043,NHS Gloucestershire Integrated Care Board,Persons,335.0,,,CVDP001SMOK,"Patients with GP recorded CVD or CVD risk factors who are GP recorded current smokers or have no smoking status recorded, whose notes record smoking status in the preceding 12 months.",Smoking: Record of smoking status (CVDP001SMOK),46.15,Missing,Ethnicity,0,175.0,To March 2026,56.8,51.64,
E54000043,NHS Gloucestershire Integrated Care Board,Persons,195.0,,,CVDP001SMOK,"Patients with GP recorded CVD or CVD risk factors who are GP recorded current smokers or have no smoking status recorded, whose notes record smoking status in the preceding 12 months.",Smoking: Record of smoking status (CVDP001SMOK),62.24,Mixed,Ethnicity,0,135.0,To March 2026,75.0,68.91,
E54000043,NHS Gloucestershire Integrated Care Board,Persons,745.0,,,CVDP001SMOK,"Patients with GP recorded CVD or CVD risk factors who are GP recorded current smokers or have no smoking status recorded, whose notes record smoking status in the preceding 12 months.",Smoking: Record of smoking status (CVDP001SMOK),56.3,Not stated,Ethnicity,0,445.0,To March 2026,63.27,59.89,
E54000043,NHS Gloucestershire Integrated Care Board,Persons,175.0,,,CVDP001SMOK,"Patients with GP recorded CVD or CVD risk factors who are GP recorded current smokers or have no smoking status recorded, whose notes record smoking status in the preceding 12 months.",Smoking: Record of smoking status (CVDP001SMOK),59.78,Other,Ethnicity,0,120.0,To March 2026,73.18,67.05,
E54000043,NHS Gloucestershire Integrated Care Board,Persons,16660.0,,,CVDP001SMOK,"Patients with GP recorded CVD or CVD risk factors who are GP recorded current smokers or have no smoking status recorded, whose notes record smoking status in the preceding 12 months.",Smoking: Record of smoking status (CVDP001SMOK),74.61,White,Ethnicity,0,12540.0,To March 2026,75.92,75.27,
E54000043,NHS Gloucestershire Integrated Care Board,Persons,18235.0,,,CVDP001SMOK,"Patients with GP recorded CVD or CVD risk factors who are GP recorded current smokers or have no smoking status recorded, whose notes record smoking status in the preceding 12 months.",Smoking: Record of smoking status (CVDP001SMOK),72.58,People without SMI,Mental Health,0,13355.0,To March 2026,73.87,73.23,
E54000043,NHS Gloucestershire Integrated Care Board,Persons,670.0,,,CVDP001SMOK,"Patients with GP recorded CVD or CVD risk factors who are GP recorded current smokers or have no smoking status recorded, whose notes record smoking status in the preceding 12 months.",Smoking: Record of smoking status (CVDP001SMOK),82.56,People with SMI,Mental Health,0,570.0,To March 2026,87.78,85.33,
E54000043,NHS Gloucestershire Integrated Care Board,Persons,18760.0,,,CVDP001SMOK,"Patients with GP recorded CVD or CVD risk factors who are GP recorded current smokers or have no smoking status recorded, whose notes record smoking status in the preceding 12 months.",Smoking: Record of smoking status (CVDP001SMOK),72.9,People without a diagnosed learning disability,Learning Disability,0,13795.0,To March 2026,74.16,73.54,
E54000043,NHS Gloucestershire Integrated Care Board,Persons,145.0,,,CVDP001SMOK,"Patients with GP recorded CVD or CVD risk factors who are GP recorded current smokers or have no smoking status recorded, whose notes record smoking status in the preceding 12 months.",Smoking: Record of smoking status (CVDP001SMOK),83.22,People with a diagnosed learning disability,Learning Disability,0,130.0,To March 2026,93.29,89.04,
E54000057,NHS Greater Manchester Integrated Care Board,Persons,98195.0,,,CVDP001SMOK,"Patients with GP recorded CVD or CVD risk factors who are GP recorded current smokers or have no smoking status recorded, whose notes record smoking status in the preceding 12 months.",Smoking: Record of smoking status (CVDP001SMOK),78.31,Persons,Sex,0,77150.0,To March 2026,78.82,78.57,
E54000057,NHS Greater Manchester Integrated Care Board,Female,40010.0,,,CVDP001SMOK,"Patients with GP recorded CVD or CVD risk factors who are GP recorded current smokers or have no smoking status recorded, whose notes record smoking status in the preceding 12 months.",Smoking: Record of smoking status (CVDP001SMOK),80.29,Female,Sex,0,32280.0,To March 2026,81.06,80.68,
E54000057,NHS Greater Manchester Integrated Care Board,Male,58185.0,,,CVDP001SMOK,"Patients with GP recorded CVD or CVD risk factors who are GP recorded current smokers or have no smoking status recorded, whose notes record smoking status in the preceding 12 months.",Smoking: Record of smoking status (CVDP001SMOK),76.77,Male,Sex,0,44870.0,To March 2026,77.46,77.12,
E54000057,NHS Greater Manchester Integrated Care Board,Male,4615.0,,,CVDP001SMOK,"Patients with GP recorded CVD or CVD risk factors who are GP recorded current smokers or have no smoking status recorded, whose notes record smoking status in the preceding 12 months.",Smoking: Record of smoking status (CVDP001SMOK),55.27,18-39,Age group,0,2615.0,To March 2026,58.11,56.7,
E54000057,NHS Greater Manchester Integrated Care Board,Female,2765.0,,,CVDP001SMOK,"Patients with GP recorded CVD or CVD risk factors who are GP recorded current smokers or have no smoking status recorded, whose notes record smoking status in the preceding 12 months.",Smoking: Record of smoking status (CVDP001SMOK),61.37,18-39,Age group,0,1745.0,To March 2026,64.94,63.17,
E54000057,NHS Greater Manchester Integrated Care Board,Persons,7380.0,,,CVDP001SMOK,"Patients with GP recorded CVD or CVD risk factors who are GP recorded current smokers or have no smoking status recorded, whose notes record smoking status in the preceding 12 months.",Smoking: Record of smoking status (CVDP001SMOK),58.0,18-39,Age group,0,4360.0,To March 2026,60.24,59.12,
E54000057,NHS Greater Manchester Integrated Care Board,Male,26050.0,,,CVDP001SMOK,"Patients with GP recorded CVD or CVD risk factors who are GP recorded current smokers or have no smoking status recorded, whose notes record smoking status in the preceding 12 months.",Smoking: Record of smoking status (CVDP001SMOK),72.85,40-59,Age group,0,19120.0,To March 2026,73.92,73.39,
E54000057,NHS Greater Manchester Integrated Care Board,Female,14965.0,,,CVDP001SMOK,"Patients with GP recorded CVD or CVD risk factors who are GP recorded current smokers or have no smoking status recorded, whose notes record smoking status in the preceding 12 months.",Smoking: Record of smoking status (CVDP001SMOK),77.52,40-59,Age group,0,11700.0,To March 2026,78.84,78.19,
E54000057,NHS Greater Manchester Integrated Care Board,Persons,41015.0,,,CVDP001SMOK,"Patients with GP recorded CVD or CVD risk factors who are GP recorded current smokers or have no smoking status recorded, whose notes record smoking status in the preceding 12 months.",Smoking: Record of smoking status (CVDP001SMOK),74.72,40-59,Age group,0,30820.0,To March 2026,75.56,75.14,
E54000057,NHS Greater Manchester Integrated Care Board,Male,25235.0,,,CVDP001SMOK,"Patients with GP recorded CVD or CVD risk factors who are GP recorded current smokers or have no smoking status recorded, whose notes record smoking status in the preceding 12 months.",Smoking: Record of smoking status (CVDP001SMOK),83.37,60-79,Age group,0,21155.0,To March 2026,84.28,83.83,
E54000057,NHS Greater Manchester Integrated Care Board,Female,19525.0,,,CVDP001SMOK,"Patients with GP recorded CVD or CVD risk factors who are GP recorded current smokers or have no smoking status recorded, whose notes record smoking status in the preceding 12 months.",Smoking: Record of smoking status (CVDP001SMOK),84.1,60-79,Age group,0,16520.0,To March 2026,85.1,84.61,
E54000057,NHS Greater Manchester Integrated Care Board,Persons,44760.0,,,CVDP001SMOK,"Patients with GP recorded CVD or CVD risk factors who are GP recorded current smokers or have no smoking status recorded, whose notes record smoking status in the preceding 12 months.",Smoking: Record of smoking status (CVDP001SMOK),83.83,60-79,Age group,0,37675.0,To March 2026,84.5,84.17,
E54000057,NHS Greater Manchester Integrated Care Board,Male,2285.0,,,CVDP001SMOK,"Patients with GP recorded CVD or CVD risk factors who are GP recorded current smokers or have no smoking status recorded, whose notes record smoking status in the preceding 12 months.",Smoking: Record of smoking status (CVDP001SMOK),85.23,80+,Age group,0,1980.0,To March 2026,87.99,86.66,
E54000057,NHS Greater Manchester Integrated Care Board,Female,2755.0,,,CVDP001SMOK,"Patients with GP recorded CVD or CVD risk factors who are GP recorded current smokers or have no smoking status recorded, whose notes record smoking status in the preceding 12 months.",Smoking: Record of smoking status (CVDP001SMOK),82.5,80+,Age group,0,2315.0,To March 2026,85.22,83.9,
E54000057,NHS Greater Manchester Integrated Care Board,Persons,5045.0,,,CVDP001SMOK,"Patients with GP recorded CVD or CVD risk factors who are GP recorded current smokers or have no smoking status recorded, whose notes record smoking status in the preceding 12 months.",Smoking: Record of smoking status (CVDP001SMOK),84.15,80+,Age group,0,4295.0,To March 2026,86.11,85.15,
E54000057,NHS Greater Manchester Integrated Care Board,Persons,55170.0,,,CVDP001SMOK,"Patients with GP recorded CVD or CVD risk factors who are GP recorded current smokers or have no smoking status recorded, whose notes record smoking status in the preceding 12 months.",Smoking: Record of smoking status (CVDP001SMOK),79.0,1 - most deprived,Deprivation quintile,0,43770.0,To March 2026,79.67,79.34,
E54000057,NHS Greater Manchester Integrated Care Board,Persons,19725.0,,,CVDP001SMOK,"Patients with GP recorded CVD or CVD risk factors who are GP recorded current smokers or have no smoking status recorded, whose notes record smoking status in the preceding 12 months.",Smoking: Record of smoking status (CVDP001SMOK),77.55,2,Deprivation quintile,0,15415.0,To March 2026,78.7,78.13,
E54000057,NHS Greater Manchester Integrated Care Board,Persons,10010.0,,,CVDP001SMOK,"Patients with GP recorded CVD or CVD risk factors who are GP recorded current smokers or have no smoking status recorded, whose notes record smoking status in the preceding 12 months.",Smoking: Record of smoking status (CVDP001SMOK),76.67,3,Deprivation quintile,0,7760.0,To March 2026,78.3,77.49,
E54000057,NHS Greater Manchester Integrated Care Board,Persons,8150.0,,,CVDP001SMOK,"Patients with GP recorded CVD or CVD risk factors who are GP recorded current smokers or have no smoking status recorded, whose notes record smoking status in the preceding 12 months.",Smoking: Record of smoking status (CVDP001SMOK),76.44,4,Deprivation quintile,0,6305.0,To March 2026,78.26,77.37,
E54000057,NHS Greater Manchester Integrated Care Board,Persons,4815.0,,,CVDP001SMOK,"Patients with GP recorded CVD or CVD risk factors who are GP recorded current smokers or have no smoking status recorded, whose notes record smoking status in the preceding 12 months.",Smoking: Record of smoking status (CVDP001SMOK),74.95,5 - least deprived,Deprivation quintile,0,3670.0,To March 2026,77.34,76.16,
E54000057,NHS Greater Manchester Integrated Care Board,Persons,10325.0,,,CVDP001SMOK,"Patients with GP recorded CVD or CVD risk factors who are GP recorded current smokers or have no smoking status recorded, whose notes record smoking status in the preceding 12 months.",Smoking: Record of smoking status (CVDP001SMOK),73.41,Asian,Ethnicity,0,7665.0,To March 2026,75.09,74.26,
E54000057,NHS Greater Manchester Integrated Care Board,Persons,2690.0,,,CVDP001SMOK,"Patients with GP recorded CVD or CVD risk factors who are GP recorded current smokers or have no smoking status recorded, whose notes record smoking status in the preceding 12 months.",Smoking: Record of smoking status (CVDP001SMOK),70.95,Black,Ethnicity,0,1955.0,To March 2026,74.29,72.66,
E54000057,NHS Greater Manchester Integrated Care Board,Persons,1245.0,,,CVDP001SMOK,"Patients with GP recorded CVD or CVD risk factors who are GP recorded current smokers or have no smoking status recorded, whose notes record smoking status in the preceding 12 months.",Smoking: Record of smoking status (CVDP001SMOK),52.97,Missing,Ethnicity,0,695.0,To March 2026,58.43,55.75,
E54000057,NHS Greater Manchester Integrated Care Board,Persons,1375.0,,,CVDP001SMOK,"Patients with GP recorded CVD or CVD risk factors who are GP recorded current smokers or have no smoking status recorded, whose notes record smoking status in the preceding 12 months.",Smoking: Record of smoking status (CVDP001SMOK),70.64,Mixed,Ethnicity,0,1005.0,To March 2026,75.29,73.05,
E54000057,NHS Greater Manchester Integrated Care Board,Persons,3140.0,,,CVDP001SMOK,"Patients with GP recorded CVD or CVD risk factors who are GP recorded current smokers or have no smoking status recorded, whose notes record smoking status in the preceding 12 months.",Smoking: Record of smoking status (CVDP001SMOK),61.97,Not stated,Ethnicity,0,2000.0,To March 2026,65.31,63.65,
E54000057,NHS Greater Manchester Integrated Care Board,Persons,2080.0,,,CVDP001SMOK,"Patients with GP recorded CVD or CVD risk factors who are GP recorded current smokers or have no smoking status recorded, whose notes record smoking status in the preceding 12 months.",Smoking: Record of smoking status (CVDP001SMOK),72.18,Other,Ethnicity,0,1540.0,To March 2026,75.93,74.11,
E54000057,NHS Greater Manchester Integrated Care Board,Persons,77345.0,,,CVDP001SMOK,"Patients with GP recorded CVD or CVD risk factors who are GP recorded current smokers or have no smoking status recorded, whose notes record smoking status in the preceding 12 months.",Smoking: Record of smoking status (CVDP001SMOK),80.26,White,Ethnicity,0,62290.0,To March 2026,80.81,80.54,
E54000057,NHS Greater Manchester Integrated Care Board,Persons,93165.0,,,CVDP001SMOK,"Patients with GP recorded CVD or CVD risk factors who are GP recorded current smokers or have no smoking status recorded, whose notes record smoking status in the preceding 12 months.",Smoking: Record of smoking status (CVDP001SMOK),77.67,People without SMI,Mental Health,0,72610.0,To March 2026,78.2,77.94,
E54000057,NHS Greater Manchester Integrated Care Board,Persons,5030.0,,,CVDP001SMOK,"Patients with GP recorded CVD or CVD risk factors who are GP recorded current smokers or have no smoking status recorded, whose notes record smoking status in the preceding 12 months.",Smoking: Record of smoking status (CVDP001SMOK),89.33,People with SMI,Mental Health,0,4535.0,To March 2026,90.96,90.18,
E54000057,NHS Greater Manchester Integrated Care Board,Persons,97620.0,,,CVDP001SMOK,"Patients with GP recorded CVD or CVD risk factors who are GP recorded current smokers or have no smoking status recorded, whose notes record smoking status in the preceding 12 months.",Smoking: Record of smoking status (CVDP001SMOK),78.23,People without a diagnosed learning disability,Learning Disability,0,76615.0,To March 2026,78.74,78.48,
E54000057,NHS Greater Manchester Integrated Care Board,Persons,575.0,,,CVDP001SMOK,"Patients with GP recorded CVD or CVD risk factors who are GP recorded current smokers or have no smoking status recorded, whose notes record smoking status in the preceding 12 months.",Smoking: Record of smoking status (CVDP001SMOK),90.16,People with a diagnosed learning disability,Learning Disability,0,535.0,To March 2026,94.3,92.53,
E54000042,Nhs Hampshire And Isle Of Wight Integrated Care Board,Persons,45310.0,,,CVDP001SMOK,"Patients with GP recorded CVD or CVD risk factors who are GP recorded current smokers or have no smoking status recorded, whose notes record smoking status in the preceding 12 months.",Smoking: Record of smoking status (CVDP001SMOK),76.32,Persons,Sex,0,34760.0,To March 2026,77.1,76.72,
E54000042,Nhs Hampshire And Isle Of Wight Integrated Care Board,Female,19350.0,,,CVDP001SMOK,"Patients with GP recorded CVD or CVD risk factors who are GP recorded current smokers or have no smoking status recorded, whose notes record smoking status in the preceding 12 months.",Smoking: Record of smoking status (CVDP001SMOK),79.54,Female,Sex,0,15500.0,To March 2026,80.66,80.1,
E54000042,Nhs Hampshire And Isle Of Wight Integrated Care Board,Male,25955.0,,,CVDP001SMOK,"Patients with GP recorded CVD or CVD risk factors who are GP recorded current smokers or have no smoking status recorded, whose notes record smoking status in the preceding 12 months.",Smoking: Record of smoking status (CVDP001SMOK),73.66,Male,Sex,0,19260.0,To March 2026,74.72,74.19,
E54000042,Nhs Hampshire And Isle Of Wight Integrated Care Board,Male,1535.0,,,CVDP001SMOK,"Patients with GP recorded CVD or CVD risk factors who are GP recorded current smokers or have no smoking status recorded, whose notes record smoking status in the preceding 12 months.",Smoking: Record of smoking status (CVDP001SMOK),57.53,18-39,Age group,0,920.0,To March 2026,62.4,59.99,
E54000042,Nhs Hampshire And Isle Of Wight Integrated Care Board,Female,1155.0,,,CVDP001SMOK,"Patients with GP recorded CVD or CVD risk factors who are GP recorded current smokers or have no smoking status recorded, whose notes record smoking status in the preceding 12 months.",Smoking: Record of smoking status (CVDP001SMOK),71.64,18-39,Age group,0,860.0,To March 2026,76.64,74.24,
E54000042,Nhs Hampshire And Isle Of Wight Integrated Care Board,Persons,2695.0,,,CVDP001SMOK,"Patients with GP recorded CVD or CVD risk factors who are GP recorded current smokers or have no smoking status recorded, whose notes record smoking status in the preceding 12 months.",Smoking: Record of smoking status (CVDP001SMOK),64.29,18-39,Age group,0,1780.0,To March 2026,67.85,66.11,
E54000042,Nhs Hampshire And Isle Of Wight Integrated Care Board,Male,10060.0,,,CVDP001SMOK,"Patients with GP recorded CVD or CVD risk factors who are GP recorded current smokers or have no smoking status recorded, whose notes record smoking status in the preceding 12 months.",Smoking: Record of smoking status (CVDP001SMOK),70.18,40-59,Age group,0,7150.0,To March 2026,71.95,71.07,
E54000042,Nhs Hampshire And Isle Of Wight Integrated Care Board,Female,6745.0,,,CVDP001SMOK,"Patients with GP recorded CVD or CVD risk factors who are GP recorded current smokers or have no smoking status recorded, whose notes record smoking status in the preceding 12 months.",Smoking: Record of smoking status (CVDP001SMOK),79.41,40-59,Age group,0,5420.0,To March 2026,81.3,80.37,
E54000042,Nhs Hampshire And Isle Of Wight Integrated Care Board,Persons,16805.0,,,CVDP001SMOK,"Patients with GP recorded CVD or CVD risk factors who are GP recorded current smokers or have no smoking status recorded, whose notes record smoking status in the preceding 12 months.",Smoking: Record of smoking status (CVDP001SMOK),74.14,40-59,Age group,0,12570.0,To March 2026,75.45,74.8,
E54000042,Nhs Hampshire And Isle Of Wight Integrated Care Board,Male,12825.0,,,CVDP001SMOK,"Patients with GP recorded CVD or CVD risk factors who are GP recorded current smokers or have no smoking status recorded, whose notes record smoking status in the preceding 12 months.",Smoking: Record of smoking status (CVDP001SMOK),77.31,60-79,Age group,0,10005.0,To March 2026,78.73,78.03,
E54000042,Nhs Hampshire And Isle Of Wight Integrated Care Board,Female,9785.0,,,CVDP001SMOK,"Patients with GP recorded CVD or CVD risk factors who are GP recorded current smokers or have no smoking status recorded, whose notes record smoking status in the preceding 12 months.",Smoking: Record of smoking status (CVDP001SMOK),80.28,60-79,Age group,0,7935.0,To March 2026,81.83,81.06,
E54000042,Nhs Hampshire And Isle Of Wight Integrated Care Board,Persons,22610.0,,,CVDP001SMOK,"Patients with GP recorded CVD or CVD risk factors who are GP recorded current smokers or have no smoking status recorded, whose notes record smoking status in the preceding 12 months.",Smoking: Record of smoking status (CVDP001SMOK),78.81,60-79,Age group,0,17940.0,To March 2026,79.86,79.34,
E54000042,Nhs Hampshire And Isle Of Wight Integrated Care Board,Male,1535.0,,,CVDP001SMOK,"Patients with GP recorded CVD or CVD risk factors who are GP recorded current smokers or have no smoking status recorded, whose notes record smoking status in the preceding 12 months.",Smoking: Record of smoking status (CVDP001SMOK),74.64,80+,Age group,0,1180.0,To March 2026,78.8,76.81,
E54000042,Nhs Hampshire And Isle Of Wight Integrated Care Board,Female,1665.0,,,CVDP001SMOK,"Patients with GP recorded CVD or CVD risk factors who are GP recorded current smokers or have no smoking status recorded, whose notes record smoking status in the preceding 12 months.",Smoking: Record of smoking status (CVDP001SMOK),75.36,80+,Age group,0,1290.0,To March 2026,79.32,77.42,
E54000042,Nhs Hampshire And Isle Of Wight Integrated Care Board,Persons,3200.0,,,CVDP001SMOK,"Patients with GP recorded CVD or CVD risk factors who are GP recorded current smokers or have no smoking status recorded, whose notes record smoking status in the preceding 12 months.",Smoking: Record of smoking status (CVDP001SMOK),75.65,80+,Age group,0,2470.0,To March 2026,78.55,77.13,
E54000042,Nhs Hampshire And Isle Of Wight Integrated Care Board,Persons,8930.0,,,CVDP001SMOK,"Patients with GP recorded CVD or CVD risk factors who are GP recorded current smokers or have no smoking status recorded, whose notes record smoking status in the preceding 12 months.",Smoking: Record of smoking status (CVDP001SMOK),77.82,1 - most deprived,Deprivation quintile,0,7025.0,To March 2026,79.51,78.67,
E54000042,Nhs Hampshire And Isle Of Wight Integrated Care Board,Persons,11290.0,,,CVDP001SMOK,"Patients with GP recorded CVD or CVD risk factors who are GP recorded current smokers or have no smoking status recorded, whose notes record smoking status in the preceding 12 months.",Smoking: Record of smoking status (CVDP001SMOK),77.52,2,Deprivation quintile,0,8840.0,To March 2026,79.03,78.29,
E54000042,Nhs Hampshire And Isle Of Wight Integrated Care Board,Persons,8865.0,,,CVDP001SMOK,"Patients with GP recorded CVD or CVD risk factors who are GP recorded current smokers or have no smoking status recorded, whose notes record smoking status in the preceding 12 months.",Smoking: Record of smoking status (CVDP001SMOK),75.07,3,Deprivation quintile,0,6735.0,To March 2026,76.84,75.96,
E54000042,Nhs Hampshire And Isle Of Wight Integrated Care Board,Persons,8365.0,,,CVDP001SMOK,"Patients with GP recorded CVD or CVD risk factors who are GP recorded current smokers or have no smoking status recorded, whose notes record smoking status in the preceding 12 months.",Smoking: Record of smoking status (CVDP001SMOK),74.16,4,Deprivation quintile,0,6280.0,To March 2026,76.01,75.1,
E54000042,Nhs Hampshire And Isle Of Wight Integrated Care Board,Persons,8005.0,,,CVDP001SMOK,"Patients with GP recorded CVD or CVD risk factors who are GP recorded current smokers or have no smoking status recorded, whose notes record smoking status in the preceding 12 months.",Smoking: Record of smoking status (CVDP001SMOK),73.77,5 - least deprived,Deprivation quintile,0,5985.0,To March 2026,75.67,74.73,
E54000042,Nhs Hampshire And Isle Of Wight Integrated Care Board,Persons,1255.0,,,CVDP001SMOK,"Patients with GP recorded CVD or CVD risk factors who are GP recorded current smokers or have no smoking status recorded, whose notes record smoking status in the preceding 12 months.",Smoking: Record of smoking status (CVDP001SMOK),71.78,Asian,Ethnicity,0,930.0,To March 2026,76.55,74.26,
E54000042,Nhs Hampshire And Isle Of Wight Integrated Care Board,Persons,410.0,,,CVDP001SMOK,"Patients with GP recorded CVD or CVD risk factors who are GP recorded current smokers or have no smoking status recorded, whose notes record smoking status in the preceding 12 months.",Smoking: Record of smoking status (CVDP001SMOK),63.61,Black,Ethnicity,0,280.0,To March 2026,72.53,68.2,
E54000042,Nhs Hampshire And Isle Of Wight Integrated Care Board,Persons,1045.0,,,CVDP001SMOK,"Patients with GP recorded CVD or CVD risk factors who are GP recorded current smokers or have no smoking status recorded, whose notes record smoking status in the preceding 12 months.",Smoking: Record of smoking status (CVDP001SMOK),53.58,Missing,Ethnicity,0,590.0,To March 2026,59.5,56.61,
E54000042,Nhs Hampshire And Isle Of Wight Integrated Care Board,Persons,370.0,,,CVDP001SMOK,"Patients with GP recorded CVD or CVD risk factors who are GP recorded current smokers or have no smoking status recorded, whose notes record smoking status in the preceding 12 months.",Smoking: Record of smoking status (CVDP001SMOK),70.24,Mixed,Ethnicity,0,275.0,To March 2026,78.82,74.86,
E54000042,Nhs Hampshire And Isle Of Wight Integrated Care Board,Persons,2960.0,,,CVDP001SMOK,"Patients with GP recorded CVD or CVD risk factors who are GP recorded current smokers or have no smoking status recorded, whose notes record smoking status in the preceding 12 months.",Smoking: Record of smoking status (CVDP001SMOK),63.34,Not stated,Ethnicity,0,1925.0,To March 2026,66.75,65.06,
E54000042,Nhs Hampshire And Isle Of Wight Integrated Care Board,Persons,440.0,,,CVDP001SMOK,"Patients with GP recorded CVD or CVD risk factors who are GP recorded current smokers or have no smoking status recorded, whose notes record smoking status in the preceding 12 months.",Smoking: Record of smoking status (CVDP001SMOK),68.92,Other,Ethnicity,0,325.0,To March 2026,77.03,73.24,
E54000042,Nhs Hampshire And Isle Of Wight Integrated Care Board,Persons,38825.0,,,CVDP001SMOK,"Patients with GP recorded CVD or CVD risk factors who are GP recorded current smokers or have no smoking status recorded, whose notes record smoking status in the preceding 12 months.",Smoking: Record of smoking status (CVDP001SMOK),77.96,White,Ethnicity,0,30430.0,To March 2026,78.78,78.37,
E54000042,Nhs Hampshire And Isle Of Wight Integrated Care Board,Persons,43405.0,,,CVDP001SMOK,"Patients with GP recorded CVD or CVD risk factors who are GP recorded current smokers or have no smoking status recorded, whose notes record smoking status in the preceding 12 months.",Smoking: Record of smoking status (CVDP001SMOK),75.85,People without SMI,Mental Health,0,33100.0,To March 2026,76.65,76.26,
E54000042,Nhs Hampshire And Isle Of Wight Integrated Care Board,Persons,1905.0,,,CVDP001SMOK,"Patients with GP recorded CVD or CVD risk factors who are GP recorded current smokers or have no smoking status recorded, whose notes record smoking status in the preceding 12 months.",Smoking: Record of smoking status (CVDP001SMOK),85.63,People with SMI,Mental Health,0,1660.0,To March 2026,88.62,87.18,
E54000042,Nhs Hampshire And Isle Of Wight Integrated Care Board,Persons,45080.0,,,CVDP001SMOK,"Patients with GP recorded CVD or CVD risk factors who are GP recorded current smokers or have no smoking status recorded, whose notes record smoking status in the preceding 12 months.",Smoking: Record of smoking status (CVDP001SMOK),76.24,People without a diagnosed learning disability,Learning Disability,0,34550.0,To March 2026,77.02,76.64,
E54000042,Nhs Hampshire And Isle Of Wight Integrated Care Board,Persons,225.0,,,CVDP001SMOK,"Patients with GP recorded CVD or CVD risk factors who are GP recorded current smokers or have no smoking status recorded, whose notes record smoking status in the preceding 12 months.",Smoking: Record of smoking status (CVDP001SMOK),88.7,People with a diagnosed learning disability,Learning Disability,0,210.0,To March 2026,95.22,92.51,
E54000019,NHS Herefordshire and Worcestershire Integrated Care Board,Persons,22950.0,,,CVDP001SMOK,"Patients with GP recorded CVD or CVD risk factors who are GP recorded current smokers or have no smoking status recorded, whose notes record smoking status in the preceding 12 months.",Smoking: Record of smoking status (CVDP001SMOK),76.55,Persons,Sex,0,17695.0,To March 2026,77.63,77.1,
E54000019,NHS Herefordshire and Worcestershire Integrated Care Board,Female,9675.0,,,CVDP001SMOK,"Patients with GP recorded CVD or CVD risk factors who are GP recorded current smokers or have no smoking status recorded, whose notes record smoking status in the preceding 12 months.",Smoking: Record of smoking status (CVDP001SMOK),78.7,Female,Sex,0,7690.0,To March 2026,80.3,79.51,
E54000019,NHS Herefordshire and Worcestershire Integrated Care Board,Male,13280.0,,,CVDP001SMOK,"Patients with GP recorded CVD or CVD risk factors who are GP recorded current smokers or have no smoking status recorded, whose notes record smoking status in the preceding 12 months.",Smoking: Record of smoking status (CVDP001SMOK),74.6,Male,Sex,0,10005.0,To March 2026,76.06,75.34,
E54000019,NHS Herefordshire and Worcestershire Integrated Care Board,Male,765.0,,,CVDP001SMOK,"Patients with GP recorded CVD or CVD risk factors who are GP recorded current smokers or have no smoking status recorded, whose notes record smoking status in the preceding 12 months.",Smoking: Record of smoking status (CVDP001SMOK),54.82,18-39,Age group,0,445.0,To March 2026,61.72,58.3,
E54000019,NHS Herefordshire and Worcestershire Integrated Care Board,Female,540.0,,,CVDP001SMOK,"Patients with GP recorded CVD or CVD risk factors who are GP recorded current smokers or have no smoking status recorded, whose notes record smoking status in the preceding 12 months.",Smoking: Record of smoking status (CVDP001SMOK),59.38,18-39,Age group,0,345.0,To March 2026,67.46,63.59,
E54000019,NHS Herefordshire and Worcestershire Integrated Care Board,Persons,1305.0,,,CVDP001SMOK,"Patients with GP recorded CVD or CVD risk factors who are GP recorded current smokers or have no smoking status recorded, whose notes record smoking status in the preceding 12 months.",Smoking: Record of smoking status (CVDP001SMOK),57.83,18-39,Age group,0,790.0,To March 2026,63.1,60.49,
E54000019,NHS Herefordshire and Worcestershire Integrated Care Board,Male,5005.0,,,CVDP001SMOK,"Patients with GP recorded CVD or CVD risk factors who are GP recorded current smokers or have no smoking status recorded, whose notes record smoking status in the preceding 12 months.",Smoking: Record of smoking status (CVDP001SMOK),69.58,40-59,Age group,0,3550.0,To March 2026,72.1,70.86,
E54000019,NHS Herefordshire and Worcestershire Integrated Care Board,Female,3190.0,,,CVDP001SMOK,"Patients with GP recorded CVD or CVD risk factors who are GP recorded current smokers or have no smoking status recorded, whose notes record smoking status in the preceding 12 months.",Smoking: Record of smoking status (CVDP001SMOK),76.76,40-59,Age group,0,2495.0,To March 2026,79.61,78.21,
E54000019,NHS Herefordshire and Worcestershire Integrated Care Board,Persons,8195.0,,,CVDP001SMOK,"Patients with GP recorded CVD or CVD risk factors who are GP recorded current smokers or have no smoking status recorded, whose notes record smoking status in the preceding 12 months.",Smoking: Record of smoking status (CVDP001SMOK),72.76,40-59,Age group,0,6045.0,To March 2026,74.66,73.72,
E54000019,NHS Herefordshire and Worcestershire Integrated Care Board,Male,6710.0,,,CVDP001SMOK,"Patients with GP recorded CVD or CVD risk factors who are GP recorded current smokers or have no smoking status recorded, whose notes record smoking status in the preceding 12 months.",Smoking: Record of smoking status (CVDP001SMOK),78.77,60-79,Age group,0,5350.0,To March 2026,80.69,79.75,
E54000019,NHS Herefordshire and Worcestershire Integrated Care Board,Female,5130.0,,,CVDP001SMOK,"Patients with GP recorded CVD or CVD risk factors who are GP recorded current smokers or have no smoking status recorded, whose notes record smoking status in the preceding 12 months.",Smoking: Record of smoking status (CVDP001SMOK),80.68,60-79,Age group,0,4195.0,To March 2026,82.78,81.76,
E54000019,NHS Herefordshire and Worcestershire Integrated Care Board,Persons,11840.0,,,CVDP001SMOK,"Patients with GP recorded CVD or CVD risk factors who are GP recorded current smokers or have no smoking status recorded, whose notes record smoking status in the preceding 12 months.",Smoking: Record of smoking status (CVDP001SMOK),79.9,60-79,Age group,0,9545.0,To March 2026,81.32,80.62,
E54000019,NHS Herefordshire and Worcestershire Integrated Care Board,Male,795.0,,,CVDP001SMOK,"Patients with GP recorded CVD or CVD risk factors who are GP recorded current smokers or have no smoking status recorded, whose notes record smoking status in the preceding 12 months.",Smoking: Record of smoking status (CVDP001SMOK),80.0,80+,Age group,0,660.0,To March 2026,85.13,82.69,
E54000019,NHS Herefordshire and Worcestershire Integrated Care Board,Female,810.0,,,CVDP001SMOK,"Patients with GP recorded CVD or CVD risk factors who are GP recorded current smokers or have no smoking status recorded, whose notes record smoking status in the preceding 12 months.",Smoking: Record of smoking status (CVDP001SMOK),78.26,80+,Age group,0,655.0,To March 2026,83.54,81.01,
E54000019,NHS Herefordshire and Worcestershire Integrated Care Board,Persons,1610.0,,,CVDP001SMOK,"Patients with GP recorded CVD or CVD risk factors who are GP recorded current smokers or have no smoking status recorded, whose notes record smoking status in the preceding 12 months.",Smoking: Record of smoking status (CVDP001SMOK),79.89,80+,Age group,0,1315.0,To March 2026,83.61,81.84,
E54000019,NHS Herefordshire and Worcestershire Integrated Care Board,Persons,4630.0,,,CVDP001SMOK,"Patients with GP recorded CVD or CVD risk factors who are GP recorded current smokers or have no smoking status recorded, whose notes record smoking status in the preceding 12 months.",Smoking: Record of smoking status (CVDP001SMOK),76.07,1 - most deprived,Deprivation quintile,0,3575.0,To March 2026,78.47,77.29,
E54000019,NHS Herefordshire and Worcestershire Integrated Care Board,Persons,4915.0,,,CVDP001SMOK,"Patients with GP recorded CVD or CVD risk factors who are GP recorded current smokers or have no smoking status recorded, whose notes record smoking status in the preceding 12 months.",Smoking: Record of smoking status (CVDP001SMOK),76.48,2,Deprivation quintile,0,3820.0,To March 2026,78.8,77.67,
E54000019,NHS Herefordshire and Worcestershire Integrated Care Board,Persons,6335.0,,,CVDP001SMOK,"Patients with GP recorded CVD or CVD risk factors who are GP recorded current smokers or have no smoking status recorded, whose notes record smoking status in the preceding 12 months.",Smoking: Record of smoking status (CVDP001SMOK),76.73,3,Deprivation quintile,0,4925.0,To March 2026,78.76,77.76,
E54000019,NHS Herefordshire and Worcestershire Integrated Care Board,Persons,4365.0,,,CVDP001SMOK,"Patients with GP recorded CVD or CVD risk factors who are GP recorded current smokers or have no smoking status recorded, whose notes record smoking status in the preceding 12 months.",Smoking: Record of smoking status (CVDP001SMOK),73.94,4,Deprivation quintile,0,3285.0,To March 2026,76.48,75.23,
E54000019,NHS Herefordshire and Worcestershire Integrated Care Board,Persons,2695.0,,,CVDP001SMOK,"Patients with GP recorded CVD or CVD risk factors who are GP recorded current smokers or have no smoking status recorded, whose notes record smoking status in the preceding 12 months.",Smoking: Record of smoking status (CVDP001SMOK),74.68,5 - least deprived,Deprivation quintile,0,2055.0,To March 2026,77.87,76.33,
E54000019,NHS Herefordshire and Worcestershire Integrated Care Board,Persons,485.0,,,CVDP001SMOK,"Patients with GP recorded CVD or CVD risk factors who are GP recorded current smokers or have no smoking status recorded, whose notes record smoking status in the preceding 12 months.",Smoking: Record of smoking status (CVDP001SMOK),61.81,Asian,Ethnicity,0,320.0,To March 2026,70.02,66.12,
E54000019,NHS Herefordshire and Worcestershire Integrated Care Board,Persons,140.0,,,CVDP001SMOK,"Patients with GP recorded CVD or CVD risk factors who are GP recorded current smokers or have no smoking status recorded, whose notes record smoking status in the preceding 12 months.",Smoking: Record of smoking status (CVDP001SMOK),60.56,Black,Ethnicity,0,95.0,To March 2026,75.35,68.35,
E54000019,NHS Herefordshire and Worcestershire Integrated Care Board,Persons,245.0,,,CVDP001SMOK,"Patients with GP recorded CVD or CVD risk factors who are GP recorded current smokers or have no smoking status recorded, whose notes record smoking status in the preceding 12 months.",Smoking: Record of smoking status (CVDP001SMOK),50.61,Missing,Ethnicity,0,140.0,To March 2026,62.75,56.97,
E54000019,NHS Herefordshire and Worcestershire Integrated Care Board,Persons,145.0,,,CVDP001SMOK,"Patients with GP recorded CVD or CVD risk factors who are GP recorded current smokers or have no smoking status recorded, whose notes record smoking status in the preceding 12 months.",Smoking: Record of smoking status (CVDP001SMOK),60.67,Mixed,Ethnicity,0,100.0,To March 2026,75.33,68.71,
E54000019,NHS Herefordshire and Worcestershire Integrated Care Board,Persons,720.0,,,CVDP001SMOK,"Patients with GP recorded CVD or CVD risk factors who are GP recorded current smokers or have no smoking status recorded, whose notes record smoking status in the preceding 12 months.",Smoking: Record of smoking status (CVDP001SMOK),53.66,Not stated,Ethnicity,0,415.0,To March 2026,60.83,57.34,
E54000019,NHS Herefordshire and Worcestershire Integrated Care Board,Persons,170.0,,,CVDP001SMOK,"Patients with GP recorded CVD or CVD risk factors who are GP recorded current smokers or have no smoking status recorded, whose notes record smoking status in the preceding 12 months.",Smoking: Record of smoking status (CVDP001SMOK),61.85,Other,Ethnicity,0,115.0,To March 2026,75.14,68.82,
E54000019,NHS Herefordshire and Worcestershire Integrated Care Board,Persons,21045.0,,,CVDP001SMOK,"Patients with GP recorded CVD or CVD risk factors who are GP recorded current smokers or have no smoking status recorded, whose notes record smoking status in the preceding 12 months.",Smoking: Record of smoking status (CVDP001SMOK),77.88,White,Ethnicity,0,16510.0,To March 2026,78.99,78.44,
E54000019,NHS Herefordshire and Worcestershire Integrated Care Board,Persons,22270.0,,,CVDP001SMOK,"Patients with GP recorded CVD or CVD risk factors who are GP recorded current smokers or have no smoking status recorded, whose notes record smoking status in the preceding 12 months.",Smoking: Record of smoking status (CVDP001SMOK),76.25,People without SMI,Mental Health,0,17105.0,To March 2026,77.35,76.81,
E54000019,NHS Herefordshire and Worcestershire Integrated Care Board,Persons,680.0,,,CVDP001SMOK,"Patients with GP recorded CVD or CVD risk factors who are GP recorded current smokers or have no smoking status recorded, whose notes record smoking status in the preceding 12 months.",Smoking: Record of smoking status (CVDP001SMOK),83.77,People with SMI,Mental Health,0,590.0,To March 2026,88.89,86.49,
E54000019,NHS Herefordshire and Worcestershire Integrated Care Board,Persons,22845.0,,,CVDP001SMOK,"Patients with GP recorded CVD or CVD risk factors who are GP recorded current smokers or have no smoking status recorded, whose notes record smoking status in the preceding 12 months.",Smoking: Record of smoking status (CVDP001SMOK),76.47,People without a diagnosed learning disability,Learning Disability,0,17595.0,To March 2026,77.56,77.02,
E54000019,NHS Herefordshire and Worcestershire Integrated Care Board,Persons,110.0,,,CVDP001SMOK,"Patients with GP recorded CVD or CVD risk factors who are GP recorded current smokers or have no smoking status recorded, whose notes record smoking status in the preceding 12 months.",Smoking: Record of smoking status (CVDP001SMOK),87.39,People with a diagnosed learning disability,Learning Disability,0,100.0,To March 2026,96.4,93.52,
E54000025,NHS Hertfordshire and West Essex Integrated Care Board,Persons,34320.0,,,CVDP001SMOK,"Patients with GP recorded CVD or CVD risk factors who are GP recorded current smokers or have no smoking status recorded, whose notes record smoking status in the preceding 12 months.",Smoking: Record of smoking status (CVDP001SMOK),75.42,Persons,Sex,0,26040.0,To March 2026,76.32,75.88,
E54000025,NHS Hertfordshire and West Essex Integrated Care Board,Female,13995.0,,,CVDP001SMOK,"Patients with GP recorded CVD or CVD risk factors who are GP recorded current smokers or have no smoking status recorded, whose notes record smoking status in the preceding 12 months.",Smoking: Record of smoking status (CVDP001SMOK),78.33,Female,Sex,0,11055.0,To March 2026,79.67,79.01,
E54000025,NHS Hertfordshire and West Essex Integrated Care Board,Male,20325.0,,,CVDP001SMOK,"Patients with GP recorded CVD or CVD risk factors who are GP recorded current smokers or have no smoking status recorded, whose notes record smoking status in the preceding 12 months.",Smoking: Record of smoking status (CVDP001SMOK),73.11,Male,Sex,0,14985.0,To March 2026,74.32,73.72,
E54000025,NHS Hertfordshire and West Essex Integrated Care Board,Male,1520.0,,,CVDP001SMOK,"Patients with GP recorded CVD or CVD risk factors who are GP recorded current smokers or have no smoking status recorded, whose notes record smoking status in the preceding 12 months.",Smoking: Record of smoking status (CVDP001SMOK),56.73,18-39,Age group,0,900.0,To March 2026,61.65,59.21,
E54000025,NHS Hertfordshire and West Essex Integrated Care Board,Female,850.0,,,CVDP001SMOK,"Patients with GP recorded CVD or CVD risk factors who are GP recorded current smokers or have no smoking status recorded, whose notes record smoking status in the preceding 12 months.",Smoking: Record of smoking status (CVDP001SMOK),68.74,18-39,Age group,0,610.0,To March 2026,74.71,71.8,
E54000025,NHS Hertfordshire and West Essex Integrated Care Board,Persons,2370.0,,,CVDP001SMOK,"Patients with GP recorded CVD or CVD risk factors who are GP recorded current smokers or have no smoking status recorded, whose notes record smoking status in the preceding 12 months.",Smoking: Record of smoking status (CVDP001SMOK),61.79,18-39,Age group,0,1510.0,To March 2026,65.63,63.73,
E54000025,NHS Hertfordshire and West Essex Integrated Care Board,Male,8675.0,,,CVDP001SMOK,"Patients with GP recorded CVD or CVD risk factors who are GP recorded current smokers or have no smoking status recorded, whose notes record smoking status in the preceding 12 months.",Smoking: Record of smoking status (CVDP001SMOK),69.06,40-59,Age group,0,6075.0,To March 2026,70.99,70.03,
E54000025,NHS Hertfordshire and West Essex Integrated Care Board,Female,5160.0,,,CVDP001SMOK,"Patients with GP recorded CVD or CVD risk factors who are GP recorded current smokers or have no smoking status recorded, whose notes record smoking status in the preceding 12 months.",Smoking: Record of smoking status (CVDP001SMOK),76.99,40-59,Age group,0,4035.0,To March 2026,79.24,78.14,
E54000025,NHS Hertfordshire and West Essex Integrated Care Board,Persons,13835.0,,,CVDP001SMOK,"Patients with GP recorded CVD or CVD risk factors who are GP recorded current smokers or have no smoking status recorded, whose notes record smoking status in the preceding 12 months.",Smoking: Record of smoking status (CVDP001SMOK),72.31,40-59,Age group,0,10105.0,To March 2026,73.79,73.06,
E54000025,NHS Hertfordshire and West Essex Integrated Care Board,Male,9100.0,,,CVDP001SMOK,"Patients with GP recorded CVD or CVD risk factors who are GP recorded current smokers or have no smoking status recorded, whose notes record smoking status in the preceding 12 months.",Smoking: Record of smoking status (CVDP001SMOK),78.06,60-79,Age group,0,7180.0,To March 2026,79.73,78.91,
E54000025,NHS Hertfordshire and West Essex Integrated Care Board,Female,6745.0,,,CVDP001SMOK,"Patients with GP recorded CVD or CVD risk factors who are GP recorded current smokers or have no smoking status recorded, whose notes record smoking status in the preceding 12 months.",Smoking: Record of smoking status (CVDP001SMOK),79.35,60-79,Age group,0,5420.0,To March 2026,81.24,80.32,
E54000025,NHS Hertfordshire and West Essex Integrated Care Board,Persons,15845.0,,,CVDP001SMOK,"Patients with GP recorded CVD or CVD risk factors who are GP recorded current smokers or have no smoking status recorded, whose notes record smoking status in the preceding 12 months.",Smoking: Record of smoking status (CVDP001SMOK),78.87,60-79,Age group,0,12600.0,To March 2026,80.13,79.51,
E54000025,NHS Hertfordshire and West Essex Integrated Care Board,Male,1035.0,,,CVDP001SMOK,"Patients with GP recorded CVD or CVD risk factors who are GP recorded current smokers or have no smoking status recorded, whose notes record smoking status in the preceding 12 months.",Smoking: Record of smoking status (CVDP001SMOK),77.77,80+,Age group,0,830.0,To March 2026,82.58,80.31,
E54000025,NHS Hertfordshire and West Essex Integrated Care Board,Female,1235.0,,,CVDP001SMOK,"Patients with GP recorded CVD or CVD risk factors who are GP recorded current smokers or have no smoking status recorded, whose notes record smoking status in the preceding 12 months.",Smoking: Record of smoking status (CVDP001SMOK),78.17,80+,Age group,0,995.0,To March 2026,82.54,80.47,
E54000025,NHS Hertfordshire and West Essex Integrated Care Board,Persons,2270.0,,,CVDP001SMOK,"Patients with GP recorded CVD or CVD risk factors who are GP recorded current smokers or have no smoking status recorded, whose notes record smoking status in the preceding 12 months.",Smoking: Record of smoking status (CVDP001SMOK),78.71,80+,Age group,0,1825.0,To March 2026,81.96,80.4,
E54000025,NHS Hertfordshire and West Essex Integrated Care Board,Persons,1135.0,,,CVDP001SMOK,"Patients with GP recorded CVD or CVD risk factors who are GP recorded current smokers or have no smoking status recorded, whose notes record smoking status in the preceding 12 months.",Smoking: Record of smoking status (CVDP001SMOK),75.02,1 - most deprived,Deprivation quintile,0,880.0,To March 2026,79.86,77.51,
E54000025,NHS Hertfordshire and West Essex Integrated Care Board,Persons,8120.0,,,CVDP001SMOK,"Patients with GP recorded CVD or CVD risk factors who are GP recorded current smokers or have no smoking status recorded, whose notes record smoking status in the preceding 12 months.",Smoking: Record of smoking status (CVDP001SMOK),77.99,2,Deprivation quintile,0,6405.0,To March 2026,79.76,78.89,
E54000025,NHS Hertfordshire and West Essex Integrated Care Board,Persons,10230.0,,,CVDP001SMOK,"Patients with GP recorded CVD or CVD risk factors who are GP recorded current smokers or have no smoking status recorded, whose notes record smoking status in the preceding 12 months.",Smoking: Record of smoking status (CVDP001SMOK),75.34,3,Deprivation quintile,0,7795.0,To March 2026,76.99,76.18,
E54000025,NHS Hertfordshire and West Essex Integrated Care Board,Persons,7245.0,,,CVDP001SMOK,"Patients with GP recorded CVD or CVD risk factors who are GP recorded current smokers or have no smoking status recorded, whose notes record smoking status in the preceding 12 months.",Smoking: Record of smoking status (CVDP001SMOK),73.24,4,Deprivation quintile,0,5380.0,To March 2026,75.24,74.25,
E54000025,NHS Hertfordshire and West Essex Integrated Care Board,Persons,7670.0,,,CVDP001SMOK,"Patients with GP recorded CVD or CVD risk factors who are GP recorded current smokers or have no smoking status recorded, whose notes record smoking status in the preceding 12 months.",Smoking: Record of smoking status (CVDP001SMOK),72.51,5 - least deprived,Deprivation quintile,0,5640.0,To March 2026,74.48,73.51,
E54000025,NHS Hertfordshire and West Essex Integrated Care Board,Persons,2035.0,,,CVDP001SMOK,"Patients with GP recorded CVD or CVD risk factors who are GP recorded current smokers or have no smoking status recorded, whose notes record smoking status in the preceding 12 months.",Smoking: Record of smoking status (CVDP001SMOK),72.57,Asian,Ethnicity,0,1515.0,To March 2026,76.35,74.5,
E54000025,NHS Hertfordshire and West Essex Integrated Care Board,Persons,880.0,,,CVDP001SMOK,"Patients with GP recorded CVD or CVD risk factors who are GP recorded current smokers or have no smoking status recorded, whose notes record smoking status in the preceding 12 months.",Smoking: Record of smoking status (CVDP001SMOK),67.88,Black,Ethnicity,0,625.0,To March 2026,73.78,70.96,
E54000025,NHS Hertfordshire and West Essex Integrated Care Board,Persons,790.0,,,CVDP001SMOK,"Patients with GP recorded CVD or CVD risk factors who are GP recorded current smokers or have no smoking status recorded, whose notes record smoking status in the preceding 12 months.",Smoking: Record of smoking status (CVDP001SMOK),52.27,Missing,Ethnicity,0,440.0,To March 2026,59.09,55.77,
E54000025,NHS Hertfordshire and West Essex Integrated Care Board,Persons,490.0,,,CVDP001SMOK,"Patients with GP recorded CVD or CVD risk factors who are GP recorded current smokers or have no smoking status recorded, whose notes record smoking status in the preceding 12 months.",Smoking: Record of smoking status (CVDP001SMOK),67.21,Mixed,Ethnicity,0,350.0,To March 2026,75.1,71.28,
E54000025,NHS Hertfordshire and West Essex Integrated Care Board,Persons,1705.0,,,CVDP001SMOK,"Patients with GP recorded CVD or CVD risk factors who are GP recorded current smokers or have no smoking status recorded, whose notes record smoking status in the preceding 12 months.",Smoking: Record of smoking status (CVDP001SMOK),66.12,Not stated,Ethnicity,0,1165.0,To March 2026,70.52,68.35,
E54000025,NHS Hertfordshire and West Essex Integrated Care Board,Persons,735.0,,,CVDP001SMOK,"Patients with GP recorded CVD or CVD risk factors who are GP recorded current smokers or have no smoking status recorded, whose notes record smoking status in the preceding 12 months.",Smoking: Record of smoking status (CVDP001SMOK),68.97,Other,Ethnicity,0,530.0,To March 2026,75.34,72.24,
E54000025,NHS Hertfordshire and West Essex Integrated Care Board,Persons,27690.0,,,CVDP001SMOK,"Patients with GP recorded CVD or CVD risk factors who are GP recorded current smokers or have no smoking status recorded, whose notes record smoking status in the preceding 12 months.",Smoking: Record of smoking status (CVDP001SMOK),76.85,White,Ethnicity,0,21415.0,To March 2026,77.84,77.35,
E54000025,NHS Hertfordshire and West Essex Integrated Care Board,Persons,32920.0,,,CVDP001SMOK,"Patients with GP recorded CVD or CVD risk factors who are GP recorded current smokers or have no smoking status recorded, whose notes record smoking status in the preceding 12 months.",Smoking: Record of smoking status (CVDP001SMOK),74.78,People without SMI,Mental Health,0,24770.0,To March 2026,75.71,75.25,
E54000025,NHS Hertfordshire and West Essex Integrated Care Board,Persons,1400.0,,,CVDP001SMOK,"Patients with GP recorded CVD or CVD risk factors who are GP recorded current smokers or have no smoking status recorded, whose notes record smoking status in the preceding 12 months.",Smoking: Record of smoking status (CVDP001SMOK),89.09,People with SMI,Mental Health,0,1270.0,To March 2026,92.09,90.71,
E54000025,NHS Hertfordshire and West Essex Integrated Care Board,Persons,34135.0,,,CVDP001SMOK,"Patients with GP recorded CVD or CVD risk factors who are GP recorded current smokers or have no smoking status recorded, whose notes record smoking status in the preceding 12 months.",Smoking: Record of smoking status (CVDP001SMOK),75.34,People without a diagnosed learning disability,Learning Disability,0,25875.0,To March 2026,76.24,75.79,
E54000025,NHS Hertfordshire and West Essex Integrated Care Board,Persons,185.0,,,CVDP001SMOK,"Patients with GP recorded CVD or CVD risk factors who are GP recorded current smokers or have no smoking status recorded, whose notes record smoking status in the preceding 12 months.",Smoking: Record of smoking status (CVDP001SMOK),86.56,People with a diagnosed learning disability,Learning Disability,0,165.0,To March 2026,94.62,91.26,
E54000051,NHS Humber and North Yorkshire Integrated Care Board,Persons,51950.0,,,CVDP001SMOK,"Patients with GP recorded CVD or CVD risk factors who are GP recorded current smokers or have no smoking status recorded, whose notes record smoking status in the preceding 12 months.",Smoking: Record of smoking status (CVDP001SMOK),77.33,Persons,Sex,0,40360.0,To March 2026,78.05,77.69,
E54000051,NHS Humber and North Yorkshire Integrated Care Board,Female,22910.0,,,CVDP001SMOK,"Patients with GP recorded CVD or CVD risk factors who are GP recorded current smokers or have no smoking status recorded, whose notes record smoking status in the preceding 12 months.",Smoking: Record of smoking status (CVDP001SMOK),79.9,Female,Sex,0,18425.0,To March 2026,80.93,80.42,
E54000051,NHS Humber and North Yorkshire Integrated Care Board,Male,29040.0,,,CVDP001SMOK,"Patients with GP recorded CVD or CVD risk factors who are GP recorded current smokers or have no smoking status recorded, whose notes record smoking status in the preceding 12 months.",Smoking: Record of smoking status (CVDP001SMOK),75.04,Male,Sex,0,21940.0,To March 2026,76.03,75.54,
E54000051,NHS Humber and North Yorkshire Integrated Care Board,Male,1845.0,,,CVDP001SMOK,"Patients with GP recorded CVD or CVD risk factors who are GP recorded current smokers or have no smoking status recorded, whose notes record smoking status in the preceding 12 months.",Smoking: Record of smoking status (CVDP001SMOK),53.78,18-39,Age group,0,1035.0,To March 2026,58.27,56.04,
E54000051,NHS Humber and North Yorkshire Integrated Care Board,Female,1310.0,,,CVDP001SMOK,"Patients with GP recorded CVD or CVD risk factors who are GP recorded current smokers or have no smoking status recorded, whose notes record smoking status in the preceding 12 months.",Smoking: Record of smoking status (CVDP001SMOK),68.98,18-39,Age group,0,935.0,To March 2026,73.86,71.5,
E54000051,NHS Humber and North Yorkshire Integrated Care Board,Persons,3155.0,,,CVDP001SMOK,"Patients with GP recorded CVD or CVD risk factors who are GP recorded current smokers or have no smoking status recorded, whose notes record smoking status in the preceding 12 months.",Smoking: Record of smoking status (CVDP001SMOK),60.75,18-39,Age group,0,1970.0,To March 2026,64.1,62.45,
E54000051,NHS Humber and North Yorkshire Integrated Care Board,Male,10790.0,,,CVDP001SMOK,"Patients with GP recorded CVD or CVD risk factors who are GP recorded current smokers or have no smoking status recorded, whose notes record smoking status in the preceding 12 months.",Smoking: Record of smoking status (CVDP001SMOK),70.87,40-59,Age group,0,7740.0,To March 2026,72.57,71.73,
E54000051,NHS Humber and North Yorkshire Integrated Care Board,Female,7615.0,,,CVDP001SMOK,"Patients with GP recorded CVD or CVD risk factors who are GP recorded current smokers or have no smoking status recorded, whose notes record smoking status in the preceding 12 months.",Smoking: Record of smoking status (CVDP001SMOK),78.46,40-59,Age group,0,6045.0,To March 2026,80.27,79.38,
E54000051,NHS Humber and North Yorkshire Integrated Care Board,Persons,18405.0,,,CVDP001SMOK,"Patients with GP recorded CVD or CVD risk factors who are GP recorded current smokers or have no smoking status recorded, whose notes record smoking status in the preceding 12 months.",Smoking: Record of smoking status (CVDP001SMOK),74.26,40-59,Age group,0,13785.0,To March 2026,75.51,74.89,
E54000051,NHS Humber and North Yorkshire Integrated Care Board,Male,14775.0,,,CVDP001SMOK,"Patients with GP recorded CVD or CVD risk factors who are GP recorded current smokers or have no smoking status recorded, whose notes record smoking status in the preceding 12 months.",Smoking: Record of smoking status (CVDP001SMOK),79.44,60-79,Age group,0,11835.0,To March 2026,80.73,80.1,
E54000051,NHS Humber and North Yorkshire Integrated Care Board,Female,12035.0,,,CVDP001SMOK,"Patients with GP recorded CVD or CVD risk factors who are GP recorded current smokers or have no smoking status recorded, whose notes record smoking status in the preceding 12 months.",Smoking: Record of smoking status (CVDP001SMOK),81.08,60-79,Age group,0,9845.0,To March 2026,82.46,81.79,
E54000051,NHS Humber and North Yorkshire Integrated Care Board,Persons,26810.0,,,CVDP001SMOK,"Patients with GP recorded CVD or CVD risk factors who are GP recorded current smokers or have no smoking status recorded, whose notes record smoking status in the preceding 12 months.",Smoking: Record of smoking status (CVDP001SMOK),80.38,60-79,Age group,0,21680.0,To March 2026,81.32,80.85,
E54000051,NHS Humber and North Yorkshire Integrated Care Board,Male,1630.0,,,CVDP001SMOK,"Patients with GP recorded CVD or CVD risk factors who are GP recorded current smokers or have no smoking status recorded, whose notes record smoking status in the preceding 12 months.",Smoking: Record of smoking status (CVDP001SMOK),79.64,80+,Age group,0,1330.0,To March 2026,83.38,81.57,
E54000051,NHS Humber and North Yorkshire Integrated Care Board,Female,1950.0,,,CVDP001SMOK,"Patients with GP recorded CVD or CVD risk factors who are GP recorded current smokers or have no smoking status recorded, whose notes record smoking status in the preceding 12 months.",Smoking: Record of smoking status (CVDP001SMOK),80.24,80+,Age group,0,1600.0,To March 2026,83.61,82.0,
E54000051,NHS Humber and North Yorkshire Integrated Care Board,Persons,3580.0,,,CVDP001SMOK,"Patients with GP recorded CVD or CVD risk factors who are GP recorded current smokers or have no smoking status recorded, whose notes record smoking status in the preceding 12 months.",Smoking: Record of smoking status (CVDP001SMOK),80.51,80+,Age group,0,2925.0,To March 2026,83.02,81.81,
E54000051,NHS Humber and North Yorkshire Integrated Care Board,Persons,17345.0,,,CVDP001SMOK,"Patients with GP recorded CVD or CVD risk factors who are GP recorded current smokers or have no smoking status recorded, whose notes record smoking status in the preceding 12 months.",Smoking: Record of smoking status (CVDP001SMOK),78.57,1 - most deprived,Deprivation quintile,0,13735.0,To March 2026,79.77,79.18,
E54000051,NHS Humber and North Yorkshire Integrated Care Board,Persons,9470.0,,,CVDP001SMOK,"Patients with GP recorded CVD or CVD risk factors who are GP recorded current smokers or have no smoking status recorded, whose notes record smoking status in the preceding 12 months.",Smoking: Record of smoking status (CVDP001SMOK),77.12,2,Deprivation quintile,0,7385.0,To March 2026,78.79,77.97,
E54000051,NHS Humber and North Yorkshire Integrated Care Board,Persons,8945.0,,,CVDP001SMOK,"Patients with GP recorded CVD or CVD risk factors who are GP recorded current smokers or have no smoking status recorded, whose notes record smoking status in the preceding 12 months.",Smoking: Record of smoking status (CVDP001SMOK),76.66,3,Deprivation quintile,0,6935.0,To March 2026,78.38,77.54,
E54000051,NHS Humber and North Yorkshire Integrated Care Board,Persons,9305.0,,,CVDP001SMOK,"Patients with GP recorded CVD or CVD risk factors who are GP recorded current smokers or have no smoking status recorded, whose notes record smoking status in the preceding 12 months.",Smoking: Record of smoking status (CVDP001SMOK),76.26,4,Deprivation quintile,0,7175.0,To March 2026,77.95,77.12,
E54000051,NHS Humber and North Yorkshire Integrated Care Board,Persons,6895.0,,,CVDP001SMOK,"Patients with GP recorded CVD or CVD risk factors who are GP recorded current smokers or have no smoking status recorded, whose notes record smoking status in the preceding 12 months.",Smoking: Record of smoking status (CVDP001SMOK),73.77,5 - least deprived,Deprivation quintile,0,5160.0,To March 2026,75.81,74.8,
E54000051,NHS Humber and North Yorkshire Integrated Care Board,Persons,660.0,,,CVDP001SMOK,"Patients with GP recorded CVD or CVD risk factors who are GP recorded current smokers or have no smoking status recorded, whose notes record smoking status in the preceding 12 months.",Smoking: Record of smoking status (CVDP001SMOK),66.57,Asian,Ethnicity,0,465.0,To March 2026,73.49,70.2,
E54000051,NHS Humber and North Yorkshire Integrated Care Board,Persons,280.0,,,CVDP001SMOK,"Patients with GP recorded CVD or CVD risk factors who are GP recorded current smokers or have no smoking status recorded, whose notes record smoking status in the preceding 12 months.",Smoking: Record of smoking status (CVDP001SMOK),56.23,Black,Ethnicity,0,170.0,To March 2026,67.26,61.87,
E54000051,NHS Humber and North Yorkshire Integrated Care Board,Persons,1535.0,,,CVDP001SMOK,"Patients with GP recorded CVD or CVD risk factors who are GP recorded current smokers or have no smoking status recorded, whose notes record smoking status in the preceding 12 months.",Smoking: Record of smoking status (CVDP001SMOK),61.35,Missing,Ethnicity,0,980.0,To March 2026,66.1,63.75,
E54000051,NHS Humber and North Yorkshire Integrated Care Board,Persons,220.0,,,CVDP001SMOK,"Patients with GP recorded CVD or CVD risk factors who are GP recorded current smokers or have no smoking status recorded, whose notes record smoking status in the preceding 12 months.",Smoking: Record of smoking status (CVDP001SMOK),68.16,Mixed,Ethnicity,0,165.0,To March 2026,79.37,74.09,
E54000051,NHS Humber and North Yorkshire Integrated Care Board,Persons,1825.0,,,CVDP001SMOK,"Patients with GP recorded CVD or CVD risk factors who are GP recorded current smokers or have no smoking status recorded, whose notes record smoking status in the preceding 12 months.",Smoking: Record of smoking status (CVDP001SMOK),66.56,Not stated,Ethnicity,0,1255.0,To March 2026,70.77,68.7,
E54000051,NHS Humber and North Yorkshire Integrated Care Board,Persons,350.0,,,CVDP001SMOK,"Patients with GP recorded CVD or CVD risk factors who are GP recorded current smokers or have no smoking status recorded, whose notes record smoking status in the preceding 12 months.",Smoking: Record of smoking status (CVDP001SMOK),63.28,Other,Ethnicity,0,240.0,To March 2026,72.88,68.38,
E54000051,NHS Humber and North Yorkshire Integrated Care Board,Persons,47085.0,,,CVDP001SMOK,"Patients with GP recorded CVD or CVD risk factors who are GP recorded current smokers or have no smoking status recorded, whose notes record smoking status in the preceding 12 months.",Smoking: Record of smoking status (CVDP001SMOK),78.41,White,Ethnicity,0,37090.0,To March 2026,79.14,78.78,
E54000051,NHS Humber and North Yorkshire Integrated Care Board,Persons,50165.0,,,CVDP001SMOK,"Patients with GP recorded CVD or CVD risk factors who are GP recorded current smokers or have no smoking status recorded, whose notes record smoking status in the preceding 12 months.",Smoking: Record of smoking status (CVDP001SMOK),76.9,People without SMI,Mental Health,0,38760.0,To March 2026,77.64,77.27,
E54000051,NHS Humber and North Yorkshire Integrated Care Board,Persons,1790.0,,,CVDP001SMOK,"Patients with GP recorded CVD or CVD risk factors who are GP recorded current smokers or have no smoking status recorded, whose notes record smoking status in the preceding 12 months.",Smoking: Record of smoking status (CVDP001SMOK),87.94,People with SMI,Mental Health,0,1600.0,To March 2026,90.79,89.43,
E54000051,NHS Humber and North Yorkshire Integrated Care Board,Persons,51675.0,,,CVDP001SMOK,"Patients with GP recorded CVD or CVD risk factors who are GP recorded current smokers or have no smoking status recorded, whose notes record smoking status in the preceding 12 months.",Smoking: Record of smoking status (CVDP001SMOK),77.25,People without a diagnosed learning disability,Learning Disability,0,40105.0,To March 2026,77.97,77.61,
E54000051,NHS Humber and North Yorkshire Integrated Care Board,Persons,275.0,,,CVDP001SMOK,"Patients with GP recorded CVD or CVD risk factors who are GP recorded current smokers or have no smoking status recorded, whose notes record smoking status in the preceding 12 months.",Smoking: Record of smoking status (CVDP001SMOK),89.21,People with a diagnosed learning disability,Learning Disability,0,255.0,To March 2026,95.32,92.73,
E54000032,NHS Kent and Medway Integrated Care Board,Persons,57390.0,,,CVDP001SMOK,"Patients with GP recorded CVD or CVD risk factors who are GP recorded current smokers or have no smoking status recorded, whose notes record smoking status in the preceding 12 months.",Smoking: Record of smoking status (CVDP001SMOK),72.49,Persons,Sex,0,41815.0,To March 2026,73.22,72.86,
E54000032,NHS Kent and Medway Integrated Care Board,Female,24780.0,,,CVDP001SMOK,"Patients with GP recorded CVD or CVD risk factors who are GP recorded current smokers or have no smoking status recorded, whose notes record smoking status in the preceding 12 months.",Smoking: Record of smoking status (CVDP001SMOK),75.2,Female,Sex,0,18770.0,To March 2026,76.26,75.74,
E54000032,NHS Kent and Medway Integrated Care Board,Male,32610.0,,,CVDP001SMOK,"Patients with GP recorded CVD or CVD risk factors who are GP recorded current smokers or have no smoking status recorded, whose notes record smoking status in the preceding 12 months.",Smoking: Record of smoking status (CVDP001SMOK),70.17,Male,Sex,0,23045.0,To March 2026,71.16,70.67,
E54000032,NHS Kent and Medway Integrated Care Board,Male,2315.0,,,CVDP001SMOK,"Patients with GP recorded CVD or CVD risk factors who are GP recorded current smokers or have no smoking status recorded, whose notes record smoking status in the preceding 12 months.",Smoking: Record of smoking status (CVDP001SMOK),57.33,18-39,Age group,0,1375.0,To March 2026,61.29,59.34,
E54000032,NHS Kent and Medway Integrated Care Board,Female,1705.0,,,CVDP001SMOK,"Patients with GP recorded CVD or CVD risk factors who are GP recorded current smokers or have no smoking status recorded, whose notes record smoking status in the preceding 12 months.",Smoking: Record of smoking status (CVDP001SMOK),71.69,18-39,Age group,0,1255.0,To March 2026,75.85,73.81,
E54000032,NHS Kent and Medway Integrated Care Board,Persons,4020.0,,,CVDP001SMOK,"Patients with GP recorded CVD or CVD risk factors who are GP recorded current smokers or have no smoking status recorded, whose notes record smoking status in the preceding 12 months.",Smoking: Record of smoking status (CVDP001SMOK),63.98,18-39,Age group,0,2630.0,To March 2026,66.92,65.47,
E54000032,NHS Kent and Medway Integrated Care Board,Male,13550.0,,,CVDP001SMOK,"Patients with GP recorded CVD or CVD risk factors who are GP recorded current smokers or have no smoking status recorded, whose notes record smoking status in the preceding 12 months.",Smoking: Record of smoking status (CVDP001SMOK),66.53,40-59,Age group,0,9125.0,To March 2026,68.11,67.33,
E54000032,NHS Kent and Medway Integrated Care Board,Female,9060.0,,,CVDP001SMOK,"Patients with GP recorded CVD or CVD risk factors who are GP recorded current smokers or have no smoking status recorded, whose notes record smoking status in the preceding 12 months.",Smoking: Record of smoking status (CVDP001SMOK),75.43,40-59,Age group,0,6915.0,To March 2026,77.17,76.32,
E54000032,NHS Kent and Medway Integrated Care Board,Persons,22610.0,,,CVDP001SMOK,"Patients with GP recorded CVD or CVD risk factors who are GP recorded current smokers or have no smoking status recorded, whose notes record smoking status in the preceding 12 months.",Smoking: Record of smoking status (CVDP001SMOK),70.34,40-59,Age group,0,16040.0,To March 2026,71.52,70.93,
E54000032,NHS Kent and Medway Integrated Care Board,Male,15035.0,,,CVDP001SMOK,"Patients with GP recorded CVD or CVD risk factors who are GP recorded current smokers or have no smoking status recorded, whose notes record smoking status in the preceding 12 months.",Smoking: Record of smoking status (CVDP001SMOK),74.27,60-79,Age group,0,11270.0,To March 2026,75.66,74.97,
E54000032,NHS Kent and Medway Integrated Care Board,Female,12100.0,,,CVDP001SMOK,"Patients with GP recorded CVD or CVD risk factors who are GP recorded current smokers or have no smoking status recorded, whose notes record smoking status in the preceding 12 months.",Smoking: Record of smoking status (CVDP001SMOK),75.06,60-79,Age group,0,9175.0,To March 2026,76.58,75.83,
E54000032,NHS Kent and Medway Integrated Care Board,Persons,27135.0,,,CVDP001SMOK,"Patients with GP recorded CVD or CVD risk factors who are GP recorded current smokers or have no smoking status recorded, whose notes record smoking status in the preceding 12 months.",Smoking: Record of smoking status (CVDP001SMOK),74.84,60-79,Age group,0,20450.0,To March 2026,75.86,75.36,
E54000032,NHS Kent and Medway Integrated Care Board,Male,1705.0,,,CVDP001SMOK,"Patients with GP recorded CVD or CVD risk factors who are GP recorded current smokers or have no smoking status recorded, whose notes record smoking status in the preceding 12 months.",Smoking: Record of smoking status (CVDP001SMOK),72.57,80+,Age group,0,1275.0,To March 2026,76.67,74.69,
E54000032,NHS Kent and Medway Integrated Care Board,Female,1920.0,,,CVDP001SMOK,"Patients with GP recorded CVD or CVD risk factors who are GP recorded current smokers or have no smoking status recorded, whose notes record smoking status in the preceding 12 months.",Smoking: Record of smoking status (CVDP001SMOK),72.1,80+,Age group,0,1420.0,To March 2026,76.0,74.09,
E54000032,NHS Kent and Medway Integrated Care Board,Persons,3625.0,,,CVDP001SMOK,"Patients with GP recorded CVD or CVD risk factors who are GP recorded current smokers or have no smoking status recorded, whose notes record smoking status in the preceding 12 months.",Smoking: Record of smoking status (CVDP001SMOK),72.93,80+,Age group,0,2695.0,To March 2026,75.77,74.37,
E54000032,NHS Kent and Medway Integrated Care Board,Persons,14475.0,,,CVDP001SMOK,"Patients with GP recorded CVD or CVD risk factors who are GP recorded current smokers or have no smoking status recorded, whose notes record smoking status in the preceding 12 months.",Smoking: Record of smoking status (CVDP001SMOK),73.68,1 - most deprived,Deprivation quintile,0,10770.0,To March 2026,75.1,74.39,
E54000032,NHS Kent and Medway Integrated Care Board,Persons,13995.0,,,CVDP001SMOK,"Patients with GP recorded CVD or CVD risk factors who are GP recorded current smokers or have no smoking status recorded, whose notes record smoking status in the preceding 12 months.",Smoking: Record of smoking status (CVDP001SMOK),73.73,2,Deprivation quintile,0,10420.0,To March 2026,75.18,74.46,
E54000032,NHS Kent and Medway Integrated Care Board,Persons,13230.0,,,CVDP001SMOK,"Patients with GP recorded CVD or CVD risk factors who are GP recorded current smokers or have no smoking status recorded, whose notes record smoking status in the preceding 12 months.",Smoking: Record of smoking status (CVDP001SMOK),70.75,3,Deprivation quintile,0,9460.0,To March 2026,72.28,71.52,
E54000032,NHS Kent and Medway Integrated Care Board,Persons,10080.0,,,CVDP001SMOK,"Patients with GP recorded CVD or CVD risk factors who are GP recorded current smokers or have no smoking status recorded, whose notes record smoking status in the preceding 12 months.",Smoking: Record of smoking status (CVDP001SMOK),70.63,4,Deprivation quintile,0,7210.0,To March 2026,72.38,71.51,
E54000032,NHS Kent and Medway Integrated Care Board,Persons,5570.0,,,CVDP001SMOK,"Patients with GP recorded CVD or CVD risk factors who are GP recorded current smokers or have no smoking status recorded, whose notes record smoking status in the preceding 12 months.",Smoking: Record of smoking status (CVDP001SMOK),69.56,5 - least deprived,Deprivation quintile,0,3945.0,To March 2026,71.95,70.76,
E54000032,NHS Kent and Medway Integrated Care Board,Persons,1670.0,,,CVDP001SMOK,"Patients with GP recorded CVD or CVD risk factors who are GP recorded current smokers or have no smoking status recorded, whose notes record smoking status in the preceding 12 months.",Smoking: Record of smoking status (CVDP001SMOK),66.17,Asian,Ethnicity,0,1145.0,To March 2026,70.59,68.44,
E54000032,NHS Kent and Medway Integrated Care Board,Persons,815.0,,,CVDP001SMOK,"Patients with GP recorded CVD or CVD risk factors who are GP recorded current smokers or have no smoking status recorded, whose notes record smoking status in the preceding 12 months.",Smoking: Record of smoking status (CVDP001SMOK),59.54,Black,Ethnicity,0,515.0,To March 2026,66.14,62.94,
E54000032,NHS Kent and Medway Integrated Care Board,Persons,1185.0,,,CVDP001SMOK,"Patients with GP recorded CVD or CVD risk factors who are GP recorded current smokers or have no smoking status recorded, whose notes record smoking status in the preceding 12 months.",Smoking: Record of smoking status (CVDP001SMOK),46.81,Missing,Ethnicity,0,590.0,To March 2026,52.44,49.62,
E54000032,NHS Kent and Medway Integrated Care Board,Persons,560.0,,,CVDP001SMOK,"Patients with GP recorded CVD or CVD risk factors who are GP recorded current smokers or have no smoking status recorded, whose notes record smoking status in the preceding 12 months.",Smoking: Record of smoking status (CVDP001SMOK),65.78,Mixed,Ethnicity,0,390.0,To March 2026,73.26,69.71,
E54000032,NHS Kent and Medway Integrated Care Board,Persons,2325.0,,,CVDP001SMOK,"Patients with GP recorded CVD or CVD risk factors who are GP recorded current smokers or have no smoking status recorded, whose notes record smoking status in the preceding 12 months.",Smoking: Record of smoking status (CVDP001SMOK),59.26,Not stated,Ethnicity,0,1425.0,To March 2026,63.21,61.27,
E54000032,NHS Kent and Medway Integrated Care Board,Persons,640.0,,,CVDP001SMOK,"Patients with GP recorded CVD or CVD risk factors who are GP recorded current smokers or have no smoking status recorded, whose notes record smoking status in the preceding 12 months.",Smoking: Record of smoking status (CVDP001SMOK),66.3,Other,Ethnicity,0,450.0,To March 2026,73.29,69.89,
E54000032,NHS Kent and Medway Integrated Care Board,Persons,50195.0,,,CVDP001SMOK,"Patients with GP recorded CVD or CVD risk factors who are GP recorded current smokers or have no smoking status recorded, whose notes record smoking status in the preceding 12 months.",Smoking: Record of smoking status (CVDP001SMOK),73.94,White,Ethnicity,0,37310.0,To March 2026,74.71,74.33,
E54000032,NHS Kent and Medway Integrated Care Board,Persons,55210.0,,,CVDP001SMOK,"Patients with GP recorded CVD or CVD risk factors who are GP recorded current smokers or have no smoking status recorded, whose notes record smoking status in the preceding 12 months.",Smoking: Record of smoking status (CVDP001SMOK),71.94,People without SMI,Mental Health,0,39925.0,To March 2026,72.68,72.31,
E54000032,NHS Kent and Medway Integrated Care Board,Persons,2180.0,,,CVDP001SMOK,"Patients with GP recorded CVD or CVD risk factors who are GP recorded current smokers or have no smoking status recorded, whose notes record smoking status in the preceding 12 months.",Smoking: Record of smoking status (CVDP001SMOK),85.2,People with SMI,Mental Health,0,1890.0,To March 2026,88.04,86.7,
E54000032,NHS Kent and Medway Integrated Care Board,Persons,57060.0,,,CVDP001SMOK,"Patients with GP recorded CVD or CVD risk factors who are GP recorded current smokers or have no smoking status recorded, whose notes record smoking status in the preceding 12 months.",Smoking: Record of smoking status (CVDP001SMOK),72.4,People without a diagnosed learning disability,Learning Disability,0,41520.0,To March 2026,73.13,72.77,
E54000032,NHS Kent and Medway Integrated Care Board,Persons,335.0,,,CVDP001SMOK,"Patients with GP recorded CVD or CVD risk factors who are GP recorded current smokers or have no smoking status recorded, whose notes record smoking status in the preceding 12 months.",Smoking: Record of smoking status (CVDP001SMOK),84.82,People with a diagnosed learning disability,Learning Disability,0,295.0,To March 2026,91.67,88.59,
E54000048,NHS Lancashire and South Cumbria Integrated Care Board,Persons,57560.0,,,CVDP001SMOK,"Patients with GP recorded CVD or CVD risk factors who are GP recorded current smokers or have no smoking status recorded, whose notes record smoking status in the preceding 12 months.",Smoking: Record of smoking status (CVDP001SMOK),76.5,Persons,Sex,0,44230.0,To March 2026,77.19,76.85,
E54000048,NHS Lancashire and South Cumbria Integrated Care Board,Female,24420.0,,,CVDP001SMOK,"Patients with GP recorded CVD or CVD risk factors who are GP recorded current smokers or have no smoking status recorded, whose notes record smoking status in the preceding 12 months.",Smoking: Record of smoking status (CVDP001SMOK),78.56,Female,Sex,0,19310.0,To March 2026,79.58,79.08,
E54000048,NHS Lancashire and South Cumbria Integrated Care Board,Male,33135.0,,,CVDP001SMOK,"Patients with GP recorded CVD or CVD risk factors who are GP recorded current smokers or have no smoking status recorded, whose notes record smoking status in the preceding 12 months.",Smoking: Record of smoking status (CVDP001SMOK),74.73,Male,Sex,0,24920.0,To March 2026,75.66,75.2,
E54000048,NHS Lancashire and South Cumbria Integrated Care Board,Male,2140.0,,,CVDP001SMOK,"Patients with GP recorded CVD or CVD risk factors who are GP recorded current smokers or have no smoking status recorded, whose notes record smoking status in the preceding 12 months.",Smoking: Record of smoking status (CVDP001SMOK),51.94,18-39,Age group,0,1155.0,To March 2026,56.14,54.07,
E54000048,NHS Lancashire and South Cumbria Integrated Care Board,Female,1405.0,,,CVDP001SMOK,"Patients with GP recorded CVD or CVD risk factors who are GP recorded current smokers or have no smoking status recorded, whose notes record smoking status in the preceding 12 months.",Smoking: Record of smoking status (CVDP001SMOK),60.26,18-39,Age group,0,885.0,To March 2026,65.29,62.8,
E54000048,NHS Lancashire and South Cumbria Integrated Care Board,Persons,3545.0,,,CVDP001SMOK,"Patients with GP recorded CVD or CVD risk factors who are GP recorded current smokers or have no smoking status recorded, whose notes record smoking status in the preceding 12 months.",Smoking: Record of smoking status (CVDP001SMOK),55.91,18-39,Age group,0,2040.0,To March 2026,59.15,57.53,
E54000048,NHS Lancashire and South Cumbria Integrated Care Board,Male,13750.0,,,CVDP001SMOK,"Patients with GP recorded CVD or CVD risk factors who are GP recorded current smokers or have no smoking status recorded, whose notes record smoking status in the preceding 12 months.",Smoking: Record of smoking status (CVDP001SMOK),70.44,40-59,Age group,0,9790.0,To March 2026,71.96,71.21,
E54000048,NHS Lancashire and South Cumbria Integrated Care Board,Female,8740.0,,,CVDP001SMOK,"Patients with GP recorded CVD or CVD risk factors who are GP recorded current smokers or have no smoking status recorded, whose notes record smoking status in the preceding 12 months.",Smoking: Record of smoking status (CVDP001SMOK),75.88,40-59,Age group,0,6710.0,To March 2026,77.64,76.78,
E54000048,NHS Lancashire and South Cumbria Integrated Care Board,Persons,22490.0,,,CVDP001SMOK,"Patients with GP recorded CVD or CVD risk factors who are GP recorded current smokers or have no smoking status recorded, whose notes record smoking status in the preceding 12 months.",Smoking: Record of smoking status (CVDP001SMOK),72.79,40-59,Age group,0,16500.0,To March 2026,73.94,73.37,
E54000048,NHS Lancashire and South Cumbria Integrated Care Board,Male,15705.0,,,CVDP001SMOK,"Patients with GP recorded CVD or CVD risk factors who are GP recorded current smokers or have no smoking status recorded, whose notes record smoking status in the preceding 12 months.",Smoking: Record of smoking status (CVDP001SMOK),80.18,60-79,Age group,0,12690.0,To March 2026,81.41,80.8,
E54000048,NHS Lancashire and South Cumbria Integrated Care Board,Female,12460.0,,,CVDP001SMOK,"Patients with GP recorded CVD or CVD risk factors who are GP recorded current smokers or have no smoking status recorded, whose notes record smoking status in the preceding 12 months.",Smoking: Record of smoking status (CVDP001SMOK),81.52,60-79,Age group,0,10245.0,To March 2026,82.86,82.19,
E54000048,NHS Lancashire and South Cumbria Integrated Care Board,Persons,28165.0,,,CVDP001SMOK,"Patients with GP recorded CVD or CVD risk factors who are GP recorded current smokers or have no smoking status recorded, whose notes record smoking status in the preceding 12 months.",Smoking: Record of smoking status (CVDP001SMOK),80.96,60-79,Age group,0,22930.0,To March 2026,81.87,81.42,
E54000048,NHS Lancashire and South Cumbria Integrated Care Board,Male,1545.0,,,CVDP001SMOK,"Patients with GP recorded CVD or CVD risk factors who are GP recorded current smokers or have no smoking status recorded, whose notes record smoking status in the preceding 12 months.",Smoking: Record of smoking status (CVDP001SMOK),81.19,80+,Age group,0,1285.0,To March 2026,84.87,83.1,
E54000048,NHS Lancashire and South Cumbria Integrated Care Board,Female,1815.0,,,CVDP001SMOK,"Patients with GP recorded CVD or CVD risk factors who are GP recorded current smokers or have no smoking status recorded, whose notes record smoking status in the preceding 12 months.",Smoking: Record of smoking status (CVDP001SMOK),79.52,80+,Age group,0,1475.0,To March 2026,83.09,81.36,
E54000048,NHS Lancashire and South Cumbria Integrated Care Board,Persons,3355.0,,,CVDP001SMOK,"Patients with GP recorded CVD or CVD risk factors who are GP recorded current smokers or have no smoking status recorded, whose notes record smoking status in the preceding 12 months.",Smoking: Record of smoking status (CVDP001SMOK),80.83,80+,Age group,0,2760.0,To March 2026,83.42,82.16,
E54000048,NHS Lancashire and South Cumbria Integrated Care Board,Persons,26385.0,,,CVDP001SMOK,"Patients with GP recorded CVD or CVD risk factors who are GP recorded current smokers or have no smoking status recorded, whose notes record smoking status in the preceding 12 months.",Smoking: Record of smoking status (CVDP001SMOK),76.5,1 - most deprived,Deprivation quintile,0,20320.0,To March 2026,77.51,77.01,
E54000048,NHS Lancashire and South Cumbria Integrated Care Board,Persons,12045.0,,,CVDP001SMOK,"Patients with GP recorded CVD or CVD risk factors who are GP recorded current smokers or have no smoking status recorded, whose notes record smoking status in the preceding 12 months.",Smoking: Record of smoking status (CVDP001SMOK),76.37,2,Deprivation quintile,0,9290.0,To March 2026,77.87,77.13,
E54000048,NHS Lancashire and South Cumbria Integrated Care Board,Persons,7350.0,,,CVDP001SMOK,"Patients with GP recorded CVD or CVD risk factors who are GP recorded current smokers or have no smoking status recorded, whose notes record smoking status in the preceding 12 months.",Smoking: Record of smoking status (CVDP001SMOK),76.29,3,Deprivation quintile,0,5675.0,To March 2026,78.19,77.26,
E54000048,NHS Lancashire and South Cumbria Integrated Care Board,Persons,7880.0,,,CVDP001SMOK,"Patients with GP recorded CVD or CVD risk factors who are GP recorded current smokers or have no smoking status recorded, whose notes record smoking status in the preceding 12 months.",Smoking: Record of smoking status (CVDP001SMOK),74.37,4,Deprivation quintile,0,5935.0,To March 2026,76.27,75.33,
E54000048,NHS Lancashire and South Cumbria Integrated Care Board,Persons,4200.0,,,CVDP001SMOK,"Patients with GP recorded CVD or CVD risk factors who are GP recorded current smokers or have no smoking status recorded, whose notes record smoking status in the preceding 12 months.",Smoking: Record of smoking status (CVDP001SMOK),75.36,5 - least deprived,Deprivation quintile,0,3220.0,To March 2026,77.9,76.65,
E54000048,NHS Lancashire and South Cumbria Integrated Care Board,Persons,4425.0,,,CVDP001SMOK,"Patients with GP recorded CVD or CVD risk factors who are GP recorded current smokers or have no smoking status recorded, whose notes record smoking status in the preceding 12 months.",Smoking: Record of smoking status (CVDP001SMOK),69.53,Asian,Ethnicity,0,3135.0,To March 2026,72.2,70.89,
E54000048,NHS Lancashire and South Cumbria Integrated Care Board,Persons,290.0,,,CVDP001SMOK,"Patients with GP recorded CVD or CVD risk factors who are GP recorded current smokers or have no smoking status recorded, whose notes record smoking status in the preceding 12 months.",Smoking: Record of smoking status (CVDP001SMOK),60.54,Black,Ethnicity,0,190.0,To March 2026,71.09,65.98,
E54000048,NHS Lancashire and South Cumbria Integrated Care Board,Persons,560.0,,,CVDP001SMOK,"Patients with GP recorded CVD or CVD risk factors who are GP recorded current smokers or have no smoking status recorded, whose notes record smoking status in the preceding 12 months.",Smoking: Record of smoking status (CVDP001SMOK),41.64,Missing,Ethnicity,0,255.0,To March 2026,49.82,45.8,
E54000048,NHS Lancashire and South Cumbria Integrated Care Board,Persons,395.0,,,CVDP001SMOK,"Patients with GP recorded CVD or CVD risk factors who are GP recorded current smokers or have no smoking status recorded, whose notes record smoking status in the preceding 12 months.",Smoking: Record of smoking status (CVDP001SMOK),67.0,Mixed,Ethnicity,0,280.0,To March 2026,75.82,71.57,
E54000048,NHS Lancashire and South Cumbria Integrated Care Board,Persons,1095.0,,,CVDP001SMOK,"Patients with GP recorded CVD or CVD risk factors who are GP recorded current smokers or have no smoking status recorded, whose notes record smoking status in the preceding 12 months.",Smoking: Record of smoking status (CVDP001SMOK),52.32,Not stated,Ethnicity,0,605.0,To March 2026,58.14,55.29,
E54000048,NHS Lancashire and South Cumbria Integrated Care Board,Persons,1250.0,,,CVDP001SMOK,"Patients with GP recorded CVD or CVD risk factors who are GP recorded current smokers or have no smoking status recorded, whose notes record smoking status in the preceding 12 months.",Smoking: Record of smoking status (CVDP001SMOK),66.27,Other,Ethnicity,0,860.0,To March 2026,71.38,68.91,
E54000048,NHS Lancashire and South Cumbria Integrated Care Board,Persons,49545.0,,,CVDP001SMOK,"Patients with GP recorded CVD or CVD risk factors who are GP recorded current smokers or have no smoking status recorded, whose notes record smoking status in the preceding 12 months.",Smoking: Record of smoking status (CVDP001SMOK),78.15,White,Ethnicity,0,38900.0,To March 2026,78.87,78.51,
E54000048,NHS Lancashire and South Cumbria Integrated Care Board,Persons,54860.0,,,CVDP001SMOK,"Patients with GP recorded CVD or CVD risk factors who are GP recorded current smokers or have no smoking status recorded, whose notes record smoking status in the preceding 12 months.",Smoking: Record of smoking status (CVDP001SMOK),75.99,People without SMI,Mental Health,0,41885.0,To March 2026,76.7,76.35,
E54000048,NHS Lancashire and South Cumbria Integrated Care Board,Persons,2700.0,,,CVDP001SMOK,"Patients with GP recorded CVD or CVD risk factors who are GP recorded current smokers or have no smoking status recorded, whose notes record smoking status in the preceding 12 months.",Smoking: Record of smoking status (CVDP001SMOK),85.65,People with SMI,Mental Health,0,2350.0,To March 2026,88.16,86.96,
E54000048,NHS Lancashire and South Cumbria Integrated Care Board,Persons,57295.0,,,CVDP001SMOK,"Patients with GP recorded CVD or CVD risk factors who are GP recorded current smokers or have no smoking status recorded, whose notes record smoking status in the preceding 12 months.",Smoking: Record of smoking status (CVDP001SMOK),76.44,People without a diagnosed learning disability,Learning Disability,0,43995.0,To March 2026,77.13,76.79,
E54000048,NHS Lancashire and South Cumbria Integrated Care Board,Persons,260.0,,,CVDP001SMOK,"Patients with GP recorded CVD or CVD risk factors who are GP recorded current smokers or have no smoking status recorded, whose notes record smoking status in the preceding 12 months.",Smoking: Record of smoking status (CVDP001SMOK),85.66,People with a diagnosed learning disability,Learning Disability,0,235.0,To March 2026,92.83,89.69,
E54000015,"NHS Leicester, Leicestershire and Rutland Integrated Care Board",Persons,30700.0,,,CVDP001SMOK,"Patients with GP recorded CVD or CVD risk factors who are GP recorded current smokers or have no smoking status recorded, whose notes record smoking status in the preceding 12 months.",Smoking: Record of smoking status (CVDP001SMOK),76.92,Persons,Sex,0,23755.0,To March 2026,77.85,77.39,
E54000015,"NHS Leicester, Leicestershire and Rutland Integrated Care Board",Female,11830.0,,,CVDP001SMOK,"Patients with GP recorded CVD or CVD risk factors who are GP recorded current smokers or have no smoking status recorded, whose notes record smoking status in the preceding 12 months.",Smoking: Record of smoking status (CVDP001SMOK),78.61,Female,Sex,0,9385.0,To March 2026,80.06,79.35,
E54000015,"NHS Leicester, Leicestershire and Rutland Integrated Care Board",Male,18870.0,,,CVDP001SMOK,"Patients with GP recorded CVD or CVD risk factors who are GP recorded current smokers or have no smoking status recorded, whose notes record smoking status in the preceding 12 months.",Smoking: Record of smoking status (CVDP001SMOK),75.55,Male,Sex,0,14370.0,To March 2026,76.76,76.16,
E54000015,"NHS Leicester, Leicestershire and Rutland Integrated Care Board",Male,1360.0,,,CVDP001SMOK,"Patients with GP recorded CVD or CVD risk factors who are GP recorded current smokers or have no smoking status recorded, whose notes record smoking status in the preceding 12 months.",Smoking: Record of smoking status (CVDP001SMOK),58.18,18-39,Age group,0,825.0,To March 2026,63.32,60.81,
E54000015,"NHS Leicester, Leicestershire and Rutland Integrated Care Board",Female,840.0,,,CVDP001SMOK,"Patients with GP recorded CVD or CVD risk factors who are GP recorded current smokers or have no smoking status recorded, whose notes record smoking status in the preceding 12 months.",Smoking: Record of smoking status (CVDP001SMOK),65.8,18-39,Age group,0,580.0,To March 2026,71.95,69.0,
E54000015,"NHS Leicester, Leicestershire and Rutland Integrated Care Board",Persons,2200.0,,,CVDP001SMOK,"Patients with GP recorded CVD or CVD risk factors who are GP recorded current smokers or have no smoking status recorded, whose notes record smoking status in the preceding 12 months.",Smoking: Record of smoking status (CVDP001SMOK),61.9,18-39,Age group,0,1410.0,To March 2026,65.9,63.94,
E54000015,"NHS Leicester, Leicestershire and Rutland Integrated Care Board",Male,8040.0,,,CVDP001SMOK,"Patients with GP recorded CVD or CVD risk factors who are GP recorded current smokers or have no smoking status recorded, whose notes record smoking status in the preceding 12 months.",Smoking: Record of smoking status (CVDP001SMOK),72.02,40-59,Age group,0,5870.0,To March 2026,73.96,73.01,
E54000015,"NHS Leicester, Leicestershire and Rutland Integrated Care Board",Female,4345.0,,,CVDP001SMOK,"Patients with GP recorded CVD or CVD risk factors who are GP recorded current smokers or have no smoking status recorded, whose notes record smoking status in the preceding 12 months.",Smoking: Record of smoking status (CVDP001SMOK),77.63,40-59,Age group,0,3425.0,To March 2026,80.04,78.85,
E54000015,"NHS Leicester, Leicestershire and Rutland Integrated Care Board",Persons,12385.0,,,CVDP001SMOK,"Patients with GP recorded CVD or CVD risk factors who are GP recorded current smokers or have no smoking status recorded, whose notes record smoking status in the preceding 12 months.",Smoking: Record of smoking status (CVDP001SMOK),74.29,40-59,Age group,0,9295.0,To March 2026,75.81,75.06,
E54000015,"NHS Leicester, Leicestershire and Rutland Integrated Care Board",Male,8485.0,,,CVDP001SMOK,"Patients with GP recorded CVD or CVD risk factors who are GP recorded current smokers or have no smoking status recorded, whose notes record smoking status in the preceding 12 months.",Smoking: Record of smoking status (CVDP001SMOK),79.95,60-79,Age group,0,6860.0,To March 2026,81.63,80.81,
E54000015,"NHS Leicester, Leicestershire and Rutland Integrated Care Board",Female,5690.0,,,CVDP001SMOK,"Patients with GP recorded CVD or CVD risk factors who are GP recorded current smokers or have no smoking status recorded, whose notes record smoking status in the preceding 12 months.",Smoking: Record of smoking status (CVDP001SMOK),80.07,60-79,Age group,0,4615.0,To March 2026,82.09,81.1,
E54000015,"NHS Leicester, Leicestershire and Rutland Integrated Care Board",Persons,14175.0,,,CVDP001SMOK,"Patients with GP recorded CVD or CVD risk factors who are GP recorded current smokers or have no smoking status recorded, whose notes record smoking status in the preceding 12 months.",Smoking: Record of smoking status (CVDP001SMOK),80.27,60-79,Age group,0,11470.0,To March 2026,81.56,80.92,
E54000015,"NHS Leicester, Leicestershire and Rutland Integrated Care Board",Male,980.0,,,CVDP001SMOK,"Patients with GP recorded CVD or CVD risk factors who are GP recorded current smokers or have no smoking status recorded, whose notes record smoking status in the preceding 12 months.",Smoking: Record of smoking status (CVDP001SMOK),80.61,80+,Age group,0,815.0,To March 2026,85.28,83.1,
E54000015,"NHS Leicester, Leicestershire and Rutland Integrated Care Board",Female,955.0,,,CVDP001SMOK,"Patients with GP recorded CVD or CVD risk factors who are GP recorded current smokers or have no smoking status recorded, whose notes record smoking status in the preceding 12 months.",Smoking: Record of smoking status (CVDP001SMOK),77.64,80+,Age group,0,765.0,To March 2026,82.65,80.29,
E54000015,"NHS Leicester, Leicestershire and Rutland Integrated Care Board",Persons,1935.0,,,CVDP001SMOK,"Patients with GP recorded CVD or CVD risk factors who are GP recorded current smokers or have no smoking status recorded, whose notes record smoking status in the preceding 12 months.",Smoking: Record of smoking status (CVDP001SMOK),79.94,80+,Age group,0,1580.0,To March 2026,83.34,81.71,
E54000015,"NHS Leicester, Leicestershire and Rutland Integrated Care Board",Persons,6260.0,,,CVDP001SMOK,"Patients with GP recorded CVD or CVD risk factors who are GP recorded current smokers or have no smoking status recorded, whose notes record smoking status in the preceding 12 months.",Smoking: Record of smoking status (CVDP001SMOK),78.08,1 - most deprived,Deprivation quintile,0,4955.0,To March 2026,80.1,79.11,
E54000015,"NHS Leicester, Leicestershire and Rutland Integrated Care Board",Persons,7040.0,,,CVDP001SMOK,"Patients with GP recorded CVD or CVD risk factors who are GP recorded current smokers or have no smoking status recorded, whose notes record smoking status in the preceding 12 months.",Smoking: Record of smoking status (CVDP001SMOK),77.02,2,Deprivation quintile,0,5495.0,To March 2026,78.95,78.0,
E54000015,"NHS Leicester, Leicestershire and Rutland Integrated Care Board",Persons,5455.0,,,CVDP001SMOK,"Patients with GP recorded CVD or CVD risk factors who are GP recorded current smokers or have no smoking status recorded, whose notes record smoking status in the preceding 12 months.",Smoking: Record of smoking status (CVDP001SMOK),75.49,3,Deprivation quintile,0,4180.0,To March 2026,77.73,76.64,
E54000015,"NHS Leicester, Leicestershire and Rutland Integrated Care Board",Persons,6850.0,,,CVDP001SMOK,"Patients with GP recorded CVD or CVD risk factors who are GP recorded current smokers or have no smoking status recorded, whose notes record smoking status in the preceding 12 months.",Smoking: Record of smoking status (CVDP001SMOK),75.74,4,Deprivation quintile,0,5260.0,To March 2026,77.74,76.75,
E54000015,"NHS Leicester, Leicestershire and Rutland Integrated Care Board",Persons,5300.0,,,CVDP001SMOK,"Patients with GP recorded CVD or CVD risk factors who are GP recorded current smokers or have no smoking status recorded, whose notes record smoking status in the preceding 12 months.",Smoking: Record of smoking status (CVDP001SMOK),75.16,5 - least deprived,Deprivation quintile,0,4045.0,To March 2026,77.44,76.31,
E54000015,"NHS Leicester, Leicestershire and Rutland Integrated Care Board",Persons,4790.0,,,CVDP001SMOK,"Patients with GP recorded CVD or CVD risk factors who are GP recorded current smokers or have no smoking status recorded, whose notes record smoking status in the preceding 12 months.",Smoking: Record of smoking status (CVDP001SMOK),77.37,Asian,Ethnicity,0,3765.0,To March 2026,79.69,78.55,
E54000015,"NHS Leicester, Leicestershire and Rutland Integrated Care Board",Persons,790.0,,,CVDP001SMOK,"Patients with GP recorded CVD or CVD risk factors who are GP recorded current smokers or have no smoking status recorded, whose notes record smoking status in the preceding 12 months.",Smoking: Record of smoking status (CVDP001SMOK),66.54,Black,Ethnicity,0,550.0,To March 2026,72.85,69.84,
E54000015,"NHS Leicester, Leicestershire and Rutland Integrated Care Board",Persons,450.0,,,CVDP001SMOK,"Patients with GP recorded CVD or CVD risk factors who are GP recorded current smokers or have no smoking status recorded, whose notes record smoking status in the preceding 12 months.",Smoking: Record of smoking status (CVDP001SMOK),43.96,Missing,Ethnicity,0,220.0,To March 2026,52.97,48.45,
E54000015,"NHS Leicester, Leicestershire and Rutland Integrated Care Board",Persons,365.0,,,CVDP001SMOK,"Patients with GP recorded CVD or CVD risk factors who are GP recorded current smokers or have no smoking status recorded, whose notes record smoking status in the preceding 12 months.",Smoking: Record of smoking status (CVDP001SMOK),70.77,Mixed,Ethnicity,0,275.0,To March 2026,79.51,75.48,
E54000015,"NHS Leicester, Leicestershire and Rutland Integrated Care Board",Persons,915.0,,,CVDP001SMOK,"Patients with GP recorded CVD or CVD risk factors who are GP recorded current smokers or have no smoking status recorded, whose notes record smoking status in the preceding 12 months.",Smoking: Record of smoking status (CVDP001SMOK),63.33,Not stated,Ethnicity,0,610.0,To March 2026,69.42,66.48,
E54000015,"NHS Leicester, Leicestershire and Rutland Integrated Care Board",Persons,405.0,,,CVDP001SMOK,"Patients with GP recorded CVD or CVD risk factors who are GP recorded current smokers or have no smoking status recorded, whose notes record smoking status in the preceding 12 months.",Smoking: Record of smoking status (CVDP001SMOK),71.15,Other,Ethnicity,0,305.0,To March 2026,79.46,75.62,
E54000015,"NHS Leicester, Leicestershire and Rutland Integrated Care Board",Persons,22980.0,,,CVDP001SMOK,"Patients with GP recorded CVD or CVD risk factors who are GP recorded current smokers or have no smoking status recorded, whose notes record smoking status in the preceding 12 months.",Smoking: Record of smoking status (CVDP001SMOK),77.94,White,Ethnicity,0,18035.0,To March 2026,79.0,78.47,
E54000015,"NHS Leicester, Leicestershire and Rutland Integrated Care Board",Persons,29540.0,,,CVDP001SMOK,"Patients with GP recorded CVD or CVD risk factors who are GP recorded current smokers or have no smoking status recorded, whose notes record smoking status in the preceding 12 months.",Smoking: Record of smoking status (CVDP001SMOK),76.22,People without SMI,Mental Health,0,22660.0,To March 2026,77.18,76.71,
E54000015,"NHS Leicester, Leicestershire and Rutland Integrated Care Board",Persons,1155.0,,,CVDP001SMOK,"Patients with GP recorded CVD or CVD risk factors who are GP recorded current smokers or have no smoking status recorded, whose notes record smoking status in the preceding 12 months.",Smoking: Record of smoking status (CVDP001SMOK),93.45,People with SMI,Mental Health,0,1095.0,To March 2026,95.95,94.81,
E54000015,"NHS Leicester, Leicestershire and Rutland Integrated Care Board",Persons,30565.0,,,CVDP001SMOK,"Patients with GP recorded CVD or CVD risk factors who are GP recorded current smokers or have no smoking status recorded, whose notes record smoking status in the preceding 12 months.",Smoking: Record of smoking status (CVDP001SMOK),76.85,People without a diagnosed learning disability,Learning Disability,0,23635.0,To March 2026,77.79,77.33,
E54000015,"NHS Leicester, Leicestershire and Rutland Integrated Care Board",Persons,135.0,,,CVDP001SMOK,"Patients with GP recorded CVD or CVD risk factors who are GP recorded current smokers or have no smoking status recorded, whose notes record smoking status in the preceding 12 months.",Smoking: Record of smoking status (CVDP001SMOK),86.13,People with a diagnosed learning disability,Learning Disability,0,125.0,To March 2026,94.89,91.79,
E54000013,NHS Lincolnshire Integrated Care Board,Persons,24165.0,,,CVDP001SMOK,"Patients with GP recorded CVD or CVD risk factors who are GP recorded current smokers or have no smoking status recorded, whose notes record smoking status in the preceding 12 months.",Smoking: Record of smoking status (CVDP001SMOK),81.1,Persons,Sex,0,19715.0,To March 2026,82.07,81.59,
E54000013,NHS Lincolnshire Integrated Care Board,Female,10635.0,,,CVDP001SMOK,"Patients with GP recorded CVD or CVD risk factors who are GP recorded current smokers or have no smoking status recorded, whose notes record smoking status in the preceding 12 months.",Smoking: Record of smoking status (CVDP001SMOK),82.88,Female,Sex,0,8890.0,To March 2026,84.28,83.59,
E54000013,NHS Lincolnshire Integrated Care Board,Male,13525.0,,,CVDP001SMOK,"Patients with GP recorded CVD or CVD risk factors who are GP recorded current smokers or have no smoking status recorded, whose notes record smoking status in the preceding 12 months.",Smoking: Record of smoking status (CVDP001SMOK),79.34,Male,Sex,0,10825.0,To March 2026,80.69,80.02,
E54000013,NHS Lincolnshire Integrated Care Board,Male,840.0,,,CVDP001SMOK,"Patients with GP recorded CVD or CVD risk factors who are GP recorded current smokers or have no smoking status recorded, whose notes record smoking status in the preceding 12 months.",Smoking: Record of smoking status (CVDP001SMOK),63.03,18-39,Age group,0,555.0,To March 2026,69.31,66.23,
E54000013,NHS Lincolnshire Integrated Care Board,Female,665.0,,,CVDP001SMOK,"Patients with GP recorded CVD or CVD risk factors who are GP recorded current smokers or have no smoking status recorded, whose notes record smoking status in the preceding 12 months.",Smoking: Record of smoking status (CVDP001SMOK),75.93,18-39,Age group,0,525.0,To March 2026,82.06,79.13,
E54000013,NHS Lincolnshire Integrated Care Board,Persons,1505.0,,,CVDP001SMOK,"Patients with GP recorded CVD or CVD risk factors who are GP recorded current smokers or have no smoking status recorded, whose notes record smoking status in the preceding 12 months.",Smoking: Record of smoking status (CVDP001SMOK),69.6,18-39,Age group,0,1085.0,To March 2026,74.11,71.93,
E54000013,NHS Lincolnshire Integrated Care Board,Male,5060.0,,,CVDP001SMOK,"Patients with GP recorded CVD or CVD risk factors who are GP recorded current smokers or have no smoking status recorded, whose notes record smoking status in the preceding 12 months.",Smoking: Record of smoking status (CVDP001SMOK),74.4,40-59,Age group,0,3825.0,To March 2026,76.75,75.59,
E54000013,NHS Lincolnshire Integrated Care Board,Female,3685.0,,,CVDP001SMOK,"Patients with GP recorded CVD or CVD risk factors who are GP recorded current smokers or have no smoking status recorded, whose notes record smoking status in the preceding 12 months.",Smoking: Record of smoking status (CVDP001SMOK),80.8,40-59,Age group,0,3025.0,To March 2026,83.27,82.06,
E54000013,NHS Lincolnshire Integrated Care Board,Persons,8745.0,,,CVDP001SMOK,"Patients with GP recorded CVD or CVD risk factors who are GP recorded current smokers or have no smoking status recorded, whose notes record smoking status in the preceding 12 months.",Smoking: Record of smoking status (CVDP001SMOK),77.44,40-59,Age group,0,6850.0,To March 2026,79.17,78.32,
E54000013,NHS Lincolnshire Integrated Care Board,Male,6825.0,,,CVDP001SMOK,"Patients with GP recorded CVD or CVD risk factors who are GP recorded current smokers or have no smoking status recorded, whose notes record smoking status in the preceding 12 months.",Smoking: Record of smoking status (CVDP001SMOK),83.5,60-79,Age group,0,5760.0,To March 2026,85.21,84.37,
E54000013,NHS Lincolnshire Integrated Care Board,Female,5455.0,,,CVDP001SMOK,"Patients with GP recorded CVD or CVD risk factors who are GP recorded current smokers or have no smoking status recorded, whose notes record smoking status in the preceding 12 months.",Smoking: Record of smoking status (CVDP001SMOK),83.68,60-79,Age group,0,4620.0,To March 2026,85.58,84.66,
E54000013,NHS Lincolnshire Integrated Care Board,Persons,12280.0,,,CVDP001SMOK,"Patients with GP recorded CVD or CVD risk factors who are GP recorded current smokers or have no smoking status recorded, whose notes record smoking status in the preceding 12 months.",Smoking: Record of smoking status (CVDP001SMOK),83.85,60-79,Age group,0,10380.0,To March 2026,85.13,84.5,
E54000013,NHS Lincolnshire Integrated Care Board,Male,800.0,,,CVDP001SMOK,"Patients with GP recorded CVD or CVD risk factors who are GP recorded current smokers or have no smoking status recorded, whose notes record smoking status in the preceding 12 months.",Smoking: Record of smoking status (CVDP001SMOK),82.92,80+,Age group,0,685.0,To March 2026,87.78,85.48,
E54000013,NHS Lincolnshire Integrated Care Board,Female,830.0,,,CVDP001SMOK,"Patients with GP recorded CVD or CVD risk factors who are GP recorded current smokers or have no smoking status recorded, whose notes record smoking status in the preceding 12 months.",Smoking: Record of smoking status (CVDP001SMOK),84.41,80+,Age group,0,720.0,To March 2026,88.97,86.88,
E54000013,NHS Lincolnshire Integrated Care Board,Persons,1630.0,,,CVDP001SMOK,"Patients with GP recorded CVD or CVD risk factors who are GP recorded current smokers or have no smoking status recorded, whose notes record smoking status in the preceding 12 months.",Smoking: Record of smoking status (CVDP001SMOK),84.45,80+,Age group,0,1405.0,To March 2026,87.75,86.2,
E54000013,NHS Lincolnshire Integrated Care Board,Persons,6100.0,,,CVDP001SMOK,"Patients with GP recorded CVD or CVD risk factors who are GP recorded current smokers or have no smoking status recorded, whose notes record smoking status in the preceding 12 months.",Smoking: Record of smoking status (CVDP001SMOK),80.16,1 - most deprived,Deprivation quintile,0,4950.0,To March 2026,82.11,81.15,
E54000013,NHS Lincolnshire Integrated Care Board,Persons,6675.0,,,CVDP001SMOK,"Patients with GP recorded CVD or CVD risk factors who are GP recorded current smokers or have no smoking status recorded, whose notes record smoking status in the preceding 12 months.",Smoking: Record of smoking status (CVDP001SMOK),80.29,2,Deprivation quintile,0,5420.0,To March 2026,82.16,81.24,
E54000013,NHS Lincolnshire Integrated Care Board,Persons,4730.0,,,CVDP001SMOK,"Patients with GP recorded CVD or CVD risk factors who are GP recorded current smokers or have no smoking status recorded, whose notes record smoking status in the preceding 12 months.",Smoking: Record of smoking status (CVDP001SMOK),79.98,3,Deprivation quintile,0,3840.0,To March 2026,82.2,81.11,
E54000013,NHS Lincolnshire Integrated Care Board,Persons,4155.0,,,CVDP001SMOK,"Patients with GP recorded CVD or CVD risk factors who are GP recorded current smokers or have no smoking status recorded, whose notes record smoking status in the preceding 12 months.",Smoking: Record of smoking status (CVDP001SMOK),81.72,4,Deprivation quintile,0,3445.0,To March 2026,84.0,82.88,
E54000013,NHS Lincolnshire Integrated Care Board,Persons,2665.0,,,CVDP001SMOK,"Patients with GP recorded CVD or CVD risk factors who are GP recorded current smokers or have no smoking status recorded, whose notes record smoking status in the preceding 12 months.",Smoking: Record of smoking status (CVDP001SMOK),79.96,5 - least deprived,Deprivation quintile,0,2170.0,To March 2026,82.88,81.47,
E54000013,NHS Lincolnshire Integrated Care Board,Persons,210.0,,,CVDP001SMOK,"Patients with GP recorded CVD or CVD risk factors who are GP recorded current smokers or have no smoking status recorded, whose notes record smoking status in the preceding 12 months.",Smoking: Record of smoking status (CVDP001SMOK),65.58,Asian,Ethnicity,0,150.0,To March 2026,77.21,71.7,
E54000013,NHS Lincolnshire Integrated Care Board,Persons,140.0,,,CVDP001SMOK,"Patients with GP recorded CVD or CVD risk factors who are GP recorded current smokers or have no smoking status recorded, whose notes record smoking status in the preceding 12 months.",Smoking: Record of smoking status (CVDP001SMOK),57.45,Black,Ethnicity,0,90.0,To March 2026,73.05,65.94,
E54000013,NHS Lincolnshire Integrated Care Board,Persons,670.0,,,CVDP001SMOK,"Patients with GP recorded CVD or CVD risk factors who are GP recorded current smokers or have no smoking status recorded, whose notes record smoking status in the preceding 12 months.",Smoking: Record of smoking status (CVDP001SMOK),66.77,Missing,Ethnicity,0,470.0,To March 2026,73.62,70.36,
E54000013,NHS Lincolnshire Integrated Care Board,Persons,90.0,,,CVDP001SMOK,"Patients with GP recorded CVD or CVD risk factors who are GP recorded current smokers or have no smoking status recorded, whose notes record smoking status in the preceding 12 months.",Smoking: Record of smoking status (CVDP001SMOK),62.77,Mixed,Ethnicity,0,65.0,To March 2026,80.85,72.53,
E54000013,NHS Lincolnshire Integrated Care Board,Persons,345.0,,,CVDP001SMOK,"Patients with GP recorded CVD or CVD risk factors who are GP recorded current smokers or have no smoking status recorded, whose notes record smoking status in the preceding 12 months.",Smoking: Record of smoking status (CVDP001SMOK),74.35,Not stated,Ethnicity,0,270.0,To March 2026,82.71,78.78,
E54000013,NHS Lincolnshire Integrated Care Board,Persons,185.0,,,CVDP001SMOK,"Patients with GP recorded CVD or CVD risk factors who are GP recorded current smokers or have no smoking status recorded, whose notes record smoking status in the preceding 12 months.",Smoking: Record of smoking status (CVDP001SMOK),68.78,Other,Ethnicity,0,140.0,To March 2026,80.95,75.27,
E54000013,NHS Lincolnshire Integrated Care Board,Persons,22525.0,,,CVDP001SMOK,"Patients with GP recorded CVD or CVD risk factors who are GP recorded current smokers or have no smoking status recorded, whose notes record smoking status in the preceding 12 months.",Smoking: Record of smoking status (CVDP001SMOK),81.74,White,Ethnicity,0,18525.0,To March 2026,82.74,82.25,
E54000013,NHS Lincolnshire Integrated Care Board,Persons,23420.0,,,CVDP001SMOK,"Patients with GP recorded CVD or CVD risk factors who are GP recorded current smokers or have no smoking status recorded, whose notes record smoking status in the preceding 12 months.",Smoking: Record of smoking status (CVDP001SMOK),80.86,People without SMI,Mental Health,0,19055.0,To March 2026,81.85,81.36,
E54000013,NHS Lincolnshire Integrated Care Board,Persons,745.0,,,CVDP001SMOK,"Patients with GP recorded CVD or CVD risk factors who are GP recorded current smokers or have no smoking status recorded, whose notes record smoking status in the preceding 12 months.",Smoking: Record of smoking status (CVDP001SMOK),86.61,People with SMI,Mental Health,0,660.0,To March 2026,91.03,88.98,
E54000013,NHS Lincolnshire Integrated Care Board,Persons,24050.0,,,CVDP001SMOK,"Patients with GP recorded CVD or CVD risk factors who are GP recorded current smokers or have no smoking status recorded, whose notes record smoking status in the preceding 12 months.",Smoking: Record of smoking status (CVDP001SMOK),81.04,People without a diagnosed learning disability,Learning Disability,0,19610.0,To March 2026,82.02,81.53,
E54000013,NHS Lincolnshire Integrated Care Board,Persons,115.0,,,CVDP001SMOK,"Patients with GP recorded CVD or CVD risk factors who are GP recorded current smokers or have no smoking status recorded, whose notes record smoking status in the preceding 12 months.",Smoking: Record of smoking status (CVDP001SMOK),88.03,People with a diagnosed learning disability,Learning Disability,0,105.0,To March 2026,96.58,93.86,
E54000026,NHS Mid and South Essex Integrated Care Board,Persons,32420.0,,,CVDP001SMOK,"Patients with GP recorded CVD or CVD risk factors who are GP recorded current smokers or have no smoking status recorded, whose notes record smoking status in the preceding 12 months.",Smoking: Record of smoking status (CVDP001SMOK),78.22,Persons,Sex,0,25505.0,To March 2026,79.11,78.67,
E54000026,NHS Mid and South Essex Integrated Care Board,Female,13615.0,,,CVDP001SMOK,"Patients with GP recorded CVD or CVD risk factors who are GP recorded current smokers or have no smoking status recorded, whose notes record smoking status in the preceding 12 months.",Smoking: Record of smoking status (CVDP001SMOK),80.68,Female,Sex,0,11075.0,To March 2026,81.99,81.35,
E54000026,NHS Mid and South Essex Integrated Care Board,Male,18805.0,,,CVDP001SMOK,"Patients with GP recorded CVD or CVD risk factors who are GP recorded current smokers or have no smoking status recorded, whose notes record smoking status in the preceding 12 months.",Smoking: Record of smoking status (CVDP001SMOK),76.12,Male,Sex,0,14430.0,To March 2026,77.33,76.73,
E54000026,NHS Mid and South Essex Integrated Care Board,Male,1100.0,,,CVDP001SMOK,"Patients with GP recorded CVD or CVD risk factors who are GP recorded current smokers or have no smoking status recorded, whose notes record smoking status in the preceding 12 months.",Smoking: Record of smoking status (CVDP001SMOK),62.98,18-39,Age group,0,725.0,To March 2026,68.51,65.79,
E54000026,NHS Mid and South Essex Integrated Care Board,Female,700.0,,,CVDP001SMOK,"Patients with GP recorded CVD or CVD risk factors who are GP recorded current smokers or have no smoking status recorded, whose notes record smoking status in the preceding 12 months.",Smoking: Record of smoking status (CVDP001SMOK),76.56,18-39,Age group,0,560.0,To March 2026,82.39,79.6,
E54000026,NHS Mid and South Essex Integrated Care Board,Persons,1800.0,,,CVDP001SMOK,"Patients with GP recorded CVD or CVD risk factors who are GP recorded current smokers or have no smoking status recorded, whose notes record smoking status in the preceding 12 months.",Smoking: Record of smoking status (CVDP001SMOK),69.05,18-39,Age group,0,1280.0,To March 2026,73.21,71.17,
E54000026,NHS Mid and South Essex Integrated Care Board,Male,7280.0,,,CVDP001SMOK,"Patients with GP recorded CVD or CVD risk factors who are GP recorded current smokers or have no smoking status recorded, whose notes record smoking status in the preceding 12 months.",Smoking: Record of smoking status (CVDP001SMOK),73.62,40-59,Age group,0,5435.0,To March 2026,75.61,74.63,
E54000026,NHS Mid and South Essex Integrated Care Board,Female,4545.0,,,CVDP001SMOK,"Patients with GP recorded CVD or CVD risk factors who are GP recorded current smokers or have no smoking status recorded, whose notes record smoking status in the preceding 12 months.",Smoking: Record of smoking status (CVDP001SMOK),81.78,40-59,Age group,0,3770.0,To March 2026,83.96,82.89,
E54000026,NHS Mid and South Essex Integrated Care Board,Persons,11825.0,,,CVDP001SMOK,"Patients with GP recorded CVD or CVD risk factors who are GP recorded current smokers or have no smoking status recorded, whose notes record smoking status in the preceding 12 months.",Smoking: Record of smoking status (CVDP001SMOK),77.05,40-59,Age group,0,9200.0,To March 2026,78.55,77.81,
E54000026,NHS Mid and South Essex Integrated Care Board,Male,9470.0,,,CVDP001SMOK,"Patients with GP recorded CVD or CVD risk factors who are GP recorded current smokers or have no smoking status recorded, whose notes record smoking status in the preceding 12 months.",Smoking: Record of smoking status (CVDP001SMOK),78.01,60-79,Age group,0,7465.0,To March 2026,79.65,78.84,
E54000026,NHS Mid and South Essex Integrated Care Board,Female,7225.0,,,CVDP001SMOK,"Patients with GP recorded CVD or CVD risk factors who are GP recorded current smokers or have no smoking status recorded, whose notes record smoking status in the preceding 12 months.",Smoking: Record of smoking status (CVDP001SMOK),79.05,60-79,Age group,0,5780.0,To March 2026,80.89,79.98,
E54000026,NHS Mid and South Essex Integrated Care Board,Persons,16695.0,,,CVDP001SMOK,"Patients with GP recorded CVD or CVD risk factors who are GP recorded current smokers or have no smoking status recorded, whose notes record smoking status in the preceding 12 months.",Smoking: Record of smoking status (CVDP001SMOK),78.71,60-79,Age group,0,13245.0,To March 2026,79.94,79.33,
E54000026,NHS Mid and South Essex Integrated Care Board,Male,960.0,,,CVDP001SMOK,"Patients with GP recorded CVD or CVD risk factors who are GP recorded current smokers or have no smoking status recorded, whose notes record smoking status in the preceding 12 months.",Smoking: Record of smoking status (CVDP001SMOK),82.02,80+,Age group,0,810.0,To March 2026,86.59,84.46,
E54000026,NHS Mid and South Essex Integrated Care Board,Female,1140.0,,,CVDP001SMOK,"Patients with GP recorded CVD or CVD risk factors who are GP recorded current smokers or have no smoking status recorded, whose notes record smoking status in the preceding 12 months.",Smoking: Record of smoking status (CVDP001SMOK),82.78,80+,Age group,0,970.0,To March 2026,86.89,84.93,
E54000026,NHS Mid and South Essex Integrated Care Board,Persons,2100.0,,,CVDP001SMOK,"Patients with GP recorded CVD or CVD risk factors who are GP recorded current smokers or have no smoking status recorded, whose notes record smoking status in the preceding 12 months.",Smoking: Record of smoking status (CVDP001SMOK),83.12,80+,Age group,0,1780.0,To March 2026,86.16,84.71,
E54000026,NHS Mid and South Essex Integrated Care Board,Persons,5345.0,,,CVDP001SMOK,"Patients with GP recorded CVD or CVD risk factors who are GP recorded current smokers or have no smoking status recorded, whose notes record smoking status in the preceding 12 months.",Smoking: Record of smoking status (CVDP001SMOK),81.62,1 - most deprived,Deprivation quintile,0,4420.0,To March 2026,83.64,82.66,
E54000026,NHS Mid and South Essex Integrated Care Board,Persons,7780.0,,,CVDP001SMOK,"Patients with GP recorded CVD or CVD risk factors who are GP recorded current smokers or have no smoking status recorded, whose notes record smoking status in the preceding 12 months.",Smoking: Record of smoking status (CVDP001SMOK),80.82,2,Deprivation quintile,0,6355.0,To March 2026,82.53,81.68,
E54000026,NHS Mid and South Essex Integrated Care Board,Persons,7280.0,,,CVDP001SMOK,"Patients with GP recorded CVD or CVD risk factors who are GP recorded current smokers or have no smoking status recorded, whose notes record smoking status in the preceding 12 months.",Smoking: Record of smoking status (CVDP001SMOK),79.37,3,Deprivation quintile,0,5845.0,To March 2026,81.2,80.3,
E54000026,NHS Mid and South Essex Integrated Care Board,Persons,6665.0,,,CVDP001SMOK,"Patients with GP recorded CVD or CVD risk factors who are GP recorded current smokers or have no smoking status recorded, whose notes record smoking status in the preceding 12 months.",Smoking: Record of smoking status (CVDP001SMOK),74.03,4,Deprivation quintile,0,5005.0,To March 2026,76.1,75.09,
E54000026,NHS Mid and South Essex Integrated Care Board,Persons,5550.0,,,CVDP001SMOK,"Patients with GP recorded CVD or CVD risk factors who are GP recorded current smokers or have no smoking status recorded, whose notes record smoking status in the preceding 12 months.",Smoking: Record of smoking status (CVDP001SMOK),71.37,5 - least deprived,Deprivation quintile,0,4025.0,To March 2026,73.71,72.56,
E54000026,NHS Mid and South Essex Integrated Care Board,Persons,905.0,,,CVDP001SMOK,"Patients with GP recorded CVD or CVD risk factors who are GP recorded current smokers or have no smoking status recorded, whose notes record smoking status in the preceding 12 months.",Smoking: Record of smoking status (CVDP001SMOK),72.31,Asian,Ethnicity,0,680.0,To March 2026,77.91,75.19,
E54000026,NHS Mid and South Essex Integrated Care Board,Persons,545.0,,,CVDP001SMOK,"Patients with GP recorded CVD or CVD risk factors who are GP recorded current smokers or have no smoking status recorded, whose notes record smoking status in the preceding 12 months.",Smoking: Record of smoking status (CVDP001SMOK),67.28,Black,Ethnicity,0,385.0,To March 2026,74.77,71.14,
E54000026,NHS Mid and South Essex Integrated Care Board,Persons,1355.0,,,CVDP001SMOK,"Patients with GP recorded CVD or CVD risk factors who are GP recorded current smokers or have no smoking status recorded, whose notes record smoking status in the preceding 12 months.",Smoking: Record of smoking status (CVDP001SMOK),66.62,Missing,Ethnicity,0,940.0,To March 2026,71.47,69.12,
E54000026,NHS Mid and South Essex Integrated Care Board,Persons,325.0,,,CVDP001SMOK,"Patients with GP recorded CVD or CVD risk factors who are GP recorded current smokers or have no smoking status recorded, whose notes record smoking status in the preceding 12 months.",Smoking: Record of smoking status (CVDP001SMOK),72.39,Mixed,Ethnicity,0,250.0,To March 2026,81.29,77.09,
E54000026,NHS Mid and South Essex Integrated Care Board,Persons,970.0,,,CVDP001SMOK,"Patients with GP recorded CVD or CVD risk factors who are GP recorded current smokers or have no smoking status recorded, whose notes record smoking status in the preceding 12 months.",Smoking: Record of smoking status (CVDP001SMOK),61.52,Not stated,Ethnicity,0,625.0,To March 2026,67.49,64.6,
E54000026,NHS Mid and South Essex Integrated Care Board,Persons,205.0,,,CVDP001SMOK,"Patients with GP recorded CVD or CVD risk factors who are GP recorded current smokers or have no smoking status recorded, whose notes record smoking status in the preceding 12 months.",Smoking: Record of smoking status (CVDP001SMOK),78.95,Other,Ethnicity,0,175.0,To March 2026,88.52,84.47,
E54000026,NHS Mid and South Essex Integrated Care Board,Persons,28115.0,,,CVDP001SMOK,"Patients with GP recorded CVD or CVD risk factors who are GP recorded current smokers or have no smoking status recorded, whose notes record smoking status in the preceding 12 months.",Smoking: Record of smoking status (CVDP001SMOK),79.38,White,Ethnicity,0,22450.0,To March 2026,80.31,79.85,
E54000026,NHS Mid and South Essex Integrated Care Board,Persons,31300.0,,,CVDP001SMOK,"Patients with GP recorded CVD or CVD risk factors who are GP recorded current smokers or have no smoking status recorded, whose notes record smoking status in the preceding 12 months.",Smoking: Record of smoking status (CVDP001SMOK),77.67,People without SMI,Mental Health,0,24460.0,To March 2026,78.59,78.14,
E54000026,NHS Mid and South Essex Integrated Care Board,Persons,1120.0,,,CVDP001SMOK,"Patients with GP recorded CVD or CVD risk factors who are GP recorded current smokers or have no smoking status recorded, whose notes record smoking status in the preceding 12 months.",Smoking: Record of smoking status (CVDP001SMOK),92.06,People with SMI,Mental Health,0,1045.0,To March 2026,94.92,93.65,
E54000026,NHS Mid and South Essex Integrated Care Board,Persons,32280.0,,,CVDP001SMOK,"Patients with GP recorded CVD or CVD risk factors who are GP recorded current smokers or have no smoking status recorded, whose notes record smoking status in the preceding 12 months.",Smoking: Record of smoking status (CVDP001SMOK),78.14,People without a diagnosed learning disability,Learning Disability,0,25370.0,To March 2026,79.04,78.59,
E54000026,NHS Mid and South Essex Integrated Care Board,Persons,140.0,,,CVDP001SMOK,"Patients with GP recorded CVD or CVD risk factors who are GP recorded current smokers or have no smoking status recorded, whose notes record smoking status in the preceding 12 months.",Smoking: Record of smoking status (CVDP001SMOK),92.31,People with a diagnosed learning disability,Learning Disability,0,135.0,To March 2026,98.6,96.43,
E54000022,Nhs Norfolk And Waveney Integrated Care Board,Persons,30900.0,,,CVDP001SMOK,"Patients with GP recorded CVD or CVD risk factors who are GP recorded current smokers or have no smoking status recorded, whose notes record smoking status in the preceding 12 months.",Smoking: Record of smoking status (CVDP001SMOK),79.77,Persons,Sex,0,24790.0,To March 2026,80.66,80.22,
E54000022,Nhs Norfolk And Waveney Integrated Care Board,Female,13135.0,,,CVDP001SMOK,"Patients with GP recorded CVD or CVD risk factors who are GP recorded current smokers or have no smoking status recorded, whose notes record smoking status in the preceding 12 months.",Smoking: Record of smoking status (CVDP001SMOK),81.85,Female,Sex,0,10840.0,To March 2026,83.14,82.51,
E54000022,Nhs Norfolk And Waveney Integrated Care Board,Male,17765.0,,,CVDP001SMOK,"Patients with GP recorded CVD or CVD risk factors who are GP recorded current smokers or have no smoking status recorded, whose notes record smoking status in the preceding 12 months.",Smoking: Record of smoking status (CVDP001SMOK),77.91,Male,Sex,0,13950.0,To March 2026,79.12,78.52,
E54000022,Nhs Norfolk And Waveney Integrated Care Board,Male,1110.0,,,CVDP001SMOK,"Patients with GP recorded CVD or CVD risk factors who are GP recorded current smokers or have no smoking status recorded, whose notes record smoking status in the preceding 12 months.",Smoking: Record of smoking status (CVDP001SMOK),60.32,18-39,Age group,0,700.0,To March 2026,65.98,63.19,
E54000022,Nhs Norfolk And Waveney Integrated Care Board,Female,850.0,,,CVDP001SMOK,"Patients with GP recorded CVD or CVD risk factors who are GP recorded current smokers or have no smoking status recorded, whose notes record smoking status in the preceding 12 months.",Smoking: Record of smoking status (CVDP001SMOK),73.94,18-39,Age group,0,655.0,To March 2026,79.58,76.91,
E54000022,Nhs Norfolk And Waveney Integrated Care Board,Persons,1960.0,,,CVDP001SMOK,"Patients with GP recorded CVD or CVD risk factors who are GP recorded current smokers or have no smoking status recorded, whose notes record smoking status in the preceding 12 months.",Smoking: Record of smoking status (CVDP001SMOK),67.04,18-39,Age group,0,1355.0,To March 2026,71.12,69.13,
E54000022,Nhs Norfolk And Waveney Integrated Care Board,Male,6725.0,,,CVDP001SMOK,"Patients with GP recorded CVD or CVD risk factors who are GP recorded current smokers or have no smoking status recorded, whose notes record smoking status in the preceding 12 months.",Smoking: Record of smoking status (CVDP001SMOK),72.62,40-59,Age group,0,4955.0,To March 2026,74.72,73.68,
E54000022,Nhs Norfolk And Waveney Integrated Care Board,Female,4585.0,,,CVDP001SMOK,"Patients with GP recorded CVD or CVD risk factors who are GP recorded current smokers or have no smoking status recorded, whose notes record smoking status in the preceding 12 months.",Smoking: Record of smoking status (CVDP001SMOK),80.36,40-59,Age group,0,3735.0,To March 2026,82.6,81.5,
E54000022,Nhs Norfolk And Waveney Integrated Care Board,Persons,11310.0,,,CVDP001SMOK,"Patients with GP recorded CVD or CVD risk factors who are GP recorded current smokers or have no smoking status recorded, whose notes record smoking status in the preceding 12 months.",Smoking: Record of smoking status (CVDP001SMOK),76.07,40-59,Age group,0,8690.0,To March 2026,77.62,76.85,
E54000022,Nhs Norfolk And Waveney Integrated Care Board,Male,8815.0,,,CVDP001SMOK,"Patients with GP recorded CVD or CVD risk factors who are GP recorded current smokers or have no smoking status recorded, whose notes record smoking status in the preceding 12 months.",Smoking: Record of smoking status (CVDP001SMOK),82.67,60-79,Age group,0,7355.0,To March 2026,84.21,83.46,
E54000022,Nhs Norfolk And Waveney Integrated Care Board,Female,6575.0,,,CVDP001SMOK,"Patients with GP recorded CVD or CVD risk factors who are GP recorded current smokers or have no smoking status recorded, whose notes record smoking status in the preceding 12 months.",Smoking: Record of smoking status (CVDP001SMOK),82.5,60-79,Age group,0,5485.0,To March 2026,84.29,83.42,
E54000022,Nhs Norfolk And Waveney Integrated Care Board,Persons,15390.0,,,CVDP001SMOK,"Patients with GP recorded CVD or CVD risk factors who are GP recorded current smokers or have no smoking status recorded, whose notes record smoking status in the preceding 12 months.",Smoking: Record of smoking status (CVDP001SMOK),82.85,60-79,Age group,0,12840.0,To March 2026,84.02,83.44,
E54000022,Nhs Norfolk And Waveney Integrated Care Board,Male,1115.0,,,CVDP001SMOK,"Patients with GP recorded CVD or CVD risk factors who are GP recorded current smokers or have no smoking status recorded, whose notes record smoking status in the preceding 12 months.",Smoking: Record of smoking status (CVDP001SMOK),81.72,80+,Age group,0,935.0,To March 2026,86.02,84.01,
E54000022,Nhs Norfolk And Waveney Integrated Care Board,Female,1130.0,,,CVDP001SMOK,"Patients with GP recorded CVD or CVD risk factors who are GP recorded current smokers or have no smoking status recorded, whose notes record smoking status in the preceding 12 months.",Smoking: Record of smoking status (CVDP001SMOK),83.32,80+,Age group,0,965.0,To March 2026,87.38,85.49,
E54000022,Nhs Norfolk And Waveney Integrated Care Board,Persons,2245.0,,,CVDP001SMOK,"Patients with GP recorded CVD or CVD risk factors who are GP recorded current smokers or have no smoking status recorded, whose notes record smoking status in the preceding 12 months.",Smoking: Record of smoking status (CVDP001SMOK),83.21,80+,Age group,0,1900.0,To March 2026,86.15,84.75,
E54000022,Nhs Norfolk And Waveney Integrated Care Board,Persons,8440.0,,,CVDP001SMOK,"Patients with GP recorded CVD or CVD risk factors who are GP recorded current smokers or have no smoking status recorded, whose notes record smoking status in the preceding 12 months.",Smoking: Record of smoking status (CVDP001SMOK),79.98,1 - most deprived,Deprivation quintile,0,6820.0,To March 2026,81.65,80.83,
E54000022,Nhs Norfolk And Waveney Integrated Care Board,Persons,8255.0,,,CVDP001SMOK,"Patients with GP recorded CVD or CVD risk factors who are GP recorded current smokers or have no smoking status recorded, whose notes record smoking status in the preceding 12 months.",Smoking: Record of smoking status (CVDP001SMOK),79.94,2,Deprivation quintile,0,6670.0,To March 2026,81.63,80.8,
E54000022,Nhs Norfolk And Waveney Integrated Care Board,Persons,8685.0,,,CVDP001SMOK,"Patients with GP recorded CVD or CVD risk factors who are GP recorded current smokers or have no smoking status recorded, whose notes record smoking status in the preceding 12 months.",Smoking: Record of smoking status (CVDP001SMOK),79.04,3,Deprivation quintile,0,6935.0,To March 2026,80.72,79.89,
E54000022,Nhs Norfolk And Waveney Integrated Care Board,Persons,3845.0,,,CVDP001SMOK,"Patients with GP recorded CVD or CVD risk factors who are GP recorded current smokers or have no smoking status recorded, whose notes record smoking status in the preceding 12 months.",Smoking: Record of smoking status (CVDP001SMOK),77.53,4,Deprivation quintile,0,3030.0,To March 2026,80.1,78.84,
E54000022,Nhs Norfolk And Waveney Integrated Care Board,Persons,1915.0,,,CVDP001SMOK,"Patients with GP recorded CVD or CVD risk factors who are GP recorded current smokers or have no smoking status recorded, whose notes record smoking status in the preceding 12 months.",Smoking: Record of smoking status (CVDP001SMOK),76.96,5 - least deprived,Deprivation quintile,0,1510.0,To March 2026,80.6,78.85,
E54000022,Nhs Norfolk And Waveney Integrated Care Board,Persons,330.0,,,CVDP001SMOK,"Patients with GP recorded CVD or CVD risk factors who are GP recorded current smokers or have no smoking status recorded, whose notes record smoking status in the preceding 12 months.",Smoking: Record of smoking status (CVDP001SMOK),70.96,Asian,Ethnicity,0,250.0,To March 2026,79.94,75.83,
E54000022,Nhs Norfolk And Waveney Integrated Care Board,Persons,165.0,,,CVDP001SMOK,"Patients with GP recorded CVD or CVD risk factors who are GP recorded current smokers or have no smoking status recorded, whose notes record smoking status in the preceding 12 months.",Smoking: Record of smoking status (CVDP001SMOK),64.12,Black,Ethnicity,0,120.0,To March 2026,77.65,71.26,
E54000022,Nhs Norfolk And Waveney Integrated Care Board,Persons,1120.0,,,CVDP001SMOK,"Patients with GP recorded CVD or CVD risk factors who are GP recorded current smokers or have no smoking status recorded, whose notes record smoking status in the preceding 12 months.",Smoking: Record of smoking status (CVDP001SMOK),63.7,Missing,Ethnicity,0,745.0,To March 2026,69.22,66.55,
E54000022,Nhs Norfolk And Waveney Integrated Care Board,Persons,195.0,,,CVDP001SMOK,"Patients with GP recorded CVD or CVD risk factors who are GP recorded current smokers or have no smoking status recorded, whose notes record smoking status in the preceding 12 months.",Smoking: Record of smoking status (CVDP001SMOK),63.78,Mixed,Ethnicity,0,135.0,To March 2026,76.53,70.47,
E54000022,Nhs Norfolk And Waveney Integrated Care Board,Persons,740.0,,,CVDP001SMOK,"Patients with GP recorded CVD or CVD risk factors who are GP recorded current smokers or have no smoking status recorded, whose notes record smoking status in the preceding 12 months.",Smoking: Record of smoking status (CVDP001SMOK),69.0,Not stated,Ethnicity,0,535.0,To March 2026,75.34,72.26,
E54000022,Nhs Norfolk And Waveney Integrated Care Board,Persons,300.0,,,CVDP001SMOK,"Patients with GP recorded CVD or CVD risk factors who are GP recorded current smokers or have no smoking status recorded, whose notes record smoking status in the preceding 12 months.",Smoking: Record of smoking status (CVDP001SMOK),68.52,Other,Ethnicity,0,225.0,To March 2026,78.36,73.84,
E54000022,Nhs Norfolk And Waveney Integrated Care Board,Persons,28050.0,,,CVDP001SMOK,"Patients with GP recorded CVD or CVD risk factors who are GP recorded current smokers or have no smoking status recorded, whose notes record smoking status in the preceding 12 months.",Smoking: Record of smoking status (CVDP001SMOK),80.75,White,Ethnicity,0,22780.0,To March 2026,81.67,81.21,
E54000022,Nhs Norfolk And Waveney Integrated Care Board,Persons,29765.0,,,CVDP001SMOK,"Patients with GP recorded CVD or CVD risk factors who are GP recorded current smokers or have no smoking status recorded, whose notes record smoking status in the preceding 12 months.",Smoking: Record of smoking status (CVDP001SMOK),79.39,People without SMI,Mental Health,0,23765.0,To March 2026,80.3,79.85,
E54000022,Nhs Norfolk And Waveney Integrated Care Board,Persons,1140.0,,,CVDP001SMOK,"Patients with GP recorded CVD or CVD risk factors who are GP recorded current smokers or have no smoking status recorded, whose notes record smoking status in the preceding 12 months.",Smoking: Record of smoking status (CVDP001SMOK),87.91,People with SMI,Mental Health,0,1020.0,To March 2026,91.41,89.81,
E54000022,Nhs Norfolk And Waveney Integrated Care Board,Persons,30700.0,,,CVDP001SMOK,"Patients with GP recorded CVD or CVD risk factors who are GP recorded current smokers or have no smoking status recorded, whose notes record smoking status in the preceding 12 months.",Smoking: Record of smoking status (CVDP001SMOK),79.68,People without a diagnosed learning disability,Learning Disability,0,24600.0,To March 2026,80.57,80.13,
E54000022,Nhs Norfolk And Waveney Integrated Care Board,Persons,200.0,,,CVDP001SMOK,"Patients with GP recorded CVD or CVD risk factors who are GP recorded current smokers or have no smoking status recorded, whose notes record smoking status in the preceding 12 months.",Smoking: Record of smoking status (CVDP001SMOK),90.2,People with a diagnosed learning disability,Learning Disability,0,190.0,To March 2026,96.57,94.03,
E54000028,NHS North Central London Integrated Care Board,Persons,38790.0,,,CVDP001SMOK,"Patients with GP recorded CVD or CVD risk factors who are GP recorded current smokers or have no smoking status recorded, whose notes record smoking status in the preceding 12 months.",Smoking: Record of smoking status (CVDP001SMOK),76.17,Persons,Sex,0,29710.0,To March 2026,77.01,76.59,
E54000028,NHS North Central London Integrated Care Board,Female,14130.0,,,CVDP001SMOK,"Patients with GP recorded CVD or CVD risk factors who are GP recorded current smokers or have no smoking status recorded, whose notes record smoking status in the preceding 12 months.",Smoking: Record of smoking status (CVDP001SMOK),77.48,Female,Sex,0,11045.0,To March 2026,78.84,78.17,
E54000028,NHS North Central London Integrated Care Board,Male,24665.0,,,CVDP001SMOK,"Patients with GP recorded CVD or CVD risk factors who are GP recorded current smokers or have no smoking status recorded, whose notes record smoking status in the preceding 12 months.",Smoking: Record of smoking status (CVDP001SMOK),75.14,Male,Sex,0,18665.0,To March 2026,76.22,75.69,
E54000028,NHS North Central London Integrated Care Board,Male,1775.0,,,CVDP001SMOK,"Patients with GP recorded CVD or CVD risk factors who are GP recorded current smokers or have no smoking status recorded, whose notes record smoking status in the preceding 12 months.",Smoking: Record of smoking status (CVDP001SMOK),59.92,18-39,Age group,0,1105.0,To March 2026,64.42,62.22,
E54000028,NHS North Central London Integrated Care Board,Female,980.0,,,CVDP001SMOK,"Patients with GP recorded CVD or CVD risk factors who are GP recorded current smokers or have no smoking status recorded, whose notes record smoking status in the preceding 12 months.",Smoking: Record of smoking status (CVDP001SMOK),63.52,18-39,Age group,0,655.0,To March 2026,69.41,66.56,
E54000028,NHS North Central London Integrated Care Board,Persons,2755.0,,,CVDP001SMOK,"Patients with GP recorded CVD or CVD risk factors who are GP recorded current smokers or have no smoking status recorded, whose notes record smoking status in the preceding 12 months.",Smoking: Record of smoking status (CVDP001SMOK),61.96,18-39,Age group,0,1760.0,To March 2026,65.51,63.76,
E54000028,NHS North Central London Integrated Care Board,Male,11465.0,,,CVDP001SMOK,"Patients with GP recorded CVD or CVD risk factors who are GP recorded current smokers or have no smoking status recorded, whose notes record smoking status in the preceding 12 months.",Smoking: Record of smoking status (CVDP001SMOK),73.19,40-59,Age group,0,8485.0,To March 2026,74.79,74.0,
E54000028,NHS North Central London Integrated Care Board,Female,5925.0,,,CVDP001SMOK,"Patients with GP recorded CVD or CVD risk factors who are GP recorded current smokers or have no smoking status recorded, whose notes record smoking status in the preceding 12 months.",Smoking: Record of smoking status (CVDP001SMOK),77.34,40-59,Age group,0,4645.0,To March 2026,79.43,78.41,
E54000028,NHS North Central London Integrated Care Board,Persons,17390.0,,,CVDP001SMOK,"Patients with GP recorded CVD or CVD risk factors who are GP recorded current smokers or have no smoking status recorded, whose notes record smoking status in the preceding 12 months.",Smoking: Record of smoking status (CVDP001SMOK),74.86,40-59,Age group,0,13130.0,To March 2026,76.13,75.5,
E54000028,NHS North Central London Integrated Care Board,Male,10470.0,,,CVDP001SMOK,"Patients with GP recorded CVD or CVD risk factors who are GP recorded current smokers or have no smoking status recorded, whose notes record smoking status in the preceding 12 months.",Smoking: Record of smoking status (CVDP001SMOK),78.67,60-79,Age group,0,8320.0,To March 2026,80.22,79.46,
E54000028,NHS North Central London Integrated Care Board,Female,6345.0,,,CVDP001SMOK,"Patients with GP recorded CVD or CVD risk factors who are GP recorded current smokers or have no smoking status recorded, whose notes record smoking status in the preceding 12 months.",Smoking: Record of smoking status (CVDP001SMOK),78.46,60-79,Age group,0,5040.0,To March 2026,80.44,79.47,
E54000028,NHS North Central London Integrated Care Board,Persons,16815.0,,,CVDP001SMOK,"Patients with GP recorded CVD or CVD risk factors who are GP recorded current smokers or have no smoking status recorded, whose notes record smoking status in the preceding 12 months.",Smoking: Record of smoking status (CVDP001SMOK),78.85,60-79,Age group,0,13360.0,To March 2026,80.07,79.46,
E54000028,NHS North Central London Integrated Care Board,Male,950.0,,,CVDP001SMOK,"Patients with GP recorded CVD or CVD risk factors who are GP recorded current smokers or have no smoking status recorded, whose notes record smoking status in the preceding 12 months.",Smoking: Record of smoking status (CVDP001SMOK),76.94,80+,Age group,0,755.0,To March 2026,81.97,79.6,
E54000028,NHS North Central London Integrated Care Board,Female,880.0,,,CVDP001SMOK,"Patients with GP recorded CVD or CVD risk factors who are GP recorded current smokers or have no smoking status recorded, whose notes record smoking status in the preceding 12 months.",Smoking: Record of smoking status (CVDP001SMOK),77.38,80+,Age group,0,705.0,To March 2026,82.58,80.14,
E54000028,NHS North Central London Integrated Care Board,Persons,1830.0,,,CVDP001SMOK,"Patients with GP recorded CVD or CVD risk factors who are GP recorded current smokers or have no smoking status recorded, whose notes record smoking status in the preceding 12 months.",Smoking: Record of smoking status (CVDP001SMOK),77.98,80+,Age group,0,1465.0,To March 2026,81.63,79.86,
E54000028,NHS North Central London Integrated Care Board,Persons,12230.0,,,CVDP001SMOK,"Patients with GP recorded CVD or CVD risk factors who are GP recorded current smokers or have no smoking status recorded, whose notes record smoking status in the preceding 12 months.",Smoking: Record of smoking status (CVDP001SMOK),76.38,1 - most deprived,Deprivation quintile,0,9430.0,To March 2026,77.87,77.13,
E54000028,NHS North Central London Integrated Care Board,Persons,13445.0,,,CVDP001SMOK,"Patients with GP recorded CVD or CVD risk factors who are GP recorded current smokers or have no smoking status recorded, whose notes record smoking status in the preceding 12 months.",Smoking: Record of smoking status (CVDP001SMOK),76.89,2,Deprivation quintile,0,10430.0,To March 2026,78.29,77.6,
E54000028,NHS North Central London Integrated Care Board,Persons,6915.0,,,CVDP001SMOK,"Patients with GP recorded CVD or CVD risk factors who are GP recorded current smokers or have no smoking status recorded, whose notes record smoking status in the preceding 12 months.",Smoking: Record of smoking status (CVDP001SMOK),75.17,3,Deprivation quintile,0,5270.0,To March 2026,77.16,76.18,
E54000028,NHS North Central London Integrated Care Board,Persons,4425.0,,,CVDP001SMOK,"Patients with GP recorded CVD or CVD risk factors who are GP recorded current smokers or have no smoking status recorded, whose notes record smoking status in the preceding 12 months.",Smoking: Record of smoking status (CVDP001SMOK),73.59,4,Deprivation quintile,0,3310.0,To March 2026,76.14,74.88,
E54000028,NHS North Central London Integrated Care Board,Persons,1650.0,,,CVDP001SMOK,"Patients with GP recorded CVD or CVD risk factors who are GP recorded current smokers or have no smoking status recorded, whose notes record smoking status in the preceding 12 months.",Smoking: Record of smoking status (CVDP001SMOK),69.9,5 - least deprived,Deprivation quintile,0,1190.0,To March 2026,74.2,72.09,
E54000028,NHS North Central London Integrated Care Board,Persons,4310.0,,,CVDP001SMOK,"Patients with GP recorded CVD or CVD risk factors who are GP recorded current smokers or have no smoking status recorded, whose notes record smoking status in the preceding 12 months.",Smoking: Record of smoking status (CVDP001SMOK),76.62,Asian,Ethnicity,0,3360.0,To March 2026,79.07,77.88,
E54000028,NHS North Central London Integrated Care Board,Persons,4900.0,,,CVDP001SMOK,"Patients with GP recorded CVD or CVD risk factors who are GP recorded current smokers or have no smoking status recorded, whose notes record smoking status in the preceding 12 months.",Smoking: Record of smoking status (CVDP001SMOK),76.32,Black,Ethnicity,0,3795.0,To March 2026,78.64,77.51,
E54000028,NHS North Central London Integrated Care Board,Persons,440.0,,,CVDP001SMOK,"Patients with GP recorded CVD or CVD risk factors who are GP recorded current smokers or have no smoking status recorded, whose notes record smoking status in the preceding 12 months.",Smoking: Record of smoking status (CVDP001SMOK),39.33,Missing,Ethnicity,0,195.0,To March 2026,48.54,43.89,
E54000028,NHS North Central London Integrated Care Board,Persons,1455.0,,,CVDP001SMOK,"Patients with GP recorded CVD or CVD risk factors who are GP recorded current smokers or have no smoking status recorded, whose notes record smoking status in the preceding 12 months.",Smoking: Record of smoking status (CVDP001SMOK),74.18,Mixed,Ethnicity,0,1115.0,To March 2026,78.49,76.39,
E54000028,NHS North Central London Integrated Care Board,Persons,1055.0,,,CVDP001SMOK,"Patients with GP recorded CVD or CVD risk factors who are GP recorded current smokers or have no smoking status recorded, whose notes record smoking status in the preceding 12 months.",Smoking: Record of smoking status (CVDP001SMOK),62.8,Not stated,Ethnicity,0,695.0,To March 2026,68.46,65.72,
E54000028,NHS North Central London Integrated Care Board,Persons,4575.0,,,CVDP001SMOK,"Patients with GP recorded CVD or CVD risk factors who are GP recorded current smokers or have no smoking status recorded, whose notes record smoking status in the preceding 12 months.",Smoking: Record of smoking status (CVDP001SMOK),76.96,Other,Ethnicity,0,3575.0,To March 2026,79.34,78.16,
E54000028,NHS North Central London Integrated Care Board,Persons,22050.0,,,CVDP001SMOK,"Patients with GP recorded CVD or CVD risk factors who are GP recorded current smokers or have no smoking status recorded, whose notes record smoking status in the preceding 12 months.",Smoking: Record of smoking status (CVDP001SMOK),76.44,White,Ethnicity,0,16980.0,To March 2026,77.55,77.0,
E54000028,NHS North Central London Integrated Care Board,Persons,36040.0,,,CVDP001SMOK,"Patients with GP recorded CVD or CVD risk factors who are GP recorded current smokers or have no smoking status recorded, whose notes record smoking status in the preceding 12 months.",Smoking: Record of smoking status (CVDP001SMOK),75.08,People without SMI,Mental Health,0,27215.0,To March 2026,75.96,75.52,
E54000028,NHS North Central London Integrated Care Board,Persons,2755.0,,,CVDP001SMOK,"Patients with GP recorded CVD or CVD risk factors who are GP recorded current smokers or have no smoking status recorded, whose notes record smoking status in the preceding 12 months.",Smoking: Record of smoking status (CVDP001SMOK),89.41,People with SMI,Mental Health,0,2495.0,To March 2026,91.59,90.56,
E54000028,NHS North Central London Integrated Care Board,Persons,38555.0,,,CVDP001SMOK,"Patients with GP recorded CVD or CVD risk factors who are GP recorded current smokers or have no smoking status recorded, whose notes record smoking status in the preceding 12 months.",Smoking: Record of smoking status (CVDP001SMOK),76.05,People without a diagnosed learning disability,Learning Disability,0,29485.0,To March 2026,76.9,76.48,
E54000028,NHS North Central London Integrated Care Board,Persons,240.0,,,CVDP001SMOK,"Patients with GP recorded CVD or CVD risk factors who are GP recorded current smokers or have no smoking status recorded, whose notes record smoking status in the preceding 12 months.",Smoking: Record of smoking status (CVDP001SMOK),90.87,People with a diagnosed learning disability,Learning Disability,0,225.0,To March 2026,96.68,94.54,
E54000050,NHS North East and North Cumbria Integrated Care Board,Persons,98930.0,,,CVDP001SMOK,"Patients with GP recorded CVD or CVD risk factors who are GP recorded current smokers or have no smoking status recorded, whose notes record smoking status in the preceding 12 months.",Smoking: Record of smoking status (CVDP001SMOK),81.83,Persons,Sex,0,81190.0,To March 2026,82.31,82.07,
E54000050,NHS North East and North Cumbria Integrated Care Board,Female,44965.0,,,CVDP001SMOK,"Patients with GP recorded CVD or CVD risk factors who are GP recorded current smokers or have no smoking status recorded, whose notes record smoking status in the preceding 12 months.",Smoking: Record of smoking status (CVDP001SMOK),84.16,Female,Sex,0,37990.0,To March 2026,84.82,84.49,
E54000050,NHS North East and North Cumbria Integrated Care Board,Male,53965.0,,,CVDP001SMOK,"Patients with GP recorded CVD or CVD risk factors who are GP recorded current smokers or have no smoking status recorded, whose notes record smoking status in the preceding 12 months.",Smoking: Record of smoking status (CVDP001SMOK),79.71,Male,Sex,0,43200.0,To March 2026,80.38,80.05,
E54000050,NHS North East and North Cumbria Integrated Care Board,Male,3590.0,,,CVDP001SMOK,"Patients with GP recorded CVD or CVD risk factors who are GP recorded current smokers or have no smoking status recorded, whose notes record smoking status in the preceding 12 months.",Smoking: Record of smoking status (CVDP001SMOK),59.76,18-39,Age group,0,2200.0,To March 2026,62.94,61.37,
E54000050,NHS North East and North Cumbria Integrated Care Board,Female,2630.0,,,CVDP001SMOK,"Patients with GP recorded CVD or CVD risk factors who are GP recorded current smokers or have no smoking status recorded, whose notes record smoking status in the preceding 12 months.",Smoking: Record of smoking status (CVDP001SMOK),72.57,18-39,Age group,0,1950.0,To March 2026,75.87,74.25,
E54000050,NHS North East and North Cumbria Integrated Care Board,Persons,6215.0,,,CVDP001SMOK,"Patients with GP recorded CVD or CVD risk factors who are GP recorded current smokers or have no smoking status recorded, whose notes record smoking status in the preceding 12 months.",Smoking: Record of smoking status (CVDP001SMOK),65.64,18-39,Age group,0,4155.0,To March 2026,67.97,66.82,
E54000050,NHS North East and North Cumbria Integrated Care Board,Male,21590.0,,,CVDP001SMOK,"Patients with GP recorded CVD or CVD risk factors who are GP recorded current smokers or have no smoking status recorded, whose notes record smoking status in the preceding 12 months.",Smoking: Record of smoking status (CVDP001SMOK),75.29,40-59,Age group,0,16380.0,To March 2026,76.43,75.87,
E54000050,NHS North East and North Cumbria Integrated Care Board,Female,15090.0,,,CVDP001SMOK,"Patients with GP recorded CVD or CVD risk factors who are GP recorded current smokers or have no smoking status recorded, whose notes record smoking status in the preceding 12 months.",Smoking: Record of smoking status (CVDP001SMOK),81.57,40-59,Age group,0,12400.0,To March 2026,82.79,82.19,
E54000050,NHS North East and North Cumbria Integrated Care Board,Persons,36680.0,,,CVDP001SMOK,"Patients with GP recorded CVD or CVD risk factors who are GP recorded current smokers or have no smoking status recorded, whose notes record smoking status in the preceding 12 months.",Smoking: Record of smoking status (CVDP001SMOK),78.04,40-59,Age group,0,28780.0,To March 2026,78.88,78.47,
E54000050,NHS North East and North Cumbria Integrated Care Board,Male,26220.0,,,CVDP001SMOK,"Patients with GP recorded CVD or CVD risk factors who are GP recorded current smokers or have no smoking status recorded, whose notes record smoking status in the preceding 12 months.",Smoking: Record of smoking status (CVDP001SMOK),84.83,60-79,Age group,0,22355.0,To March 2026,85.69,85.26,
E54000050,NHS North East and North Cumbria Integrated Care Board,Female,23560.0,,,CVDP001SMOK,"Patients with GP recorded CVD or CVD risk factors who are GP recorded current smokers or have no smoking status recorded, whose notes record smoking status in the preceding 12 months.",Smoking: Record of smoking status (CVDP001SMOK),86.5,60-79,Age group,0,20480.0,To March 2026,87.35,86.93,
E54000050,NHS North East and North Cumbria Integrated Care Board,Persons,49780.0,,,CVDP001SMOK,"Patients with GP recorded CVD or CVD risk factors who are GP recorded current smokers or have no smoking status recorded, whose notes record smoking status in the preceding 12 months.",Smoking: Record of smoking status (CVDP001SMOK),85.75,60-79,Age group,0,42835.0,To March 2026,86.35,86.05,
E54000050,NHS North East and North Cumbria Integrated Care Board,Male,2570.0,,,CVDP001SMOK,"Patients with GP recorded CVD or CVD risk factors who are GP recorded current smokers or have no smoking status recorded, whose notes record smoking status in the preceding 12 months.",Smoking: Record of smoking status (CVDP001SMOK),86.74,80+,Age group,0,2260.0,To March 2026,89.23,88.05,
E54000050,NHS North East and North Cumbria Integrated Care Board,Female,3685.0,,,CVDP001SMOK,"Patients with GP recorded CVD or CVD risk factors who are GP recorded current smokers or have no smoking status recorded, whose notes record smoking status in the preceding 12 months.",Smoking: Record of smoking status (CVDP001SMOK),84.49,80+,Age group,0,3155.0,To March 2026,86.74,85.64,
E54000050,NHS North East and North Cumbria Integrated Care Board,Persons,6255.0,,,CVDP001SMOK,"Patients with GP recorded CVD or CVD risk factors who are GP recorded current smokers or have no smoking status recorded, whose notes record smoking status in the preceding 12 months.",Smoking: Record of smoking status (CVDP001SMOK),85.77,80+,Age group,0,5415.0,To March 2026,87.45,86.63,
E54000050,NHS North East and North Cumbria Integrated Care Board,Persons,48355.0,,,CVDP001SMOK,"Patients with GP recorded CVD or CVD risk factors who are GP recorded current smokers or have no smoking status recorded, whose notes record smoking status in the preceding 12 months.",Smoking: Record of smoking status (CVDP001SMOK),82.36,1 - most deprived,Deprivation quintile,0,39990.0,To March 2026,83.04,82.7,
E54000050,NHS North East and North Cumbria Integrated Care Board,Persons,23915.0,,,CVDP001SMOK,"Patients with GP recorded CVD or CVD risk factors who are GP recorded current smokers or have no smoking status recorded, whose notes record smoking status in the preceding 12 months.",Smoking: Record of smoking status (CVDP001SMOK),81.94,2,Deprivation quintile,0,19715.0,To March 2026,82.9,82.43,
E54000050,NHS North East and North Cumbria Integrated Care Board,Persons,12325.0,,,CVDP001SMOK,"Patients with GP recorded CVD or CVD risk factors who are GP recorded current smokers or have no smoking status recorded, whose notes record smoking status in the preceding 12 months.",Smoking: Record of smoking status (CVDP001SMOK),80.18,3,Deprivation quintile,0,9970.0,To March 2026,81.56,80.88,
E54000050,NHS North East and North Cumbria Integrated Care Board,Persons,8950.0,,,CVDP001SMOK,"Patients with GP recorded CVD or CVD risk factors who are GP recorded current smokers or have no smoking status recorded, whose notes record smoking status in the preceding 12 months.",Smoking: Record of smoking status (CVDP001SMOK),80.09,4,Deprivation quintile,0,7240.0,To March 2026,81.71,80.91,
E54000050,NHS North East and North Cumbria Integrated Care Board,Persons,5400.0,,,CVDP001SMOK,"Patients with GP recorded CVD or CVD risk factors who are GP recorded current smokers or have no smoking status recorded, whose notes record smoking status in the preceding 12 months.",Smoking: Record of smoking status (CVDP001SMOK),78.07,5 - least deprived,Deprivation quintile,0,4275.0,To March 2026,80.23,79.17,
E54000050,NHS North East and North Cumbria Integrated Care Board,Persons,2290.0,,,CVDP001SMOK,"Patients with GP recorded CVD or CVD risk factors who are GP recorded current smokers or have no smoking status recorded, whose notes record smoking status in the preceding 12 months.",Smoking: Record of smoking status (CVDP001SMOK),73.82,Asian,Ethnicity,0,1730.0,To March 2026,77.31,75.62,
E54000050,NHS North East and North Cumbria Integrated Care Board,Persons,515.0,,,CVDP001SMOK,"Patients with GP recorded CVD or CVD risk factors who are GP recorded current smokers or have no smoking status recorded, whose notes record smoking status in the preceding 12 months.",Smoking: Record of smoking status (CVDP001SMOK),62.24,Black,Ethnicity,0,345.0,To March 2026,70.33,66.47,
E54000050,NHS North East and North Cumbria Integrated Care Board,Persons,1755.0,,,CVDP001SMOK,"Patients with GP recorded CVD or CVD risk factors who are GP recorded current smokers or have no smoking status recorded, whose notes record smoking status in the preceding 12 months.",Smoking: Record of smoking status (CVDP001SMOK),58.59,Missing,Ethnicity,0,1070.0,To March 2026,63.14,60.91,
E54000050,NHS North East and North Cumbria Integrated Care Board,Persons,525.0,,,CVDP001SMOK,"Patients with GP recorded CVD or CVD risk factors who are GP recorded current smokers or have no smoking status recorded, whose notes record smoking status in the preceding 12 months.",Smoking: Record of smoking status (CVDP001SMOK),69.58,Mixed,Ethnicity,0,385.0,To March 2026,77.0,73.42,
E54000050,NHS North East and North Cumbria Integrated Care Board,Persons,1725.0,,,CVDP001SMOK,"Patients with GP recorded CVD or CVD risk factors who are GP recorded current smokers or have no smoking status recorded, whose notes record smoking status in the preceding 12 months.",Smoking: Record of smoking status (CVDP001SMOK),72.51,Not stated,Ethnicity,0,1285.0,To March 2026,76.56,74.61,
E54000050,NHS North East and North Cumbria Integrated Care Board,Persons,910.0,,,CVDP001SMOK,"Patients with GP recorded CVD or CVD risk factors who are GP recorded current smokers or have no smoking status recorded, whose notes record smoking status in the preceding 12 months.",Smoking: Record of smoking status (CVDP001SMOK),74.89,Other,Ethnicity,0,705.0,To March 2026,80.26,77.67,
E54000050,NHS North East and North Cumbria Integrated Care Board,Persons,91210.0,,,CVDP001SMOK,"Patients with GP recorded CVD or CVD risk factors who are GP recorded current smokers or have no smoking status recorded, whose notes record smoking status in the preceding 12 months.",Smoking: Record of smoking status (CVDP001SMOK),82.71,White,Ethnicity,0,75670.0,To March 2026,83.2,82.96,
E54000050,NHS North East and North Cumbria Integrated Care Board,Persons,94945.0,,,CVDP001SMOK,"Patients with GP recorded CVD or CVD risk factors who are GP recorded current smokers or have no smoking status recorded, whose notes record smoking status in the preceding 12 months.",Smoking: Record of smoking status (CVDP001SMOK),81.52,People without SMI,Mental Health,0,77640.0,To March 2026,82.01,81.77,
E54000050,NHS North East and North Cumbria Integrated Care Board,Persons,3980.0,,,CVDP001SMOK,"Patients with GP recorded CVD or CVD risk factors who are GP recorded current smokers or have no smoking status recorded, whose notes record smoking status in the preceding 12 months.",Smoking: Record of smoking status (CVDP001SMOK),88.18,People with SMI,Mental Health,0,3550.0,To March 2026,90.09,89.18,
E54000050,NHS North East and North Cumbria Integrated Care Board,Persons,98065.0,,,CVDP001SMOK,"Patients with GP recorded CVD or CVD risk factors who are GP recorded current smokers or have no smoking status recorded, whose notes record smoking status in the preceding 12 months.",Smoking: Record of smoking status (CVDP001SMOK),81.73,People without a diagnosed learning disability,Learning Disability,0,80385.0,To March 2026,82.21,81.97,
E54000050,NHS North East and North Cumbria Integrated Care Board,Persons,865.0,,,CVDP001SMOK,"Patients with GP recorded CVD or CVD risk factors who are GP recorded current smokers or have no smoking status recorded, whose notes record smoking status in the preceding 12 months.",Smoking: Record of smoking status (CVDP001SMOK),91.36,People with a diagnosed learning disability,Learning Disability,0,805.0,To March 2026,94.7,93.18,
E54000029,NHS North East London Integrated Care Board,Persons,53440.0,,,CVDP001SMOK,"Patients with GP recorded CVD or CVD risk factors who are GP recorded current smokers or have no smoking status recorded, whose notes record smoking status in the preceding 12 months.",Smoking: Record of smoking status (CVDP001SMOK),77.53,Persons,Sex,0,41620.0,To March 2026,78.23,77.88,
E54000029,NHS North East London Integrated Care Board,Female,16840.0,,,CVDP001SMOK,"Patients with GP recorded CVD or CVD risk factors who are GP recorded current smokers or have no smoking status recorded, whose notes record smoking status in the preceding 12 months.",Smoking: Record of smoking status (CVDP001SMOK),78.54,Female,Sex,0,13330.0,To March 2026,79.76,79.16,
E54000029,NHS North East London Integrated Care Board,Male,36600.0,,,CVDP001SMOK,"Patients with GP recorded CVD or CVD risk factors who are GP recorded current smokers or have no smoking status recorded, whose notes record smoking status in the preceding 12 months.",Smoking: Record of smoking status (CVDP001SMOK),76.86,Male,Sex,0,28290.0,To March 2026,77.72,77.3,
E54000029,NHS North East London Integrated Care Board,Male,3410.0,,,CVDP001SMOK,"Patients with GP recorded CVD or CVD risk factors who are GP recorded current smokers or have no smoking status recorded, whose notes record smoking status in the preceding 12 months.",Smoking: Record of smoking status (CVDP001SMOK),62.43,18-39,Age group,0,2185.0,To March 2026,65.62,64.04,
E54000029,NHS North East London Integrated Care Board,Female,1385.0,,,CVDP001SMOK,"Patients with GP recorded CVD or CVD risk factors who are GP recorded current smokers or have no smoking status recorded, whose notes record smoking status in the preceding 12 months.",Smoking: Record of smoking status (CVDP001SMOK),62.45,18-39,Age group,0,900.0,To March 2026,67.41,64.96,
E54000029,NHS North East London Integrated Care Board,Persons,4795.0,,,CVDP001SMOK,"Patients with GP recorded CVD or CVD risk factors who are GP recorded current smokers or have no smoking status recorded, whose notes record smoking status in the preceding 12 months.",Smoking: Record of smoking status (CVDP001SMOK),62.93,18-39,Age group,0,3085.0,To March 2026,65.64,64.3,
E54000029,NHS North East London Integrated Care Board,Male,18760.0,,,CVDP001SMOK,"Patients with GP recorded CVD or CVD risk factors who are GP recorded current smokers or have no smoking status recorded, whose notes record smoking status in the preceding 12 months.",Smoking: Record of smoking status (CVDP001SMOK),75.05,40-59,Age group,0,14195.0,To March 2026,76.27,75.67,
E54000029,NHS North East London Integrated Care Board,Female,6995.0,,,CVDP001SMOK,"Patients with GP recorded CVD or CVD risk factors who are GP recorded current smokers or have no smoking status recorded, whose notes record smoking status in the preceding 12 months.",Smoking: Record of smoking status (CVDP001SMOK),77.69,40-59,Age group,0,5500.0,To March 2026,79.61,78.67,
E54000029,NHS North East London Integrated Care Board,Persons,25755.0,,,CVDP001SMOK,"Patients with GP recorded CVD or CVD risk factors who are GP recorded current smokers or have no smoking status recorded, whose notes record smoking status in the preceding 12 months.",Smoking: Record of smoking status (CVDP001SMOK),75.96,40-59,Age group,0,19695.0,To March 2026,76.99,76.48,
E54000029,NHS North East London Integrated Care Board,Male,13375.0,,,CVDP001SMOK,"Patients with GP recorded CVD or CVD risk factors who are GP recorded current smokers or have no smoking status recorded, whose notes record smoking status in the preceding 12 months.",Smoking: Record of smoking status (CVDP001SMOK),81.83,60-79,Age group,0,11030.0,To March 2026,83.12,82.49,
E54000029,NHS North East London Integrated Care Board,Female,7460.0,,,CVDP001SMOK,"Patients with GP recorded CVD or CVD risk factors who are GP recorded current smokers or have no smoking status recorded, whose notes record smoking status in the preceding 12 months.",Smoking: Record of smoking status (CVDP001SMOK),81.15,60-79,Age group,0,6120.0,To March 2026,82.89,82.04,
E54000029,NHS North East London Integrated Care Board,Persons,20835.0,,,CVDP001SMOK,"Patients with GP recorded CVD or CVD risk factors who are GP recorded current smokers or have no smoking status recorded, whose notes record smoking status in the preceding 12 months.",Smoking: Record of smoking status (CVDP001SMOK),81.81,60-79,Age group,0,17155.0,To March 2026,82.84,82.33,
E54000029,NHS North East London Integrated Care Board,Male,1060.0,,,CVDP001SMOK,"Patients with GP recorded CVD or CVD risk factors who are GP recorded current smokers or have no smoking status recorded, whose notes record smoking status in the preceding 12 months.",Smoking: Record of smoking status (CVDP001SMOK),81.06,80+,Age group,0,880.0,To March 2026,85.49,83.36,
E54000029,NHS North East London Integrated Care Board,Female,995.0,,,CVDP001SMOK,"Patients with GP recorded CVD or CVD risk factors who are GP recorded current smokers or have no smoking status recorded, whose notes record smoking status in the preceding 12 months.",Smoking: Record of smoking status (CVDP001SMOK),78.18,80+,Age group,0,805.0,To March 2026,82.98,80.72,
E54000029,NHS North East London Integrated Care Board,Persons,2055.0,,,CVDP001SMOK,"Patients with GP recorded CVD or CVD risk factors who are GP recorded current smokers or have no smoking status recorded, whose notes record smoking status in the preceding 12 months.",Smoking: Record of smoking status (CVDP001SMOK),80.36,80+,Age group,0,1685.0,To March 2026,83.67,82.08,
E54000029,NHS North East London Integrated Care Board,Persons,16635.0,,,CVDP001SMOK,"Patients with GP recorded CVD or CVD risk factors who are GP recorded current smokers or have no smoking status recorded, whose notes record smoking status in the preceding 12 months.",Smoking: Record of smoking status (CVDP001SMOK),79.2,1 - most deprived,Deprivation quintile,0,13280.0,To March 2026,80.41,79.82,
E54000029,NHS North East London Integrated Care Board,Persons,23385.0,,,CVDP001SMOK,"Patients with GP recorded CVD or CVD risk factors who are GP recorded current smokers or have no smoking status recorded, whose notes record smoking status in the preceding 12 months.",Smoking: Record of smoking status (CVDP001SMOK),78.0,2,Deprivation quintile,0,18365.0,To March 2026,79.05,78.53,
E54000029,NHS North East London Integrated Care Board,Persons,8655.0,,,CVDP001SMOK,"Patients with GP recorded CVD or CVD risk factors who are GP recorded current smokers or have no smoking status recorded, whose notes record smoking status in the preceding 12 months.",Smoking: Record of smoking status (CVDP001SMOK),73.59,3,Deprivation quintile,0,6450.0,To March 2026,75.41,74.51,
E54000029,NHS North East London Integrated Care Board,Persons,3385.0,,,CVDP001SMOK,"Patients with GP recorded CVD or CVD risk factors who are GP recorded current smokers or have no smoking status recorded, whose notes record smoking status in the preceding 12 months.",Smoking: Record of smoking status (CVDP001SMOK),70.75,4,Deprivation quintile,0,2445.0,To March 2026,73.76,72.29,
E54000029,NHS North East London Integrated Care Board,Persons,1465.0,,,CVDP001SMOK,"Patients with GP recorded CVD or CVD risk factors who are GP recorded current smokers or have no smoking status recorded, whose notes record smoking status in the preceding 12 months.",Smoking: Record of smoking status (CVDP001SMOK),70.18,5 - least deprived,Deprivation quintile,0,1065.0,To March 2026,74.74,72.51,
E54000029,NHS North East London Integrated Care Board,Persons,15060.0,,,CVDP001SMOK,"Patients with GP recorded CVD or CVD risk factors who are GP recorded current smokers or have no smoking status recorded, whose notes record smoking status in the preceding 12 months.",Smoking: Record of smoking status (CVDP001SMOK),79.39,Asian,Ethnicity,0,12055.0,To March 2026,80.66,80.03,
E54000029,NHS North East London Integrated Care Board,Persons,6505.0,,,CVDP001SMOK,"Patients with GP recorded CVD or CVD risk factors who are GP recorded current smokers or have no smoking status recorded, whose notes record smoking status in the preceding 12 months.",Smoking: Record of smoking status (CVDP001SMOK),78.51,Black,Ethnicity,0,5170.0,To March 2026,80.46,79.5,
E54000029,NHS North East London Integrated Care Board,Persons,265.0,,,CVDP001SMOK,"Patients with GP recorded CVD or CVD risk factors who are GP recorded current smokers or have no smoking status recorded, whose notes record smoking status in the preceding 12 months.",Smoking: Record of smoking status (CVDP001SMOK),33.83,Missing,Ethnicity,0,105.0,To March 2026,45.35,39.47,
E54000029,NHS North East London Integrated Care Board,Persons,1170.0,,,CVDP001SMOK,"Patients with GP recorded CVD or CVD risk factors who are GP recorded current smokers or have no smoking status recorded, whose notes record smoking status in the preceding 12 months.",Smoking: Record of smoking status (CVDP001SMOK),74.0,Mixed,Ethnicity,0,895.0,To March 2026,78.77,76.5,
E54000029,NHS North East London Integrated Care Board,Persons,720.0,,,CVDP001SMOK,"Patients with GP recorded CVD or CVD risk factors who are GP recorded current smokers or have no smoking status recorded, whose notes record smoking status in the preceding 12 months.",Smoking: Record of smoking status (CVDP001SMOK),65.19,Not stated,Ethnicity,0,495.0,To March 2026,71.82,68.65,
E54000029,NHS North East London Integrated Care Board,Persons,2895.0,,,CVDP001SMOK,"Patients with GP recorded CVD or CVD risk factors who are GP recorded current smokers or have no smoking status recorded, whose notes record smoking status in the preceding 12 months.",Smoking: Record of smoking status (CVDP001SMOK),78.84,Other,Ethnicity,0,2325.0,To March 2026,81.71,80.3,
E54000029,NHS North East London Integrated Care Board,Persons,26820.0,,,CVDP001SMOK,"Patients with GP recorded CVD or CVD risk factors who are GP recorded current smokers or have no smoking status recorded, whose notes record smoking status in the preceding 12 months.",Smoking: Record of smoking status (CVDP001SMOK),76.2,White,Ethnicity,0,20575.0,To March 2026,77.21,76.71,
E54000029,NHS North East London Integrated Care Board,Persons,50450.0,,,CVDP001SMOK,"Patients with GP recorded CVD or CVD risk factors who are GP recorded current smokers or have no smoking status recorded, whose notes record smoking status in the preceding 12 months.",Smoking: Record of smoking status (CVDP001SMOK),76.74,People without SMI,Mental Health,0,38900.0,To March 2026,77.47,77.11,
E54000029,NHS North East London Integrated Care Board,Persons,2990.0,,,CVDP001SMOK,"Patients with GP recorded CVD or CVD risk factors who are GP recorded current smokers or have no smoking status recorded, whose notes record smoking status in the preceding 12 months.",Smoking: Record of smoking status (CVDP001SMOK),89.87,People with SMI,Mental Health,0,2720.0,To March 2026,91.91,90.93,
E54000029,NHS North East London Integrated Care Board,Persons,53170.0,,,CVDP001SMOK,"Patients with GP recorded CVD or CVD risk factors who are GP recorded current smokers or have no smoking status recorded, whose notes record smoking status in the preceding 12 months.",Smoking: Record of smoking status (CVDP001SMOK),77.45,People without a diagnosed learning disability,Learning Disability,0,41370.0,To March 2026,78.16,77.81,
E54000029,NHS North East London Integrated Care Board,Persons,270.0,,,CVDP001SMOK,"Patients with GP recorded CVD or CVD risk factors who are GP recorded current smokers or have no smoking status recorded, whose notes record smoking status in the preceding 12 months.",Smoking: Record of smoking status (CVDP001SMOK),88.93,People with a diagnosed learning disability,Learning Disability,0,250.0,To March 2026,95.2,92.54,
E54000027,NHS North West London Integrated Care Board,Persons,70275.0,,,CVDP001SMOK,"Patients with GP recorded CVD or CVD risk factors who are GP recorded current smokers or have no smoking status recorded, whose notes record smoking status in the preceding 12 months.",Smoking: Record of smoking status (CVDP001SMOK),77.14,Persons,Sex,0,54430.0,To March 2026,77.76,77.45,
E54000027,NHS North West London Integrated Care Board,Female,22900.0,,,CVDP001SMOK,"Patients with GP recorded CVD or CVD risk factors who are GP recorded current smokers or have no smoking status recorded, whose notes record smoking status in the preceding 12 months.",Smoking: Record of smoking status (CVDP001SMOK),78.67,Female,Sex,0,18140.0,To March 2026,79.72,79.2,
E54000027,NHS North West London Integrated Care Board,Male,47375.0,,,CVDP001SMOK,"Patients with GP recorded CVD or CVD risk factors who are GP recorded current smokers or have no smoking status recorded, whose notes record smoking status in the preceding 12 months.",Smoking: Record of smoking status (CVDP001SMOK),76.22,Male,Sex,0,36290.0,To March 2026,76.99,76.61,
E54000027,NHS North West London Integrated Care Board,Male,4715.0,,,CVDP001SMOK,"Patients with GP recorded CVD or CVD risk factors who are GP recorded current smokers or have no smoking status recorded, whose notes record smoking status in the preceding 12 months.",Smoking: Record of smoking status (CVDP001SMOK),63.02,18-39,Age group,0,3035.0,To March 2026,65.73,64.4,
E54000027,NHS North West London Integrated Care Board,Female,2210.0,,,CVDP001SMOK,"Patients with GP recorded CVD or CVD risk factors who are GP recorded current smokers or have no smoking status recorded, whose notes record smoking status in the preceding 12 months.",Smoking: Record of smoking status (CVDP001SMOK),65.94,18-39,Age group,0,1500.0,To March 2026,69.83,67.93,
E54000027,NHS North West London Integrated Care Board,Persons,6925.0,,,CVDP001SMOK,"Patients with GP recorded CVD or CVD risk factors who are GP recorded current smokers or have no smoking status recorded, whose notes record smoking status in the preceding 12 months.",Smoking: Record of smoking status (CVDP001SMOK),64.4,18-39,Age group,0,4540.0,To March 2026,66.64,65.53,
E54000027,NHS North West London Integrated Care Board,Male,23255.0,,,CVDP001SMOK,"Patients with GP recorded CVD or CVD risk factors who are GP recorded current smokers or have no smoking status recorded, whose notes record smoking status in the preceding 12 months.",Smoking: Record of smoking status (CVDP001SMOK),74.0,40-59,Age group,0,17340.0,To March 2026,75.12,74.56,
E54000027,NHS North West London Integrated Care Board,Female,9325.0,,,CVDP001SMOK,"Patients with GP recorded CVD or CVD risk factors who are GP recorded current smokers or have no smoking status recorded, whose notes record smoking status in the preceding 12 months.",Smoking: Record of smoking status (CVDP001SMOK),77.51,40-59,Age group,0,7305.0,To March 2026,79.17,78.35,
E54000027,NHS North West London Integrated Care Board,Persons,32575.0,,,CVDP001SMOK,"Patients with GP recorded CVD or CVD risk factors who are GP recorded current smokers or have no smoking status recorded, whose notes record smoking status in the preceding 12 months.",Smoking: Record of smoking status (CVDP001SMOK),75.18,40-59,Age group,0,24645.0,To March 2026,76.11,75.65,
E54000027,NHS North West London Integrated Care Board,Male,17895.0,,,CVDP001SMOK,"Patients with GP recorded CVD or CVD risk factors who are GP recorded current smokers or have no smoking status recorded, whose notes record smoking status in the preceding 12 months.",Smoking: Record of smoking status (CVDP001SMOK),81.51,60-79,Age group,0,14685.0,To March 2026,82.63,82.07,
E54000027,NHS North West London Integrated Care Board,Female,9985.0,,,CVDP001SMOK,"Patients with GP recorded CVD or CVD risk factors who are GP recorded current smokers or have no smoking status recorded, whose notes record smoking status in the preceding 12 months.",Smoking: Record of smoking status (CVDP001SMOK),81.84,60-79,Age group,0,8245.0,To March 2026,83.33,82.6,
E54000027,NHS North West London Integrated Care Board,Persons,27875.0,,,CVDP001SMOK,"Patients with GP recorded CVD or CVD risk factors who are GP recorded current smokers or have no smoking status recorded, whose notes record smoking status in the preceding 12 months.",Smoking: Record of smoking status (CVDP001SMOK),81.81,60-79,Age group,0,22930.0,To March 2026,82.7,82.26,
E54000027,NHS North West London Integrated Care Board,Male,1510.0,,,CVDP001SMOK,"Patients with GP recorded CVD or CVD risk factors who are GP recorded current smokers or have no smoking status recorded, whose notes record smoking status in the preceding 12 months.",Smoking: Record of smoking status (CVDP001SMOK),79.44,80+,Age group,0,1230.0,To March 2026,83.34,81.46,
E54000027,NHS North West London Integrated Care Board,Female,1385.0,,,CVDP001SMOK,"Patients with GP recorded CVD or CVD risk factors who are GP recorded current smokers or have no smoking status recorded, whose notes record smoking status in the preceding 12 months.",Smoking: Record of smoking status (CVDP001SMOK),76.19,80+,Age group,0,1085.0,To March 2026,80.52,78.45,
E54000027,NHS North West London Integrated Care Board,Persons,2895.0,,,CVDP001SMOK,"Patients with GP recorded CVD or CVD risk factors who are GP recorded current smokers or have no smoking status recorded, whose notes record smoking status in the preceding 12 months.",Smoking: Record of smoking status (CVDP001SMOK),78.52,80+,Age group,0,2315.0,To March 2026,81.42,80.02,
E54000027,NHS North West London Integrated Care Board,Persons,12945.0,,,CVDP001SMOK,"Patients with GP recorded CVD or CVD risk factors who are GP recorded current smokers or have no smoking status recorded, whose notes record smoking status in the preceding 12 months.",Smoking: Record of smoking status (CVDP001SMOK),79.19,1 - most deprived,Deprivation quintile,0,10340.0,To March 2026,80.57,79.89,
E54000027,NHS North West London Integrated Care Board,Persons,25030.0,,,CVDP001SMOK,"Patients with GP recorded CVD or CVD risk factors who are GP recorded current smokers or have no smoking status recorded, whose notes record smoking status in the preceding 12 months.",Smoking: Record of smoking status (CVDP001SMOK),78.13,2,Deprivation quintile,0,19685.0,To March 2026,79.14,78.64,
E54000027,NHS North West London Integrated Care Board,Persons,19095.0,,,CVDP001SMOK,"Patients with GP recorded CVD or CVD risk factors who are GP recorded current smokers or have no smoking status recorded, whose notes record smoking status in the preceding 12 months.",Smoking: Record of smoking status (CVDP001SMOK),75.49,3,Deprivation quintile,0,14530.0,To March 2026,76.7,76.09,
E54000027,NHS North West London Integrated Care Board,Persons,9075.0,,,CVDP001SMOK,"Patients with GP recorded CVD or CVD risk factors who are GP recorded current smokers or have no smoking status recorded, whose notes record smoking status in the preceding 12 months.",Smoking: Record of smoking status (CVDP001SMOK),74.72,4,Deprivation quintile,0,6865.0,To March 2026,76.48,75.62,
E54000027,NHS North West London Integrated Care Board,Persons,2805.0,,,CVDP001SMOK,"Patients with GP recorded CVD or CVD risk factors who are GP recorded current smokers or have no smoking status recorded, whose notes record smoking status in the preceding 12 months.",Smoking: Record of smoking status (CVDP001SMOK),72.14,5 - least deprived,Deprivation quintile,0,2070.0,To March 2026,75.38,73.79,
E54000027,NHS North West London Integrated Care Board,Persons,16810.0,,,CVDP001SMOK,"Patients with GP recorded CVD or CVD risk factors who are GP recorded current smokers or have no smoking status recorded, whose notes record smoking status in the preceding 12 months.",Smoking: Record of smoking status (CVDP001SMOK),77.81,Asian,Ethnicity,0,13185.0,To March 2026,79.05,78.43,
E54000027,NHS North West London Integrated Care Board,Persons,8845.0,,,CVDP001SMOK,"Patients with GP recorded CVD or CVD risk factors who are GP recorded current smokers or have no smoking status recorded, whose notes record smoking status in the preceding 12 months.",Smoking: Record of smoking status (CVDP001SMOK),78.37,Black,Ethnicity,0,7005.0,To March 2026,80.06,79.23,
E54000027,NHS North West London Integrated Care Board,Persons,1020.0,,,CVDP001SMOK,"Patients with GP recorded CVD or CVD risk factors who are GP recorded current smokers or have no smoking status recorded, whose notes record smoking status in the preceding 12 months.",Smoking: Record of smoking status (CVDP001SMOK),42.09,Missing,Ethnicity,0,460.0,To March 2026,48.14,45.15,
E54000027,NHS North West London Integrated Care Board,Persons,2500.0,,,CVDP001SMOK,"Patients with GP recorded CVD or CVD risk factors who are GP recorded current smokers or have no smoking status recorded, whose notes record smoking status in the preceding 12 months.",Smoking: Record of smoking status (CVDP001SMOK),76.67,Mixed,Ethnicity,0,1960.0,To March 2026,79.86,78.32,
E54000027,NHS North West London Integrated Care Board,Persons,2080.0,,,CVDP001SMOK,"Patients with GP recorded CVD or CVD risk factors who are GP recorded current smokers or have no smoking status recorded, whose notes record smoking status in the preceding 12 months.",Smoking: Record of smoking status (CVDP001SMOK),67.91,Not stated,Ethnicity,0,1455.0,To March 2026,71.85,69.93,
E54000027,NHS North West London Integrated Care Board,Persons,5735.0,,,CVDP001SMOK,"Patients with GP recorded CVD or CVD risk factors who are GP recorded current smokers or have no smoking status recorded, whose notes record smoking status in the preceding 12 months.",Smoking: Record of smoking status (CVDP001SMOK),78.12,Other,Ethnicity,0,4540.0,To March 2026,80.21,79.19,
E54000027,NHS North West London Integrated Care Board,Persons,33285.0,,,CVDP001SMOK,"Patients with GP recorded CVD or CVD risk factors who are GP recorded current smokers or have no smoking status recorded, whose notes record smoking status in the preceding 12 months.",Smoking: Record of smoking status (CVDP001SMOK),77.13,White,Ethnicity,0,25825.0,To March 2026,78.03,77.58,
E54000027,NHS North West London Integrated Care Board,Persons,65685.0,,,CVDP001SMOK,"Patients with GP recorded CVD or CVD risk factors who are GP recorded current smokers or have no smoking status recorded, whose notes record smoking status in the preceding 12 months.",Smoking: Record of smoking status (CVDP001SMOK),76.04,People without SMI,Mental Health,0,50160.0,To March 2026,76.68,76.36,
E54000027,NHS North West London Integrated Care Board,Persons,4585.0,,,CVDP001SMOK,"Patients with GP recorded CVD or CVD risk factors who are GP recorded current smokers or have no smoking status recorded, whose notes record smoking status in the preceding 12 months.",Smoking: Record of smoking status (CVDP001SMOK),92.31,People with SMI,Mental Health,0,4270.0,To March 2026,93.77,93.07,
E54000027,NHS North West London Integrated Care Board,Persons,69935.0,,,CVDP001SMOK,"Patients with GP recorded CVD or CVD risk factors who are GP recorded current smokers or have no smoking status recorded, whose notes record smoking status in the preceding 12 months.",Smoking: Record of smoking status (CVDP001SMOK),77.07,People without a diagnosed learning disability,Learning Disability,0,54120.0,To March 2026,77.69,77.38,
E54000027,NHS North West London Integrated Care Board,Persons,340.0,,,CVDP001SMOK,"Patients with GP recorded CVD or CVD risk factors who are GP recorded current smokers or have no smoking status recorded, whose notes record smoking status in the preceding 12 months.",Smoking: Record of smoking status (CVDP001SMOK),88.05,People with a diagnosed learning disability,Learning Disability,0,310.0,To March 2026,93.88,91.47,
E54000059,NHS Northamptonshire Integrated Care Board,Persons,22795.0,,,CVDP001SMOK,"Patients with GP recorded CVD or CVD risk factors who are GP recorded current smokers or have no smoking status recorded, whose notes record smoking status in the preceding 12 months.",Smoking: Record of smoking status (CVDP001SMOK),78.62,Persons,Sex,0,18045.0,To March 2026,79.67,79.15,
E54000059,NHS Northamptonshire Integrated Care Board,Female,9765.0,,,CVDP001SMOK,"Patients with GP recorded CVD or CVD risk factors who are GP recorded current smokers or have no smoking status recorded, whose notes record smoking status in the preceding 12 months.",Smoking: Record of smoking status (CVDP001SMOK),81.43,Female,Sex,0,8030.0,To March 2026,82.95,82.21,
E54000059,NHS Northamptonshire Integrated Care Board,Male,13030.0,,,CVDP001SMOK,"Patients with GP recorded CVD or CVD risk factors who are GP recorded current smokers or have no smoking status recorded, whose notes record smoking status in the preceding 12 months.",Smoking: Record of smoking status (CVDP001SMOK),76.13,Male,Sex,0,10015.0,To March 2026,77.57,76.86,
E54000059,NHS Northamptonshire Integrated Care Board,Male,935.0,,,CVDP001SMOK,"Patients with GP recorded CVD or CVD risk factors who are GP recorded current smokers or have no smoking status recorded, whose notes record smoking status in the preceding 12 months.",Smoking: Record of smoking status (CVDP001SMOK),59.47,18-39,Age group,0,585.0,To March 2026,65.64,62.65,
E54000059,NHS Northamptonshire Integrated Care Board,Female,695.0,,,CVDP001SMOK,"Patients with GP recorded CVD or CVD risk factors who are GP recorded current smokers or have no smoking status recorded, whose notes record smoking status in the preceding 12 months.",Smoking: Record of smoking status (CVDP001SMOK),74.32,18-39,Age group,0,540.0,To March 2026,80.49,77.52,
E54000059,NHS Northamptonshire Integrated Care Board,Persons,1630.0,,,CVDP001SMOK,"Patients with GP recorded CVD or CVD risk factors who are GP recorded current smokers or have no smoking status recorded, whose notes record smoking status in the preceding 12 months.",Smoking: Record of smoking status (CVDP001SMOK),66.71,18-39,Age group,0,1125.0,To March 2026,71.18,68.98,
E54000059,NHS Northamptonshire Integrated Care Board,Male,5615.0,,,CVDP001SMOK,"Patients with GP recorded CVD or CVD risk factors who are GP recorded current smokers or have no smoking status recorded, whose notes record smoking status in the preceding 12 months.",Smoking: Record of smoking status (CVDP001SMOK),73.02,40-59,Age group,0,4165.0,To March 2026,75.3,74.19,
E54000059,NHS Northamptonshire Integrated Care Board,Female,3770.0,,,CVDP001SMOK,"Patients with GP recorded CVD or CVD risk factors who are GP recorded current smokers or have no smoking status recorded, whose notes record smoking status in the preceding 12 months.",Smoking: Record of smoking status (CVDP001SMOK),81.05,40-59,Age group,0,3105.0,To March 2026,83.47,82.29,
E54000059,NHS Northamptonshire Integrated Care Board,Persons,9390.0,,,CVDP001SMOK,"Patients with GP recorded CVD or CVD risk factors who are GP recorded current smokers or have no smoking status recorded, whose notes record smoking status in the preceding 12 months.",Smoking: Record of smoking status (CVDP001SMOK),76.58,40-59,Age group,0,7270.0,To March 2026,78.27,77.44,
E54000059,NHS Northamptonshire Integrated Care Board,Male,5865.0,,,CVDP001SMOK,"Patients with GP recorded CVD or CVD risk factors who are GP recorded current smokers or have no smoking status recorded, whose notes record smoking status in the preceding 12 months.",Smoking: Record of smoking status (CVDP001SMOK),80.15,60-79,Age group,0,4760.0,To March 2026,82.15,81.17,
E54000059,NHS Northamptonshire Integrated Care Board,Female,4635.0,,,CVDP001SMOK,"Patients with GP recorded CVD or CVD risk factors who are GP recorded current smokers or have no smoking status recorded, whose notes record smoking status in the preceding 12 months.",Smoking: Record of smoking status (CVDP001SMOK),81.78,60-79,Age group,0,3840.0,To March 2026,83.93,82.89,
E54000059,NHS Northamptonshire Integrated Care Board,Persons,10500.0,,,CVDP001SMOK,"Patients with GP recorded CVD or CVD risk factors who are GP recorded current smokers or have no smoking status recorded, whose notes record smoking status in the preceding 12 months.",Smoking: Record of smoking status (CVDP001SMOK),81.18,60-79,Age group,0,8605.0,To March 2026,82.64,81.93,
E54000059,NHS Northamptonshire Integrated Care Board,Male,610.0,,,CVDP001SMOK,"Patients with GP recorded CVD or CVD risk factors who are GP recorded current smokers or have no smoking status recorded, whose notes record smoking status in the preceding 12 months.",Smoking: Record of smoking status (CVDP001SMOK),78.76,80+,Age group,0,500.0,To March 2026,84.8,81.94,
E54000059,NHS Northamptonshire Integrated Care Board,Female,670.0,,,CVDP001SMOK,"Patients with GP recorded CVD or CVD risk factors who are GP recorded current smokers or have no smoking status recorded, whose notes record smoking status in the preceding 12 months.",Smoking: Record of smoking status (CVDP001SMOK),78.84,80+,Age group,0,545.0,To March 2026,84.65,81.89,
E54000059,NHS Northamptonshire Integrated Care Board,Persons,1275.0,,,CVDP001SMOK,"Patients with GP recorded CVD or CVD risk factors who are GP recorded current smokers or have no smoking status recorded, whose notes record smoking status in the preceding 12 months.",Smoking: Record of smoking status (CVDP001SMOK),79.69,80+,Age group,0,1045.0,To March 2026,83.91,81.91,
E54000059,NHS Northamptonshire Integrated Care Board,Persons,5200.0,,,CVDP001SMOK,"Patients with GP recorded CVD or CVD risk factors who are GP recorded current smokers or have no smoking status recorded, whose notes record smoking status in the preceding 12 months.",Smoking: Record of smoking status (CVDP001SMOK),79.87,1 - most deprived,Deprivation quintile,0,4210.0,To March 2026,82.0,80.95,
E54000059,NHS Northamptonshire Integrated Care Board,Persons,5630.0,,,CVDP001SMOK,"Patients with GP recorded CVD or CVD risk factors who are GP recorded current smokers or have no smoking status recorded, whose notes record smoking status in the preceding 12 months.",Smoking: Record of smoking status (CVDP001SMOK),78.28,2,Deprivation quintile,0,4465.0,To March 2026,80.39,79.35,
E54000059,NHS Northamptonshire Integrated Care Board,Persons,4090.0,,,CVDP001SMOK,"Patients with GP recorded CVD or CVD risk factors who are GP recorded current smokers or have no smoking status recorded, whose notes record smoking status in the preceding 12 months.",Smoking: Record of smoking status (CVDP001SMOK),76.99,3,Deprivation quintile,0,3200.0,To March 2026,79.51,78.27,
E54000059,NHS Northamptonshire Integrated Care Board,Persons,4825.0,,,CVDP001SMOK,"Patients with GP recorded CVD or CVD risk factors who are GP recorded current smokers or have no smoking status recorded, whose notes record smoking status in the preceding 12 months.",Smoking: Record of smoking status (CVDP001SMOK),77.17,4,Deprivation quintile,0,3780.0,To March 2026,79.49,78.36,
E54000059,NHS Northamptonshire Integrated Care Board,Persons,3585.0,,,CVDP001SMOK,"Patients with GP recorded CVD or CVD risk factors who are GP recorded current smokers or have no smoking status recorded, whose notes record smoking status in the preceding 12 months.",Smoking: Record of smoking status (CVDP001SMOK),75.21,5 - least deprived,Deprivation quintile,0,2745.0,To March 2026,77.97,76.61,
E54000059,NHS Northamptonshire Integrated Care Board,Persons,790.0,,,CVDP001SMOK,"Patients with GP recorded CVD or CVD risk factors who are GP recorded current smokers or have no smoking status recorded, whose notes record smoking status in the preceding 12 months.",Smoking: Record of smoking status (CVDP001SMOK),71.93,Asian,Ethnicity,0,590.0,To March 2026,77.88,75.0,
E54000059,NHS Northamptonshire Integrated Care Board,Persons,585.0,,,CVDP001SMOK,"Patients with GP recorded CVD or CVD risk factors who are GP recorded current smokers or have no smoking status recorded, whose notes record smoking status in the preceding 12 months.",Smoking: Record of smoking status (CVDP001SMOK),67.8,Black,Ethnicity,0,420.0,To March 2026,74.96,71.58,
E54000059,NHS Northamptonshire Integrated Care Board,Persons,605.0,,,CVDP001SMOK,"Patients with GP recorded CVD or CVD risk factors who are GP recorded current smokers or have no smoking status recorded, whose notes record smoking status in the preceding 12 months.",Smoking: Record of smoking status (CVDP001SMOK),57.59,Missing,Ethnicity,0,370.0,To March 2026,65.18,61.53,
E54000059,NHS Northamptonshire Integrated Care Board,Persons,270.0,,,CVDP001SMOK,"Patients with GP recorded CVD or CVD risk factors who are GP recorded current smokers or have no smoking status recorded, whose notes record smoking status in the preceding 12 months.",Smoking: Record of smoking status (CVDP001SMOK),70.44,Mixed,Ethnicity,0,205.0,To March 2026,80.29,75.65,
E54000059,NHS Northamptonshire Integrated Care Board,Persons,915.0,,,CVDP001SMOK,"Patients with GP recorded CVD or CVD risk factors who are GP recorded current smokers or have no smoking status recorded, whose notes record smoking status in the preceding 12 months.",Smoking: Record of smoking status (CVDP001SMOK),65.87,Not stated,Ethnicity,0,630.0,To March 2026,71.76,68.93,
E54000059,NHS Northamptonshire Integrated Care Board,Persons,180.0,,,CVDP001SMOK,"Patients with GP recorded CVD or CVD risk factors who are GP recorded current smokers or have no smoking status recorded, whose notes record smoking status in the preceding 12 months.",Smoking: Record of smoking status (CVDP001SMOK),62.84,Other,Ethnicity,0,125.0,To March 2026,75.96,70.0,
E54000059,NHS Northamptonshire Integrated Care Board,Persons,19455.0,,,CVDP001SMOK,"Patients with GP recorded CVD or CVD risk factors who are GP recorded current smokers or have no smoking status recorded, whose notes record smoking status in the preceding 12 months.",Smoking: Record of smoking status (CVDP001SMOK),80.15,White,Ethnicity,0,15705.0,To March 2026,81.25,80.71,
E54000059,NHS Northamptonshire Integrated Care Board,Persons,21975.0,,,CVDP001SMOK,"Patients with GP recorded CVD or CVD risk factors who are GP recorded current smokers or have no smoking status recorded, whose notes record smoking status in the preceding 12 months.",Smoking: Record of smoking status (CVDP001SMOK),78.09,People without SMI,Mental Health,0,17280.0,To March 2026,79.17,78.63,
E54000059,NHS Northamptonshire Integrated Care Board,Persons,820.0,,,CVDP001SMOK,"Patients with GP recorded CVD or CVD risk factors who are GP recorded current smokers or have no smoking status recorded, whose notes record smoking status in the preceding 12 months.",Smoking: Record of smoking status (CVDP001SMOK),91.03,People with SMI,Mental Health,0,765.0,To March 2026,94.55,92.94,
E54000059,NHS Northamptonshire Integrated Care Board,Persons,22680.0,,,CVDP001SMOK,"Patients with GP recorded CVD or CVD risk factors who are GP recorded current smokers or have no smoking status recorded, whose notes record smoking status in the preceding 12 months.",Smoking: Record of smoking status (CVDP001SMOK),78.53,People without a diagnosed learning disability,Learning Disability,0,17930.0,To March 2026,79.59,79.07,
E54000059,NHS Northamptonshire Integrated Care Board,Persons,115.0,,,CVDP001SMOK,"Patients with GP recorded CVD or CVD risk factors who are GP recorded current smokers or have no smoking status recorded, whose notes record smoking status in the preceding 12 months.",Smoking: Record of smoking status (CVDP001SMOK),90.83,People with a diagnosed learning disability,Learning Disability,0,110.0,To March 2026,98.33,95.73,
E54000060,NHS Nottingham and Nottinghamshire Integrated Care Board,Persons,32290.0,,,CVDP001SMOK,"Patients with GP recorded CVD or CVD risk factors who are GP recorded current smokers or have no smoking status recorded, whose notes record smoking status in the preceding 12 months.",Smoking: Record of smoking status (CVDP001SMOK),79.17,Persons,Sex,0,25705.0,To March 2026,80.04,79.61,
E54000060,NHS Nottingham and Nottinghamshire Integrated Care Board,Female,13735.0,,,CVDP001SMOK,"Patients with GP recorded CVD or CVD risk factors who are GP recorded current smokers or have no smoking status recorded, whose notes record smoking status in the preceding 12 months.",Smoking: Record of smoking status (CVDP001SMOK),81.26,Female,Sex,0,11250.0,To March 2026,82.54,81.91,
E54000060,NHS Nottingham and Nottinghamshire Integrated Care Board,Male,18555.0,,,CVDP001SMOK,"Patients with GP recorded CVD or CVD risk factors who are GP recorded current smokers or have no smoking status recorded, whose notes record smoking status in the preceding 12 months.",Smoking: Record of smoking status (CVDP001SMOK),77.3,Male,Sex,0,14455.0,To March 2026,78.49,77.9,
E54000060,NHS Nottingham and Nottinghamshire Integrated Care Board,Male,1225.0,,,CVDP001SMOK,"Patients with GP recorded CVD or CVD risk factors who are GP recorded current smokers or have no smoking status recorded, whose notes record smoking status in the preceding 12 months.",Smoking: Record of smoking status (CVDP001SMOK),58.58,18-39,Age group,0,750.0,To March 2026,63.95,61.34,
E54000060,NHS Nottingham and Nottinghamshire Integrated Care Board,Female,855.0,,,CVDP001SMOK,"Patients with GP recorded CVD or CVD risk factors who are GP recorded current smokers or have no smoking status recorded, whose notes record smoking status in the preceding 12 months.",Smoking: Record of smoking status (CVDP001SMOK),71.3,18-39,Age group,0,635.0,To March 2026,77.13,74.36,
E54000060,NHS Nottingham and Nottinghamshire Integrated Care Board,Persons,2080.0,,,CVDP001SMOK,"Patients with GP recorded CVD or CVD risk factors who are GP recorded current smokers or have no smoking status recorded, whose notes record smoking status in the preceding 12 months.",Smoking: Record of smoking status (CVDP001SMOK),64.62,18-39,Age group,0,1385.0,To March 2026,68.65,66.68,
E54000060,NHS Nottingham and Nottinghamshire Integrated Care Board,Male,7325.0,,,CVDP001SMOK,"Patients with GP recorded CVD or CVD risk factors who are GP recorded current smokers or have no smoking status recorded, whose notes record smoking status in the preceding 12 months.",Smoking: Record of smoking status (CVDP001SMOK),72.42,40-59,Age group,0,5380.0,To March 2026,74.44,73.45,
E54000060,NHS Nottingham and Nottinghamshire Integrated Care Board,Female,4740.0,,,CVDP001SMOK,"Patients with GP recorded CVD or CVD risk factors who are GP recorded current smokers or have no smoking status recorded, whose notes record smoking status in the preceding 12 months.",Smoking: Record of smoking status (CVDP001SMOK),78.21,40-59,Age group,0,3765.0,To March 2026,80.51,79.38,
E54000060,NHS Nottingham and Nottinghamshire Integrated Care Board,Persons,12070.0,,,CVDP001SMOK,"Patients with GP recorded CVD or CVD risk factors who are GP recorded current smokers or have no smoking status recorded, whose notes record smoking status in the preceding 12 months.",Smoking: Record of smoking status (CVDP001SMOK),75.01,40-59,Age group,0,9145.0,To March 2026,76.53,75.78,
E54000060,NHS Nottingham and Nottinghamshire Integrated Care Board,Male,9010.0,,,CVDP001SMOK,"Patients with GP recorded CVD or CVD risk factors who are GP recorded current smokers or have no smoking status recorded, whose notes record smoking status in the preceding 12 months.",Smoking: Record of smoking status (CVDP001SMOK),81.97,60-79,Age group,0,7455.0,To March 2026,83.52,82.76,
E54000060,NHS Nottingham and Nottinghamshire Integrated Care Board,Female,7000.0,,,CVDP001SMOK,"Patients with GP recorded CVD or CVD risk factors who are GP recorded current smokers or have no smoking status recorded, whose notes record smoking status in the preceding 12 months.",Smoking: Record of smoking status (CVDP001SMOK),82.81,60-79,Age group,0,5860.0,To March 2026,84.54,83.69,
E54000060,NHS Nottingham and Nottinghamshire Integrated Care Board,Persons,16010.0,,,CVDP001SMOK,"Patients with GP recorded CVD or CVD risk factors who are GP recorded current smokers or have no smoking status recorded, whose notes record smoking status in the preceding 12 months.",Smoking: Record of smoking status (CVDP001SMOK),82.58,60-79,Age group,0,13315.0,To March 2026,83.74,83.17,
E54000060,NHS Nottingham and Nottinghamshire Integrated Care Board,Male,990.0,,,CVDP001SMOK,"Patients with GP recorded CVD or CVD risk factors who are GP recorded current smokers or have no smoking status recorded, whose notes record smoking status in the preceding 12 months.",Smoking: Record of smoking status (CVDP001SMOK),84.92,80+,Age group,0,865.0,To March 2026,89.05,87.1,
E54000060,NHS Nottingham and Nottinghamshire Integrated Care Board,Female,1140.0,,,CVDP001SMOK,"Patients with GP recorded CVD or CVD risk factors who are GP recorded current smokers or have no smoking status recorded, whose notes record smoking status in the preceding 12 months.",Smoking: Record of smoking status (CVDP001SMOK),85.19,80+,Age group,0,995.0,To March 2026,89.04,87.26,
E54000060,NHS Nottingham and Nottinghamshire Integrated Care Board,Persons,2130.0,,,CVDP001SMOK,"Patients with GP recorded CVD or CVD risk factors who are GP recorded current smokers or have no smoking status recorded, whose notes record smoking status in the preceding 12 months.",Smoking: Record of smoking status (CVDP001SMOK),85.7,80+,Age group,0,1855.0,To March 2026,88.51,87.18,
E54000060,NHS Nottingham and Nottinghamshire Integrated Care Board,Persons,13330.0,,,CVDP001SMOK,"Patients with GP recorded CVD or CVD risk factors who are GP recorded current smokers or have no smoking status recorded, whose notes record smoking status in the preceding 12 months.",Smoking: Record of smoking status (CVDP001SMOK),79.1,1 - most deprived,Deprivation quintile,0,10635.0,To March 2026,80.46,79.79,
E54000060,NHS Nottingham and Nottinghamshire Integrated Care Board,Persons,6970.0,,,CVDP001SMOK,"Patients with GP recorded CVD or CVD risk factors who are GP recorded current smokers or have no smoking status recorded, whose notes record smoking status in the preceding 12 months.",Smoking: Record of smoking status (CVDP001SMOK),79.21,2,Deprivation quintile,0,5590.0,To March 2026,81.08,80.16,
E54000060,NHS Nottingham and Nottinghamshire Integrated Care Board,Persons,5500.0,,,CVDP001SMOK,"Patients with GP recorded CVD or CVD risk factors who are GP recorded current smokers or have no smoking status recorded, whose notes record smoking status in the preceding 12 months.",Smoking: Record of smoking status (CVDP001SMOK),79.11,3,Deprivation quintile,0,4410.0,To March 2026,81.2,80.17,
E54000060,NHS Nottingham and Nottinghamshire Integrated Care Board,Persons,3590.0,,,CVDP001SMOK,"Patients with GP recorded CVD or CVD risk factors who are GP recorded current smokers or have no smoking status recorded, whose notes record smoking status in the preceding 12 months.",Smoking: Record of smoking status (CVDP001SMOK),77.23,4,Deprivation quintile,0,2820.0,To March 2026,79.91,78.61,
E54000060,NHS Nottingham and Nottinghamshire Integrated Care Board,Persons,2975.0,,,CVDP001SMOK,"Patients with GP recorded CVD or CVD risk factors who are GP recorded current smokers or have no smoking status recorded, whose notes record smoking status in the preceding 12 months.",Smoking: Record of smoking status (CVDP001SMOK),76.39,5 - least deprived,Deprivation quintile,0,2315.0,To March 2026,79.34,77.91,
E54000060,NHS Nottingham and Nottinghamshire Integrated Care Board,Persons,1320.0,,,CVDP001SMOK,"Patients with GP recorded CVD or CVD risk factors who are GP recorded current smokers or have no smoking status recorded, whose notes record smoking status in the preceding 12 months.",Smoking: Record of smoking status (CVDP001SMOK),73.22,Asian,Ethnicity,0,995.0,To March 2026,77.84,75.59,
E54000060,NHS Nottingham and Nottinghamshire Integrated Care Board,Persons,845.0,,,CVDP001SMOK,"Patients with GP recorded CVD or CVD risk factors who are GP recorded current smokers or have no smoking status recorded, whose notes record smoking status in the preceding 12 months.",Smoking: Record of smoking status (CVDP001SMOK),68.82,Black,Ethnicity,0,610.0,To March 2026,74.82,71.9,
E54000060,NHS Nottingham and Nottinghamshire Integrated Care Board,Persons,665.0,,,CVDP001SMOK,"Patients with GP recorded CVD or CVD risk factors who are GP recorded current smokers or have no smoking status recorded, whose notes record smoking status in the preceding 12 months.",Smoking: Record of smoking status (CVDP001SMOK),49.18,Missing,Ethnicity,0,355.0,To March 2026,56.65,53.0,
E54000060,NHS Nottingham and Nottinghamshire Integrated Care Board,Persons,470.0,,,CVDP001SMOK,"Patients with GP recorded CVD or CVD risk factors who are GP recorded current smokers or have no smoking status recorded, whose notes record smoking status in the preceding 12 months.",Smoking: Record of smoking status (CVDP001SMOK),69.64,Mixed,Ethnicity,0,345.0,To March 2026,77.49,73.72,
E54000060,NHS Nottingham and Nottinghamshire Integrated Care Board,Persons,335.0,,,CVDP001SMOK,"Patients with GP recorded CVD or CVD risk factors who are GP recorded current smokers or have no smoking status recorded, whose notes record smoking status in the preceding 12 months.",Smoking: Record of smoking status (CVDP001SMOK),62.54,Not stated,Ethnicity,0,225.0,To March 2026,72.27,67.56,
E54000060,NHS Nottingham and Nottinghamshire Integrated Care Board,Persons,410.0,,,CVDP001SMOK,"Patients with GP recorded CVD or CVD risk factors who are GP recorded current smokers or have no smoking status recorded, whose notes record smoking status in the preceding 12 months.",Smoking: Record of smoking status (CVDP001SMOK),66.91,Other,Ethnicity,0,295.0,To March 2026,75.6,71.53,
E54000060,NHS Nottingham and Nottinghamshire Integrated Care Board,Persons,28240.0,,,CVDP001SMOK,"Patients with GP recorded CVD or CVD risk factors who are GP recorded current smokers or have no smoking status recorded, whose notes record smoking status in the preceding 12 months.",Smoking: Record of smoking status (CVDP001SMOK),80.55,White,Ethnicity,0,22880.0,To March 2026,81.47,81.01,
E54000060,NHS Nottingham and Nottinghamshire Integrated Care Board,Persons,31135.0,,,CVDP001SMOK,"Patients with GP recorded CVD or CVD risk factors who are GP recorded current smokers or have no smoking status recorded, whose notes record smoking status in the preceding 12 months.",Smoking: Record of smoking status (CVDP001SMOK),78.75,People without SMI,Mental Health,0,24660.0,To March 2026,79.65,79.2,
E54000060,NHS Nottingham and Nottinghamshire Integrated Care Board,Persons,1150.0,,,CVDP001SMOK,"Patients with GP recorded CVD or CVD risk factors who are GP recorded current smokers or have no smoking status recorded, whose notes record smoking status in the preceding 12 months.",Smoking: Record of smoking status (CVDP001SMOK),88.83,People with SMI,Mental Health,0,1045.0,To March 2026,92.12,90.63,
E54000060,NHS Nottingham and Nottinghamshire Integrated Care Board,Persons,32065.0,,,CVDP001SMOK,"Patients with GP recorded CVD or CVD risk factors who are GP recorded current smokers or have no smoking status recorded, whose notes record smoking status in the preceding 12 months.",Smoking: Record of smoking status (CVDP001SMOK),79.11,People without a diagnosed learning disability,Learning Disability,0,25510.0,To March 2026,79.99,79.55,
E54000060,NHS Nottingham and Nottinghamshire Integrated Care Board,Persons,220.0,,,CVDP001SMOK,"Patients with GP recorded CVD or CVD risk factors who are GP recorded current smokers or have no smoking status recorded, whose notes record smoking status in the preceding 12 months.",Smoking: Record of smoking status (CVDP001SMOK),83.11,People with a diagnosed learning disability,Learning Disability,0,195.0,To March 2026,91.56,87.84,
E54000011,"NHS Shropshire, Telford and Wrekin Integrated Care Board",Persons,14300.0,,,CVDP001SMOK,"Patients with GP recorded CVD or CVD risk factors who are GP recorded current smokers or have no smoking status recorded, whose notes record smoking status in the preceding 12 months.",Smoking: Record of smoking status (CVDP001SMOK),73.42,Persons,Sex,0,10605.0,To March 2026,74.85,74.14,
E54000011,"NHS Shropshire, Telford and Wrekin Integrated Care Board",Female,6285.0,,,CVDP001SMOK,"Patients with GP recorded CVD or CVD risk factors who are GP recorded current smokers or have no smoking status recorded, whose notes record smoking status in the preceding 12 months.",Smoking: Record of smoking status (CVDP001SMOK),75.68,Female,Sex,0,4825.0,To March 2026,77.77,76.74,
E54000011,"NHS Shropshire, Telford and Wrekin Integrated Care Board",Male,8015.0,,,CVDP001SMOK,"Patients with GP recorded CVD or CVD risk factors who are GP recorded current smokers or have no smoking status recorded, whose notes record smoking status in the preceding 12 months.",Smoking: Record of smoking status (CVDP001SMOK),71.12,Male,Sex,0,5780.0,To March 2026,73.08,72.11,
E54000011,"NHS Shropshire, Telford and Wrekin Integrated Care Board",Male,470.0,,,CVDP001SMOK,"Patients with GP recorded CVD or CVD risk factors who are GP recorded current smokers or have no smoking status recorded, whose notes record smoking status in the preceding 12 months.",Smoking: Record of smoking status (CVDP001SMOK),51.69,18-39,Age group,0,265.0,To March 2026,60.59,56.29,
E54000011,"NHS Shropshire, Telford and Wrekin Integrated Care Board",Female,350.0,,,CVDP001SMOK,"Patients with GP recorded CVD or CVD risk factors who are GP recorded current smokers or have no smoking status recorded, whose notes record smoking status in the preceding 12 months.",Smoking: Record of smoking status (CVDP001SMOK),61.65,18-39,Age group,0,235.0,To March 2026,71.31,66.76,
E54000011,"NHS Shropshire, Telford and Wrekin Integrated Care Board",Persons,820.0,,,CVDP001SMOK,"Patients with GP recorded CVD or CVD risk factors who are GP recorded current smokers or have no smoking status recorded, whose notes record smoking status in the preceding 12 months.",Smoking: Record of smoking status (CVDP001SMOK),57.37,18-39,Age group,0,495.0,To March 2026,63.95,60.76,
E54000011,"NHS Shropshire, Telford and Wrekin Integrated Care Board",Male,3045.0,,,CVDP001SMOK,"Patients with GP recorded CVD or CVD risk factors who are GP recorded current smokers or have no smoking status recorded, whose notes record smoking status in the preceding 12 months.",Smoking: Record of smoking status (CVDP001SMOK),66.1,40-59,Age group,0,2065.0,To March 2026,69.41,67.77,
E54000011,"NHS Shropshire, Telford and Wrekin Integrated Care Board",Female,2200.0,,,CVDP001SMOK,"Patients with GP recorded CVD or CVD risk factors who are GP recorded current smokers or have no smoking status recorded, whose notes record smoking status in the preceding 12 months.",Smoking: Record of smoking status (CVDP001SMOK),74.07,40-59,Age group,0,1670.0,To March 2026,77.61,75.9,
E54000011,"NHS Shropshire, Telford and Wrekin Integrated Care Board",Persons,5245.0,,,CVDP001SMOK,"Patients with GP recorded CVD or CVD risk factors who are GP recorded current smokers or have no smoking status recorded, whose notes record smoking status in the preceding 12 months.",Smoking: Record of smoking status (CVDP001SMOK),69.94,40-59,Age group,0,3730.0,To March 2026,72.38,71.18,
E54000011,"NHS Shropshire, Telford and Wrekin Integrated Care Board",Male,3990.0,,,CVDP001SMOK,"Patients with GP recorded CVD or CVD risk factors who are GP recorded current smokers or have no smoking status recorded, whose notes record smoking status in the preceding 12 months.",Smoking: Record of smoking status (CVDP001SMOK),75.04,60-79,Age group,0,3050.0,To March 2026,77.67,76.38,
E54000011,"NHS Shropshire, Telford and Wrekin Integrated Care Board",Female,3250.0,,,CVDP001SMOK,"Patients with GP recorded CVD or CVD risk factors who are GP recorded current smokers or have no smoking status recorded, whose notes record smoking status in the preceding 12 months.",Smoking: Record of smoking status (CVDP001SMOK),77.24,60-79,Age group,0,2555.0,To March 2026,80.04,78.67,
E54000011,"NHS Shropshire, Telford and Wrekin Integrated Care Board",Persons,7240.0,,,CVDP001SMOK,"Patients with GP recorded CVD or CVD risk factors who are GP recorded current smokers or have no smoking status recorded, whose notes record smoking status in the preceding 12 months.",Smoking: Record of smoking status (CVDP001SMOK),76.44,60-79,Age group,0,5605.0,To March 2026,78.35,77.41,
E54000011,"NHS Shropshire, Telford and Wrekin Integrated Care Board",Male,510.0,,,CVDP001SMOK,"Patients with GP recorded CVD or CVD risk factors who are GP recorded current smokers or have no smoking status recorded, whose notes record smoking status in the preceding 12 months.",Smoking: Record of smoking status (CVDP001SMOK),75.34,80+,Age group,0,405.0,To March 2026,82.33,79.1,
E54000011,"NHS Shropshire, Telford and Wrekin Integrated Care Board",Female,490.0,,,CVDP001SMOK,"Patients with GP recorded CVD or CVD risk factors who are GP recorded current smokers or have no smoking status recorded, whose notes record smoking status in the preceding 12 months.",Smoking: Record of smoking status (CVDP001SMOK),70.88,80+,Age group,0,365.0,To March 2026,78.41,74.8,
E54000011,"NHS Shropshire, Telford and Wrekin Integrated Care Board",Persons,1000.0,,,CVDP001SMOK,"Patients with GP recorded CVD or CVD risk factors who are GP recorded current smokers or have no smoking status recorded, whose notes record smoking status in the preceding 12 months.",Smoking: Record of smoking status (CVDP001SMOK),74.28,80+,Age group,0,770.0,To March 2026,79.46,77.0,
E54000011,"NHS Shropshire, Telford and Wrekin Integrated Care Board",Persons,2965.0,,,CVDP001SMOK,"Patients with GP recorded CVD or CVD risk factors who are GP recorded current smokers or have no smoking status recorded, whose notes record smoking status in the preceding 12 months.",Smoking: Record of smoking status (CVDP001SMOK),72.02,1 - most deprived,Deprivation quintile,0,2180.0,To March 2026,75.19,73.64,
E54000011,"NHS Shropshire, Telford and Wrekin Integrated Care Board",Persons,3880.0,,,CVDP001SMOK,"Patients with GP recorded CVD or CVD risk factors who are GP recorded current smokers or have no smoking status recorded, whose notes record smoking status in the preceding 12 months.",Smoking: Record of smoking status (CVDP001SMOK),71.51,2,Deprivation quintile,0,2830.0,To March 2026,74.29,72.93,
E54000011,"NHS Shropshire, Telford and Wrekin Integrated Care Board",Persons,3705.0,,,CVDP001SMOK,"Patients with GP recorded CVD or CVD risk factors who are GP recorded current smokers or have no smoking status recorded, whose notes record smoking status in the preceding 12 months.",Smoking: Record of smoking status (CVDP001SMOK),73.83,3,Deprivation quintile,0,2785.0,To March 2026,76.61,75.24,
E54000011,"NHS Shropshire, Telford and Wrekin Integrated Care Board",Persons,2660.0,,,CVDP001SMOK,"Patients with GP recorded CVD or CVD risk factors who are GP recorded current smokers or have no smoking status recorded, whose notes record smoking status in the preceding 12 months.",Smoking: Record of smoking status (CVDP001SMOK),72.83,4,Deprivation quintile,0,1980.0,To March 2026,76.14,74.53,
E54000011,"NHS Shropshire, Telford and Wrekin Integrated Care Board",Persons,1115.0,,,CVDP001SMOK,"Patients with GP recorded CVD or CVD risk factors who are GP recorded current smokers or have no smoking status recorded, whose notes record smoking status in the preceding 12 months.",Smoking: Record of smoking status (CVDP001SMOK),72.23,5 - least deprived,Deprivation quintile,0,835.0,To March 2026,77.23,74.84,
E54000011,"NHS Shropshire, Telford and Wrekin Integrated Care Board",Persons,315.0,,,CVDP001SMOK,"Patients with GP recorded CVD or CVD risk factors who are GP recorded current smokers or have no smoking status recorded, whose notes record smoking status in the preceding 12 months.",Smoking: Record of smoking status (CVDP001SMOK),57.19,Asian,Ethnicity,0,200.0,To March 2026,67.5,62.46,
E54000011,"NHS Shropshire, Telford and Wrekin Integrated Care Board",Persons,125.0,,,CVDP001SMOK,"Patients with GP recorded CVD or CVD risk factors who are GP recorded current smokers or have no smoking status recorded, whose notes record smoking status in the preceding 12 months.",Smoking: Record of smoking status (CVDP001SMOK),49.23,Black,Ethnicity,0,75.0,To March 2026,66.15,58.27,
E54000011,"NHS Shropshire, Telford and Wrekin Integrated Care Board",Persons,350.0,,,CVDP001SMOK,"Patients with GP recorded CVD or CVD risk factors who are GP recorded current smokers or have no smoking status recorded, whose notes record smoking status in the preceding 12 months.",Smoking: Record of smoking status (CVDP001SMOK),45.76,Missing,Ethnicity,0,180.0,To March 2026,55.93,51.0,
E54000011,"NHS Shropshire, Telford and Wrekin Integrated Care Board",Persons,110.0,,,CVDP001SMOK,"Patients with GP recorded CVD or CVD risk factors who are GP recorded current smokers or have no smoking status recorded, whose notes record smoking status in the preceding 12 months.",Smoking: Record of smoking status (CVDP001SMOK),60.53,Mixed,Ethnicity,0,75.0,To March 2026,77.19,69.37,
E54000011,"NHS Shropshire, Telford and Wrekin Integrated Care Board",Persons,320.0,,,CVDP001SMOK,"Patients with GP recorded CVD or CVD risk factors who are GP recorded current smokers or have no smoking status recorded, whose notes record smoking status in the preceding 12 months.",Smoking: Record of smoking status (CVDP001SMOK),55.76,Not stated,Ethnicity,0,195.0,To March 2026,66.36,61.32,
E54000011,"NHS Shropshire, Telford and Wrekin Integrated Care Board",Persons,60.0,,,CVDP001SMOK,"Patients with GP recorded CVD or CVD risk factors who are GP recorded current smokers or have no smoking status recorded, whose notes record smoking status in the preceding 12 months.",Smoking: Record of smoking status (CVDP001SMOK),53.97,Other,Ethnicity,0,40.0,To March 2026,76.19,66.67,
E54000011,"NHS Shropshire, Telford and Wrekin Integrated Care Board",Persons,13020.0,,,CVDP001SMOK,"Patients with GP recorded CVD or CVD risk factors who are GP recorded current smokers or have no smoking status recorded, whose notes record smoking status in the preceding 12 months.",Smoking: Record of smoking status (CVDP001SMOK),74.85,White,Ethnicity,0,9840.0,To March 2026,76.32,75.6,
E54000011,"NHS Shropshire, Telford and Wrekin Integrated Care Board",Persons,13780.0,,,CVDP001SMOK,"Patients with GP recorded CVD or CVD risk factors who are GP recorded current smokers or have no smoking status recorded, whose notes record smoking status in the preceding 12 months.",Smoking: Record of smoking status (CVDP001SMOK),72.84,People without SMI,Mental Health,0,10140.0,To March 2026,74.31,73.58,
E54000011,"NHS Shropshire, Telford and Wrekin Integrated Care Board",Persons,525.0,,,CVDP001SMOK,"Patients with GP recorded CVD or CVD risk factors who are GP recorded current smokers or have no smoking status recorded, whose notes record smoking status in the preceding 12 months.",Smoking: Record of smoking status (CVDP001SMOK),85.93,People with SMI,Mental Health,0,465.0,To March 2026,91.25,88.91,
E54000011,"NHS Shropshire, Telford and Wrekin Integrated Care Board",Persons,14250.0,,,CVDP001SMOK,"Patients with GP recorded CVD or CVD risk factors who are GP recorded current smokers or have no smoking status recorded, whose notes record smoking status in the preceding 12 months.",Smoking: Record of smoking status (CVDP001SMOK),73.38,People without a diagnosed learning disability,Learning Disability,0,10560.0,To March 2026,74.82,74.11,
E54000011,"NHS Shropshire, Telford and Wrekin Integrated Care Board",Persons,55.0,,,CVDP001SMOK,"Patients with GP recorded CVD or CVD risk factors who are GP recorded current smokers or have no smoking status recorded, whose notes record smoking status in the preceding 12 months.",Smoking: Record of smoking status (CVDP001SMOK),71.93,People with a diagnosed learning disability,Learning Disability,0,45.0,To March 2026,91.23,83.33,
E54000038,NHS Somerset Integrated Care Board,Persons,16875.0,,,CVDP001SMOK,"Patients with GP recorded CVD or CVD risk factors who are GP recorded current smokers or have no smoking status recorded, whose notes record smoking status in the preceding 12 months.",Smoking: Record of smoking status (CVDP001SMOK),72.66,Persons,Sex,0,12375.0,To March 2026,74.0,73.33,
E54000038,NHS Somerset Integrated Care Board,Female,7180.0,,,CVDP001SMOK,"Patients with GP recorded CVD or CVD risk factors who are GP recorded current smokers or have no smoking status recorded, whose notes record smoking status in the preceding 12 months.",Smoking: Record of smoking status (CVDP001SMOK),74.39,Female,Sex,0,5415.0,To March 2026,76.38,75.4,
E54000038,NHS Somerset Integrated Care Board,Male,9695.0,,,CVDP001SMOK,"Patients with GP recorded CVD or CVD risk factors who are GP recorded current smokers or have no smoking status recorded, whose notes record smoking status in the preceding 12 months.",Smoking: Record of smoking status (CVDP001SMOK),70.91,Male,Sex,0,6960.0,To March 2026,72.69,71.81,
E54000038,NHS Somerset Integrated Care Board,Male,540.0,,,CVDP001SMOK,"Patients with GP recorded CVD or CVD risk factors who are GP recorded current smokers or have no smoking status recorded, whose notes record smoking status in the preceding 12 months.",Smoking: Record of smoking status (CVDP001SMOK),44.4,18-39,Age group,0,265.0,To March 2026,52.66,48.52,
E54000038,NHS Somerset Integrated Care Board,Female,430.0,,,CVDP001SMOK,"Patients with GP recorded CVD or CVD risk factors who are GP recorded current smokers or have no smoking status recorded, whose notes record smoking status in the preceding 12 months.",Smoking: Record of smoking status (CVDP001SMOK),55.32,18-39,Age group,0,255.0,To March 2026,64.35,59.91,
E54000038,NHS Somerset Integrated Care Board,Persons,970.0,,,CVDP001SMOK,"Patients with GP recorded CVD or CVD risk factors who are GP recorded current smokers or have no smoking status recorded, whose notes record smoking status in the preceding 12 months.",Smoking: Record of smoking status (CVDP001SMOK),50.41,18-39,Age group,0,520.0,To March 2026,56.67,53.55,
E54000038,NHS Somerset Integrated Care Board,Male,3615.0,,,CVDP001SMOK,"Patients with GP recorded CVD or CVD risk factors who are GP recorded current smokers or have no smoking status recorded, whose notes record smoking status in the preceding 12 months.",Smoking: Record of smoking status (CVDP001SMOK),65.98,40-59,Age group,0,2440.0,To March 2026,69.02,67.52,
E54000038,NHS Somerset Integrated Care Board,Female,2430.0,,,CVDP001SMOK,"Patients with GP recorded CVD or CVD risk factors who are GP recorded current smokers or have no smoking status recorded, whose notes record smoking status in the preceding 12 months.",Smoking: Record of smoking status (CVDP001SMOK),72.09,40-59,Age group,0,1795.0,To March 2026,75.54,73.87,
E54000038,NHS Somerset Integrated Care Board,Persons,6045.0,,,CVDP001SMOK,"Patients with GP recorded CVD or CVD risk factors who are GP recorded current smokers or have no smoking status recorded, whose notes record smoking status in the preceding 12 months.",Smoking: Record of smoking status (CVDP001SMOK),68.92,40-59,Age group,0,4235.0,To March 2026,71.21,70.07,
E54000038,NHS Somerset Integrated Care Board,Male,4945.0,,,CVDP001SMOK,"Patients with GP recorded CVD or CVD risk factors who are GP recorded current smokers or have no smoking status recorded, whose notes record smoking status in the preceding 12 months.",Smoking: Record of smoking status (CVDP001SMOK),75.5,60-79,Age group,0,3790.0,To March 2026,77.84,76.69,
E54000038,NHS Somerset Integrated Care Board,Female,3710.0,,,CVDP001SMOK,"Patients with GP recorded CVD or CVD risk factors who are GP recorded current smokers or have no smoking status recorded, whose notes record smoking status in the preceding 12 months.",Smoking: Record of smoking status (CVDP001SMOK),76.22,60-79,Age group,0,2880.0,To March 2026,78.88,77.57,
E54000038,NHS Somerset Integrated Care Board,Persons,8655.0,,,CVDP001SMOK,"Patients with GP recorded CVD or CVD risk factors who are GP recorded current smokers or have no smoking status recorded, whose notes record smoking status in the preceding 12 months.",Smoking: Record of smoking status (CVDP001SMOK),76.18,60-79,Age group,0,6670.0,To March 2026,77.95,77.07,
E54000038,NHS Somerset Integrated Care Board,Male,595.0,,,CVDP001SMOK,"Patients with GP recorded CVD or CVD risk factors who are GP recorded current smokers or have no smoking status recorded, whose notes record smoking status in the preceding 12 months.",Smoking: Record of smoking status (CVDP001SMOK),75.04,80+,Age group,0,465.0,To March 2026,81.57,78.45,
E54000038,NHS Somerset Integrated Care Board,Female,615.0,,,CVDP001SMOK,"Patients with GP recorded CVD or CVD risk factors who are GP recorded current smokers or have no smoking status recorded, whose notes record smoking status in the preceding 12 months.",Smoking: Record of smoking status (CVDP001SMOK),75.81,80+,Age group,0,485.0,To March 2026,82.14,79.12,
E54000038,NHS Somerset Integrated Care Board,Persons,1205.0,,,CVDP001SMOK,"Patients with GP recorded CVD or CVD risk factors who are GP recorded current smokers or have no smoking status recorded, whose notes record smoking status in the preceding 12 months.",Smoking: Record of smoking status (CVDP001SMOK),76.45,80+,Age group,0,950.0,To March 2026,80.99,78.79,
E54000038,NHS Somerset Integrated Care Board,Persons,2465.0,,,CVDP001SMOK,"Patients with GP recorded CVD or CVD risk factors who are GP recorded current smokers or have no smoking status recorded, whose notes record smoking status in the preceding 12 months.",Smoking: Record of smoking status (CVDP001SMOK),73.0,1 - most deprived,Deprivation quintile,0,1840.0,To March 2026,76.41,74.76,
E54000038,NHS Somerset Integrated Care Board,Persons,4445.0,,,CVDP001SMOK,"Patients with GP recorded CVD or CVD risk factors who are GP recorded current smokers or have no smoking status recorded, whose notes record smoking status in the preceding 12 months.",Smoking: Record of smoking status (CVDP001SMOK),72.37,2,Deprivation quintile,0,3275.0,To March 2026,74.96,73.68,
E54000038,NHS Somerset Integrated Care Board,Persons,5595.0,,,CVDP001SMOK,"Patients with GP recorded CVD or CVD risk factors who are GP recorded current smokers or have no smoking status recorded, whose notes record smoking status in the preceding 12 months.",Smoking: Record of smoking status (CVDP001SMOK),71.44,3,Deprivation quintile,0,4065.0,To March 2026,73.76,72.62,
E54000038,NHS Somerset Integrated Care Board,Persons,3390.0,,,CVDP001SMOK,"Patients with GP recorded CVD or CVD risk factors who are GP recorded current smokers or have no smoking status recorded, whose notes record smoking status in the preceding 12 months.",Smoking: Record of smoking status (CVDP001SMOK),71.83,4,Deprivation quintile,0,2485.0,To March 2026,74.78,73.34,
E54000038,NHS Somerset Integrated Care Board,Persons,1135.0,,,CVDP001SMOK,"Patients with GP recorded CVD or CVD risk factors who are GP recorded current smokers or have no smoking status recorded, whose notes record smoking status in the preceding 12 months.",Smoking: Record of smoking status (CVDP001SMOK),71.13,5 - least deprived,Deprivation quintile,0,835.0,To March 2026,76.23,73.79,
E54000038,NHS Somerset Integrated Care Board,Persons,155.0,,,CVDP001SMOK,"Patients with GP recorded CVD or CVD risk factors who are GP recorded current smokers or have no smoking status recorded, whose notes record smoking status in the preceding 12 months.",Smoking: Record of smoking status (CVDP001SMOK),55.35,Asian,Ethnicity,0,100.0,To March 2026,69.81,62.82,
E54000038,NHS Somerset Integrated Care Board,Persons,65.0,,,CVDP001SMOK,"Patients with GP recorded CVD or CVD risk factors who are GP recorded current smokers or have no smoking status recorded, whose notes record smoking status in the preceding 12 months.",Smoking: Record of smoking status (CVDP001SMOK),53.62,Black,Ethnicity,0,45.0,To March 2026,75.36,65.15,
E54000038,NHS Somerset Integrated Care Board,Persons,590.0,,,CVDP001SMOK,"Patients with GP recorded CVD or CVD risk factors who are GP recorded current smokers or have no smoking status recorded, whose notes record smoking status in the preceding 12 months.",Smoking: Record of smoking status (CVDP001SMOK),49.33,Missing,Ethnicity,0,315.0,To March 2026,57.24,53.3,
E54000038,NHS Somerset Integrated Care Board,Persons,95.0,,,CVDP001SMOK,"Patients with GP recorded CVD or CVD risk factors who are GP recorded current smokers or have no smoking status recorded, whose notes record smoking status in the preceding 12 months.",Smoking: Record of smoking status (CVDP001SMOK),52.08,Mixed,Ethnicity,0,60.0,To March 2026,70.83,62.37,
E54000038,NHS Somerset Integrated Care Board,Persons,575.0,,,CVDP001SMOK,"Patients with GP recorded CVD or CVD risk factors who are GP recorded current smokers or have no smoking status recorded, whose notes record smoking status in the preceding 12 months.",Smoking: Record of smoking status (CVDP001SMOK),57.93,Not stated,Ethnicity,0,355.0,To March 2026,65.69,61.87,
E54000038,NHS Somerset Integrated Care Board,Persons,100.0,,,CVDP001SMOK,"Patients with GP recorded CVD or CVD risk factors who are GP recorded current smokers or have no smoking status recorded, whose notes record smoking status in the preceding 12 months.",Smoking: Record of smoking status (CVDP001SMOK),66.02,Other,Ethnicity,0,75.0,To March 2026,82.52,75.0,
E54000038,NHS Somerset Integrated Care Board,Persons,15295.0,,,CVDP001SMOK,"Patients with GP recorded CVD or CVD risk factors who are GP recorded current smokers or have no smoking status recorded, whose notes record smoking status in the preceding 12 months.",Smoking: Record of smoking status (CVDP001SMOK),74.05,White,Ethnicity,0,11430.0,To March 2026,75.42,74.74,
E54000038,NHS Somerset Integrated Care Board,Persons,16365.0,,,CVDP001SMOK,"Patients with GP recorded CVD or CVD risk factors who are GP recorded current smokers or have no smoking status recorded, whose notes record smoking status in the preceding 12 months.",Smoking: Record of smoking status (CVDP001SMOK),72.3,People without SMI,Mental Health,0,11945.0,To March 2026,73.65,72.98,
E54000038,NHS Somerset Integrated Care Board,Persons,510.0,,,CVDP001SMOK,"Patients with GP recorded CVD or CVD risk factors who are GP recorded current smokers or have no smoking status recorded, whose notes record smoking status in the preceding 12 months.",Smoking: Record of smoking status (CVDP001SMOK),81.25,People with SMI,Mental Health,0,430.0,To March 2026,87.5,84.68,
E54000038,NHS Somerset Integrated Care Board,Persons,16800.0,,,CVDP001SMOK,"Patients with GP recorded CVD or CVD risk factors who are GP recorded current smokers or have no smoking status recorded, whose notes record smoking status in the preceding 12 months.",Smoking: Record of smoking status (CVDP001SMOK),72.64,People without a diagnosed learning disability,Learning Disability,0,12315.0,To March 2026,73.97,73.31,
E54000038,NHS Somerset Integrated Care Board,Persons,80.0,,,CVDP001SMOK,"Patients with GP recorded CVD or CVD risk factors who are GP recorded current smokers or have no smoking status recorded, whose notes record smoking status in the preceding 12 months.",Smoking: Record of smoking status (CVDP001SMOK),67.9,People with a diagnosed learning disability,Learning Disability,0,60.0,To March 2026,85.19,78.21,
E54000030,NHS South East London Integrated Care Board,Persons,47860.0,,,CVDP001SMOK,"Patients with GP recorded CVD or CVD risk factors who are GP recorded current smokers or have no smoking status recorded, whose notes record smoking status in the preceding 12 months.",Smoking: Record of smoking status (CVDP001SMOK),72.42,Persons,Sex,0,34850.0,To March 2026,73.21,72.82,
E54000030,NHS South East London Integrated Care Board,Female,18540.0,,,CVDP001SMOK,"Patients with GP recorded CVD or CVD risk factors who are GP recorded current smokers or have no smoking status recorded, whose notes record smoking status in the preceding 12 months.",Smoking: Record of smoking status (CVDP001SMOK),74.54,Female,Sex,0,13935.0,To March 2026,75.78,75.17,
E54000030,NHS South East London Integrated Care Board,Male,29320.0,,,CVDP001SMOK,"Patients with GP recorded CVD or CVD risk factors who are GP recorded current smokers or have no smoking status recorded, whose notes record smoking status in the preceding 12 months.",Smoking: Record of smoking status (CVDP001SMOK),70.81,Male,Sex,0,20915.0,To March 2026,71.85,71.33,
E54000030,NHS South East London Integrated Care Board,Male,2235.0,,,CVDP001SMOK,"Patients with GP recorded CVD or CVD risk factors who are GP recorded current smokers or have no smoking status recorded, whose notes record smoking status in the preceding 12 months.",Smoking: Record of smoking status (CVDP001SMOK),53.19,18-39,Age group,0,1235.0,To March 2026,57.3,55.28,
E54000030,NHS South East London Integrated Care Board,Female,1460.0,,,CVDP001SMOK,"Patients with GP recorded CVD or CVD risk factors who are GP recorded current smokers or have no smoking status recorded, whose notes record smoking status in the preceding 12 months.",Smoking: Record of smoking status (CVDP001SMOK),59.44,18-39,Age group,0,905.0,To March 2026,64.36,61.96,
E54000030,NHS South East London Integrated Care Board,Persons,3695.0,,,CVDP001SMOK,"Patients with GP recorded CVD or CVD risk factors who are GP recorded current smokers or have no smoking status recorded, whose notes record smoking status in the preceding 12 months.",Smoking: Record of smoking status (CVDP001SMOK),56.33,18-39,Age group,0,2140.0,To March 2026,59.49,57.92,
E54000030,NHS South East London Integrated Care Board,Male,13100.0,,,CVDP001SMOK,"Patients with GP recorded CVD or CVD risk factors who are GP recorded current smokers or have no smoking status recorded, whose notes record smoking status in the preceding 12 months.",Smoking: Record of smoking status (CVDP001SMOK),67.48,40-59,Age group,0,8945.0,To March 2026,69.07,68.28,
E54000030,NHS South East London Integrated Care Board,Female,7350.0,,,CVDP001SMOK,"Patients with GP recorded CVD or CVD risk factors who are GP recorded current smokers or have no smoking status recorded, whose notes record smoking status in the preceding 12 months.",Smoking: Record of smoking status (CVDP001SMOK),73.19,40-59,Age group,0,5450.0,To March 2026,75.19,74.2,
E54000030,NHS South East London Integrated Care Board,Persons,20450.0,,,CVDP001SMOK,"Patients with GP recorded CVD or CVD risk factors who are GP recorded current smokers or have no smoking status recorded, whose notes record smoking status in the preceding 12 months.",Smoking: Record of smoking status (CVDP001SMOK),69.78,40-59,Age group,0,14400.0,To March 2026,71.03,70.41,
E54000030,NHS South East London Integrated Care Board,Male,12890.0,,,CVDP001SMOK,"Patients with GP recorded CVD or CVD risk factors who are GP recorded current smokers or have no smoking status recorded, whose notes record smoking status in the preceding 12 months.",Smoking: Record of smoking status (CVDP001SMOK),75.75,60-79,Age group,0,9860.0,To March 2026,77.21,76.49,
E54000030,NHS South East London Integrated Care Board,Female,8570.0,,,CVDP001SMOK,"Patients with GP recorded CVD or CVD risk factors who are GP recorded current smokers or have no smoking status recorded, whose notes record smoking status in the preceding 12 months.",Smoking: Record of smoking status (CVDP001SMOK),77.07,60-79,Age group,0,6680.0,To March 2026,78.82,77.96,
E54000030,NHS South East London Integrated Care Board,Persons,21465.0,,,CVDP001SMOK,"Patients with GP recorded CVD or CVD risk factors who are GP recorded current smokers or have no smoking status recorded, whose notes record smoking status in the preceding 12 months.",Smoking: Record of smoking status (CVDP001SMOK),76.51,60-79,Age group,0,16545.0,To March 2026,77.63,77.08,
E54000030,NHS South East London Integrated Care Board,Male,1090.0,,,CVDP001SMOK,"Patients with GP recorded CVD or CVD risk factors who are GP recorded current smokers or have no smoking status recorded, whose notes record smoking status in the preceding 12 months.",Smoking: Record of smoking status (CVDP001SMOK),77.49,80+,Age group,0,870.0,To March 2026,82.16,79.91,
E54000030,NHS South East London Integrated Care Board,Female,1160.0,,,CVDP001SMOK,"Patients with GP recorded CVD or CVD risk factors who are GP recorded current smokers or have no smoking status recorded, whose notes record smoking status in the preceding 12 months.",Smoking: Record of smoking status (CVDP001SMOK),74.76,80+,Age group,0,900.0,To March 2026,79.57,77.28,
E54000030,NHS South East London Integrated Care Board,Persons,2250.0,,,CVDP001SMOK,"Patients with GP recorded CVD or CVD risk factors who are GP recorded current smokers or have no smoking status recorded, whose notes record smoking status in the preceding 12 months.",Smoking: Record of smoking status (CVDP001SMOK),76.81,80+,Age group,0,1770.0,To March 2026,80.18,78.55,
E54000030,NHS South East London Integrated Care Board,Persons,11775.0,,,CVDP001SMOK,"Patients with GP recorded CVD or CVD risk factors who are GP recorded current smokers or have no smoking status recorded, whose notes record smoking status in the preceding 12 months.",Smoking: Record of smoking status (CVDP001SMOK),72.54,1 - most deprived,Deprivation quintile,0,8640.0,To March 2026,74.13,73.35,
E54000030,NHS South East London Integrated Care Board,Persons,18990.0,,,CVDP001SMOK,"Patients with GP recorded CVD or CVD risk factors who are GP recorded current smokers or have no smoking status recorded, whose notes record smoking status in the preceding 12 months.",Smoking: Record of smoking status (CVDP001SMOK),72.65,2,Deprivation quintile,0,13915.0,To March 2026,73.91,73.28,
E54000030,NHS South East London Integrated Care Board,Persons,8815.0,,,CVDP001SMOK,"Patients with GP recorded CVD or CVD risk factors who are GP recorded current smokers or have no smoking status recorded, whose notes record smoking status in the preceding 12 months.",Smoking: Record of smoking status (CVDP001SMOK),71.4,3,Deprivation quintile,0,6375.0,To March 2026,73.26,72.34,
E54000030,NHS South East London Integrated Care Board,Persons,4795.0,,,CVDP001SMOK,"Patients with GP recorded CVD or CVD risk factors who are GP recorded current smokers or have no smoking status recorded, whose notes record smoking status in the preceding 12 months.",Smoking: Record of smoking status (CVDP001SMOK),71.7,4,Deprivation quintile,0,3500.0,To March 2026,74.2,72.97,
E54000030,NHS South East London Integrated Care Board,Persons,3125.0,,,CVDP001SMOK,"Patients with GP recorded CVD or CVD risk factors who are GP recorded current smokers or have no smoking status recorded, whose notes record smoking status in the preceding 12 months.",Smoking: Record of smoking status (CVDP001SMOK),69.32,5 - least deprived,Deprivation quintile,0,2215.0,To March 2026,72.49,70.93,
E54000030,NHS South East London Integrated Care Board,Persons,3650.0,,,CVDP001SMOK,"Patients with GP recorded CVD or CVD risk factors who are GP recorded current smokers or have no smoking status recorded, whose notes record smoking status in the preceding 12 months.",Smoking: Record of smoking status (CVDP001SMOK),70.05,Asian,Ethnicity,0,2610.0,To March 2026,72.95,71.53,
E54000030,NHS South East London Integrated Care Board,Persons,9635.0,,,CVDP001SMOK,"Patients with GP recorded CVD or CVD risk factors who are GP recorded current smokers or have no smoking status recorded, whose notes record smoking status in the preceding 12 months.",Smoking: Record of smoking status (CVDP001SMOK),70.88,Black,Ethnicity,0,6915.0,To March 2026,72.68,71.79,
E54000030,NHS South East London Integrated Care Board,Persons,460.0,,,CVDP001SMOK,"Patients with GP recorded CVD or CVD risk factors who are GP recorded current smokers or have no smoking status recorded, whose notes record smoking status in the preceding 12 months.",Smoking: Record of smoking status (CVDP001SMOK),34.62,Missing,Ethnicity,0,180.0,To March 2026,43.44,38.96,
E54000030,NHS South East London Integrated Care Board,Persons,1830.0,,,CVDP001SMOK,"Patients with GP recorded CVD or CVD risk factors who are GP recorded current smokers or have no smoking status recorded, whose notes record smoking status in the preceding 12 months.",Smoking: Record of smoking status (CVDP001SMOK),65.67,Mixed,Ethnicity,0,1240.0,To March 2026,69.92,67.85,
E54000030,NHS South East London Integrated Care Board,Persons,1485.0,,,CVDP001SMOK,"Patients with GP recorded CVD or CVD risk factors who are GP recorded current smokers or have no smoking status recorded, whose notes record smoking status in the preceding 12 months.",Smoking: Record of smoking status (CVDP001SMOK),58.8,Not stated,Ethnicity,0,910.0,To March 2026,63.71,61.28,
E54000030,NHS South East London Integrated Care Board,Persons,1670.0,,,CVDP001SMOK,"Patients with GP recorded CVD or CVD risk factors who are GP recorded current smokers or have no smoking status recorded, whose notes record smoking status in the preceding 12 months.",Smoking: Record of smoking status (CVDP001SMOK),66.93,Other,Ethnicity,0,1155.0,To March 2026,71.34,69.2,
E54000030,NHS South East London Integrated Care Board,Persons,29125.0,,,CVDP001SMOK,"Patients with GP recorded CVD or CVD risk factors who are GP recorded current smokers or have no smoking status recorded, whose notes record smoking status in the preceding 12 months.",Smoking: Record of smoking status (CVDP001SMOK),74.47,White,Ethnicity,0,21835.0,To March 2026,75.46,74.96,
E54000030,NHS South East London Integrated Care Board,Persons,44890.0,,,CVDP001SMOK,"Patients with GP recorded CVD or CVD risk factors who are GP recorded current smokers or have no smoking status recorded, whose notes record smoking status in the preceding 12 months.",Smoking: Record of smoking status (CVDP001SMOK),71.4,People without SMI,Mental Health,0,32235.0,To March 2026,72.23,71.81,
E54000030,NHS South East London Integrated Care Board,Persons,2970.0,,,CVDP001SMOK,"Patients with GP recorded CVD or CVD risk factors who are GP recorded current smokers or have no smoking status recorded, whose notes record smoking status in the preceding 12 months.",Smoking: Record of smoking status (CVDP001SMOK),86.78,People with SMI,Mental Health,0,2615.0,To March 2026,89.1,87.98,
E54000030,NHS South East London Integrated Care Board,Persons,47545.0,,,CVDP001SMOK,"Patients with GP recorded CVD or CVD risk factors who are GP recorded current smokers or have no smoking status recorded, whose notes record smoking status in the preceding 12 months.",Smoking: Record of smoking status (CVDP001SMOK),72.28,People without a diagnosed learning disability,Learning Disability,0,34555.0,To March 2026,73.08,72.68,
E54000030,NHS South East London Integrated Care Board,Persons,315.0,,,CVDP001SMOK,"Patients with GP recorded CVD or CVD risk factors who are GP recorded current smokers or have no smoking status recorded, whose notes record smoking status in the preceding 12 months.",Smoking: Record of smoking status (CVDP001SMOK),90.22,People with a diagnosed learning disability,Learning Disability,0,295.0,To March 2026,95.58,93.31,
E54000031,NHS South West London Integrated Care Board,Persons,31290.0,,,CVDP001SMOK,"Patients with GP recorded CVD or CVD risk factors who are GP recorded current smokers or have no smoking status recorded, whose notes record smoking status in the preceding 12 months.",Smoking: Record of smoking status (CVDP001SMOK),71.67,Persons,Sex,0,22580.0,To March 2026,72.66,72.17,
E54000031,NHS South West London Integrated Care Board,Female,11600.0,,,CVDP001SMOK,"Patients with GP recorded CVD or CVD risk factors who are GP recorded current smokers or have no smoking status recorded, whose notes record smoking status in the preceding 12 months.",Smoking: Record of smoking status (CVDP001SMOK),74.18,Female,Sex,0,8700.0,To March 2026,75.75,74.98,
E54000031,NHS South West London Integrated Care Board,Male,19685.0,,,CVDP001SMOK,"Patients with GP recorded CVD or CVD risk factors who are GP recorded current smokers or have no smoking status recorded, whose notes record smoking status in the preceding 12 months.",Smoking: Record of smoking status (CVDP001SMOK),69.87,Male,Sex,0,13880.0,To March 2026,71.14,70.51,
E54000031,NHS South West London Integrated Care Board,Male,1445.0,,,CVDP001SMOK,"Patients with GP recorded CVD or CVD risk factors who are GP recorded current smokers or have no smoking status recorded, whose notes record smoking status in the preceding 12 months.",Smoking: Record of smoking status (CVDP001SMOK),54.22,18-39,Age group,0,820.0,To March 2026,59.27,56.76,
E54000031,NHS South West London Integrated Care Board,Female,805.0,,,CVDP001SMOK,"Patients with GP recorded CVD or CVD risk factors who are GP recorded current smokers or have no smoking status recorded, whose notes record smoking status in the preceding 12 months.",Smoking: Record of smoking status (CVDP001SMOK),58.4,18-39,Age group,0,500.0,To March 2026,65.06,61.83,
E54000031,NHS South West London Integrated Care Board,Persons,2250.0,,,CVDP001SMOK,"Patients with GP recorded CVD or CVD risk factors who are GP recorded current smokers or have no smoking status recorded, whose notes record smoking status in the preceding 12 months.",Smoking: Record of smoking status (CVDP001SMOK),56.55,18-39,Age group,0,1320.0,To March 2026,60.59,58.58,
E54000031,NHS South West London Integrated Care Board,Male,8750.0,,,CVDP001SMOK,"Patients with GP recorded CVD or CVD risk factors who are GP recorded current smokers or have no smoking status recorded, whose notes record smoking status in the preceding 12 months.",Smoking: Record of smoking status (CVDP001SMOK),65.24,40-59,Age group,0,5795.0,To March 2026,67.22,66.23,
E54000031,NHS South West London Integrated Care Board,Female,4380.0,,,CVDP001SMOK,"Patients with GP recorded CVD or CVD risk factors who are GP recorded current smokers or have no smoking status recorded, whose notes record smoking status in the preceding 12 months.",Smoking: Record of smoking status (CVDP001SMOK),72.93,40-59,Age group,0,3250.0,To March 2026,75.51,74.23,
E54000031,NHS South West London Integrated Care Board,Persons,13125.0,,,CVDP001SMOK,"Patients with GP recorded CVD or CVD risk factors who are GP recorded current smokers or have no smoking status recorded, whose notes record smoking status in the preceding 12 months.",Smoking: Record of smoking status (CVDP001SMOK),68.11,40-59,Age group,0,9045.0,To March 2026,69.69,68.9,
E54000031,NHS South West London Integrated Care Board,Male,8600.0,,,CVDP001SMOK,"Patients with GP recorded CVD or CVD risk factors who are GP recorded current smokers or have no smoking status recorded, whose notes record smoking status in the preceding 12 months.",Smoking: Record of smoking status (CVDP001SMOK),75.83,60-79,Age group,0,6600.0,To March 2026,77.61,76.73,
E54000031,NHS South West London Integrated Care Board,Female,5505.0,,,CVDP001SMOK,"Patients with GP recorded CVD or CVD risk factors who are GP recorded current smokers or have no smoking status recorded, whose notes record smoking status in the preceding 12 months.",Smoking: Record of smoking status (CVDP001SMOK),75.87,60-79,Age group,0,4240.0,To March 2026,78.08,77.0,
E54000031,NHS South West London Integrated Care Board,Persons,14105.0,,,CVDP001SMOK,"Patients with GP recorded CVD or CVD risk factors who are GP recorded current smokers or have no smoking status recorded, whose notes record smoking status in the preceding 12 months.",Smoking: Record of smoking status (CVDP001SMOK),76.13,60-79,Age group,0,10835.0,To March 2026,77.52,76.84,
E54000031,NHS South West London Integrated Care Board,Male,895.0,,,CVDP001SMOK,"Patients with GP recorded CVD or CVD risk factors who are GP recorded current smokers or have no smoking status recorded, whose notes record smoking status in the preceding 12 months.",Smoking: Record of smoking status (CVDP001SMOK),71.75,80+,Age group,0,670.0,To March 2026,77.42,74.67,
E54000031,NHS South West London Integrated Care Board,Female,910.0,,,CVDP001SMOK,"Patients with GP recorded CVD or CVD risk factors who are GP recorded current smokers or have no smoking status recorded, whose notes record smoking status in the preceding 12 months.",Smoking: Record of smoking status (CVDP001SMOK),75.19,80+,Age group,0,710.0,To March 2026,80.55,77.96,
E54000031,NHS South West London Integrated Care Board,Persons,1810.0,,,CVDP001SMOK,"Patients with GP recorded CVD or CVD risk factors who are GP recorded current smokers or have no smoking status recorded, whose notes record smoking status in the preceding 12 months.",Smoking: Record of smoking status (CVDP001SMOK),74.32,80+,Age group,0,1380.0,To March 2026,78.19,76.33,
E54000031,NHS South West London Integrated Care Board,Persons,3785.0,,,CVDP001SMOK,"Patients with GP recorded CVD or CVD risk factors who are GP recorded current smokers or have no smoking status recorded, whose notes record smoking status in the preceding 12 months.",Smoking: Record of smoking status (CVDP001SMOK),74.0,1 - most deprived,Deprivation quintile,0,2855.0,To March 2026,76.72,75.38,
E54000031,NHS South West London Integrated Care Board,Persons,8450.0,,,CVDP001SMOK,"Patients with GP recorded CVD or CVD risk factors who are GP recorded current smokers or have no smoking status recorded, whose notes record smoking status in the preceding 12 months.",Smoking: Record of smoking status (CVDP001SMOK),72.9,2,Deprivation quintile,0,6240.0,To March 2026,74.77,73.85,
E54000031,NHS South West London Integrated Care Board,Persons,7510.0,,,CVDP001SMOK,"Patients with GP recorded CVD or CVD risk factors who are GP recorded current smokers or have no smoking status recorded, whose notes record smoking status in the preceding 12 months.",Smoking: Record of smoking status (CVDP001SMOK),70.94,3,Deprivation quintile,0,5405.0,To March 2026,72.97,71.97,
E54000031,NHS South West London Integrated Care Board,Persons,7080.0,,,CVDP001SMOK,"Patients with GP recorded CVD or CVD risk factors who are GP recorded current smokers or have no smoking status recorded, whose notes record smoking status in the preceding 12 months.",Smoking: Record of smoking status (CVDP001SMOK),70.26,4,Deprivation quintile,0,5050.0,To March 2026,72.36,71.32,
E54000031,NHS South West London Integrated Care Board,Persons,5075.0,,,CVDP001SMOK,"Patients with GP recorded CVD or CVD risk factors who are GP recorded current smokers or have no smoking status recorded, whose notes record smoking status in the preceding 12 months.",Smoking: Record of smoking status (CVDP001SMOK),66.75,5 - least deprived,Deprivation quintile,0,3455.0,To March 2026,69.31,68.05,
E54000031,NHS South West London Integrated Care Board,Persons,4250.0,,,CVDP001SMOK,"Patients with GP recorded CVD or CVD risk factors who are GP recorded current smokers or have no smoking status recorded, whose notes record smoking status in the preceding 12 months.",Smoking: Record of smoking status (CVDP001SMOK),70.31,Asian,Ethnicity,0,3045.0,To March 2026,73.01,71.68,
E54000031,NHS South West London Integrated Care Board,Persons,3715.0,,,CVDP001SMOK,"Patients with GP recorded CVD or CVD risk factors who are GP recorded current smokers or have no smoking status recorded, whose notes record smoking status in the preceding 12 months.",Smoking: Record of smoking status (CVDP001SMOK),71.61,Black,Ethnicity,0,2715.0,To March 2026,74.46,73.07,
E54000031,NHS South West London Integrated Care Board,Persons,400.0,,,CVDP001SMOK,"Patients with GP recorded CVD or CVD risk factors who are GP recorded current smokers or have no smoking status recorded, whose notes record smoking status in the preceding 12 months.",Smoking: Record of smoking status (CVDP001SMOK),33.42,Missing,Ethnicity,0,155.0,To March 2026,42.82,38.15,
E54000031,NHS South West London Integrated Care Board,Persons,1135.0,,,CVDP001SMOK,"Patients with GP recorded CVD or CVD risk factors who are GP recorded current smokers or have no smoking status recorded, whose notes record smoking status in the preceding 12 months.",Smoking: Record of smoking status (CVDP001SMOK),65.29,Mixed,Ethnicity,0,770.0,To March 2026,70.65,68.02,
E54000031,NHS South West London Integrated Care Board,Persons,1190.0,,,CVDP001SMOK,"Patients with GP recorded CVD or CVD risk factors who are GP recorded current smokers or have no smoking status recorded, whose notes record smoking status in the preceding 12 months.",Smoking: Record of smoking status (CVDP001SMOK),60.71,Not stated,Ethnicity,0,755.0,To March 2026,66.16,63.47,
E54000031,NHS South West London Integrated Care Board,Persons,1070.0,,,CVDP001SMOK,"Patients with GP recorded CVD or CVD risk factors who are GP recorded current smokers or have no smoking status recorded, whose notes record smoking status in the preceding 12 months.",Smoking: Record of smoking status (CVDP001SMOK),65.33,Other,Ethnicity,0,730.0,To March 2026,70.83,68.13,
E54000031,NHS South West London Integrated Care Board,Persons,19530.0,,,CVDP001SMOK,"Patients with GP recorded CVD or CVD risk factors who are GP recorded current smokers or have no smoking status recorded, whose notes record smoking status in the preceding 12 months.",Smoking: Record of smoking status (CVDP001SMOK),73.17,White,Ethnicity,0,14410.0,To March 2026,74.4,73.79,
E54000031,NHS South West London Integrated Care Board,Persons,29535.0,,,CVDP001SMOK,"Patients with GP recorded CVD or CVD risk factors who are GP recorded current smokers or have no smoking status recorded, whose notes record smoking status in the preceding 12 months.",Smoking: Record of smoking status (CVDP001SMOK),70.64,People without SMI,Mental Health,0,21015.0,To March 2026,71.67,71.15,
E54000031,NHS South West London Integrated Care Board,Persons,1750.0,,,CVDP001SMOK,"Patients with GP recorded CVD or CVD risk factors who are GP recorded current smokers or have no smoking status recorded, whose notes record smoking status in the preceding 12 months.",Smoking: Record of smoking status (CVDP001SMOK),87.69,People with SMI,Mental Health,0,1560.0,To March 2026,90.54,89.21,
E54000031,NHS South West London Integrated Care Board,Persons,31070.0,,,CVDP001SMOK,"Patients with GP recorded CVD or CVD risk factors who are GP recorded current smokers or have no smoking status recorded, whose notes record smoking status in the preceding 12 months.",Smoking: Record of smoking status (CVDP001SMOK),71.55,People without a diagnosed learning disability,Learning Disability,0,22385.0,To March 2026,72.54,72.05,
E54000031,NHS South West London Integrated Care Board,Persons,215.0,,,CVDP001SMOK,"Patients with GP recorded CVD or CVD risk factors who are GP recorded current smokers or have no smoking status recorded, whose notes record smoking status in the preceding 12 months.",Smoking: Record of smoking status (CVDP001SMOK),84.09,People with a diagnosed learning disability,Learning Disability,0,195.0,To March 2026,92.27,88.94,
E54000061,NHS South Yorkshire Integrated Care Board,Persons,41795.0,,,CVDP001SMOK,"Patients with GP recorded CVD or CVD risk factors who are GP recorded current smokers or have no smoking status recorded, whose notes record smoking status in the preceding 12 months.",Smoking: Record of smoking status (CVDP001SMOK),80.27,Persons,Sex,0,33710.0,To March 2026,81.03,80.65,
E54000061,NHS South Yorkshire Integrated Care Board,Female,18020.0,,,CVDP001SMOK,"Patients with GP recorded CVD or CVD risk factors who are GP recorded current smokers or have no smoking status recorded, whose notes record smoking status in the preceding 12 months.",Smoking: Record of smoking status (CVDP001SMOK),82.01,Female,Sex,0,14880.0,To March 2026,83.12,82.57,
E54000061,NHS South Yorkshire Integrated Care Board,Male,23775.0,,,CVDP001SMOK,"Patients with GP recorded CVD or CVD risk factors who are GP recorded current smokers or have no smoking status recorded, whose notes record smoking status in the preceding 12 months.",Smoking: Record of smoking status (CVDP001SMOK),78.68,Male,Sex,0,18830.0,To March 2026,79.71,79.2,
E54000061,NHS South Yorkshire Integrated Care Board,Male,1820.0,,,CVDP001SMOK,"Patients with GP recorded CVD or CVD risk factors who are GP recorded current smokers or have no smoking status recorded, whose notes record smoking status in the preceding 12 months.",Smoking: Record of smoking status (CVDP001SMOK),61.56,18-39,Age group,0,1160.0,To March 2026,65.95,63.81,
E54000061,NHS South Yorkshire Integrated Care Board,Female,1155.0,,,CVDP001SMOK,"Patients with GP recorded CVD or CVD risk factors who are GP recorded current smokers or have no smoking status recorded, whose notes record smoking status in the preceding 12 months.",Smoking: Record of smoking status (CVDP001SMOK),69.72,18-39,Age group,0,835.0,To March 2026,74.81,72.32,
E54000061,NHS South Yorkshire Integrated Care Board,Persons,2975.0,,,CVDP001SMOK,"Patients with GP recorded CVD or CVD risk factors who are GP recorded current smokers or have no smoking status recorded, whose notes record smoking status in the preceding 12 months.",Smoking: Record of smoking status (CVDP001SMOK),65.4,18-39,Age group,0,1995.0,To March 2026,68.76,67.11,
E54000061,NHS South Yorkshire Integrated Care Board,Male,9995.0,,,CVDP001SMOK,"Patients with GP recorded CVD or CVD risk factors who are GP recorded current smokers or have no smoking status recorded, whose notes record smoking status in the preceding 12 months.",Smoking: Record of smoking status (CVDP001SMOK),74.7,40-59,Age group,0,7555.0,To March 2026,76.38,75.55,
E54000061,NHS South Yorkshire Integrated Care Board,Female,6485.0,,,CVDP001SMOK,"Patients with GP recorded CVD or CVD risk factors who are GP recorded current smokers or have no smoking status recorded, whose notes record smoking status in the preceding 12 months.",Smoking: Record of smoking status (CVDP001SMOK),79.37,40-59,Age group,0,5210.0,To March 2026,81.3,80.35,
E54000061,NHS South Yorkshire Integrated Care Board,Persons,16480.0,,,CVDP001SMOK,"Patients with GP recorded CVD or CVD risk factors who are GP recorded current smokers or have no smoking status recorded, whose notes record smoking status in the preceding 12 months.",Smoking: Record of smoking status (CVDP001SMOK),76.8,40-59,Age group,0,12765.0,To March 2026,78.07,77.44,
E54000061,NHS South Yorkshire Integrated Care Board,Male,10770.0,,,CVDP001SMOK,"Patients with GP recorded CVD or CVD risk factors who are GP recorded current smokers or have no smoking status recorded, whose notes record smoking status in the preceding 12 months.",Smoking: Record of smoking status (CVDP001SMOK),83.72,60-79,Age group,0,9095.0,To March 2026,85.09,84.41,
E54000061,NHS South Yorkshire Integrated Care Board,Female,8855.0,,,CVDP001SMOK,"Patients with GP recorded CVD or CVD risk factors who are GP recorded current smokers or have no smoking status recorded, whose notes record smoking status in the preceding 12 months.",Smoking: Record of smoking status (CVDP001SMOK),84.25,60-79,Age group,0,7525.0,To March 2026,85.73,85.0,
E54000061,NHS South Yorkshire Integrated Care Board,Persons,19625.0,,,CVDP001SMOK,"Patients with GP recorded CVD or CVD risk factors who are GP recorded current smokers or have no smoking status recorded, whose notes record smoking status in the preceding 12 months.",Smoking: Record of smoking status (CVDP001SMOK),84.17,60-79,Age group,0,16620.0,To March 2026,85.17,84.68,
E54000061,NHS South Yorkshire Integrated Care Board,Male,1185.0,,,CVDP001SMOK,"Patients with GP recorded CVD or CVD risk factors who are GP recorded current smokers or have no smoking status recorded, whose notes record smoking status in the preceding 12 months.",Smoking: Record of smoking status (CVDP001SMOK),84.1,80+,Age group,0,1020.0,To March 2026,87.97,86.17,
E54000061,NHS South Yorkshire Integrated Care Board,Female,1530.0,,,CVDP001SMOK,"Patients with GP recorded CVD or CVD risk factors who are GP recorded current smokers or have no smoking status recorded, whose notes record smoking status in the preceding 12 months.",Smoking: Record of smoking status (CVDP001SMOK),83.87,80+,Age group,0,1310.0,To March 2026,87.33,85.67,
E54000061,NHS South Yorkshire Integrated Care Board,Persons,2715.0,,,CVDP001SMOK,"Patients with GP recorded CVD or CVD risk factors who are GP recorded current smokers or have no smoking status recorded, whose notes record smoking status in the preceding 12 months.",Smoking: Record of smoking status (CVDP001SMOK),84.54,80+,Age group,0,2330.0,To March 2026,87.15,85.89,
E54000061,NHS South Yorkshire Integrated Care Board,Persons,23145.0,,,CVDP001SMOK,"Patients with GP recorded CVD or CVD risk factors who are GP recorded current smokers or have no smoking status recorded, whose notes record smoking status in the preceding 12 months.",Smoking: Record of smoking status (CVDP001SMOK),80.86,1 - most deprived,Deprivation quintile,0,18830.0,To March 2026,81.86,81.37,
E54000061,NHS South Yorkshire Integrated Care Board,Persons,8315.0,,,CVDP001SMOK,"Patients with GP recorded CVD or CVD risk factors who are GP recorded current smokers or have no smoking status recorded, whose notes record smoking status in the preceding 12 months.",Smoking: Record of smoking status (CVDP001SMOK),79.05,2,Deprivation quintile,0,6645.0,To March 2026,80.77,79.92,
E54000061,NHS South Yorkshire Integrated Care Board,Persons,5235.0,,,CVDP001SMOK,"Patients with GP recorded CVD or CVD risk factors who are GP recorded current smokers or have no smoking status recorded, whose notes record smoking status in the preceding 12 months.",Smoking: Record of smoking status (CVDP001SMOK),78.5,3,Deprivation quintile,0,4165.0,To March 2026,80.67,79.61,
E54000061,NHS South Yorkshire Integrated Care Board,Persons,3540.0,,,CVDP001SMOK,"Patients with GP recorded CVD or CVD risk factors who are GP recorded current smokers or have no smoking status recorded, whose notes record smoking status in the preceding 12 months.",Smoking: Record of smoking status (CVDP001SMOK),78.13,4,Deprivation quintile,0,2815.0,To March 2026,80.78,79.5,
E54000061,NHS South Yorkshire Integrated Care Board,Persons,1475.0,,,CVDP001SMOK,"Patients with GP recorded CVD or CVD risk factors who are GP recorded current smokers or have no smoking status recorded, whose notes record smoking status in the preceding 12 months.",Smoking: Record of smoking status (CVDP001SMOK),76.74,5 - least deprived,Deprivation quintile,0,1165.0,To March 2026,80.87,78.86,
E54000061,NHS South Yorkshire Integrated Care Board,Persons,1645.0,,,CVDP001SMOK,"Patients with GP recorded CVD or CVD risk factors who are GP recorded current smokers or have no smoking status recorded, whose notes record smoking status in the preceding 12 months.",Smoking: Record of smoking status (CVDP001SMOK),74.3,Asian,Ethnicity,0,1260.0,To March 2026,78.36,76.38,
E54000061,NHS South Yorkshire Integrated Care Board,Persons,670.0,,,CVDP001SMOK,"Patients with GP recorded CVD or CVD risk factors who are GP recorded current smokers or have no smoking status recorded, whose notes record smoking status in the preceding 12 months.",Smoking: Record of smoking status (CVDP001SMOK),69.04,Black,Ethnicity,0,485.0,To March 2026,75.7,72.47,
E54000061,NHS South Yorkshire Integrated Care Board,Persons,705.0,,,CVDP001SMOK,"Patients with GP recorded CVD or CVD risk factors who are GP recorded current smokers or have no smoking status recorded, whose notes record smoking status in the preceding 12 months.",Smoking: Record of smoking status (CVDP001SMOK),57.65,Missing,Ethnicity,0,430.0,To March 2026,64.73,61.31,
E54000061,NHS South Yorkshire Integrated Care Board,Persons,415.0,,,CVDP001SMOK,"Patients with GP recorded CVD or CVD risk factors who are GP recorded current smokers or have no smoking status recorded, whose notes record smoking status in the preceding 12 months.",Smoking: Record of smoking status (CVDP001SMOK),72.97,Mixed,Ethnicity,0,320.0,To March 2026,80.86,77.11,
E54000061,NHS South Yorkshire Integrated Care Board,Persons,1380.0,,,CVDP001SMOK,"Patients with GP recorded CVD or CVD risk factors who are GP recorded current smokers or have no smoking status recorded, whose notes record smoking status in the preceding 12 months.",Smoking: Record of smoking status (CVDP001SMOK),71.4,Not stated,Ethnicity,0,1015.0,To March 2026,76.03,73.8,
E54000061,NHS South Yorkshire Integrated Care Board,Persons,700.0,,,CVDP001SMOK,"Patients with GP recorded CVD or CVD risk factors who are GP recorded current smokers or have no smoking status recorded, whose notes record smoking status in the preceding 12 months.",Smoking: Record of smoking status (CVDP001SMOK),72.34,Other,Ethnicity,0,530.0,To March 2026,78.58,75.64,
E54000061,NHS South Yorkshire Integrated Care Board,Persons,36275.0,,,CVDP001SMOK,"Patients with GP recorded CVD or CVD risk factors who are GP recorded current smokers or have no smoking status recorded, whose notes record smoking status in the preceding 12 months.",Smoking: Record of smoking status (CVDP001SMOK),81.37,White,Ethnicity,0,29665.0,To March 2026,82.16,81.77,
E54000061,NHS South Yorkshire Integrated Care Board,Persons,40240.0,,,CVDP001SMOK,"Patients with GP recorded CVD or CVD risk factors who are GP recorded current smokers or have no smoking status recorded, whose notes record smoking status in the preceding 12 months.",Smoking: Record of smoking status (CVDP001SMOK),79.85,People without SMI,Mental Health,0,32290.0,To March 2026,80.63,80.25,
E54000061,NHS South Yorkshire Integrated Care Board,Persons,1555.0,,,CVDP001SMOK,"Patients with GP recorded CVD or CVD risk factors who are GP recorded current smokers or have no smoking status recorded, whose notes record smoking status in the preceding 12 months.",Smoking: Record of smoking status (CVDP001SMOK),89.72,People with SMI,Mental Health,0,1415.0,To March 2026,92.49,91.18,
E54000061,NHS South Yorkshire Integrated Care Board,Persons,41450.0,,,CVDP001SMOK,"Patients with GP recorded CVD or CVD risk factors who are GP recorded current smokers or have no smoking status recorded, whose notes record smoking status in the preceding 12 months.",Smoking: Record of smoking status (CVDP001SMOK),80.15,People without a diagnosed learning disability,Learning Disability,0,33380.0,To March 2026,80.91,80.53,
E54000061,NHS South Yorkshire Integrated Care Board,Persons,340.0,,,CVDP001SMOK,"Patients with GP recorded CVD or CVD risk factors who are GP recorded current smokers or have no smoking status recorded, whose notes record smoking status in the preceding 12 months.",Smoking: Record of smoking status (CVDP001SMOK),92.75,People with a diagnosed learning disability,Learning Disability,0,325.0,To March 2026,97.1,95.32,
E54000010,NHS Staffordshire and Stoke-on-Trent Integrated Care Board,Persons,32480.0,,,CVDP001SMOK,"Patients with GP recorded CVD or CVD risk factors who are GP recorded current smokers or have no smoking status recorded, whose notes record smoking status in the preceding 12 months.",Smoking: Record of smoking status (CVDP001SMOK),77.35,Persons,Sex,0,25275.0,To March 2026,78.25,77.81,
E54000010,NHS Staffordshire and Stoke-on-Trent Integrated Care Board,Female,13615.0,,,CVDP001SMOK,"Patients with GP recorded CVD or CVD risk factors who are GP recorded current smokers or have no smoking status recorded, whose notes record smoking status in the preceding 12 months.",Smoking: Record of smoking status (CVDP001SMOK),79.0,Female,Sex,0,10850.0,To March 2026,80.35,79.69,
E54000010,NHS Staffordshire and Stoke-on-Trent Integrated Care Board,Male,18870.0,,,CVDP001SMOK,"Patients with GP recorded CVD or CVD risk factors who are GP recorded current smokers or have no smoking status recorded, whose notes record smoking status in the preceding 12 months.",Smoking: Record of smoking status (CVDP001SMOK),75.84,Male,Sex,0,14425.0,To March 2026,77.05,76.45,
E54000010,NHS Staffordshire and Stoke-on-Trent Integrated Care Board,Male,1230.0,,,CVDP001SMOK,"Patients with GP recorded CVD or CVD risk factors who are GP recorded current smokers or have no smoking status recorded, whose notes record smoking status in the preceding 12 months.",Smoking: Record of smoking status (CVDP001SMOK),57.55,18-39,Age group,0,740.0,To March 2026,62.99,60.29,
E54000010,NHS Staffordshire and Stoke-on-Trent Integrated Care Board,Female,855.0,,,CVDP001SMOK,"Patients with GP recorded CVD or CVD risk factors who are GP recorded current smokers or have no smoking status recorded, whose notes record smoking status in the preceding 12 months.",Smoking: Record of smoking status (CVDP001SMOK),62.75,18-39,Age group,0,565.0,To March 2026,69.03,66.0,
E54000010,NHS Staffordshire and Stoke-on-Trent Integrated Care Board,Persons,2085.0,,,CVDP001SMOK,"Patients with GP recorded CVD or CVD risk factors who are GP recorded current smokers or have no smoking status recorded, whose notes record smoking status in the preceding 12 months.",Smoking: Record of smoking status (CVDP001SMOK),60.54,18-39,Age group,0,1305.0,To March 2026,64.66,62.64,
E54000010,NHS Staffordshire and Stoke-on-Trent Integrated Care Board,Male,7625.0,,,CVDP001SMOK,"Patients with GP recorded CVD or CVD risk factors who are GP recorded current smokers or have no smoking status recorded, whose notes record smoking status in the preceding 12 months.",Smoking: Record of smoking status (CVDP001SMOK),70.97,40-59,Age group,0,5485.0,To March 2026,72.97,71.98,
E54000010,NHS Staffordshire and Stoke-on-Trent Integrated Care Board,Female,4760.0,,,CVDP001SMOK,"Patients with GP recorded CVD or CVD risk factors who are GP recorded current smokers or have no smoking status recorded, whose notes record smoking status in the preceding 12 months.",Smoking: Record of smoking status (CVDP001SMOK),77.04,40-59,Age group,0,3725.0,To March 2026,79.37,78.22,
E54000010,NHS Staffordshire and Stoke-on-Trent Integrated Care Board,Persons,12385.0,,,CVDP001SMOK,"Patients with GP recorded CVD or CVD risk factors who are GP recorded current smokers or have no smoking status recorded, whose notes record smoking status in the preceding 12 months.",Smoking: Record of smoking status (CVDP001SMOK),73.6,40-59,Age group,0,9210.0,To March 2026,75.14,74.38,
E54000010,NHS Staffordshire and Stoke-on-Trent Integrated Care Board,Male,8990.0,,,CVDP001SMOK,"Patients with GP recorded CVD or CVD risk factors who are GP recorded current smokers or have no smoking status recorded, whose notes record smoking status in the preceding 12 months.",Smoking: Record of smoking status (CVDP001SMOK),80.71,60-79,Age group,0,7330.0,To March 2026,82.31,81.53,
E54000010,NHS Staffordshire and Stoke-on-Trent Integrated Care Board,Female,6925.0,,,CVDP001SMOK,"Patients with GP recorded CVD or CVD risk factors who are GP recorded current smokers or have no smoking status recorded, whose notes record smoking status in the preceding 12 months.",Smoking: Record of smoking status (CVDP001SMOK),81.69,60-79,Age group,0,5720.0,To March 2026,83.46,82.59,
E54000010,NHS Staffordshire and Stoke-on-Trent Integrated Care Board,Persons,15920.0,,,CVDP001SMOK,"Patients with GP recorded CVD or CVD risk factors who are GP recorded current smokers or have no smoking status recorded, whose notes record smoking status in the preceding 12 months.",Smoking: Record of smoking status (CVDP001SMOK),81.38,60-79,Age group,0,13050.0,To March 2026,82.58,81.99,
E54000010,NHS Staffordshire and Stoke-on-Trent Integrated Care Board,Male,1025.0,,,CVDP001SMOK,"Patients with GP recorded CVD or CVD risk factors who are GP recorded current smokers or have no smoking status recorded, whose notes record smoking status in the preceding 12 months.",Smoking: Record of smoking status (CVDP001SMOK),82.2,80+,Age group,0,865.0,To March 2026,86.58,84.49,
E54000010,NHS Staffordshire and Stoke-on-Trent Integrated Care Board,Female,1070.0,,,CVDP001SMOK,"Patients with GP recorded CVD or CVD risk factors who are GP recorded current smokers or have no smoking status recorded, whose notes record smoking status in the preceding 12 months.",Smoking: Record of smoking status (CVDP001SMOK),75.84,80+,Age group,0,840.0,To March 2026,80.69,78.39,
E54000010,NHS Staffordshire and Stoke-on-Trent Integrated Care Board,Persons,2095.0,,,CVDP001SMOK,"Patients with GP recorded CVD or CVD risk factors who are GP recorded current smokers or have no smoking status recorded, whose notes record smoking status in the preceding 12 months.",Smoking: Record of smoking status (CVDP001SMOK),79.69,80+,Age group,0,1705.0,To March 2026,82.98,81.38,
E54000010,NHS Staffordshire and Stoke-on-Trent Integrated Care Board,Persons,10325.0,,,CVDP001SMOK,"Patients with GP recorded CVD or CVD risk factors who are GP recorded current smokers or have no smoking status recorded, whose notes record smoking status in the preceding 12 months.",Smoking: Record of smoking status (CVDP001SMOK),77.73,1 - most deprived,Deprivation quintile,0,8105.0,To March 2026,79.3,78.52,
E54000010,NHS Staffordshire and Stoke-on-Trent Integrated Care Board,Persons,7630.0,,,CVDP001SMOK,"Patients with GP recorded CVD or CVD risk factors who are GP recorded current smokers or have no smoking status recorded, whose notes record smoking status in the preceding 12 months.",Smoking: Record of smoking status (CVDP001SMOK),77.11,2,Deprivation quintile,0,5955.0,To March 2026,78.96,78.05,
E54000010,NHS Staffordshire and Stoke-on-Trent Integrated Care Board,Persons,6005.0,,,CVDP001SMOK,"Patients with GP recorded CVD or CVD risk factors who are GP recorded current smokers or have no smoking status recorded, whose notes record smoking status in the preceding 12 months.",Smoking: Record of smoking status (CVDP001SMOK),75.59,3,Deprivation quintile,0,4605.0,To March 2026,77.72,76.68,
E54000010,NHS Staffordshire and Stoke-on-Trent Integrated Care Board,Persons,5425.0,,,CVDP001SMOK,"Patients with GP recorded CVD or CVD risk factors who are GP recorded current smokers or have no smoking status recorded, whose notes record smoking status in the preceding 12 months.",Smoking: Record of smoking status (CVDP001SMOK),76.96,4,Deprivation quintile,0,4235.0,To March 2026,79.16,78.07,
E54000010,NHS Staffordshire and Stoke-on-Trent Integrated Care Board,Persons,3365.0,,,CVDP001SMOK,"Patients with GP recorded CVD or CVD risk factors who are GP recorded current smokers or have no smoking status recorded, whose notes record smoking status in the preceding 12 months.",Smoking: Record of smoking status (CVDP001SMOK),74.38,5 - least deprived,Deprivation quintile,0,2555.0,To March 2026,77.26,75.85,
E54000010,NHS Staffordshire and Stoke-on-Trent Integrated Care Board,Persons,1370.0,,,CVDP001SMOK,"Patients with GP recorded CVD or CVD risk factors who are GP recorded current smokers or have no smoking status recorded, whose notes record smoking status in the preceding 12 months.",Smoking: Record of smoking status (CVDP001SMOK),72.23,Asian,Ethnicity,0,1020.0,To March 2026,76.82,74.58,
E54000010,NHS Staffordshire and Stoke-on-Trent Integrated Care Board,Persons,305.0,,,CVDP001SMOK,"Patients with GP recorded CVD or CVD risk factors who are GP recorded current smokers or have no smoking status recorded, whose notes record smoking status in the preceding 12 months.",Smoking: Record of smoking status (CVDP001SMOK),62.14,Black,Ethnicity,0,205.0,To March 2026,72.49,67.65,
E54000010,NHS Staffordshire and Stoke-on-Trent Integrated Care Board,Persons,290.0,,,CVDP001SMOK,"Patients with GP recorded CVD or CVD risk factors who are GP recorded current smokers or have no smoking status recorded, whose notes record smoking status in the preceding 12 months.",Smoking: Record of smoking status (CVDP001SMOK),46.05,Missing,Ethnicity,0,150.0,To March 2026,57.39,51.74,
E54000010,NHS Staffordshire and Stoke-on-Trent Integrated Care Board,Persons,295.0,,,CVDP001SMOK,"Patients with GP recorded CVD or CVD risk factors who are GP recorded current smokers or have no smoking status recorded, whose notes record smoking status in the preceding 12 months.",Smoking: Record of smoking status (CVDP001SMOK),67.11,Mixed,Ethnicity,0,215.0,To March 2026,77.18,72.54,
E54000010,NHS Staffordshire and Stoke-on-Trent Integrated Care Board,Persons,380.0,,,CVDP001SMOK,"Patients with GP recorded CVD or CVD risk factors who are GP recorded current smokers or have no smoking status recorded, whose notes record smoking status in the preceding 12 months.",Smoking: Record of smoking status (CVDP001SMOK),55.76,Not stated,Ethnicity,0,230.0,To March 2026,65.45,60.69,
E54000010,NHS Staffordshire and Stoke-on-Trent Integrated Care Board,Persons,375.0,,,CVDP001SMOK,"Patients with GP recorded CVD or CVD risk factors who are GP recorded current smokers or have no smoking status recorded, whose notes record smoking status in the preceding 12 months.",Smoking: Record of smoking status (CVDP001SMOK),70.0,Other,Ethnicity,0,280.0,To March 2026,78.68,74.54,
E54000010,NHS Staffordshire and Stoke-on-Trent Integrated Care Board,Persons,29470.0,,,CVDP001SMOK,"Patients with GP recorded CVD or CVD risk factors who are GP recorded current smokers or have no smoking status recorded, whose notes record smoking status in the preceding 12 months.",Smoking: Record of smoking status (CVDP001SMOK),78.16,White,Ethnicity,0,23170.0,To March 2026,79.09,78.63,
E54000010,NHS Staffordshire and Stoke-on-Trent Integrated Care Board,Persons,31415.0,,,CVDP001SMOK,"Patients with GP recorded CVD or CVD risk factors who are GP recorded current smokers or have no smoking status recorded, whose notes record smoking status in the preceding 12 months.",Smoking: Record of smoking status (CVDP001SMOK),76.92,People without SMI,Mental Health,0,24310.0,To March 2026,77.84,77.38,
E54000010,NHS Staffordshire and Stoke-on-Trent Integrated Care Board,Persons,1065.0,,,CVDP001SMOK,"Patients with GP recorded CVD or CVD risk factors who are GP recorded current smokers or have no smoking status recorded, whose notes record smoking status in the preceding 12 months.",Smoking: Record of smoking status (CVDP001SMOK),88.32,People with SMI,Mental Health,0,965.0,To March 2026,91.87,90.25,
E54000010,NHS Staffordshire and Stoke-on-Trent Integrated Care Board,Persons,32330.0,,,CVDP001SMOK,"Patients with GP recorded CVD or CVD risk factors who are GP recorded current smokers or have no smoking status recorded, whose notes record smoking status in the preceding 12 months.",Smoking: Record of smoking status (CVDP001SMOK),77.26,People without a diagnosed learning disability,Learning Disability,0,25125.0,To March 2026,78.17,77.72,
E54000010,NHS Staffordshire and Stoke-on-Trent Integrated Care Board,Persons,155.0,,,CVDP001SMOK,"Patients with GP recorded CVD or CVD risk factors who are GP recorded current smokers or have no smoking status recorded, whose notes record smoking status in the preceding 12 months.",Smoking: Record of smoking status (CVDP001SMOK),92.99,People with a diagnosed learning disability,Learning Disability,0,150.0,To March 2026,98.73,96.75,
E54000023,NHS Suffolk and North East Essex Integrated Care Board,Persons,28235.0,,,CVDP001SMOK,"Patients with GP recorded CVD or CVD risk factors who are GP recorded current smokers or have no smoking status recorded, whose notes record smoking status in the preceding 12 months.",Smoking: Record of smoking status (CVDP001SMOK),81.5,Persons,Sex,0,23135.0,To March 2026,82.39,81.95,
E54000023,NHS Suffolk and North East Essex Integrated Care Board,Female,12165.0,,,CVDP001SMOK,"Patients with GP recorded CVD or CVD risk factors who are GP recorded current smokers or have no smoking status recorded, whose notes record smoking status in the preceding 12 months.",Smoking: Record of smoking status (CVDP001SMOK),83.37,Female,Sex,0,10225.0,To March 2026,84.67,84.03,
E54000023,NHS Suffolk and North East Essex Integrated Care Board,Male,16065.0,,,CVDP001SMOK,"Patients with GP recorded CVD or CVD risk factors who are GP recorded current smokers or have no smoking status recorded, whose notes record smoking status in the preceding 12 months.",Smoking: Record of smoking status (CVDP001SMOK),79.75,Male,Sex,0,12915.0,To March 2026,80.98,80.37,
E54000023,NHS Suffolk and North East Essex Integrated Care Board,Male,1000.0,,,CVDP001SMOK,"Patients with GP recorded CVD or CVD risk factors who are GP recorded current smokers or have no smoking status recorded, whose notes record smoking status in the preceding 12 months.",Smoking: Record of smoking status (CVDP001SMOK),64.08,18-39,Age group,0,670.0,To March 2026,69.85,67.07,
E54000023,NHS Suffolk and North East Essex Integrated Care Board,Female,710.0,,,CVDP001SMOK,"Patients with GP recorded CVD or CVD risk factors who are GP recorded current smokers or have no smoking status recorded, whose notes record smoking status in the preceding 12 months.",Smoking: Record of smoking status (CVDP001SMOK),77.06,18-39,Age group,0,570.0,To March 2026,82.8,80.06,
E54000023,NHS Suffolk and North East Essex Integrated Care Board,Persons,1715.0,,,CVDP001SMOK,"Patients with GP recorded CVD or CVD risk factors who are GP recorded current smokers or have no smoking status recorded, whose notes record smoking status in the preceding 12 months.",Smoking: Record of smoking status (CVDP001SMOK),70.3,18-39,Age group,0,1240.0,To March 2026,74.49,72.46,
E54000023,NHS Suffolk and North East Essex Integrated Care Board,Male,6225.0,,,CVDP001SMOK,"Patients with GP recorded CVD or CVD risk factors who are GP recorded current smokers or have no smoking status recorded, whose notes record smoking status in the preceding 12 months.",Smoking: Record of smoking status (CVDP001SMOK),75.35,40-59,Age group,0,4755.0,To March 2026,77.45,76.41,
E54000023,NHS Suffolk and North East Essex Integrated Care Board,Female,4180.0,,,CVDP001SMOK,"Patients with GP recorded CVD or CVD risk factors who are GP recorded current smokers or have no smoking status recorded, whose notes record smoking status in the preceding 12 months.",Smoking: Record of smoking status (CVDP001SMOK),81.67,40-59,Age group,0,3465.0,To March 2026,83.94,82.83,
E54000023,NHS Suffolk and North East Essex Integrated Care Board,Persons,10405.0,,,CVDP001SMOK,"Patients with GP recorded CVD or CVD risk factors who are GP recorded current smokers or have no smoking status recorded, whose notes record smoking status in the preceding 12 months.",Smoking: Record of smoking status (CVDP001SMOK),78.2,40-59,Age group,0,8220.0,To March 2026,79.75,78.99,
E54000023,NHS Suffolk and North East Essex Integrated Care Board,Male,7770.0,,,CVDP001SMOK,"Patients with GP recorded CVD or CVD risk factors who are GP recorded current smokers or have no smoking status recorded, whose notes record smoking status in the preceding 12 months.",Smoking: Record of smoking status (CVDP001SMOK),83.38,60-79,Age group,0,6545.0,To March 2026,85.0,84.21,
E54000023,NHS Suffolk and North East Essex Integrated Care Board,Female,6140.0,,,CVDP001SMOK,"Patients with GP recorded CVD or CVD risk factors who are GP recorded current smokers or have no smoking status recorded, whose notes record smoking status in the preceding 12 months.",Smoking: Record of smoking status (CVDP001SMOK),84.42,60-79,Age group,0,5240.0,To March 2026,86.18,85.32,
E54000023,NHS Suffolk and North East Essex Integrated Care Board,Persons,13910.0,,,CVDP001SMOK,"Patients with GP recorded CVD or CVD risk factors who are GP recorded current smokers or have no smoking status recorded, whose notes record smoking status in the preceding 12 months.",Smoking: Record of smoking status (CVDP001SMOK),84.1,60-79,Age group,0,11785.0,To March 2026,85.29,84.7,
E54000023,NHS Suffolk and North East Essex Integrated Care Board,Male,1070.0,,,CVDP001SMOK,"Patients with GP recorded CVD or CVD risk factors who are GP recorded current smokers or have no smoking status recorded, whose notes record smoking status in the preceding 12 months.",Smoking: Record of smoking status (CVDP001SMOK),85.93,80+,Age group,0,940.0,To March 2026,89.75,87.94,
E54000023,NHS Suffolk and North East Essex Integrated Care Board,Female,1135.0,,,CVDP001SMOK,"Patients with GP recorded CVD or CVD risk factors who are GP recorded current smokers or have no smoking status recorded, whose notes record smoking status in the preceding 12 months.",Smoking: Record of smoking status (CVDP001SMOK),81.71,80+,Age group,0,950.0,To March 2026,85.93,83.95,
E54000023,NHS Suffolk and North East Essex Integrated Care Board,Persons,2205.0,,,CVDP001SMOK,"Patients with GP recorded CVD or CVD risk factors who are GP recorded current smokers or have no smoking status recorded, whose notes record smoking status in the preceding 12 months.",Smoking: Record of smoking status (CVDP001SMOK),84.37,80+,Age group,0,1895.0,To March 2026,87.27,85.89,
E54000023,NHS Suffolk and North East Essex Integrated Care Board,Persons,5805.0,,,CVDP001SMOK,"Patients with GP recorded CVD or CVD risk factors who are GP recorded current smokers or have no smoking status recorded, whose notes record smoking status in the preceding 12 months.",Smoking: Record of smoking status (CVDP001SMOK),80.74,1 - most deprived,Deprivation quintile,0,4745.0,To March 2026,82.72,81.75,
E54000023,NHS Suffolk and North East Essex Integrated Care Board,Persons,6475.0,,,CVDP001SMOK,"Patients with GP recorded CVD or CVD risk factors who are GP recorded current smokers or have no smoking status recorded, whose notes record smoking status in the preceding 12 months.",Smoking: Record of smoking status (CVDP001SMOK),81.75,2,Deprivation quintile,0,5355.0,To March 2026,83.59,82.69,
E54000023,NHS Suffolk and North East Essex Integrated Care Board,Persons,7690.0,,,CVDP001SMOK,"Patients with GP recorded CVD or CVD risk factors who are GP recorded current smokers or have no smoking status recorded, whose notes record smoking status in the preceding 12 months.",Smoking: Record of smoking status (CVDP001SMOK),80.55,3,Deprivation quintile,0,6260.0,To March 2026,82.28,81.43,
E54000023,NHS Suffolk and North East Essex Integrated Care Board,Persons,5020.0,,,CVDP001SMOK,"Patients with GP recorded CVD or CVD risk factors who are GP recorded current smokers or have no smoking status recorded, whose notes record smoking status in the preceding 12 months.",Smoking: Record of smoking status (CVDP001SMOK),80.31,4,Deprivation quintile,0,4085.0,To March 2026,82.46,81.41,
E54000023,NHS Suffolk and North East Essex Integrated Care Board,Persons,2935.0,,,CVDP001SMOK,"Patients with GP recorded CVD or CVD risk factors who are GP recorded current smokers or have no smoking status recorded, whose notes record smoking status in the preceding 12 months.",Smoking: Record of smoking status (CVDP001SMOK),80.98,5 - least deprived,Deprivation quintile,0,2420.0,To March 2026,83.7,82.39,
E54000023,NHS Suffolk and North East Essex Integrated Care Board,Persons,510.0,,,CVDP001SMOK,"Patients with GP recorded CVD or CVD risk factors who are GP recorded current smokers or have no smoking status recorded, whose notes record smoking status in the preceding 12 months.",Smoking: Record of smoking status (CVDP001SMOK),73.44,Asian,Ethnicity,0,395.0,To March 2026,80.66,77.21,
E54000023,NHS Suffolk and North East Essex Integrated Care Board,Persons,395.0,,,CVDP001SMOK,"Patients with GP recorded CVD or CVD risk factors who are GP recorded current smokers or have no smoking status recorded, whose notes record smoking status in the preceding 12 months.",Smoking: Record of smoking status (CVDP001SMOK),69.7,Black,Ethnicity,0,290.0,To March 2026,78.28,74.3,
E54000023,NHS Suffolk and North East Essex Integrated Care Board,Persons,310.0,,,CVDP001SMOK,"Patients with GP recorded CVD or CVD risk factors who are GP recorded current smokers or have no smoking status recorded, whose notes record smoking status in the preceding 12 months.",Smoking: Record of smoking status (CVDP001SMOK),52.88,Missing,Ethnicity,0,180.0,To March 2026,63.78,58.58,
E54000023,NHS Suffolk and North East Essex Integrated Care Board,Persons,250.0,,,CVDP001SMOK,"Patients with GP recorded CVD or CVD risk factors who are GP recorded current smokers or have no smoking status recorded, whose notes record smoking status in the preceding 12 months.",Smoking: Record of smoking status (CVDP001SMOK),74.31,Mixed,Ethnicity,0,200.0,To March 2026,84.19,79.6,
E54000023,NHS Suffolk and North East Essex Integrated Care Board,Persons,670.0,,,CVDP001SMOK,"Patients with GP recorded CVD or CVD risk factors who are GP recorded current smokers or have no smoking status recorded, whose notes record smoking status in the preceding 12 months.",Smoking: Record of smoking status (CVDP001SMOK),69.88,Not stated,Ethnicity,0,490.0,To March 2026,76.56,73.32,
E54000023,NHS Suffolk and North East Essex Integrated Care Board,Persons,245.0,,,CVDP001SMOK,"Patients with GP recorded CVD or CVD risk factors who are GP recorded current smokers or have no smoking status recorded, whose notes record smoking status in the preceding 12 months.",Smoking: Record of smoking status (CVDP001SMOK),70.33,Other,Ethnicity,0,185.0,To March 2026,80.89,76.13,
E54000023,NHS Suffolk and North East Essex Integrated Care Board,Persons,25860.0,,,CVDP001SMOK,"Patients with GP recorded CVD or CVD risk factors who are GP recorded current smokers or have no smoking status recorded, whose notes record smoking status in the preceding 12 months.",Smoking: Record of smoking status (CVDP001SMOK),82.27,White,Ethnicity,0,21395.0,To March 2026,83.19,82.74,
E54000023,NHS Suffolk and North East Essex Integrated Care Board,Persons,27230.0,,,CVDP001SMOK,"Patients with GP recorded CVD or CVD risk factors who are GP recorded current smokers or have no smoking status recorded, whose notes record smoking status in the preceding 12 months.",Smoking: Record of smoking status (CVDP001SMOK),81.12,People without SMI,Mental Health,0,22215.0,To March 2026,82.04,81.58,
E54000023,NHS Suffolk and North East Essex Integrated Care Board,Persons,1000.0,,,CVDP001SMOK,"Patients with GP recorded CVD or CVD risk factors who are GP recorded current smokers or have no smoking status recorded, whose notes record smoking status in the preceding 12 months.",Smoking: Record of smoking status (CVDP001SMOK),89.94,People with SMI,Mental Health,0,920.0,To March 2026,93.33,91.81,
E54000023,NHS Suffolk and North East Essex Integrated Care Board,Persons,28075.0,,,CVDP001SMOK,"Patients with GP recorded CVD or CVD risk factors who are GP recorded current smokers or have no smoking status recorded, whose notes record smoking status in the preceding 12 months.",Smoking: Record of smoking status (CVDP001SMOK),81.43,People without a diagnosed learning disability,Learning Disability,0,22990.0,To March 2026,82.33,81.89,
E54000023,NHS Suffolk and North East Essex Integrated Care Board,Persons,160.0,,,CVDP001SMOK,"Patients with GP recorded CVD or CVD risk factors who are GP recorded current smokers or have no smoking status recorded, whose notes record smoking status in the preceding 12 months.",Smoking: Record of smoking status (CVDP001SMOK),87.65,People with a diagnosed learning disability,Learning Disability,0,145.0,To March 2026,95.68,92.45,
E54000063,Nhs Surrey Heartlands Integrated Care Board,Persons,20305.0,,,CVDP001SMOK,"Patients with GP recorded CVD or CVD risk factors who are GP recorded current smokers or have no smoking status recorded, whose notes record smoking status in the preceding 12 months.",Smoking: Record of smoking status (CVDP001SMOK),73.7,Persons,Sex,0,15090.0,To March 2026,74.9,74.3,
E54000063,Nhs Surrey Heartlands Integrated Care Board,Female,8265.0,,,CVDP001SMOK,"Patients with GP recorded CVD or CVD risk factors who are GP recorded current smokers or have no smoking status recorded, whose notes record smoking status in the preceding 12 months.",Smoking: Record of smoking status (CVDP001SMOK),75.67,Female,Sex,0,6330.0,To March 2026,77.49,76.59,
E54000063,Nhs Surrey Heartlands Integrated Care Board,Male,12045.0,,,CVDP001SMOK,"Patients with GP recorded CVD or CVD risk factors who are GP recorded current smokers or have no smoking status recorded, whose notes record smoking status in the preceding 12 months.",Smoking: Record of smoking status (CVDP001SMOK),71.93,Male,Sex,0,8760.0,To March 2026,73.52,72.73,
E54000063,Nhs Surrey Heartlands Integrated Care Board,Male,765.0,,,CVDP001SMOK,"Patients with GP recorded CVD or CVD risk factors who are GP recorded current smokers or have no smoking status recorded, whose notes record smoking status in the preceding 12 months.",Smoking: Record of smoking status (CVDP001SMOK),52.6,18-39,Age group,0,430.0,To March 2026,59.48,56.06,
E54000063,Nhs Surrey Heartlands Integrated Care Board,Female,495.0,,,CVDP001SMOK,"Patients with GP recorded CVD or CVD risk factors who are GP recorded current smokers or have no smoking status recorded, whose notes record smoking status in the preceding 12 months.",Smoking: Record of smoking status (CVDP001SMOK),61.6,18-39,Age group,0,325.0,To March 2026,69.8,65.79,
E54000063,Nhs Surrey Heartlands Integrated Care Board,Persons,1265.0,,,CVDP001SMOK,"Patients with GP recorded CVD or CVD risk factors who are GP recorded current smokers or have no smoking status recorded, whose notes record smoking status in the preceding 12 months.",Smoking: Record of smoking status (CVDP001SMOK),57.14,18-39,Age group,0,755.0,To March 2026,62.51,59.89,
E54000063,Nhs Surrey Heartlands Integrated Care Board,Male,4935.0,,,CVDP001SMOK,"Patients with GP recorded CVD or CVD risk factors who are GP recorded current smokers or have no smoking status recorded, whose notes record smoking status in the preceding 12 months.",Smoking: Record of smoking status (CVDP001SMOK),67.75,40-59,Age group,0,3405.0,To March 2026,70.32,69.05,
E54000063,Nhs Surrey Heartlands Integrated Care Board,Female,2800.0,,,CVDP001SMOK,"Patients with GP recorded CVD or CVD risk factors who are GP recorded current smokers or have no smoking status recorded, whose notes record smoking status in the preceding 12 months.",Smoking: Record of smoking status (CVDP001SMOK),73.8,40-59,Age group,0,2110.0,To March 2026,76.97,75.41,
E54000063,Nhs Surrey Heartlands Integrated Care Board,Persons,7730.0,,,CVDP001SMOK,"Patients with GP recorded CVD or CVD risk factors who are GP recorded current smokers or have no smoking status recorded, whose notes record smoking status in the preceding 12 months.",Smoking: Record of smoking status (CVDP001SMOK),70.34,40-59,Age group,0,5515.0,To March 2026,72.34,71.35,
E54000063,Nhs Surrey Heartlands Integrated Care Board,Male,5565.0,,,CVDP001SMOK,"Patients with GP recorded CVD or CVD risk factors who are GP recorded current smokers or have no smoking status recorded, whose notes record smoking status in the preceding 12 months.",Smoking: Record of smoking status (CVDP001SMOK),76.56,60-79,Age group,0,4320.0,To March 2026,78.74,77.66,
E54000063,Nhs Surrey Heartlands Integrated Care Board,Female,3980.0,,,CVDP001SMOK,"Patients with GP recorded CVD or CVD risk factors who are GP recorded current smokers or have no smoking status recorded, whose notes record smoking status in the preceding 12 months.",Smoking: Record of smoking status (CVDP001SMOK),77.26,60-79,Age group,0,3125.0,To March 2026,79.79,78.55,
E54000063,Nhs Surrey Heartlands Integrated Care Board,Persons,9545.0,,,CVDP001SMOK,"Patients with GP recorded CVD or CVD risk factors who are GP recorded current smokers or have no smoking status recorded, whose notes record smoking status in the preceding 12 months.",Smoking: Record of smoking status (CVDP001SMOK),77.19,60-79,Age group,0,7450.0,To March 2026,78.85,78.03,
E54000063,Nhs Surrey Heartlands Integrated Care Board,Male,780.0,,,CVDP001SMOK,"Patients with GP recorded CVD or CVD risk factors who are GP recorded current smokers or have no smoking status recorded, whose notes record smoking status in the preceding 12 months.",Smoking: Record of smoking status (CVDP001SMOK),74.26,80+,Age group,0,600.0,To March 2026,80.03,77.25,
E54000063,Nhs Surrey Heartlands Integrated Care Board,Female,985.0,,,CVDP001SMOK,"Patients with GP recorded CVD or CVD risk factors who are GP recorded current smokers or have no smoking status recorded, whose notes record smoking status in the preceding 12 months.",Smoking: Record of smoking status (CVDP001SMOK),74.85,80+,Age group,0,765.0,To March 2026,80.0,77.51,
E54000063,Nhs Surrey Heartlands Integrated Care Board,Persons,1765.0,,,CVDP001SMOK,"Patients with GP recorded CVD or CVD risk factors who are GP recorded current smokers or have no smoking status recorded, whose notes record smoking status in the preceding 12 months.",Smoking: Record of smoking status (CVDP001SMOK),75.4,80+,Age group,0,1365.0,To March 2026,79.24,77.39,
E54000063,Nhs Surrey Heartlands Integrated Care Board,Persons,300.0,,,CVDP001SMOK,"Patients with GP recorded CVD or CVD risk factors who are GP recorded current smokers or have no smoking status recorded, whose notes record smoking status in the preceding 12 months.",Smoking: Record of smoking status (CVDP001SMOK),72.85,1 - most deprived,Deprivation quintile,0,235.0,To March 2026,82.12,77.93,
E54000063,Nhs Surrey Heartlands Integrated Care Board,Persons,2910.0,,,CVDP001SMOK,"Patients with GP recorded CVD or CVD risk factors who are GP recorded current smokers or have no smoking status recorded, whose notes record smoking status in the preceding 12 months.",Smoking: Record of smoking status (CVDP001SMOK),73.16,2,Deprivation quintile,0,2175.0,To March 2026,76.29,74.75,
E54000063,Nhs Surrey Heartlands Integrated Care Board,Persons,4255.0,,,CVDP001SMOK,"Patients with GP recorded CVD or CVD risk factors who are GP recorded current smokers or have no smoking status recorded, whose notes record smoking status in the preceding 12 months.",Smoking: Record of smoking status (CVDP001SMOK),74.67,3,Deprivation quintile,0,3235.0,To March 2026,77.22,75.96,
E54000063,Nhs Surrey Heartlands Integrated Care Board,Persons,5730.0,,,CVDP001SMOK,"Patients with GP recorded CVD or CVD risk factors who are GP recorded current smokers or have no smoking status recorded, whose notes record smoking status in the preceding 12 months.",Smoking: Record of smoking status (CVDP001SMOK),73.46,4,Deprivation quintile,0,4275.0,To March 2026,75.72,74.6,
E54000063,Nhs Surrey Heartlands Integrated Care Board,Persons,7540.0,,,CVDP001SMOK,"Patients with GP recorded CVD or CVD risk factors who are GP recorded current smokers or have no smoking status recorded, whose notes record smoking status in the preceding 12 months.",Smoking: Record of smoking status (CVDP001SMOK),71.78,5 - least deprived,Deprivation quintile,0,5490.0,To March 2026,73.78,72.79,
E54000063,Nhs Surrey Heartlands Integrated Care Board,Persons,1320.0,,,CVDP001SMOK,"Patients with GP recorded CVD or CVD risk factors who are GP recorded current smokers or have no smoking status recorded, whose notes record smoking status in the preceding 12 months.",Smoking: Record of smoking status (CVDP001SMOK),69.19,Asian,Ethnicity,0,945.0,To March 2026,74.03,71.7,
E54000063,Nhs Surrey Heartlands Integrated Care Board,Persons,305.0,,,CVDP001SMOK,"Patients with GP recorded CVD or CVD risk factors who are GP recorded current smokers or have no smoking status recorded, whose notes record smoking status in the preceding 12 months.",Smoking: Record of smoking status (CVDP001SMOK),62.09,Black,Ethnicity,0,205.0,To March 2026,72.55,67.66,
E54000063,Nhs Surrey Heartlands Integrated Care Board,Persons,320.0,,,CVDP001SMOK,"Patients with GP recorded CVD or CVD risk factors who are GP recorded current smokers or have no smoking status recorded, whose notes record smoking status in the preceding 12 months.",Smoking: Record of smoking status (CVDP001SMOK),36.53,Missing,Ethnicity,0,135.0,To March 2026,47.06,41.88,
E54000063,Nhs Surrey Heartlands Integrated Care Board,Persons,320.0,,,CVDP001SMOK,"Patients with GP recorded CVD or CVD risk factors who are GP recorded current smokers or have no smoking status recorded, whose notes record smoking status in the preceding 12 months.",Smoking: Record of smoking status (CVDP001SMOK),66.25,Mixed,Ethnicity,0,230.0,To March 2026,75.85,71.25,
E54000063,Nhs Surrey Heartlands Integrated Care Board,Persons,995.0,,,CVDP001SMOK,"Patients with GP recorded CVD or CVD risk factors who are GP recorded current smokers or have no smoking status recorded, whose notes record smoking status in the preceding 12 months.",Smoking: Record of smoking status (CVDP001SMOK),62.4,Not stated,Ethnicity,0,650.0,To March 2026,68.2,65.4,
E54000063,Nhs Surrey Heartlands Integrated Care Board,Persons,405.0,,,CVDP001SMOK,"Patients with GP recorded CVD or CVD risk factors who are GP recorded current smokers or have no smoking status recorded, whose notes record smoking status in the preceding 12 months.",Smoking: Record of smoking status (CVDP001SMOK),69.53,Other,Ethnicity,0,300.0,To March 2026,77.89,74.01,
E54000063,Nhs Surrey Heartlands Integrated Care Board,Persons,16645.0,,,CVDP001SMOK,"Patients with GP recorded CVD or CVD risk factors who are GP recorded current smokers or have no smoking status recorded, whose notes record smoking status in the preceding 12 months.",Smoking: Record of smoking status (CVDP001SMOK),75.2,White,Ethnicity,0,12625.0,To March 2026,76.49,75.85,
E54000063,Nhs Surrey Heartlands Integrated Care Board,Persons,19520.0,,,CVDP001SMOK,"Patients with GP recorded CVD or CVD risk factors who are GP recorded current smokers or have no smoking status recorded, whose notes record smoking status in the preceding 12 months.",Smoking: Record of smoking status (CVDP001SMOK),73.1,People without SMI,Mental Health,0,14390.0,To March 2026,74.33,73.72,
E54000063,Nhs Surrey Heartlands Integrated Care Board,Persons,785.0,,,CVDP001SMOK,"Patients with GP recorded CVD or CVD risk factors who are GP recorded current smokers or have no smoking status recorded, whose notes record smoking status in the preceding 12 months.",Smoking: Record of smoking status (CVDP001SMOK),86.44,People with SMI,Mental Health,0,700.0,To March 2026,90.75,88.8,
E54000063,Nhs Surrey Heartlands Integrated Care Board,Persons,20185.0,,,CVDP001SMOK,"Patients with GP recorded CVD or CVD risk factors who are GP recorded current smokers or have no smoking status recorded, whose notes record smoking status in the preceding 12 months.",Smoking: Record of smoking status (CVDP001SMOK),73.6,People without a diagnosed learning disability,Learning Disability,0,14980.0,To March 2026,74.81,74.21,
E54000063,Nhs Surrey Heartlands Integrated Care Board,Persons,120.0,,,CVDP001SMOK,"Patients with GP recorded CVD or CVD risk factors who are GP recorded current smokers or have no smoking status recorded, whose notes record smoking status in the preceding 12 months.",Smoking: Record of smoking status (CVDP001SMOK),83.74,People with a diagnosed learning disability,Learning Disability,0,110.0,To March 2026,94.31,90.0,
E54000064,Nhs Sussex Integrated Care Board,Persons,45280.0,,,CVDP001SMOK,"Patients with GP recorded CVD or CVD risk factors who are GP recorded current smokers or have no smoking status recorded, whose notes record smoking status in the preceding 12 months.",Smoking: Record of smoking status (CVDP001SMOK),75.83,Persons,Sex,0,34515.0,To March 2026,76.61,76.22,
E54000064,Nhs Sussex Integrated Care Board,Female,19145.0,,,CVDP001SMOK,"Patients with GP recorded CVD or CVD risk factors who are GP recorded current smokers or have no smoking status recorded, whose notes record smoking status in the preceding 12 months.",Smoking: Record of smoking status (CVDP001SMOK),77.73,Female,Sex,0,14995.0,To March 2026,78.9,78.32,
E54000064,Nhs Sussex Integrated Care Board,Male,26135.0,,,CVDP001SMOK,"Patients with GP recorded CVD or CVD risk factors who are GP recorded current smokers or have no smoking status recorded, whose notes record smoking status in the preceding 12 months.",Smoking: Record of smoking status (CVDP001SMOK),74.16,Male,Sex,0,19520.0,To March 2026,75.21,74.69,
E54000064,Nhs Sussex Integrated Care Board,Male,1655.0,,,CVDP001SMOK,"Patients with GP recorded CVD or CVD risk factors who are GP recorded current smokers or have no smoking status recorded, whose notes record smoking status in the preceding 12 months.",Smoking: Record of smoking status (CVDP001SMOK),60.29,18-39,Age group,0,1035.0,To March 2026,64.94,62.64,
E54000064,Nhs Sussex Integrated Care Board,Female,1225.0,,,CVDP001SMOK,"Patients with GP recorded CVD or CVD risk factors who are GP recorded current smokers or have no smoking status recorded, whose notes record smoking status in the preceding 12 months.",Smoking: Record of smoking status (CVDP001SMOK),67.29,18-39,Age group,0,855.0,To March 2026,72.35,69.91,
E54000064,Nhs Sussex Integrated Care Board,Persons,2875.0,,,CVDP001SMOK,"Patients with GP recorded CVD or CVD risk factors who are GP recorded current smokers or have no smoking status recorded, whose notes record smoking status in the preceding 12 months.",Smoking: Record of smoking status (CVDP001SMOK),63.99,18-39,Age group,0,1890.0,To March 2026,67.43,65.73,
E54000064,Nhs Sussex Integrated Care Board,Male,10440.0,,,CVDP001SMOK,"Patients with GP recorded CVD or CVD risk factors who are GP recorded current smokers or have no smoking status recorded, whose notes record smoking status in the preceding 12 months.",Smoking: Record of smoking status (CVDP001SMOK),70.21,40-59,Age group,0,7420.0,To March 2026,71.95,71.09,
E54000064,Nhs Sussex Integrated Care Board,Female,6680.0,,,CVDP001SMOK,"Patients with GP recorded CVD or CVD risk factors who are GP recorded current smokers or have no smoking status recorded, whose notes record smoking status in the preceding 12 months.",Smoking: Record of smoking status (CVDP001SMOK),76.56,40-59,Age group,0,5180.0,To March 2026,78.55,77.56,
E54000064,Nhs Sussex Integrated Care Board,Persons,17120.0,,,CVDP001SMOK,"Patients with GP recorded CVD or CVD risk factors who are GP recorded current smokers or have no smoking status recorded, whose notes record smoking status in the preceding 12 months.",Smoking: Record of smoking status (CVDP001SMOK),72.95,40-59,Age group,0,12600.0,To March 2026,74.27,73.61,
E54000064,Nhs Sussex Integrated Care Board,Male,12570.0,,,CVDP001SMOK,"Patients with GP recorded CVD or CVD risk factors who are GP recorded current smokers or have no smoking status recorded, whose notes record smoking status in the preceding 12 months.",Smoking: Record of smoking status (CVDP001SMOK),77.95,60-79,Age group,0,9890.0,To March 2026,79.38,78.67,
E54000064,Nhs Sussex Integrated Care Board,Female,9615.0,,,CVDP001SMOK,"Patients with GP recorded CVD or CVD risk factors who are GP recorded current smokers or have no smoking status recorded, whose notes record smoking status in the preceding 12 months.",Smoking: Record of smoking status (CVDP001SMOK),79.46,60-79,Age group,0,7720.0,To March 2026,81.05,80.26,
E54000064,Nhs Sussex Integrated Care Board,Persons,22190.0,,,CVDP001SMOK,"Patients with GP recorded CVD or CVD risk factors who are GP recorded current smokers or have no smoking status recorded, whose notes record smoking status in the preceding 12 months.",Smoking: Record of smoking status (CVDP001SMOK),78.82,60-79,Age group,0,17610.0,To March 2026,79.89,79.36,
E54000064,Nhs Sussex Integrated Care Board,Male,1470.0,,,CVDP001SMOK,"Patients with GP recorded CVD or CVD risk factors who are GP recorded current smokers or have no smoking status recorded, whose notes record smoking status in the preceding 12 months.",Smoking: Record of smoking status (CVDP001SMOK),77.63,80+,Age group,0,1175.0,To March 2026,81.69,79.76,
E54000064,Nhs Sussex Integrated Care Board,Female,1625.0,,,CVDP001SMOK,"Patients with GP recorded CVD or CVD risk factors who are GP recorded current smokers or have no smoking status recorded, whose notes record smoking status in the preceding 12 months.",Smoking: Record of smoking status (CVDP001SMOK),74.12,80+,Age group,0,1240.0,To March 2026,78.24,76.23,
E54000064,Nhs Sussex Integrated Care Board,Persons,3095.0,,,CVDP001SMOK,"Patients with GP recorded CVD or CVD risk factors who are GP recorded current smokers or have no smoking status recorded, whose notes record smoking status in the preceding 12 months.",Smoking: Record of smoking status (CVDP001SMOK),76.41,80+,Age group,0,2410.0,To March 2026,79.32,77.91,
E54000064,Nhs Sussex Integrated Care Board,Persons,7910.0,,,CVDP001SMOK,"Patients with GP recorded CVD or CVD risk factors who are GP recorded current smokers or have no smoking status recorded, whose notes record smoking status in the preceding 12 months.",Smoking: Record of smoking status (CVDP001SMOK),76.39,1 - most deprived,Deprivation quintile,0,6115.0,To March 2026,78.23,77.33,
E54000064,Nhs Sussex Integrated Care Board,Persons,10070.0,,,CVDP001SMOK,"Patients with GP recorded CVD or CVD risk factors who are GP recorded current smokers or have no smoking status recorded, whose notes record smoking status in the preceding 12 months.",Smoking: Record of smoking status (CVDP001SMOK),75.26,2,Deprivation quintile,0,7665.0,To March 2026,76.91,76.09,
E54000064,Nhs Sussex Integrated Care Board,Persons,12520.0,,,CVDP001SMOK,"Patients with GP recorded CVD or CVD risk factors who are GP recorded current smokers or have no smoking status recorded, whose notes record smoking status in the preceding 12 months.",Smoking: Record of smoking status (CVDP001SMOK),75.81,3,Deprivation quintile,0,9585.0,To March 2026,77.29,76.55,
E54000064,Nhs Sussex Integrated Care Board,Persons,8445.0,,,CVDP001SMOK,"Patients with GP recorded CVD or CVD risk factors who are GP recorded current smokers or have no smoking status recorded, whose notes record smoking status in the preceding 12 months.",Smoking: Record of smoking status (CVDP001SMOK),74.25,4,Deprivation quintile,0,6350.0,To March 2026,76.08,75.17,
E54000064,Nhs Sussex Integrated Care Board,Persons,6315.0,,,CVDP001SMOK,"Patients with GP recorded CVD or CVD risk factors who are GP recorded current smokers or have no smoking status recorded, whose notes record smoking status in the preceding 12 months.",Smoking: Record of smoking status (CVDP001SMOK),74.45,5 - least deprived,Deprivation quintile,0,4770.0,To March 2026,76.56,75.52,
E54000064,Nhs Sussex Integrated Care Board,Persons,1425.0,,,CVDP001SMOK,"Patients with GP recorded CVD or CVD risk factors who are GP recorded current smokers or have no smoking status recorded, whose notes record smoking status in the preceding 12 months.",Smoking: Record of smoking status (CVDP001SMOK),70.2,Asian,Ethnicity,0,1035.0,To March 2026,74.82,72.59,
E54000064,Nhs Sussex Integrated Care Board,Persons,680.0,,,CVDP001SMOK,"Patients with GP recorded CVD or CVD risk factors who are GP recorded current smokers or have no smoking status recorded, whose notes record smoking status in the preceding 12 months.",Smoking: Record of smoking status (CVDP001SMOK),70.51,Black,Ethnicity,0,505.0,To March 2026,77.08,73.9,
E54000064,Nhs Sussex Integrated Care Board,Persons,1125.0,,,CVDP001SMOK,"Patients with GP recorded CVD or CVD risk factors who are GP recorded current smokers or have no smoking status recorded, whose notes record smoking status in the preceding 12 months.",Smoking: Record of smoking status (CVDP001SMOK),53.85,Missing,Ethnicity,0,640.0,To March 2026,59.61,56.75,
E54000064,Nhs Sussex Integrated Care Board,Persons,585.0,,,CVDP001SMOK,"Patients with GP recorded CVD or CVD risk factors who are GP recorded current smokers or have no smoking status recorded, whose notes record smoking status in the preceding 12 months.",Smoking: Record of smoking status (CVDP001SMOK),69.15,Mixed,Ethnicity,0,430.0,To March 2026,76.27,72.91,
E54000064,Nhs Sussex Integrated Care Board,Persons,2835.0,,,CVDP001SMOK,"Patients with GP recorded CVD or CVD risk factors who are GP recorded current smokers or have no smoking status recorded, whose notes record smoking status in the preceding 12 months.",Smoking: Record of smoking status (CVDP001SMOK),67.36,Not stated,Ethnicity,0,1960.0,To March 2026,70.74,69.09,
E54000064,Nhs Sussex Integrated Care Board,Persons,620.0,,,CVDP001SMOK,"Patients with GP recorded CVD or CVD risk factors who are GP recorded current smokers or have no smoking status recorded, whose notes record smoking status in the preceding 12 months.",Smoking: Record of smoking status (CVDP001SMOK),69.82,Other,Ethnicity,0,455.0,To March 2026,76.73,73.39,
E54000064,Nhs Sussex Integrated Care Board,Persons,38005.0,,,CVDP001SMOK,"Patients with GP recorded CVD or CVD risk factors who are GP recorded current smokers or have no smoking status recorded, whose notes record smoking status in the preceding 12 months.",Smoking: Record of smoking status (CVDP001SMOK),77.19,White,Ethnicity,0,29495.0,To March 2026,78.02,77.61,
E54000064,Nhs Sussex Integrated Care Board,Persons,43105.0,,,CVDP001SMOK,"Patients with GP recorded CVD or CVD risk factors who are GP recorded current smokers or have no smoking status recorded, whose notes record smoking status in the preceding 12 months.",Smoking: Record of smoking status (CVDP001SMOK),75.09,People without SMI,Mental Health,0,32545.0,To March 2026,75.91,75.5,
E54000064,Nhs Sussex Integrated Care Board,Persons,2175.0,,,CVDP001SMOK,"Patients with GP recorded CVD or CVD risk factors who are GP recorded current smokers or have no smoking status recorded, whose notes record smoking status in the preceding 12 months.",Smoking: Record of smoking status (CVDP001SMOK),89.22,People with SMI,Mental Health,0,1970.0,To March 2026,91.65,90.49,
E54000064,Nhs Sussex Integrated Care Board,Persons,44995.0,,,CVDP001SMOK,"Patients with GP recorded CVD or CVD risk factors who are GP recorded current smokers or have no smoking status recorded, whose notes record smoking status in the preceding 12 months.",Smoking: Record of smoking status (CVDP001SMOK),75.72,People without a diagnosed learning disability,Learning Disability,0,34250.0,To March 2026,76.51,76.12,
E54000064,Nhs Sussex Integrated Care Board,Persons,285.0,,,CVDP001SMOK,"Patients with GP recorded CVD or CVD risk factors who are GP recorded current smokers or have no smoking status recorded, whose notes record smoking status in the preceding 12 months.",Smoking: Record of smoking status (CVDP001SMOK),89.86,People with a diagnosed learning disability,Learning Disability,0,265.0,To March 2026,95.45,93.29,
E54000054,NHS West Yorkshire Integrated Care Board,Persons,81185.0,,,CVDP001SMOK,"Patients with GP recorded CVD or CVD risk factors who are GP recorded current smokers or have no smoking status recorded, whose notes record smoking status in the preceding 12 months.",Smoking: Record of smoking status (CVDP001SMOK),80.01,Persons,Sex,0,65180.0,To March 2026,80.56,80.29,
E54000054,NHS West Yorkshire Integrated Care Board,Female,33235.0,,,CVDP001SMOK,"Patients with GP recorded CVD or CVD risk factors who are GP recorded current smokers or have no smoking status recorded, whose notes record smoking status in the preceding 12 months.",Smoking: Record of smoking status (CVDP001SMOK),82.28,Female,Sex,0,27480.0,To March 2026,83.09,82.69,
E54000054,NHS West Yorkshire Integrated Care Board,Male,47950.0,,,CVDP001SMOK,"Patients with GP recorded CVD or CVD risk factors who are GP recorded current smokers or have no smoking status recorded, whose notes record smoking status in the preceding 12 months.",Smoking: Record of smoking status (CVDP001SMOK),78.25,Male,Sex,0,37700.0,To March 2026,78.98,78.62,
E54000054,NHS West Yorkshire Integrated Care Board,Male,3990.0,,,CVDP001SMOK,"Patients with GP recorded CVD or CVD risk factors who are GP recorded current smokers or have no smoking status recorded, whose notes record smoking status in the preceding 12 months.",Smoking: Record of smoking status (CVDP001SMOK),59.92,18-39,Age group,0,2455.0,To March 2026,62.93,61.45,
E54000054,NHS West Yorkshire Integrated Care Board,Female,2380.0,,,CVDP001SMOK,"Patients with GP recorded CVD or CVD risk factors who are GP recorded current smokers or have no smoking status recorded, whose notes record smoking status in the preceding 12 months.",Smoking: Record of smoking status (CVDP001SMOK),66.27,18-39,Age group,0,1620.0,To March 2026,70.01,68.17,
E54000054,NHS West Yorkshire Integrated Care Board,Persons,6370.0,,,CVDP001SMOK,"Patients with GP recorded CVD or CVD risk factors who are GP recorded current smokers or have no smoking status recorded, whose notes record smoking status in the preceding 12 months.",Smoking: Record of smoking status (CVDP001SMOK),62.76,18-39,Age group,0,4075.0,To March 2026,65.12,63.96,
E54000054,NHS West Yorkshire Integrated Care Board,Male,21535.0,,,CVDP001SMOK,"Patients with GP recorded CVD or CVD risk factors who are GP recorded current smokers or have no smoking status recorded, whose notes record smoking status in the preceding 12 months.",Smoking: Record of smoking status (CVDP001SMOK),75.02,40-59,Age group,0,16280.0,To March 2026,76.17,75.6,
E54000054,NHS West Yorkshire Integrated Care Board,Female,12335.0,,,CVDP001SMOK,"Patients with GP recorded CVD or CVD risk factors who are GP recorded current smokers or have no smoking status recorded, whose notes record smoking status in the preceding 12 months.",Smoking: Record of smoking status (CVDP001SMOK),80.24,40-59,Age group,0,9985.0,To March 2026,81.62,80.94,
E54000054,NHS West Yorkshire Integrated Care Board,Persons,33870.0,,,CVDP001SMOK,"Patients with GP recorded CVD or CVD risk factors who are GP recorded current smokers or have no smoking status recorded, whose notes record smoking status in the preceding 12 months.",Smoking: Record of smoking status (CVDP001SMOK),77.1,40-59,Age group,0,26265.0,To March 2026,77.99,77.54,
E54000054,NHS West Yorkshire Integrated Care Board,Male,20425.0,,,CVDP001SMOK,"Patients with GP recorded CVD or CVD risk factors who are GP recorded current smokers or have no smoking status recorded, whose notes record smoking status in the preceding 12 months.",Smoking: Record of smoking status (CVDP001SMOK),83.73,60-79,Age group,0,17205.0,To March 2026,84.73,84.23,
E54000054,NHS West Yorkshire Integrated Care Board,Female,16035.0,,,CVDP001SMOK,"Patients with GP recorded CVD or CVD risk factors who are GP recorded current smokers or have no smoking status recorded, whose notes record smoking status in the preceding 12 months.",Smoking: Record of smoking status (CVDP001SMOK),84.89,60-79,Age group,0,13700.0,To March 2026,85.98,85.45,
E54000054,NHS West Yorkshire Integrated Care Board,Persons,36460.0,,,CVDP001SMOK,"Patients with GP recorded CVD or CVD risk factors who are GP recorded current smokers or have no smoking status recorded, whose notes record smoking status in the preceding 12 months.",Smoking: Record of smoking status (CVDP001SMOK),84.4,60-79,Age group,0,30905.0,To March 2026,85.13,84.77,
E54000054,NHS West Yorkshire Integrated Care Board,Male,2000.0,,,CVDP001SMOK,"Patients with GP recorded CVD or CVD risk factors who are GP recorded current smokers or have no smoking status recorded, whose notes record smoking status in the preceding 12 months.",Smoking: Record of smoking status (CVDP001SMOK),86.62,80+,Age group,0,1760.0,To March 2026,89.42,88.1,
E54000054,NHS West Yorkshire Integrated Care Board,Female,2485.0,,,CVDP001SMOK,"Patients with GP recorded CVD or CVD risk factors who are GP recorded current smokers or have no smoking status recorded, whose notes record smoking status in the preceding 12 months.",Smoking: Record of smoking status (CVDP001SMOK),86.13,80+,Age group,0,2175.0,To March 2026,88.71,87.48,
E54000054,NHS West Yorkshire Integrated Care Board,Persons,4485.0,,,CVDP001SMOK,"Patients with GP recorded CVD or CVD risk factors who are GP recorded current smokers or have no smoking status recorded, whose notes record smoking status in the preceding 12 months.",Smoking: Record of smoking status (CVDP001SMOK),86.76,80+,Age group,0,3935.0,To March 2026,88.68,87.76,
E54000054,NHS West Yorkshire Integrated Care Board,Persons,42175.0,,,CVDP001SMOK,"Patients with GP recorded CVD or CVD risk factors who are GP recorded current smokers or have no smoking status recorded, whose notes record smoking status in the preceding 12 months.",Smoking: Record of smoking status (CVDP001SMOK),80.46,1 - most deprived,Deprivation quintile,0,34090.0,To March 2026,81.21,80.84,
E54000054,NHS West Yorkshire Integrated Care Board,Persons,15565.0,,,CVDP001SMOK,"Patients with GP recorded CVD or CVD risk factors who are GP recorded current smokers or have no smoking status recorded, whose notes record smoking status in the preceding 12 months.",Smoking: Record of smoking status (CVDP001SMOK),79.48,2,Deprivation quintile,0,12470.0,To March 2026,80.74,80.12,
E54000054,NHS West Yorkshire Integrated Care Board,Persons,10565.0,,,CVDP001SMOK,"Patients with GP recorded CVD or CVD risk factors who are GP recorded current smokers or have no smoking status recorded, whose notes record smoking status in the preceding 12 months.",Smoking: Record of smoking status (CVDP001SMOK),78.96,3,Deprivation quintile,0,8425.0,To March 2026,80.49,79.74,
E54000054,NHS West Yorkshire Integrated Care Board,Persons,8590.0,,,CVDP001SMOK,"Patients with GP recorded CVD or CVD risk factors who are GP recorded current smokers or have no smoking status recorded, whose notes record smoking status in the preceding 12 months.",Smoking: Record of smoking status (CVDP001SMOK),78.22,4,Deprivation quintile,0,6795.0,To March 2026,79.93,79.08,
E54000054,NHS West Yorkshire Integrated Care Board,Persons,4085.0,,,CVDP001SMOK,"Patients with GP recorded CVD or CVD risk factors who are GP recorded current smokers or have no smoking status recorded, whose notes record smoking status in the preceding 12 months.",Smoking: Record of smoking status (CVDP001SMOK),77.41,5 - least deprived,Deprivation quintile,0,3215.0,To March 2026,79.91,78.69,
E54000054,NHS West Yorkshire Integrated Care Board,Persons,10790.0,,,CVDP001SMOK,"Patients with GP recorded CVD or CVD risk factors who are GP recorded current smokers or have no smoking status recorded, whose notes record smoking status in the preceding 12 months.",Smoking: Record of smoking status (CVDP001SMOK),76.31,Asian,Ethnicity,0,8320.0,To March 2026,77.9,77.11,
E54000054,NHS West Yorkshire Integrated Care Board,Persons,1560.0,,,CVDP001SMOK,"Patients with GP recorded CVD or CVD risk factors who are GP recorded current smokers or have no smoking status recorded, whose notes record smoking status in the preceding 12 months.",Smoking: Record of smoking status (CVDP001SMOK),73.59,Black,Ethnicity,0,1185.0,To March 2026,77.81,75.78,
E54000054,NHS West Yorkshire Integrated Care Board,Persons,2105.0,,,CVDP001SMOK,"Patients with GP recorded CVD or CVD risk factors who are GP recorded current smokers or have no smoking status recorded, whose notes record smoking status in the preceding 12 months.",Smoking: Record of smoking status (CVDP001SMOK),63.11,Missing,Ethnicity,0,1370.0,To March 2026,67.14,65.15,
E54000054,NHS West Yorkshire Integrated Care Board,Persons,1110.0,,,CVDP001SMOK,"Patients with GP recorded CVD or CVD risk factors who are GP recorded current smokers or have no smoking status recorded, whose notes record smoking status in the preceding 12 months.",Smoking: Record of smoking status (CVDP001SMOK),72.65,Mixed,Ethnicity,0,835.0,To March 2026,77.67,75.27,
E54000054,NHS West Yorkshire Integrated Care Board,Persons,1190.0,,,CVDP001SMOK,"Patients with GP recorded CVD or CVD risk factors who are GP recorded current smokers or have no smoking status recorded, whose notes record smoking status in the preceding 12 months.",Smoking: Record of smoking status (CVDP001SMOK),69.19,Not stated,Ethnicity,0,855.0,To March 2026,74.22,71.8,
E54000054,NHS West Yorkshire Integrated Care Board,Persons,1075.0,,,CVDP001SMOK,"Patients with GP recorded CVD or CVD risk factors who are GP recorded current smokers or have no smoking status recorded, whose notes record smoking status in the preceding 12 months.",Smoking: Record of smoking status (CVDP001SMOK),72.42,Other,Ethnicity,0,805.0,To March 2026,77.53,75.05,
E54000054,NHS West Yorkshire Integrated Care Board,Persons,63360.0,,,CVDP001SMOK,"Patients with GP recorded CVD or CVD risk factors who are GP recorded current smokers or have no smoking status recorded, whose notes record smoking status in the preceding 12 months.",Smoking: Record of smoking status (CVDP001SMOK),81.47,White,Ethnicity,0,51810.0,To March 2026,82.07,81.78,
E54000054,NHS West Yorkshire Integrated Care Board,Persons,77400.0,,,CVDP001SMOK,"Patients with GP recorded CVD or CVD risk factors who are GP recorded current smokers or have no smoking status recorded, whose notes record smoking status in the preceding 12 months.",Smoking: Record of smoking status (CVDP001SMOK),79.52,People without SMI,Mental Health,0,61765.0,To March 2026,80.08,79.8,
E54000054,NHS West Yorkshire Integrated Care Board,Persons,3785.0,,,CVDP001SMOK,"Patients with GP recorded CVD or CVD risk factors who are GP recorded current smokers or have no smoking status recorded, whose notes record smoking status in the preceding 12 months.",Smoking: Record of smoking status (CVDP001SMOK),89.23,People with SMI,Mental Health,0,3415.0,To March 2026,91.1,90.2,
E54000054,NHS West Yorkshire Integrated Care Board,Persons,80575.0,,,CVDP001SMOK,"Patients with GP recorded CVD or CVD risk factors who are GP recorded current smokers or have no smoking status recorded, whose notes record smoking status in the preceding 12 months.",Smoking: Record of smoking status (CVDP001SMOK),79.92,People without a diagnosed learning disability,Learning Disability,0,64620.0,To March 2026,80.47,80.2,
E54000054,NHS West Yorkshire Integrated Care Board,Persons,610.0,,,CVDP001SMOK,"Patients with GP recorded CVD or CVD risk factors who are GP recorded current smokers or have no smoking status recorded, whose notes record smoking status in the preceding 12 months.",Smoking: Record of smoking status (CVDP001SMOK),89.56,People with a diagnosed learning disability,Learning Disability,0,560.0,To March 2026,93.8,91.97,
