AreaCode,AreaName,CategoryAttribute,Denominator,Factor,HighestPriorityNotificationType,IndicatorCode,IndicatorName,IndicatorShortName,LowerConfidenceLimit,MetricCategoryName,MetricCategoryTypeName,NotificationCount,Numerator,TimePeriodName,UpperConfidenceLimit,Value,ValueNote
E54000040,"NHS Bath and North East Somerset, Swindon and Wiltshire Integrated Care Board",Persons,809070.0,,,CVDP001CVD,Prevalence of GP recorded cardiovascular disease (wide definition).,CVD: Prevalence (CVDP001CVD),7.18,Persons,Sex,0,58570.0,To March 2026,7.3,7.24,
E54000040,"NHS Bath and North East Somerset, Swindon and Wiltshire Integrated Care Board",Female,414495.0,,,CVDP001CVD,Prevalence of GP recorded cardiovascular disease (wide definition).,CVD: Prevalence (CVDP001CVD),5.48,Female,Sex,0,22995.0,To March 2026,5.62,5.55,
E54000040,"NHS Bath and North East Somerset, Swindon and Wiltshire Integrated Care Board",Male,394570.0,,,CVDP001CVD,Prevalence of GP recorded cardiovascular disease (wide definition).,CVD: Prevalence (CVDP001CVD),8.93,Male,Sex,0,35575.0,To March 2026,9.11,9.02,
E54000040,"NHS Bath and North East Somerset, Swindon and Wiltshire Integrated Care Board",Male,133980.0,,,CVDP001CVD,Prevalence of GP recorded cardiovascular disease (wide definition).,CVD: Prevalence (CVDP001CVD),0.22,18-39,Age group,0,325.0,To March 2026,0.27,0.24,
E54000040,"NHS Bath and North East Somerset, Swindon and Wiltshire Integrated Care Board",Female,136215.0,,,CVDP001CVD,Prevalence of GP recorded cardiovascular disease (wide definition).,CVD: Prevalence (CVDP001CVD),0.16,18-39,Age group,0,240.0,To March 2026,0.2,0.18,
E54000040,"NHS Bath and North East Somerset, Swindon and Wiltshire Integrated Care Board",Persons,270195.0,,,CVDP001CVD,Prevalence of GP recorded cardiovascular disease (wide definition).,CVD: Prevalence (CVDP001CVD),0.19,18-39,Age group,0,570.0,To March 2026,0.23,0.21,
E54000040,"NHS Bath and North East Somerset, Swindon and Wiltshire Integrated Care Board",Male,127825.0,,,CVDP001CVD,Prevalence of GP recorded cardiovascular disease (wide definition).,CVD: Prevalence (CVDP001CVD),3.55,40-59,Age group,0,4665.0,To March 2026,3.75,3.65,
E54000040,"NHS Bath and North East Somerset, Swindon and Wiltshire Integrated Care Board",Female,130280.0,,,CVDP001CVD,Prevalence of GP recorded cardiovascular disease (wide definition).,CVD: Prevalence (CVDP001CVD),1.64,40-59,Age group,0,2225.0,To March 2026,1.78,1.71,
E54000040,"NHS Bath and North East Somerset, Swindon and Wiltshire Integrated Care Board",Persons,258105.0,,,CVDP001CVD,Prevalence of GP recorded cardiovascular disease (wide definition).,CVD: Prevalence (CVDP001CVD),2.61,40-59,Age group,0,6890.0,To March 2026,2.73,2.67,
E54000040,"NHS Bath and North East Somerset, Swindon and Wiltshire Integrated Care Board",Male,106890.0,,,CVDP001CVD,Prevalence of GP recorded cardiovascular disease (wide definition).,CVD: Prevalence (CVDP001CVD),18.61,60-79,Age group,0,20145.0,To March 2026,19.08,18.85,
E54000040,"NHS Bath and North East Somerset, Swindon and Wiltshire Integrated Care Board",Female,112810.0,,,CVDP001CVD,Prevalence of GP recorded cardiovascular disease (wide definition).,CVD: Prevalence (CVDP001CVD),9.04,60-79,Age group,0,10390.0,To March 2026,9.38,9.21,
E54000040,"NHS Bath and North East Somerset, Swindon and Wiltshire Integrated Care Board",Persons,219700.0,,,CVDP001CVD,Prevalence of GP recorded cardiovascular disease (wide definition).,CVD: Prevalence (CVDP001CVD),13.75,60-79,Age group,0,30535.0,To March 2026,14.04,13.9,
E54000040,"NHS Bath and North East Somerset, Swindon and Wiltshire Integrated Care Board",Male,25880.0,,,CVDP001CVD,Prevalence of GP recorded cardiovascular disease (wide definition).,CVD: Prevalence (CVDP001CVD),39.75,80+,Age group,0,10440.0,To March 2026,40.94,40.34,
E54000040,"NHS Bath and North East Somerset, Swindon and Wiltshire Integrated Care Board",Female,35190.0,,,CVDP001CVD,Prevalence of GP recorded cardiovascular disease (wide definition).,CVD: Prevalence (CVDP001CVD),28.34,80+,Age group,0,10140.0,To March 2026,29.29,28.81,
E54000040,"NHS Bath and North East Somerset, Swindon and Wiltshire Integrated Care Board",Persons,61070.0,,,CVDP001CVD,Prevalence of GP recorded cardiovascular disease (wide definition).,CVD: Prevalence (CVDP001CVD),33.32,80+,Age group,0,20580.0,To March 2026,34.07,33.7,
E54000040,"NHS Bath and North East Somerset, Swindon and Wiltshire Integrated Care Board",Persons,46395.0,,,CVDP001CVD,Prevalence of GP recorded cardiovascular disease (wide definition).,CVD: Prevalence (CVDP001CVD),7.39,1 - most deprived,Deprivation quintile,0,3540.0,To March 2026,7.87,7.63,
E54000040,"NHS Bath and North East Somerset, Swindon and Wiltshire Integrated Care Board",Persons,85700.0,,,CVDP001CVD,Prevalence of GP recorded cardiovascular disease (wide definition).,CVD: Prevalence (CVDP001CVD),7.53,2,Deprivation quintile,0,6605.0,To March 2026,7.88,7.7,
E54000040,"NHS Bath and North East Somerset, Swindon and Wiltshire Integrated Care Board",Persons,163885.0,,,CVDP001CVD,Prevalence of GP recorded cardiovascular disease (wide definition).,CVD: Prevalence (CVDP001CVD),8.25,3,Deprivation quintile,0,13745.0,To March 2026,8.52,8.39,
E54000040,"NHS Bath and North East Somerset, Swindon and Wiltshire Integrated Care Board",Persons,194365.0,,,CVDP001CVD,Prevalence of GP recorded cardiovascular disease (wide definition).,CVD: Prevalence (CVDP001CVD),8.71,4,Deprivation quintile,0,17175.0,To March 2026,8.96,8.84,
E54000040,"NHS Bath and North East Somerset, Swindon and Wiltshire Integrated Care Board",Persons,233165.0,,,CVDP001CVD,Prevalence of GP recorded cardiovascular disease (wide definition).,CVD: Prevalence (CVDP001CVD),7.08,5 - least deprived,Deprivation quintile,0,16740.0,To March 2026,7.29,7.18,
E54000040,"NHS Bath and North East Somerset, Swindon and Wiltshire Integrated Care Board",Female,,,,CVDP001CVD,Prevalence of GP recorded cardiovascular disease (wide definition).,CVD: Prevalence (CVDP001CVD),4.66,Female,Sex - Age Standardised,0,,To March 2026,4.78,4.72,Numerators and Denominators are not provided for Age Standardisation.
E54000040,"NHS Bath and North East Somerset, Swindon and Wiltshire Integrated Care Board",Male,,,,CVDP001CVD,Prevalence of GP recorded cardiovascular disease (wide definition).,CVD: Prevalence (CVDP001CVD),8.58,Male,Sex - Age Standardised,0,,To March 2026,8.76,8.67,Numerators and Denominators are not provided for Age Standardisation.
E54000040,"NHS Bath and North East Somerset, Swindon and Wiltshire Integrated Care Board",Persons,,,,CVDP001CVD,Prevalence of GP recorded cardiovascular disease (wide definition).,CVD: Prevalence (CVDP001CVD),6.54,Persons,Sex - Age Standardised,0,,To March 2026,6.65,6.59,Numerators and Denominators are not provided for Age Standardisation.
E54000040,"NHS Bath and North East Somerset, Swindon and Wiltshire Integrated Care Board",Persons,,,,CVDP001CVD,Prevalence of GP recorded cardiovascular disease (wide definition).,CVD: Prevalence (CVDP001CVD),9.21,1 - most deprived,Deprivation quintile - Age Standardised,0,,To March 2026,9.86,9.53,Numerators and Denominators are not provided for Age Standardisation.
E54000040,"NHS Bath and North East Somerset, Swindon and Wiltshire Integrated Care Board",Persons,,,,CVDP001CVD,Prevalence of GP recorded cardiovascular disease (wide definition).,CVD: Prevalence (CVDP001CVD),8.15,2,Deprivation quintile - Age Standardised,0,,To March 2026,8.57,8.36,Numerators and Denominators are not provided for Age Standardisation.
E54000040,"NHS Bath and North East Somerset, Swindon and Wiltshire Integrated Care Board",Persons,,,,CVDP001CVD,Prevalence of GP recorded cardiovascular disease (wide definition).,CVD: Prevalence (CVDP001CVD),7.27,3,Deprivation quintile - Age Standardised,0,,To March 2026,7.53,7.4,Numerators and Denominators are not provided for Age Standardisation.
E54000040,"NHS Bath and North East Somerset, Swindon and Wiltshire Integrated Care Board",Persons,,,,CVDP001CVD,Prevalence of GP recorded cardiovascular disease (wide definition).,CVD: Prevalence (CVDP001CVD),6.72,4,Deprivation quintile - Age Standardised,0,,To March 2026,6.93,6.82,Numerators and Denominators are not provided for Age Standardisation.
E54000040,"NHS Bath and North East Somerset, Swindon and Wiltshire Integrated Care Board",Persons,,,,CVDP001CVD,Prevalence of GP recorded cardiovascular disease (wide definition).,CVD: Prevalence (CVDP001CVD),6.06,5 - least deprived,Deprivation quintile - Age Standardised,0,,To March 2026,6.25,6.15,Numerators and Denominators are not provided for Age Standardisation.
E54000024,"NHS Bedfordshire, Luton and Milton Keynes Integrated Care Board",Persons,883210.0,,,CVDP001CVD,Prevalence of GP recorded cardiovascular disease (wide definition).,CVD: Prevalence (CVDP001CVD),5.68,Persons,Sex,0,50585.0,To March 2026,5.78,5.73,
E54000024,"NHS Bedfordshire, Luton and Milton Keynes Integrated Care Board",Female,439695.0,,,CVDP001CVD,Prevalence of GP recorded cardiovascular disease (wide definition).,CVD: Prevalence (CVDP001CVD),4.33,Female,Sex,0,19305.0,To March 2026,4.45,4.39,
E54000024,"NHS Bedfordshire, Luton and Milton Keynes Integrated Care Board",Male,443515.0,,,CVDP001CVD,Prevalence of GP recorded cardiovascular disease (wide definition).,CVD: Prevalence (CVDP001CVD),6.98,Male,Sex,0,31285.0,To March 2026,7.13,7.05,
E54000024,"NHS Bedfordshire, Luton and Milton Keynes Integrated Care Board",Male,174065.0,,,CVDP001CVD,Prevalence of GP recorded cardiovascular disease (wide definition).,CVD: Prevalence (CVDP001CVD),0.26,18-39,Age group,0,495.0,To March 2026,0.31,0.28,
E54000024,"NHS Bedfordshire, Luton and Milton Keynes Integrated Care Board",Female,167535.0,,,CVDP001CVD,Prevalence of GP recorded cardiovascular disease (wide definition).,CVD: Prevalence (CVDP001CVD),0.18,18-39,Age group,0,340.0,To March 2026,0.23,0.2,
E54000024,"NHS Bedfordshire, Luton and Milton Keynes Integrated Care Board",Persons,341600.0,,,CVDP001CVD,Prevalence of GP recorded cardiovascular disease (wide definition).,CVD: Prevalence (CVDP001CVD),0.23,18-39,Age group,0,835.0,To March 2026,0.26,0.24,
E54000024,"NHS Bedfordshire, Luton and Milton Keynes Integrated Care Board",Male,157375.0,,,CVDP001CVD,Prevalence of GP recorded cardiovascular disease (wide definition).,CVD: Prevalence (CVDP001CVD),3.7,40-59,Age group,0,5970.0,To March 2026,3.89,3.79,
E54000024,"NHS Bedfordshire, Luton and Milton Keynes Integrated Care Board",Female,148030.0,,,CVDP001CVD,Prevalence of GP recorded cardiovascular disease (wide definition).,CVD: Prevalence (CVDP001CVD),1.82,40-59,Age group,0,2790.0,To March 2026,1.96,1.89,
E54000024,"NHS Bedfordshire, Luton and Milton Keynes Integrated Care Board",Persons,305405.0,,,CVDP001CVD,Prevalence of GP recorded cardiovascular disease (wide definition).,CVD: Prevalence (CVDP001CVD),2.81,40-59,Age group,0,8765.0,To March 2026,2.93,2.87,
E54000024,"NHS Bedfordshire, Luton and Milton Keynes Integrated Care Board",Male,92875.0,,,CVDP001CVD,Prevalence of GP recorded cardiovascular disease (wide definition).,CVD: Prevalence (CVDP001CVD),18.57,60-79,Age group,0,17480.0,To March 2026,19.07,18.82,
E54000024,"NHS Bedfordshire, Luton and Milton Keynes Integrated Care Board",Female,97650.0,,,CVDP001CVD,Prevalence of GP recorded cardiovascular disease (wide definition).,CVD: Prevalence (CVDP001CVD),9.12,60-79,Age group,0,9080.0,To March 2026,9.48,9.3,
E54000024,"NHS Bedfordshire, Luton and Milton Keynes Integrated Care Board",Persons,190525.0,,,CVDP001CVD,Prevalence of GP recorded cardiovascular disease (wide definition).,CVD: Prevalence (CVDP001CVD),13.78,60-79,Age group,0,26555.0,To March 2026,14.09,13.94,
E54000024,"NHS Bedfordshire, Luton and Milton Keynes Integrated Care Board",Male,19200.0,,,CVDP001CVD,Prevalence of GP recorded cardiovascular disease (wide definition).,CVD: Prevalence (CVDP001CVD),37.55,80+,Age group,0,7340.0,To March 2026,38.92,38.24,
E54000024,"NHS Bedfordshire, Luton and Milton Keynes Integrated Care Board",Female,26480.0,,,CVDP001CVD,Prevalence of GP recorded cardiovascular disease (wide definition).,CVD: Prevalence (CVDP001CVD),26.26,80+,Age group,0,7095.0,To March 2026,27.33,26.79,
E54000024,"NHS Bedfordshire, Luton and Milton Keynes Integrated Care Board",Persons,45675.0,,,CVDP001CVD,Prevalence of GP recorded cardiovascular disease (wide definition).,CVD: Prevalence (CVDP001CVD),31.18,80+,Age group,0,14435.0,To March 2026,32.03,31.6,
E54000024,"NHS Bedfordshire, Luton and Milton Keynes Integrated Care Board",Persons,103260.0,,,CVDP001CVD,Prevalence of GP recorded cardiovascular disease (wide definition).,CVD: Prevalence (CVDP001CVD),5.81,1 - most deprived,Deprivation quintile,0,6145.0,To March 2026,6.1,5.95,
E54000024,"NHS Bedfordshire, Luton and Milton Keynes Integrated Care Board",Persons,161130.0,,,CVDP001CVD,Prevalence of GP recorded cardiovascular disease (wide definition).,CVD: Prevalence (CVDP001CVD),5.89,2,Deprivation quintile,0,9675.0,To March 2026,6.12,6.0,
E54000024,"NHS Bedfordshire, Luton and Milton Keynes Integrated Care Board",Persons,145090.0,,,CVDP001CVD,Prevalence of GP recorded cardiovascular disease (wide definition).,CVD: Prevalence (CVDP001CVD),6.67,3,Deprivation quintile,0,9870.0,To March 2026,6.93,6.8,
E54000024,"NHS Bedfordshire, Luton and Milton Keynes Integrated Care Board",Persons,177075.0,,,CVDP001CVD,Prevalence of GP recorded cardiovascular disease (wide definition).,CVD: Prevalence (CVDP001CVD),7.26,4,Deprivation quintile,0,13065.0,To March 2026,7.5,7.38,
E54000024,"NHS Bedfordshire, Luton and Milton Keynes Integrated Care Board",Persons,174105.0,,,CVDP001CVD,Prevalence of GP recorded cardiovascular disease (wide definition).,CVD: Prevalence (CVDP001CVD),6.91,5 - least deprived,Deprivation quintile,0,12235.0,To March 2026,7.15,7.03,
E54000024,"NHS Bedfordshire, Luton and Milton Keynes Integrated Care Board",Female,,,,CVDP001CVD,Prevalence of GP recorded cardiovascular disease (wide definition).,CVD: Prevalence (CVDP001CVD),4.71,Female,Sex - Age Standardised,0,,To March 2026,4.85,4.78,Numerators and Denominators are not provided for Age Standardisation.
E54000024,"NHS Bedfordshire, Luton and Milton Keynes Integrated Care Board",Male,,,,CVDP001CVD,Prevalence of GP recorded cardiovascular disease (wide definition).,CVD: Prevalence (CVDP001CVD),8.69,Male,Sex - Age Standardised,0,,To March 2026,8.89,8.79,Numerators and Denominators are not provided for Age Standardisation.
E54000024,"NHS Bedfordshire, Luton and Milton Keynes Integrated Care Board",Persons,,,,CVDP001CVD,Prevalence of GP recorded cardiovascular disease (wide definition).,CVD: Prevalence (CVDP001CVD),6.63,Persons,Sex - Age Standardised,0,,To March 2026,6.75,6.69,Numerators and Denominators are not provided for Age Standardisation.
E54000024,"NHS Bedfordshire, Luton and Milton Keynes Integrated Care Board",Persons,,,,CVDP001CVD,Prevalence of GP recorded cardiovascular disease (wide definition).,CVD: Prevalence (CVDP001CVD),8.55,1 - most deprived,Deprivation quintile - Age Standardised,0,,To March 2026,9.01,8.77,Numerators and Denominators are not provided for Age Standardisation.
E54000024,"NHS Bedfordshire, Luton and Milton Keynes Integrated Care Board",Persons,,,,CVDP001CVD,Prevalence of GP recorded cardiovascular disease (wide definition).,CVD: Prevalence (CVDP001CVD),7.38,2,Deprivation quintile - Age Standardised,0,,To March 2026,7.69,7.53,Numerators and Denominators are not provided for Age Standardisation.
E54000024,"NHS Bedfordshire, Luton and Milton Keynes Integrated Care Board",Persons,,,,CVDP001CVD,Prevalence of GP recorded cardiovascular disease (wide definition).,CVD: Prevalence (CVDP001CVD),6.46,3,Deprivation quintile - Age Standardised,0,,To March 2026,6.73,6.59,Numerators and Denominators are not provided for Age Standardisation.
E54000024,"NHS Bedfordshire, Luton and Milton Keynes Integrated Care Board",Persons,,,,CVDP001CVD,Prevalence of GP recorded cardiovascular disease (wide definition).,CVD: Prevalence (CVDP001CVD),6.0,4,Deprivation quintile - Age Standardised,0,,To March 2026,6.22,6.11,Numerators and Denominators are not provided for Age Standardisation.
E54000024,"NHS Bedfordshire, Luton and Milton Keynes Integrated Care Board",Persons,,,,CVDP001CVD,Prevalence of GP recorded cardiovascular disease (wide definition).,CVD: Prevalence (CVDP001CVD),5.51,5 - least deprived,Deprivation quintile - Age Standardised,0,,To March 2026,5.71,5.61,Numerators and Denominators are not provided for Age Standardisation.
E54000055,NHS Birmingham and Solihull Integrated Care Board,Persons,1272740.0,,,CVDP001CVD,Prevalence of GP recorded cardiovascular disease (wide definition).,CVD: Prevalence (CVDP001CVD),5.53,Persons,Sex,0,70880.0,To March 2026,5.61,5.57,
E54000055,NHS Birmingham and Solihull Integrated Care Board,Female,622020.0,,,CVDP001CVD,Prevalence of GP recorded cardiovascular disease (wide definition).,CVD: Prevalence (CVDP001CVD),4.4,Female,Sex,0,27660.0,To March 2026,4.5,4.45,
E54000055,NHS Birmingham and Solihull Integrated Care Board,Male,650720.0,,,CVDP001CVD,Prevalence of GP recorded cardiovascular disease (wide definition).,CVD: Prevalence (CVDP001CVD),6.58,Male,Sex,0,43220.0,To March 2026,6.7,6.64,
E54000055,NHS Birmingham and Solihull Integrated Care Board,Male,288260.0,,,CVDP001CVD,Prevalence of GP recorded cardiovascular disease (wide definition).,CVD: Prevalence (CVDP001CVD),0.22,18-39,Age group,0,680.0,To March 2026,0.25,0.24,
E54000055,NHS Birmingham and Solihull Integrated Care Board,Female,266640.0,,,CVDP001CVD,Prevalence of GP recorded cardiovascular disease (wide definition).,CVD: Prevalence (CVDP001CVD),0.13,18-39,Age group,0,385.0,To March 2026,0.16,0.14,
E54000055,NHS Birmingham and Solihull Integrated Care Board,Persons,554900.0,,,CVDP001CVD,Prevalence of GP recorded cardiovascular disease (wide definition).,CVD: Prevalence (CVDP001CVD),0.18,18-39,Age group,0,1065.0,To March 2026,0.2,0.19,
E54000055,NHS Birmingham and Solihull Integrated Care Board,Male,216245.0,,,CVDP001CVD,Prevalence of GP recorded cardiovascular disease (wide definition).,CVD: Prevalence (CVDP001CVD),4.01,40-59,Age group,0,8845.0,To March 2026,4.17,4.09,
E54000055,NHS Birmingham and Solihull Integrated Care Board,Female,193465.0,,,CVDP001CVD,Prevalence of GP recorded cardiovascular disease (wide definition).,CVD: Prevalence (CVDP001CVD),1.99,40-59,Age group,0,3965.0,To March 2026,2.11,2.05,
E54000055,NHS Birmingham and Solihull Integrated Care Board,Persons,409710.0,,,CVDP001CVD,Prevalence of GP recorded cardiovascular disease (wide definition).,CVD: Prevalence (CVDP001CVD),3.07,40-59,Age group,0,12810.0,To March 2026,3.18,3.13,
E54000055,NHS Birmingham and Solihull Integrated Care Board,Male,120420.0,,,CVDP001CVD,Prevalence of GP recorded cardiovascular disease (wide definition).,CVD: Prevalence (CVDP001CVD),19.63,60-79,Age group,0,23905.0,To March 2026,20.08,19.85,
E54000055,NHS Birmingham and Solihull Integrated Care Board,Female,124855.0,,,CVDP001CVD,Prevalence of GP recorded cardiovascular disease (wide definition).,CVD: Prevalence (CVDP001CVD),10.49,60-79,Age group,0,13310.0,To March 2026,10.83,10.66,
E54000055,NHS Birmingham and Solihull Integrated Care Board,Persons,245275.0,,,CVDP001CVD,Prevalence of GP recorded cardiovascular disease (wide definition).,CVD: Prevalence (CVDP001CVD),15.03,60-79,Age group,0,37215.0,To March 2026,15.32,15.17,
E54000055,NHS Birmingham and Solihull Integrated Care Board,Male,25795.0,,,CVDP001CVD,Prevalence of GP recorded cardiovascular disease (wide definition).,CVD: Prevalence (CVDP001CVD),37.36,80+,Age group,0,9790.0,To March 2026,38.54,37.95,
E54000055,NHS Birmingham and Solihull Integrated Care Board,Female,37065.0,,,CVDP001CVD,Prevalence of GP recorded cardiovascular disease (wide definition).,CVD: Prevalence (CVDP001CVD),26.53,80+,Age group,0,10000.0,To March 2026,27.43,26.98,
E54000055,NHS Birmingham and Solihull Integrated Care Board,Persons,62860.0,,,CVDP001CVD,Prevalence of GP recorded cardiovascular disease (wide definition).,CVD: Prevalence (CVDP001CVD),31.12,80+,Age group,0,19790.0,To March 2026,31.84,31.48,
E54000055,NHS Birmingham and Solihull Integrated Care Board,Persons,587850.0,,,CVDP001CVD,Prevalence of GP recorded cardiovascular disease (wide definition).,CVD: Prevalence (CVDP001CVD),5.66,1 - most deprived,Deprivation quintile,0,33595.0,To March 2026,5.77,5.71,
E54000055,NHS Birmingham and Solihull Integrated Care Board,Persons,232335.0,,,CVDP001CVD,Prevalence of GP recorded cardiovascular disease (wide definition).,CVD: Prevalence (CVDP001CVD),5.6,2,Deprivation quintile,0,13230.0,To March 2026,5.79,5.7,
E54000055,NHS Birmingham and Solihull Integrated Care Board,Persons,155250.0,,,CVDP001CVD,Prevalence of GP recorded cardiovascular disease (wide definition).,CVD: Prevalence (CVDP001CVD),5.87,3,Deprivation quintile,0,9300.0,To March 2026,6.11,5.99,
E54000055,NHS Birmingham and Solihull Integrated Care Board,Persons,80580.0,,,CVDP001CVD,Prevalence of GP recorded cardiovascular disease (wide definition).,CVD: Prevalence (CVDP001CVD),6.54,4,Deprivation quintile,0,5405.0,To March 2026,6.88,6.71,
E54000055,NHS Birmingham and Solihull Integrated Care Board,Persons,103885.0,,,CVDP001CVD,Prevalence of GP recorded cardiovascular disease (wide definition).,CVD: Prevalence (CVDP001CVD),6.5,5 - least deprived,Deprivation quintile,0,6905.0,To March 2026,6.8,6.65,
E54000055,NHS Birmingham and Solihull Integrated Care Board,Female,,,,CVDP001CVD,Prevalence of GP recorded cardiovascular disease (wide definition).,CVD: Prevalence (CVDP001CVD),5.12,Female,Sex - Age Standardised,0,,To March 2026,5.25,5.19,Numerators and Denominators are not provided for Age Standardisation.
E54000055,NHS Birmingham and Solihull Integrated Care Board,Male,,,,CVDP001CVD,Prevalence of GP recorded cardiovascular disease (wide definition).,CVD: Prevalence (CVDP001CVD),9.08,Male,Sex - Age Standardised,0,,To March 2026,9.25,9.16,Numerators and Denominators are not provided for Age Standardisation.
E54000055,NHS Birmingham and Solihull Integrated Care Board,Persons,,,,CVDP001CVD,Prevalence of GP recorded cardiovascular disease (wide definition).,CVD: Prevalence (CVDP001CVD),7.04,Persons,Sex - Age Standardised,0,,To March 2026,7.15,7.1,Numerators and Denominators are not provided for Age Standardisation.
E54000055,NHS Birmingham and Solihull Integrated Care Board,Persons,,,,CVDP001CVD,Prevalence of GP recorded cardiovascular disease (wide definition).,CVD: Prevalence (CVDP001CVD),7.94,1 - most deprived,Deprivation quintile - Age Standardised,0,,To March 2026,8.12,8.03,Numerators and Denominators are not provided for Age Standardisation.
E54000055,NHS Birmingham and Solihull Integrated Care Board,Persons,,,,CVDP001CVD,Prevalence of GP recorded cardiovascular disease (wide definition).,CVD: Prevalence (CVDP001CVD),6.37,2,Deprivation quintile - Age Standardised,0,,To March 2026,6.6,6.49,Numerators and Denominators are not provided for Age Standardisation.
E54000055,NHS Birmingham and Solihull Integrated Care Board,Persons,,,,CVDP001CVD,Prevalence of GP recorded cardiovascular disease (wide definition).,CVD: Prevalence (CVDP001CVD),5.79,3,Deprivation quintile - Age Standardised,0,,To March 2026,6.04,5.91,Numerators and Denominators are not provided for Age Standardisation.
E54000055,NHS Birmingham and Solihull Integrated Care Board,Persons,,,,CVDP001CVD,Prevalence of GP recorded cardiovascular disease (wide definition).,CVD: Prevalence (CVDP001CVD),5.06,4,Deprivation quintile - Age Standardised,0,,To March 2026,5.36,5.21,Numerators and Denominators are not provided for Age Standardisation.
E54000055,NHS Birmingham and Solihull Integrated Care Board,Persons,,,,CVDP001CVD,Prevalence of GP recorded cardiovascular disease (wide definition).,CVD: Prevalence (CVDP001CVD),4.73,5 - least deprived,Deprivation quintile - Age Standardised,0,,To March 2026,4.97,4.85,Numerators and Denominators are not provided for Age Standardisation.
E54000062,NHS Black Country Integrated Care Board,Persons,1012265.0,,,CVDP001CVD,Prevalence of GP recorded cardiovascular disease (wide definition).,CVD: Prevalence (CVDP001CVD),7.35,Persons,Sex,0,74910.0,To March 2026,7.45,7.4,
E54000062,NHS Black Country Integrated Care Board,Female,506295.0,,,CVDP001CVD,Prevalence of GP recorded cardiovascular disease (wide definition).,CVD: Prevalence (CVDP001CVD),5.79,Female,Sex,0,29640.0,To March 2026,5.92,5.85,
E54000062,NHS Black Country Integrated Care Board,Male,505970.0,,,CVDP001CVD,Prevalence of GP recorded cardiovascular disease (wide definition).,CVD: Prevalence (CVDP001CVD),8.87,Male,Sex,0,45270.0,To March 2026,9.03,8.95,
E54000062,NHS Black Country Integrated Care Board,Male,199485.0,,,CVDP001CVD,Prevalence of GP recorded cardiovascular disease (wide definition).,CVD: Prevalence (CVDP001CVD),0.28,18-39,Age group,0,605.0,To March 2026,0.33,0.3,
E54000062,NHS Black Country Integrated Care Board,Female,191880.0,,,CVDP001CVD,Prevalence of GP recorded cardiovascular disease (wide definition).,CVD: Prevalence (CVDP001CVD),0.19,18-39,Age group,0,395.0,To March 2026,0.23,0.2,
E54000062,NHS Black Country Integrated Care Board,Persons,391365.0,,,CVDP001CVD,Prevalence of GP recorded cardiovascular disease (wide definition).,CVD: Prevalence (CVDP001CVD),0.24,18-39,Age group,0,1000.0,To March 2026,0.27,0.26,
E54000062,NHS Black Country Integrated Care Board,Male,168325.0,,,CVDP001CVD,Prevalence of GP recorded cardiovascular disease (wide definition).,CVD: Prevalence (CVDP001CVD),4.96,40-59,Age group,0,8530.0,To March 2026,5.17,5.07,
E54000062,NHS Black Country Integrated Care Board,Female,160500.0,,,CVDP001CVD,Prevalence of GP recorded cardiovascular disease (wide definition).,CVD: Prevalence (CVDP001CVD),2.46,40-59,Age group,0,4075.0,To March 2026,2.62,2.54,
E54000062,NHS Black Country Integrated Care Board,Persons,328830.0,,,CVDP001CVD,Prevalence of GP recorded cardiovascular disease (wide definition).,CVD: Prevalence (CVDP001CVD),3.77,40-59,Age group,0,12610.0,To March 2026,3.9,3.83,
E54000062,NHS Black Country Integrated Care Board,Male,112455.0,,,CVDP001CVD,Prevalence of GP recorded cardiovascular disease (wide definition).,CVD: Prevalence (CVDP001CVD),22.53,60-79,Age group,0,25610.0,To March 2026,23.02,22.78,
E54000062,NHS Black Country Integrated Care Board,Female,117465.0,,,CVDP001CVD,Prevalence of GP recorded cardiovascular disease (wide definition).,CVD: Prevalence (CVDP001CVD),12.27,60-79,Age group,0,14630.0,To March 2026,12.65,12.46,
E54000062,NHS Black Country Integrated Care Board,Persons,229920.0,,,CVDP001CVD,Prevalence of GP recorded cardiovascular disease (wide definition).,CVD: Prevalence (CVDP001CVD),17.35,60-79,Age group,0,40245.0,To March 2026,17.66,17.5,
E54000062,NHS Black Country Integrated Care Board,Male,25705.0,,,CVDP001CVD,Prevalence of GP recorded cardiovascular disease (wide definition).,CVD: Prevalence (CVDP001CVD),40.33,80+,Age group,0,10520.0,To March 2026,41.53,40.93,
E54000062,NHS Black Country Integrated Care Board,Female,36450.0,,,CVDP001CVD,Prevalence of GP recorded cardiovascular disease (wide definition).,CVD: Prevalence (CVDP001CVD),28.45,80+,Age group,0,10540.0,To March 2026,29.38,28.92,
E54000062,NHS Black Country Integrated Care Board,Persons,62155.0,,,CVDP001CVD,Prevalence of GP recorded cardiovascular disease (wide definition).,CVD: Prevalence (CVDP001CVD),33.52,80+,Age group,0,21060.0,To March 2026,34.26,33.89,
E54000062,NHS Black Country Integrated Care Board,Persons,489630.0,,,CVDP001CVD,Prevalence of GP recorded cardiovascular disease (wide definition).,CVD: Prevalence (CVDP001CVD),6.95,1 - most deprived,Deprivation quintile,0,34390.0,To March 2026,7.1,7.02,
E54000062,NHS Black Country Integrated Care Board,Persons,199045.0,,,CVDP001CVD,Prevalence of GP recorded cardiovascular disease (wide definition).,CVD: Prevalence (CVDP001CVD),7.44,2,Deprivation quintile,0,15030.0,To March 2026,7.67,7.55,
E54000062,NHS Black Country Integrated Care Board,Persons,129440.0,,,CVDP001CVD,Prevalence of GP recorded cardiovascular disease (wide definition).,CVD: Prevalence (CVDP001CVD),7.89,3,Deprivation quintile,0,10400.0,To March 2026,8.18,8.04,
E54000062,NHS Black Country Integrated Care Board,Persons,102255.0,,,CVDP001CVD,Prevalence of GP recorded cardiovascular disease (wide definition).,CVD: Prevalence (CVDP001CVD),8.39,4,Deprivation quintile,0,8750.0,To March 2026,8.73,8.56,
E54000062,NHS Black Country Integrated Care Board,Persons,74115.0,,,CVDP001CVD,Prevalence of GP recorded cardiovascular disease (wide definition).,CVD: Prevalence (CVDP001CVD),8.58,5 - least deprived,Deprivation quintile,0,6510.0,To March 2026,8.99,8.78,
E54000062,NHS Black Country Integrated Care Board,Female,,,,CVDP001CVD,Prevalence of GP recorded cardiovascular disease (wide definition).,CVD: Prevalence (CVDP001CVD),5.85,Female,Sex - Age Standardised,0,,To March 2026,5.99,5.92,Numerators and Denominators are not provided for Age Standardisation.
E54000062,NHS Black Country Integrated Care Board,Male,,,,CVDP001CVD,Prevalence of GP recorded cardiovascular disease (wide definition).,CVD: Prevalence (CVDP001CVD),10.22,Male,Sex - Age Standardised,0,,To March 2026,10.41,10.32,Numerators and Denominators are not provided for Age Standardisation.
E54000062,NHS Black Country Integrated Care Board,Persons,,,,CVDP001CVD,Prevalence of GP recorded cardiovascular disease (wide definition).,CVD: Prevalence (CVDP001CVD),7.97,Persons,Sex - Age Standardised,0,,To March 2026,8.08,8.03,Numerators and Denominators are not provided for Age Standardisation.
E54000062,NHS Black Country Integrated Care Board,Persons,,,,CVDP001CVD,Prevalence of GP recorded cardiovascular disease (wide definition).,CVD: Prevalence (CVDP001CVD),9.21,1 - most deprived,Deprivation quintile - Age Standardised,0,,To March 2026,9.41,9.31,Numerators and Denominators are not provided for Age Standardisation.
E54000062,NHS Black Country Integrated Care Board,Persons,,,,CVDP001CVD,Prevalence of GP recorded cardiovascular disease (wide definition).,CVD: Prevalence (CVDP001CVD),7.87,2,Deprivation quintile - Age Standardised,0,,To March 2026,8.13,8.0,Numerators and Denominators are not provided for Age Standardisation.
E54000062,NHS Black Country Integrated Care Board,Persons,,,,CVDP001CVD,Prevalence of GP recorded cardiovascular disease (wide definition).,CVD: Prevalence (CVDP001CVD),7.02,3,Deprivation quintile - Age Standardised,0,,To March 2026,7.3,7.16,Numerators and Denominators are not provided for Age Standardisation.
E54000062,NHS Black Country Integrated Care Board,Persons,,,,CVDP001CVD,Prevalence of GP recorded cardiovascular disease (wide definition).,CVD: Prevalence (CVDP001CVD),6.17,4,Deprivation quintile - Age Standardised,0,,To March 2026,6.44,6.31,Numerators and Denominators are not provided for Age Standardisation.
E54000062,NHS Black Country Integrated Care Board,Persons,,,,CVDP001CVD,Prevalence of GP recorded cardiovascular disease (wide definition).,CVD: Prevalence (CVDP001CVD),5.71,5 - least deprived,Deprivation quintile - Age Standardised,0,,To March 2026,6.01,5.86,Numerators and Denominators are not provided for Age Standardisation.
E54000039,"NHS Bristol, North Somerset and South Gloucestershire Integrated Care Board",Persons,862595.0,,,CVDP001CVD,Prevalence of GP recorded cardiovascular disease (wide definition).,CVD: Prevalence (CVDP001CVD),6.38,Persons,Sex,0,55475.0,To March 2026,6.48,6.43,
E54000039,"NHS Bristol, North Somerset and South Gloucestershire Integrated Care Board",Female,431090.0,,,CVDP001CVD,Prevalence of GP recorded cardiovascular disease (wide definition).,CVD: Prevalence (CVDP001CVD),4.97,Female,Sex,0,21685.0,To March 2026,5.1,5.03,
E54000039,"NHS Bristol, North Somerset and South Gloucestershire Integrated Care Board",Male,431505.0,,,CVDP001CVD,Prevalence of GP recorded cardiovascular disease (wide definition).,CVD: Prevalence (CVDP001CVD),7.75,Male,Sex,0,33795.0,To March 2026,7.91,7.83,
E54000039,"NHS Bristol, North Somerset and South Gloucestershire Integrated Care Board",Male,182835.0,,,CVDP001CVD,Prevalence of GP recorded cardiovascular disease (wide definition).,CVD: Prevalence (CVDP001CVD),0.2,18-39,Age group,0,410.0,To March 2026,0.25,0.22,
E54000039,"NHS Bristol, North Somerset and South Gloucestershire Integrated Care Board",Female,179250.0,,,CVDP001CVD,Prevalence of GP recorded cardiovascular disease (wide definition).,CVD: Prevalence (CVDP001CVD),0.12,18-39,Age group,0,245.0,To March 2026,0.15,0.14,
E54000039,"NHS Bristol, North Somerset and South Gloucestershire Integrated Care Board",Persons,362085.0,,,CVDP001CVD,Prevalence of GP recorded cardiovascular disease (wide definition).,CVD: Prevalence (CVDP001CVD),0.17,18-39,Age group,0,655.0,To March 2026,0.19,0.18,
E54000039,"NHS Bristol, North Somerset and South Gloucestershire Integrated Care Board",Male,137990.0,,,CVDP001CVD,Prevalence of GP recorded cardiovascular disease (wide definition).,CVD: Prevalence (CVDP001CVD),3.58,40-59,Age group,0,5075.0,To March 2026,3.78,3.68,
E54000039,"NHS Bristol, North Somerset and South Gloucestershire Integrated Care Board",Female,127690.0,,,CVDP001CVD,Prevalence of GP recorded cardiovascular disease (wide definition).,CVD: Prevalence (CVDP001CVD),1.72,40-59,Age group,0,2280.0,To March 2026,1.86,1.79,
E54000039,"NHS Bristol, North Somerset and South Gloucestershire Integrated Care Board",Persons,265680.0,,,CVDP001CVD,Prevalence of GP recorded cardiovascular disease (wide definition).,CVD: Prevalence (CVDP001CVD),2.71,40-59,Age group,0,7360.0,To March 2026,2.83,2.77,
E54000039,"NHS Bristol, North Somerset and South Gloucestershire Integrated Care Board",Male,89080.0,,,CVDP001CVD,Prevalence of GP recorded cardiovascular disease (wide definition).,CVD: Prevalence (CVDP001CVD),21.05,60-79,Age group,0,18995.0,To March 2026,21.59,21.32,
E54000039,"NHS Bristol, North Somerset and South Gloucestershire Integrated Care Board",Female,93870.0,,,CVDP001CVD,Prevalence of GP recorded cardiovascular disease (wide definition).,CVD: Prevalence (CVDP001CVD),10.42,60-79,Age group,0,9965.0,To March 2026,10.81,10.61,
E54000039,"NHS Bristol, North Somerset and South Gloucestershire Integrated Care Board",Persons,182955.0,,,CVDP001CVD,Prevalence of GP recorded cardiovascular disease (wide definition).,CVD: Prevalence (CVDP001CVD),15.66,60-79,Age group,0,28960.0,To March 2026,16.0,15.83,
E54000039,"NHS Bristol, North Somerset and South Gloucestershire Integrated Care Board",Male,21595.0,,,CVDP001CVD,Prevalence of GP recorded cardiovascular disease (wide definition).,CVD: Prevalence (CVDP001CVD),42.46,80+,Age group,0,9310.0,To March 2026,43.78,43.12,
E54000039,"NHS Bristol, North Somerset and South Gloucestershire Integrated Care Board",Female,30280.0,,,CVDP001CVD,Prevalence of GP recorded cardiovascular disease (wide definition).,CVD: Prevalence (CVDP001CVD),29.86,80+,Age group,0,9195.0,To March 2026,30.89,30.37,
E54000039,"NHS Bristol, North Somerset and South Gloucestershire Integrated Care Board",Persons,51875.0,,,CVDP001CVD,Prevalence of GP recorded cardiovascular disease (wide definition).,CVD: Prevalence (CVDP001CVD),35.27,80+,Age group,0,18510.0,To March 2026,36.09,35.68,
E54000039,"NHS Bristol, North Somerset and South Gloucestershire Integrated Care Board",Persons,150995.0,,,CVDP001CVD,Prevalence of GP recorded cardiovascular disease (wide definition).,CVD: Prevalence (CVDP001CVD),6.36,1 - most deprived,Deprivation quintile,0,9795.0,To March 2026,6.61,6.49,
E54000039,"NHS Bristol, North Somerset and South Gloucestershire Integrated Care Board",Persons,143905.0,,,CVDP001CVD,Prevalence of GP recorded cardiovascular disease (wide definition).,CVD: Prevalence (CVDP001CVD),6.18,2,Deprivation quintile,0,9065.0,To March 2026,6.43,6.3,
E54000039,"NHS Bristol, North Somerset and South Gloucestershire Integrated Care Board",Persons,129895.0,,,CVDP001CVD,Prevalence of GP recorded cardiovascular disease (wide definition).,CVD: Prevalence (CVDP001CVD),7.04,3,Deprivation quintile,0,9325.0,To March 2026,7.32,7.18,
E54000039,"NHS Bristol, North Somerset and South Gloucestershire Integrated Care Board",Persons,176945.0,,,CVDP001CVD,Prevalence of GP recorded cardiovascular disease (wide definition).,CVD: Prevalence (CVDP001CVD),6.96,4,Deprivation quintile,0,12525.0,To March 2026,7.2,7.08,
E54000039,"NHS Bristol, North Somerset and South Gloucestershire Integrated Care Board",Persons,205260.0,,,CVDP001CVD,Prevalence of GP recorded cardiovascular disease (wide definition).,CVD: Prevalence (CVDP001CVD),7.22,5 - least deprived,Deprivation quintile,0,15050.0,To March 2026,7.45,7.33,
E54000039,"NHS Bristol, North Somerset and South Gloucestershire Integrated Care Board",Female,,,,CVDP001CVD,Prevalence of GP recorded cardiovascular disease (wide definition).,CVD: Prevalence (CVDP001CVD),5.16,Female,Sex - Age Standardised,0,,To March 2026,5.3,5.23,Numerators and Denominators are not provided for Age Standardisation.
E54000039,"NHS Bristol, North Somerset and South Gloucestershire Integrated Care Board",Male,,,,CVDP001CVD,Prevalence of GP recorded cardiovascular disease (wide definition).,CVD: Prevalence (CVDP001CVD),9.52,Male,Sex - Age Standardised,0,,To March 2026,9.72,9.62,Numerators and Denominators are not provided for Age Standardisation.
E54000039,"NHS Bristol, North Somerset and South Gloucestershire Integrated Care Board",Persons,,,,CVDP001CVD,Prevalence of GP recorded cardiovascular disease (wide definition).,CVD: Prevalence (CVDP001CVD),7.26,Persons,Sex - Age Standardised,0,,To March 2026,7.38,7.32,Numerators and Denominators are not provided for Age Standardisation.
E54000039,"NHS Bristol, North Somerset and South Gloucestershire Integrated Care Board",Persons,,,,CVDP001CVD,Prevalence of GP recorded cardiovascular disease (wide definition).,CVD: Prevalence (CVDP001CVD),9.86,1 - most deprived,Deprivation quintile - Age Standardised,0,,To March 2026,10.27,10.06,Numerators and Denominators are not provided for Age Standardisation.
E54000039,"NHS Bristol, North Somerset and South Gloucestershire Integrated Care Board",Persons,,,,CVDP001CVD,Prevalence of GP recorded cardiovascular disease (wide definition).,CVD: Prevalence (CVDP001CVD),7.66,2,Deprivation quintile - Age Standardised,0,,To March 2026,7.99,7.82,Numerators and Denominators are not provided for Age Standardisation.
E54000039,"NHS Bristol, North Somerset and South Gloucestershire Integrated Care Board",Persons,,,,CVDP001CVD,Prevalence of GP recorded cardiovascular disease (wide definition).,CVD: Prevalence (CVDP001CVD),7.12,3,Deprivation quintile - Age Standardised,0,,To March 2026,7.43,7.28,Numerators and Denominators are not provided for Age Standardisation.
E54000039,"NHS Bristol, North Somerset and South Gloucestershire Integrated Care Board",Persons,,,,CVDP001CVD,Prevalence of GP recorded cardiovascular disease (wide definition).,CVD: Prevalence (CVDP001CVD),6.5,4,Deprivation quintile - Age Standardised,0,,To March 2026,6.74,6.62,Numerators and Denominators are not provided for Age Standardisation.
E54000039,"NHS Bristol, North Somerset and South Gloucestershire Integrated Care Board",Persons,,,,CVDP001CVD,Prevalence of GP recorded cardiovascular disease (wide definition).,CVD: Prevalence (CVDP001CVD),6.37,5 - least deprived,Deprivation quintile - Age Standardised,0,,To March 2026,6.59,6.48,Numerators and Denominators are not provided for Age Standardisation.
E54000044,"NHS Buckinghamshire, Oxfordshire and Berkshire West Integrated Care Board",Persons,1570290.0,,,CVDP001CVD,Prevalence of GP recorded cardiovascular disease (wide definition).,CVD: Prevalence (CVDP001CVD),5.7,Persons,Sex,0,90065.0,To March 2026,5.77,5.74,
E54000044,"NHS Buckinghamshire, Oxfordshire and Berkshire West Integrated Care Board",Female,788485.0,,,CVDP001CVD,Prevalence of GP recorded cardiovascular disease (wide definition).,CVD: Prevalence (CVDP001CVD),4.27,Female,Sex,0,34000.0,To March 2026,4.36,4.31,
E54000044,"NHS Buckinghamshire, Oxfordshire and Berkshire West Integrated Care Board",Male,781805.0,,,CVDP001CVD,Prevalence of GP recorded cardiovascular disease (wide definition).,CVD: Prevalence (CVDP001CVD),7.11,Male,Sex,0,56065.0,To March 2026,7.23,7.17,
E54000044,"NHS Buckinghamshire, Oxfordshire and Berkshire West Integrated Care Board",Male,293585.0,,,CVDP001CVD,Prevalence of GP recorded cardiovascular disease (wide definition).,CVD: Prevalence (CVDP001CVD),0.2,18-39,Age group,0,645.0,To March 2026,0.24,0.22,
E54000044,"NHS Buckinghamshire, Oxfordshire and Berkshire West Integrated Care Board",Female,284395.0,,,CVDP001CVD,Prevalence of GP recorded cardiovascular disease (wide definition).,CVD: Prevalence (CVDP001CVD),0.14,18-39,Age group,0,430.0,To March 2026,0.17,0.15,
E54000044,"NHS Buckinghamshire, Oxfordshire and Berkshire West Integrated Care Board",Persons,577980.0,,,CVDP001CVD,Prevalence of GP recorded cardiovascular disease (wide definition).,CVD: Prevalence (CVDP001CVD),0.18,18-39,Age group,0,1075.0,To March 2026,0.2,0.19,
E54000044,"NHS Buckinghamshire, Oxfordshire and Berkshire West Integrated Care Board",Male,267765.0,,,CVDP001CVD,Prevalence of GP recorded cardiovascular disease (wide definition).,CVD: Prevalence (CVDP001CVD),3.03,40-59,Age group,0,8280.0,To March 2026,3.16,3.09,
E54000044,"NHS Buckinghamshire, Oxfordshire and Berkshire West Integrated Care Board",Female,258390.0,,,CVDP001CVD,Prevalence of GP recorded cardiovascular disease (wide definition).,CVD: Prevalence (CVDP001CVD),1.28,40-59,Age group,0,3430.0,To March 2026,1.37,1.33,
E54000044,"NHS Buckinghamshire, Oxfordshire and Berkshire West Integrated Care Board",Persons,526155.0,,,CVDP001CVD,Prevalence of GP recorded cardiovascular disease (wide definition).,CVD: Prevalence (CVDP001CVD),2.19,40-59,Age group,0,11710.0,To March 2026,2.27,2.23,
E54000044,"NHS Buckinghamshire, Oxfordshire and Berkshire West Integrated Care Board",Male,177675.0,,,CVDP001CVD,Prevalence of GP recorded cardiovascular disease (wide definition).,CVD: Prevalence (CVDP001CVD),17.04,60-79,Age group,0,30585.0,To March 2026,17.39,17.21,
E54000044,"NHS Buckinghamshire, Oxfordshire and Berkshire West Integrated Care Board",Female,186915.0,,,CVDP001CVD,Prevalence of GP recorded cardiovascular disease (wide definition).,CVD: Prevalence (CVDP001CVD),7.63,60-79,Age group,0,14485.0,To March 2026,7.87,7.75,
E54000044,"NHS Buckinghamshire, Oxfordshire and Berkshire West Integrated Care Board",Persons,364590.0,,,CVDP001CVD,Prevalence of GP recorded cardiovascular disease (wide definition).,CVD: Prevalence (CVDP001CVD),12.25,60-79,Age group,0,45065.0,To March 2026,12.47,12.36,
E54000044,"NHS Buckinghamshire, Oxfordshire and Berkshire West Integrated Care Board",Male,42775.0,,,CVDP001CVD,Prevalence of GP recorded cardiovascular disease (wide definition).,CVD: Prevalence (CVDP001CVD),38.25,80+,Age group,0,16560.0,To March 2026,39.17,38.71,
E54000044,"NHS Buckinghamshire, Oxfordshire and Berkshire West Integrated Care Board",Female,58785.0,,,CVDP001CVD,Prevalence of GP recorded cardiovascular disease (wide definition).,CVD: Prevalence (CVDP001CVD),26.27,80+,Age group,0,15655.0,To March 2026,26.99,26.63,
E54000044,"NHS Buckinghamshire, Oxfordshire and Berkshire West Integrated Care Board",Persons,101565.0,,,CVDP001CVD,Prevalence of GP recorded cardiovascular disease (wide definition).,CVD: Prevalence (CVDP001CVD),31.43,80+,Age group,0,32215.0,To March 2026,32.0,31.72,
E54000044,"NHS Buckinghamshire, Oxfordshire and Berkshire West Integrated Care Board",Persons,47370.0,,,CVDP001CVD,Prevalence of GP recorded cardiovascular disease (wide definition).,CVD: Prevalence (CVDP001CVD),5.07,1 - most deprived,Deprivation quintile,0,2495.0,To March 2026,5.47,5.27,
E54000044,"NHS Buckinghamshire, Oxfordshire and Berkshire West Integrated Care Board",Persons,144155.0,,,CVDP001CVD,Prevalence of GP recorded cardiovascular disease (wide definition).,CVD: Prevalence (CVDP001CVD),4.91,2,Deprivation quintile,0,7235.0,To March 2026,5.13,5.02,
E54000044,"NHS Buckinghamshire, Oxfordshire and Berkshire West Integrated Care Board",Persons,208500.0,,,CVDP001CVD,Prevalence of GP recorded cardiovascular disease (wide definition).,CVD: Prevalence (CVDP001CVD),6.03,3,Deprivation quintile,0,12790.0,To March 2026,6.24,6.13,
E54000044,"NHS Buckinghamshire, Oxfordshire and Berkshire West Integrated Care Board",Persons,370700.0,,,CVDP001CVD,Prevalence of GP recorded cardiovascular disease (wide definition).,CVD: Prevalence (CVDP001CVD),6.28,4,Deprivation quintile,0,23565.0,To March 2026,6.44,6.36,
E54000044,"NHS Buckinghamshire, Oxfordshire and Berkshire West Integrated Care Board",Persons,643070.0,,,CVDP001CVD,Prevalence of GP recorded cardiovascular disease (wide definition).,CVD: Prevalence (CVDP001CVD),6.73,5 - least deprived,Deprivation quintile,0,43675.0,To March 2026,6.85,6.79,
E54000044,"NHS Buckinghamshire, Oxfordshire and Berkshire West Integrated Care Board",Female,,,,CVDP001CVD,Prevalence of GP recorded cardiovascular disease (wide definition).,CVD: Prevalence (CVDP001CVD),4.07,Female,Sex - Age Standardised,0,,To March 2026,4.16,4.11,Numerators and Denominators are not provided for Age Standardisation.
E54000044,"NHS Buckinghamshire, Oxfordshire and Berkshire West Integrated Care Board",Male,,,,CVDP001CVD,Prevalence of GP recorded cardiovascular disease (wide definition).,CVD: Prevalence (CVDP001CVD),7.99,Male,Sex - Age Standardised,0,,To March 2026,8.12,8.06,Numerators and Denominators are not provided for Age Standardisation.
E54000044,"NHS Buckinghamshire, Oxfordshire and Berkshire West Integrated Care Board",Persons,,,,CVDP001CVD,Prevalence of GP recorded cardiovascular disease (wide definition).,CVD: Prevalence (CVDP001CVD),5.95,Persons,Sex - Age Standardised,0,,To March 2026,6.02,5.99,Numerators and Denominators are not provided for Age Standardisation.
E54000044,"NHS Buckinghamshire, Oxfordshire and Berkshire West Integrated Care Board",Persons,,,,CVDP001CVD,Prevalence of GP recorded cardiovascular disease (wide definition).,CVD: Prevalence (CVDP001CVD),8.88,1 - most deprived,Deprivation quintile - Age Standardised,0,,To March 2026,9.63,9.25,Numerators and Denominators are not provided for Age Standardisation.
E54000044,"NHS Buckinghamshire, Oxfordshire and Berkshire West Integrated Care Board",Persons,,,,CVDP001CVD,Prevalence of GP recorded cardiovascular disease (wide definition).,CVD: Prevalence (CVDP001CVD),7.43,2,Deprivation quintile - Age Standardised,0,,To March 2026,7.8,7.61,Numerators and Denominators are not provided for Age Standardisation.
E54000044,"NHS Buckinghamshire, Oxfordshire and Berkshire West Integrated Care Board",Persons,,,,CVDP001CVD,Prevalence of GP recorded cardiovascular disease (wide definition).,CVD: Prevalence (CVDP001CVD),6.44,3,Deprivation quintile - Age Standardised,0,,To March 2026,6.68,6.56,Numerators and Denominators are not provided for Age Standardisation.
E54000044,"NHS Buckinghamshire, Oxfordshire and Berkshire West Integrated Care Board",Persons,,,,CVDP001CVD,Prevalence of GP recorded cardiovascular disease (wide definition).,CVD: Prevalence (CVDP001CVD),5.92,4,Deprivation quintile - Age Standardised,0,,To March 2026,6.08,6.0,Numerators and Denominators are not provided for Age Standardisation.
E54000044,"NHS Buckinghamshire, Oxfordshire and Berkshire West Integrated Care Board",Persons,,,,CVDP001CVD,Prevalence of GP recorded cardiovascular disease (wide definition).,CVD: Prevalence (CVDP001CVD),5.28,5 - least deprived,Deprivation quintile - Age Standardised,0,,To March 2026,5.38,5.33,Numerators and Denominators are not provided for Age Standardisation.
E54000056,NHS Cambridgeshire and Peterborough Integrated Care Board,Persons,841725.0,,,CVDP001CVD,Prevalence of GP recorded cardiovascular disease (wide definition).,CVD: Prevalence (CVDP001CVD),6.09,Persons,Sex,0,51730.0,To March 2026,6.2,6.15,
E54000056,NHS Cambridgeshire and Peterborough Integrated Care Board,Female,413380.0,,,CVDP001CVD,Prevalence of GP recorded cardiovascular disease (wide definition).,CVD: Prevalence (CVDP001CVD),4.8,Female,Sex,0,20110.0,To March 2026,4.93,4.86,
E54000056,NHS Cambridgeshire and Peterborough Integrated Care Board,Male,428345.0,,,CVDP001CVD,Prevalence of GP recorded cardiovascular disease (wide definition).,CVD: Prevalence (CVDP001CVD),7.3,Male,Sex,0,31620.0,To March 2026,7.46,7.38,
E54000056,NHS Cambridgeshire and Peterborough Integrated Care Board,Male,172395.0,,,CVDP001CVD,Prevalence of GP recorded cardiovascular disease (wide definition).,CVD: Prevalence (CVDP001CVD),0.21,18-39,Age group,0,405.0,To March 2026,0.26,0.23,
E54000056,NHS Cambridgeshire and Peterborough Integrated Care Board,Female,156280.0,,,CVDP001CVD,Prevalence of GP recorded cardiovascular disease (wide definition).,CVD: Prevalence (CVDP001CVD),0.16,18-39,Age group,0,275.0,To March 2026,0.2,0.18,
E54000056,NHS Cambridgeshire and Peterborough Integrated Care Board,Persons,328675.0,,,CVDP001CVD,Prevalence of GP recorded cardiovascular disease (wide definition).,CVD: Prevalence (CVDP001CVD),0.19,18-39,Age group,0,680.0,To March 2026,0.22,0.21,
E54000056,NHS Cambridgeshire and Peterborough Integrated Care Board,Male,144065.0,,,CVDP001CVD,Prevalence of GP recorded cardiovascular disease (wide definition).,CVD: Prevalence (CVDP001CVD),3.34,40-59,Age group,0,4950.0,To March 2026,3.53,3.44,
E54000056,NHS Cambridgeshire and Peterborough Integrated Care Board,Female,132745.0,,,CVDP001CVD,Prevalence of GP recorded cardiovascular disease (wide definition).,CVD: Prevalence (CVDP001CVD),1.73,40-59,Age group,0,2390.0,To March 2026,1.87,1.8,
E54000056,NHS Cambridgeshire and Peterborough Integrated Care Board,Persons,276810.0,,,CVDP001CVD,Prevalence of GP recorded cardiovascular disease (wide definition).,CVD: Prevalence (CVDP001CVD),2.59,40-59,Age group,0,7340.0,To March 2026,2.71,2.65,
E54000056,NHS Cambridgeshire and Peterborough Integrated Care Board,Male,90705.0,,,CVDP001CVD,Prevalence of GP recorded cardiovascular disease (wide definition).,CVD: Prevalence (CVDP001CVD),19.14,60-79,Age group,0,17595.0,To March 2026,19.65,19.4,
E54000056,NHS Cambridgeshire and Peterborough Integrated Care Board,Female,96025.0,,,CVDP001CVD,Prevalence of GP recorded cardiovascular disease (wide definition).,CVD: Prevalence (CVDP001CVD),9.51,60-79,Age group,0,9315.0,To March 2026,9.89,9.7,
E54000056,NHS Cambridgeshire and Peterborough Integrated Care Board,Persons,186730.0,,,CVDP001CVD,Prevalence of GP recorded cardiovascular disease (wide definition).,CVD: Prevalence (CVDP001CVD),14.25,60-79,Age group,0,26910.0,To March 2026,14.57,14.41,
E54000056,NHS Cambridgeshire and Peterborough Integrated Care Board,Male,21180.0,,,CVDP001CVD,Prevalence of GP recorded cardiovascular disease (wide definition).,CVD: Prevalence (CVDP001CVD),40.28,80+,Age group,0,8670.0,To March 2026,41.6,40.94,
E54000056,NHS Cambridgeshire and Peterborough Integrated Care Board,Female,28325.0,,,CVDP001CVD,Prevalence of GP recorded cardiovascular disease (wide definition).,CVD: Prevalence (CVDP001CVD),28.18,80+,Age group,0,8130.0,To March 2026,29.23,28.71,
E54000056,NHS Cambridgeshire and Peterborough Integrated Care Board,Persons,49510.0,,,CVDP001CVD,Prevalence of GP recorded cardiovascular disease (wide definition).,CVD: Prevalence (CVDP001CVD),33.52,80+,Age group,0,16805.0,To March 2026,34.36,33.94,
E54000056,NHS Cambridgeshire and Peterborough Integrated Care Board,Persons,102230.0,,,CVDP001CVD,Prevalence of GP recorded cardiovascular disease (wide definition).,CVD: Prevalence (CVDP001CVD),6.05,1 - most deprived,Deprivation quintile,0,6335.0,To March 2026,6.35,6.2,
E54000056,NHS Cambridgeshire and Peterborough Integrated Care Board,Persons,89340.0,,,CVDP001CVD,Prevalence of GP recorded cardiovascular disease (wide definition).,CVD: Prevalence (CVDP001CVD),7.07,2,Deprivation quintile,0,6465.0,To March 2026,7.41,7.24,
E54000056,NHS Cambridgeshire and Peterborough Integrated Care Board,Persons,175285.0,,,CVDP001CVD,Prevalence of GP recorded cardiovascular disease (wide definition).,CVD: Prevalence (CVDP001CVD),6.95,3,Deprivation quintile,0,12390.0,To March 2026,7.19,7.07,
E54000056,NHS Cambridgeshire and Peterborough Integrated Care Board,Persons,165410.0,,,CVDP001CVD,Prevalence of GP recorded cardiovascular disease (wide definition).,CVD: Prevalence (CVDP001CVD),7.48,4,Deprivation quintile,0,12575.0,To March 2026,7.73,7.6,
E54000056,NHS Cambridgeshire and Peterborough Integrated Care Board,Persons,198695.0,,,CVDP001CVD,Prevalence of GP recorded cardiovascular disease (wide definition).,CVD: Prevalence (CVDP001CVD),7.12,5 - least deprived,Deprivation quintile,0,14375.0,To March 2026,7.35,7.23,
E54000056,NHS Cambridgeshire and Peterborough Integrated Care Board,Female,,,,CVDP001CVD,Prevalence of GP recorded cardiovascular disease (wide definition).,CVD: Prevalence (CVDP001CVD),4.84,Female,Sex - Age Standardised,0,,To March 2026,4.98,4.91,Numerators and Denominators are not provided for Age Standardisation.
E54000056,NHS Cambridgeshire and Peterborough Integrated Care Board,Male,,,,CVDP001CVD,Prevalence of GP recorded cardiovascular disease (wide definition).,CVD: Prevalence (CVDP001CVD),8.8,Male,Sex - Age Standardised,0,,To March 2026,8.99,8.89,Numerators and Denominators are not provided for Age Standardisation.
E54000056,NHS Cambridgeshire and Peterborough Integrated Care Board,Persons,,,,CVDP001CVD,Prevalence of GP recorded cardiovascular disease (wide definition).,CVD: Prevalence (CVDP001CVD),6.75,Persons,Sex - Age Standardised,0,,To March 2026,6.87,6.81,Numerators and Denominators are not provided for Age Standardisation.
E54000056,NHS Cambridgeshire and Peterborough Integrated Care Board,Persons,,,,CVDP001CVD,Prevalence of GP recorded cardiovascular disease (wide definition).,CVD: Prevalence (CVDP001CVD),7.95,1 - most deprived,Deprivation quintile - Age Standardised,0,,To March 2026,8.37,8.16,Numerators and Denominators are not provided for Age Standardisation.
E54000056,NHS Cambridgeshire and Peterborough Integrated Care Board,Persons,,,,CVDP001CVD,Prevalence of GP recorded cardiovascular disease (wide definition).,CVD: Prevalence (CVDP001CVD),7.01,2,Deprivation quintile - Age Standardised,0,,To March 2026,7.38,7.19,Numerators and Denominators are not provided for Age Standardisation.
E54000056,NHS Cambridgeshire and Peterborough Integrated Care Board,Persons,,,,CVDP001CVD,Prevalence of GP recorded cardiovascular disease (wide definition).,CVD: Prevalence (CVDP001CVD),6.82,3,Deprivation quintile - Age Standardised,0,,To March 2026,7.08,6.95,Numerators and Denominators are not provided for Age Standardisation.
E54000056,NHS Cambridgeshire and Peterborough Integrated Care Board,Persons,,,,CVDP001CVD,Prevalence of GP recorded cardiovascular disease (wide definition).,CVD: Prevalence (CVDP001CVD),5.98,4,Deprivation quintile - Age Standardised,0,,To March 2026,6.2,6.09,Numerators and Denominators are not provided for Age Standardisation.
E54000056,NHS Cambridgeshire and Peterborough Integrated Care Board,Persons,,,,CVDP001CVD,Prevalence of GP recorded cardiovascular disease (wide definition).,CVD: Prevalence (CVDP001CVD),5.7,5 - least deprived,Deprivation quintile - Age Standardised,0,,To March 2026,5.9,5.8,Numerators and Denominators are not provided for Age Standardisation.
E54000008,NHS Cheshire and Merseyside Integrated Care Board,Persons,2247235.0,,,CVDP001CVD,Prevalence of GP recorded cardiovascular disease (wide definition).,CVD: Prevalence (CVDP001CVD),7.84,Persons,Sex,0,176915.0,To March 2026,7.91,7.87,
E54000008,NHS Cheshire and Merseyside Integrated Care Board,Female,1131665.0,,,CVDP001CVD,Prevalence of GP recorded cardiovascular disease (wide definition).,CVD: Prevalence (CVDP001CVD),6.24,Female,Sex,0,71145.0,To March 2026,6.33,6.29,
E54000008,NHS Cheshire and Merseyside Integrated Care Board,Male,1115570.0,,,CVDP001CVD,Prevalence of GP recorded cardiovascular disease (wide definition).,CVD: Prevalence (CVDP001CVD),9.43,Male,Sex,0,105770.0,To March 2026,9.54,9.48,
E54000008,NHS Cheshire and Merseyside Integrated Care Board,Male,407210.0,,,CVDP001CVD,Prevalence of GP recorded cardiovascular disease (wide definition).,CVD: Prevalence (CVDP001CVD),0.26,18-39,Age group,0,1120.0,To March 2026,0.29,0.28,
E54000008,NHS Cheshire and Merseyside Integrated Care Board,Female,393815.0,,,CVDP001CVD,Prevalence of GP recorded cardiovascular disease (wide definition).,CVD: Prevalence (CVDP001CVD),0.18,18-39,Age group,0,765.0,To March 2026,0.21,0.19,
E54000008,NHS Cheshire and Merseyside Integrated Care Board,Persons,801025.0,,,CVDP001CVD,Prevalence of GP recorded cardiovascular disease (wide definition).,CVD: Prevalence (CVDP001CVD),0.23,18-39,Age group,0,1885.0,To March 2026,0.25,0.24,
E54000008,NHS Cheshire and Merseyside Integrated Care Board,Male,357690.0,,,CVDP001CVD,Prevalence of GP recorded cardiovascular disease (wide definition).,CVD: Prevalence (CVDP001CVD),4.13,40-59,Age group,0,15010.0,To March 2026,4.26,4.2,
E54000008,NHS Cheshire and Merseyside Integrated Care Board,Female,346155.0,,,CVDP001CVD,Prevalence of GP recorded cardiovascular disease (wide definition).,CVD: Prevalence (CVDP001CVD),2.21,40-59,Age group,0,7805.0,To March 2026,2.3,2.25,
E54000008,NHS Cheshire and Merseyside Integrated Care Board,Persons,703850.0,,,CVDP001CVD,Prevalence of GP recorded cardiovascular disease (wide definition).,CVD: Prevalence (CVDP001CVD),3.2,40-59,Age group,0,22815.0,To March 2026,3.28,3.24,
E54000008,NHS Cheshire and Merseyside Integrated Care Board,Male,288830.0,,,CVDP001CVD,Prevalence of GP recorded cardiovascular disease (wide definition).,CVD: Prevalence (CVDP001CVD),21.94,60-79,Age group,0,63800.0,To March 2026,22.24,22.09,
E54000008,NHS Cheshire and Merseyside Integrated Care Board,Female,305310.0,,,CVDP001CVD,Prevalence of GP recorded cardiovascular disease (wide definition).,CVD: Prevalence (CVDP001CVD),11.84,60-79,Age group,0,36495.0,To March 2026,12.07,11.95,
E54000008,NHS Cheshire and Merseyside Integrated Care Board,Persons,594140.0,,,CVDP001CVD,Prevalence of GP recorded cardiovascular disease (wide definition).,CVD: Prevalence (CVDP001CVD),16.79,60-79,Age group,0,100295.0,To March 2026,16.98,16.88,
E54000008,NHS Cheshire and Merseyside Integrated Care Board,Male,61835.0,,,CVDP001CVD,Prevalence of GP recorded cardiovascular disease (wide definition).,CVD: Prevalence (CVDP001CVD),41.39,80+,Age group,0,25835.0,To March 2026,42.17,41.78,
E54000008,NHS Cheshire and Merseyside Integrated Care Board,Female,86385.0,,,CVDP001CVD,Prevalence of GP recorded cardiovascular disease (wide definition).,CVD: Prevalence (CVDP001CVD),29.88,80+,Age group,0,26080.0,To March 2026,30.5,30.19,
E54000008,NHS Cheshire and Merseyside Integrated Care Board,Persons,148225.0,,,CVDP001CVD,Prevalence of GP recorded cardiovascular disease (wide definition).,CVD: Prevalence (CVDP001CVD),34.78,80+,Age group,0,51915.0,To March 2026,35.27,35.03,
E54000008,NHS Cheshire and Merseyside Integrated Care Board,Persons,764395.0,,,CVDP001CVD,Prevalence of GP recorded cardiovascular disease (wide definition).,CVD: Prevalence (CVDP001CVD),7.94,1 - most deprived,Deprivation quintile,0,61160.0,To March 2026,8.06,8.0,
E54000008,NHS Cheshire and Merseyside Integrated Care Board,Persons,331190.0,,,CVDP001CVD,Prevalence of GP recorded cardiovascular disease (wide definition).,CVD: Prevalence (CVDP001CVD),8.01,2,Deprivation quintile,0,26850.0,To March 2026,8.2,8.11,
E54000008,NHS Cheshire and Merseyside Integrated Care Board,Persons,300120.0,,,CVDP001CVD,Prevalence of GP recorded cardiovascular disease (wide definition).,CVD: Prevalence (CVDP001CVD),8.49,3,Deprivation quintile,0,25780.0,To March 2026,8.69,8.59,
E54000008,NHS Cheshire and Merseyside Integrated Care Board,Persons,352645.0,,,CVDP001CVD,Prevalence of GP recorded cardiovascular disease (wide definition).,CVD: Prevalence (CVDP001CVD),8.87,4,Deprivation quintile,0,31620.0,To March 2026,9.06,8.97,
E54000008,NHS Cheshire and Merseyside Integrated Care Board,Persons,362680.0,,,CVDP001CVD,Prevalence of GP recorded cardiovascular disease (wide definition).,CVD: Prevalence (CVDP001CVD),8.32,5 - least deprived,Deprivation quintile,0,30485.0,To March 2026,8.5,8.41,
E54000008,NHS Cheshire and Merseyside Integrated Care Board,Female,,,,CVDP001CVD,Prevalence of GP recorded cardiovascular disease (wide definition).,CVD: Prevalence (CVDP001CVD),5.69,Female,Sex - Age Standardised,0,,To March 2026,5.77,5.73,Numerators and Denominators are not provided for Age Standardisation.
E54000008,NHS Cheshire and Merseyside Integrated Care Board,Male,,,,CVDP001CVD,Prevalence of GP recorded cardiovascular disease (wide definition).,CVD: Prevalence (CVDP001CVD),9.78,Male,Sex - Age Standardised,0,,To March 2026,9.9,9.84,Numerators and Denominators are not provided for Age Standardisation.
E54000008,NHS Cheshire and Merseyside Integrated Care Board,Persons,,,,CVDP001CVD,Prevalence of GP recorded cardiovascular disease (wide definition).,CVD: Prevalence (CVDP001CVD),7.65,Persons,Sex - Age Standardised,0,,To March 2026,7.72,7.68,Numerators and Denominators are not provided for Age Standardisation.
E54000008,NHS Cheshire and Merseyside Integrated Care Board,Persons,,,,CVDP001CVD,Prevalence of GP recorded cardiovascular disease (wide definition).,CVD: Prevalence (CVDP001CVD),9.81,1 - most deprived,Deprivation quintile - Age Standardised,0,,To March 2026,9.97,9.89,Numerators and Denominators are not provided for Age Standardisation.
E54000008,NHS Cheshire and Merseyside Integrated Care Board,Persons,,,,CVDP001CVD,Prevalence of GP recorded cardiovascular disease (wide definition).,CVD: Prevalence (CVDP001CVD),8.15,2,Deprivation quintile - Age Standardised,0,,To March 2026,8.35,8.25,Numerators and Denominators are not provided for Age Standardisation.
E54000008,NHS Cheshire and Merseyside Integrated Care Board,Persons,,,,CVDP001CVD,Prevalence of GP recorded cardiovascular disease (wide definition).,CVD: Prevalence (CVDP001CVD),7.18,3,Deprivation quintile - Age Standardised,0,,To March 2026,7.36,7.27,Numerators and Denominators are not provided for Age Standardisation.
E54000008,NHS Cheshire and Merseyside Integrated Care Board,Persons,,,,CVDP001CVD,Prevalence of GP recorded cardiovascular disease (wide definition).,CVD: Prevalence (CVDP001CVD),6.61,4,Deprivation quintile - Age Standardised,0,,To March 2026,6.76,6.68,Numerators and Denominators are not provided for Age Standardisation.
E54000008,NHS Cheshire and Merseyside Integrated Care Board,Persons,,,,CVDP001CVD,Prevalence of GP recorded cardiovascular disease (wide definition).,CVD: Prevalence (CVDP001CVD),5.98,5 - least deprived,Deprivation quintile - Age Standardised,0,,To March 2026,6.12,6.05,Numerators and Denominators are not provided for Age Standardisation.
E54000036,NHS Cornwall and the Isles of Scilly Integrated Care Board,Persons,486070.0,,,CVDP001CVD,Prevalence of GP recorded cardiovascular disease (wide definition).,CVD: Prevalence (CVDP001CVD),9.69,Persons,Sex,0,47495.0,To March 2026,9.85,9.77,
E54000036,NHS Cornwall and the Isles of Scilly Integrated Care Board,Female,250350.0,,,CVDP001CVD,Prevalence of GP recorded cardiovascular disease (wide definition).,CVD: Prevalence (CVDP001CVD),7.37,Female,Sex,0,18715.0,To March 2026,7.58,7.48,
E54000036,NHS Cornwall and the Isles of Scilly Integrated Care Board,Male,235720.0,,,CVDP001CVD,Prevalence of GP recorded cardiovascular disease (wide definition).,CVD: Prevalence (CVDP001CVD),12.08,Male,Sex,0,28780.0,To March 2026,12.34,12.21,
E54000036,NHS Cornwall and the Isles of Scilly Integrated Care Board,Male,70605.0,,,CVDP001CVD,Prevalence of GP recorded cardiovascular disease (wide definition).,CVD: Prevalence (CVDP001CVD),0.34,18-39,Age group,0,270.0,To March 2026,0.43,0.39,
E54000036,NHS Cornwall and the Isles of Scilly Integrated Care Board,Female,70520.0,,,CVDP001CVD,Prevalence of GP recorded cardiovascular disease (wide definition).,CVD: Prevalence (CVDP001CVD),0.23,18-39,Age group,0,190.0,To March 2026,0.31,0.27,
E54000036,NHS Cornwall and the Isles of Scilly Integrated Care Board,Persons,141125.0,,,CVDP001CVD,Prevalence of GP recorded cardiovascular disease (wide definition).,CVD: Prevalence (CVDP001CVD),0.3,18-39,Age group,0,460.0,To March 2026,0.36,0.33,
E54000036,NHS Cornwall and the Isles of Scilly Integrated Care Board,Male,72555.0,,,CVDP001CVD,Prevalence of GP recorded cardiovascular disease (wide definition).,CVD: Prevalence (CVDP001CVD),4.65,40-59,Age group,0,3485.0,To March 2026,4.96,4.81,
E54000036,NHS Cornwall and the Isles of Scilly Integrated Care Board,Female,75625.0,,,CVDP001CVD,Prevalence of GP recorded cardiovascular disease (wide definition).,CVD: Prevalence (CVDP001CVD),2.26,40-59,Age group,0,1795.0,To March 2026,2.48,2.37,
E54000036,NHS Cornwall and the Isles of Scilly Integrated Care Board,Persons,148180.0,,,CVDP001CVD,Prevalence of GP recorded cardiovascular disease (wide definition).,CVD: Prevalence (CVDP001CVD),3.47,40-59,Age group,0,5280.0,To March 2026,3.66,3.56,
E54000036,NHS Cornwall and the Isles of Scilly Integrated Care Board,Male,74510.0,,,CVDP001CVD,Prevalence of GP recorded cardiovascular disease (wide definition).,CVD: Prevalence (CVDP001CVD),22.52,60-79,Age group,0,17005.0,To March 2026,23.13,22.82,
E54000036,NHS Cornwall and the Isles of Scilly Integrated Care Board,Female,79915.0,,,CVDP001CVD,Prevalence of GP recorded cardiovascular disease (wide definition).,CVD: Prevalence (CVDP001CVD),11.22,60-79,Age group,0,9145.0,To March 2026,11.66,11.44,
E54000036,NHS Cornwall and the Isles of Scilly Integrated Care Board,Persons,154425.0,,,CVDP001CVD,Prevalence of GP recorded cardiovascular disease (wide definition).,CVD: Prevalence (CVDP001CVD),16.75,60-79,Age group,0,26150.0,To March 2026,17.12,16.93,
E54000036,NHS Cornwall and the Isles of Scilly Integrated Care Board,Male,18050.0,,,CVDP001CVD,Prevalence of GP recorded cardiovascular disease (wide definition).,CVD: Prevalence (CVDP001CVD),43.66,80+,Age group,0,8010.0,To March 2026,45.1,44.38,
E54000036,NHS Cornwall and the Isles of Scilly Integrated Care Board,Female,24285.0,,,CVDP001CVD,Prevalence of GP recorded cardiovascular disease (wide definition).,CVD: Prevalence (CVDP001CVD),30.67,80+,Age group,0,7590.0,To March 2026,31.84,31.26,
E54000036,NHS Cornwall and the Isles of Scilly Integrated Care Board,Persons,42340.0,,,CVDP001CVD,Prevalence of GP recorded cardiovascular disease (wide definition).,CVD: Prevalence (CVDP001CVD),36.39,80+,Age group,0,15605.0,To March 2026,37.31,36.85,
E54000036,NHS Cornwall and the Isles of Scilly Integrated Care Board,Persons,57770.0,,,CVDP001CVD,Prevalence of GP recorded cardiovascular disease (wide definition).,CVD: Prevalence (CVDP001CVD),10.21,1 - most deprived,Deprivation quintile,0,6040.0,To March 2026,10.71,10.46,
E54000036,NHS Cornwall and the Isles of Scilly Integrated Care Board,Persons,187460.0,,,CVDP001CVD,Prevalence of GP recorded cardiovascular disease (wide definition).,CVD: Prevalence (CVDP001CVD),10.47,2,Deprivation quintile,0,19880.0,To March 2026,10.74,10.6,
E54000036,NHS Cornwall and the Isles of Scilly Integrated Care Board,Persons,140815.0,,,CVDP001CVD,Prevalence of GP recorded cardiovascular disease (wide definition).,CVD: Prevalence (CVDP001CVD),10.15,3,Deprivation quintile,0,14510.0,To March 2026,10.46,10.3,
E54000036,NHS Cornwall and the Isles of Scilly Integrated Care Board,Persons,65635.0,,,CVDP001CVD,Prevalence of GP recorded cardiovascular disease (wide definition).,CVD: Prevalence (CVDP001CVD),9.81,4,Deprivation quintile,0,6590.0,To March 2026,10.27,10.04,
E54000036,NHS Cornwall and the Isles of Scilly Integrated Care Board,Persons,4775.0,,,CVDP001CVD,Prevalence of GP recorded cardiovascular disease (wide definition).,CVD: Prevalence (CVDP001CVD),13.52,5 - least deprived,Deprivation quintile,0,690.0,To March 2026,15.51,14.49,
E54000036,NHS Cornwall and the Isles of Scilly Integrated Care Board,Female,,,,CVDP001CVD,Prevalence of GP recorded cardiovascular disease (wide definition).,CVD: Prevalence (CVDP001CVD),5.55,Female,Sex - Age Standardised,0,,To March 2026,5.72,5.64,Numerators and Denominators are not provided for Age Standardisation.
E54000036,NHS Cornwall and the Isles of Scilly Integrated Care Board,Male,,,,CVDP001CVD,Prevalence of GP recorded cardiovascular disease (wide definition).,CVD: Prevalence (CVDP001CVD),10.08,Male,Sex - Age Standardised,0,,To March 2026,10.32,10.2,Numerators and Denominators are not provided for Age Standardisation.
E54000036,NHS Cornwall and the Isles of Scilly Integrated Care Board,Persons,,,,CVDP001CVD,Prevalence of GP recorded cardiovascular disease (wide definition).,CVD: Prevalence (CVDP001CVD),7.72,Persons,Sex - Age Standardised,0,,To March 2026,7.86,7.79,Numerators and Denominators are not provided for Age Standardisation.
E54000036,NHS Cornwall and the Isles of Scilly Integrated Care Board,Persons,,,,CVDP001CVD,Prevalence of GP recorded cardiovascular disease (wide definition).,CVD: Prevalence (CVDP001CVD),10.5,1 - most deprived,Deprivation quintile - Age Standardised,0,,To March 2026,11.05,10.77,Numerators and Denominators are not provided for Age Standardisation.
E54000036,NHS Cornwall and the Isles of Scilly Integrated Care Board,Persons,,,,CVDP001CVD,Prevalence of GP recorded cardiovascular disease (wide definition).,CVD: Prevalence (CVDP001CVD),8.32,2,Deprivation quintile - Age Standardised,0,,To March 2026,8.57,8.44,Numerators and Denominators are not provided for Age Standardisation.
E54000036,NHS Cornwall and the Isles of Scilly Integrated Care Board,Persons,,,,CVDP001CVD,Prevalence of GP recorded cardiovascular disease (wide definition).,CVD: Prevalence (CVDP001CVD),7.96,3,Deprivation quintile - Age Standardised,0,,To March 2026,8.23,8.1,Numerators and Denominators are not provided for Age Standardisation.
E54000036,NHS Cornwall and the Isles of Scilly Integrated Care Board,Persons,,,,CVDP001CVD,Prevalence of GP recorded cardiovascular disease (wide definition).,CVD: Prevalence (CVDP001CVD),7.44,4,Deprivation quintile - Age Standardised,0,,To March 2026,7.83,7.63,Numerators and Denominators are not provided for Age Standardisation.
E54000036,NHS Cornwall and the Isles of Scilly Integrated Care Board,Persons,,,,CVDP001CVD,Prevalence of GP recorded cardiovascular disease (wide definition).,CVD: Prevalence (CVDP001CVD),7.1,5 - least deprived,Deprivation quintile - Age Standardised,0,,To March 2026,8.3,7.68,Numerators and Denominators are not provided for Age Standardisation.
E54000018,NHS Coventry and Warwickshire Integrated Care Board,Persons,896780.0,,,CVDP001CVD,Prevalence of GP recorded cardiovascular disease (wide definition).,CVD: Prevalence (CVDP001CVD),5.96,Persons,Sex,0,53930.0,To March 2026,6.06,6.01,
E54000018,NHS Coventry and Warwickshire Integrated Care Board,Female,441675.0,,,CVDP001CVD,Prevalence of GP recorded cardiovascular disease (wide definition).,CVD: Prevalence (CVDP001CVD),4.6,Female,Sex,0,20590.0,To March 2026,4.72,4.66,
E54000018,NHS Coventry and Warwickshire Integrated Care Board,Male,455105.0,,,CVDP001CVD,Prevalence of GP recorded cardiovascular disease (wide definition).,CVD: Prevalence (CVDP001CVD),7.25,Male,Sex,0,33335.0,To March 2026,7.4,7.33,
E54000018,NHS Coventry and Warwickshire Integrated Care Board,Male,184345.0,,,CVDP001CVD,Prevalence of GP recorded cardiovascular disease (wide definition).,CVD: Prevalence (CVDP001CVD),0.2,18-39,Age group,0,410.0,To March 2026,0.24,0.22,
E54000018,NHS Coventry and Warwickshire Integrated Care Board,Female,170985.0,,,CVDP001CVD,Prevalence of GP recorded cardiovascular disease (wide definition).,CVD: Prevalence (CVDP001CVD),0.15,18-39,Age group,0,280.0,To March 2026,0.18,0.16,
E54000018,NHS Coventry and Warwickshire Integrated Care Board,Persons,355330.0,,,CVDP001CVD,Prevalence of GP recorded cardiovascular disease (wide definition).,CVD: Prevalence (CVDP001CVD),0.18,18-39,Age group,0,690.0,To March 2026,0.21,0.19,
E54000018,NHS Coventry and Warwickshire Integrated Care Board,Male,147275.0,,,CVDP001CVD,Prevalence of GP recorded cardiovascular disease (wide definition).,CVD: Prevalence (CVDP001CVD),3.26,40-59,Age group,0,4935.0,To March 2026,3.44,3.35,
E54000018,NHS Coventry and Warwickshire Integrated Care Board,Female,135115.0,,,CVDP001CVD,Prevalence of GP recorded cardiovascular disease (wide definition).,CVD: Prevalence (CVDP001CVD),1.59,40-59,Age group,0,2235.0,To March 2026,1.72,1.66,
E54000018,NHS Coventry and Warwickshire Integrated Care Board,Persons,282395.0,,,CVDP001CVD,Prevalence of GP recorded cardiovascular disease (wide definition).,CVD: Prevalence (CVDP001CVD),2.48,40-59,Age group,0,7170.0,To March 2026,2.6,2.54,
E54000018,NHS Coventry and Warwickshire Integrated Care Board,Male,99670.0,,,CVDP001CVD,Prevalence of GP recorded cardiovascular disease (wide definition).,CVD: Prevalence (CVDP001CVD),18.63,60-79,Age group,0,18810.0,To March 2026,19.11,18.87,
E54000018,NHS Coventry and Warwickshire Integrated Care Board,Female,102925.0,,,CVDP001CVD,Prevalence of GP recorded cardiovascular disease (wide definition).,CVD: Prevalence (CVDP001CVD),9.03,60-79,Age group,0,9480.0,To March 2026,9.39,9.21,
E54000018,NHS Coventry and Warwickshire Integrated Care Board,Persons,202595.0,,,CVDP001CVD,Prevalence of GP recorded cardiovascular disease (wide definition).,CVD: Prevalence (CVDP001CVD),13.81,60-79,Age group,0,28285.0,To March 2026,14.11,13.96,
E54000018,NHS Coventry and Warwickshire Integrated Care Board,Male,23815.0,,,CVDP001CVD,Prevalence of GP recorded cardiovascular disease (wide definition).,CVD: Prevalence (CVDP001CVD),37.96,80+,Age group,0,9185.0,To March 2026,39.19,38.57,
E54000018,NHS Coventry and Warwickshire Integrated Care Board,Female,32645.0,,,CVDP001CVD,Prevalence of GP recorded cardiovascular disease (wide definition).,CVD: Prevalence (CVDP001CVD),25.86,80+,Age group,0,8595.0,To March 2026,26.81,26.33,
E54000018,NHS Coventry and Warwickshire Integrated Care Board,Persons,56460.0,,,CVDP001CVD,Prevalence of GP recorded cardiovascular disease (wide definition).,CVD: Prevalence (CVDP001CVD),31.11,80+,Age group,0,17785.0,To March 2026,31.88,31.5,
E54000018,NHS Coventry and Warwickshire Integrated Care Board,Persons,112665.0,,,CVDP001CVD,Prevalence of GP recorded cardiovascular disease (wide definition).,CVD: Prevalence (CVDP001CVD),5.67,1 - most deprived,Deprivation quintile,0,6535.0,To March 2026,5.94,5.8,
E54000018,NHS Coventry and Warwickshire Integrated Care Board,Persons,152775.0,,,CVDP001CVD,Prevalence of GP recorded cardiovascular disease (wide definition).,CVD: Prevalence (CVDP001CVD),6.07,2,Deprivation quintile,0,9450.0,To March 2026,6.31,6.19,
E54000018,NHS Coventry and Warwickshire Integrated Care Board,Persons,187805.0,,,CVDP001CVD,Prevalence of GP recorded cardiovascular disease (wide definition).,CVD: Prevalence (CVDP001CVD),6.43,3,Deprivation quintile,0,12295.0,To March 2026,6.66,6.55,
E54000018,NHS Coventry and Warwickshire Integrated Care Board,Persons,196450.0,,,CVDP001CVD,Prevalence of GP recorded cardiovascular disease (wide definition).,CVD: Prevalence (CVDP001CVD),7.1,4,Deprivation quintile,0,14180.0,To March 2026,7.33,7.22,
E54000018,NHS Coventry and Warwickshire Integrated Care Board,Persons,156455.0,,,CVDP001CVD,Prevalence of GP recorded cardiovascular disease (wide definition).,CVD: Prevalence (CVDP001CVD),6.92,5 - least deprived,Deprivation quintile,0,11025.0,To March 2026,7.17,7.05,
E54000018,NHS Coventry and Warwickshire Integrated Care Board,Female,,,,CVDP001CVD,Prevalence of GP recorded cardiovascular disease (wide definition).,CVD: Prevalence (CVDP001CVD),4.52,Female,Sex - Age Standardised,0,,To March 2026,4.65,4.59,Numerators and Denominators are not provided for Age Standardisation.
E54000018,NHS Coventry and Warwickshire Integrated Care Board,Male,,,,CVDP001CVD,Prevalence of GP recorded cardiovascular disease (wide definition).,CVD: Prevalence (CVDP001CVD),8.49,Male,Sex - Age Standardised,0,,To March 2026,8.67,8.58,Numerators and Denominators are not provided for Age Standardisation.
E54000018,NHS Coventry and Warwickshire Integrated Care Board,Persons,,,,CVDP001CVD,Prevalence of GP recorded cardiovascular disease (wide definition).,CVD: Prevalence (CVDP001CVD),6.44,Persons,Sex - Age Standardised,0,,To March 2026,6.55,6.5,Numerators and Denominators are not provided for Age Standardisation.
E54000018,NHS Coventry and Warwickshire Integrated Care Board,Persons,,,,CVDP001CVD,Prevalence of GP recorded cardiovascular disease (wide definition).,CVD: Prevalence (CVDP001CVD),8.23,1 - most deprived,Deprivation quintile - Age Standardised,0,,To March 2026,8.65,8.43,Numerators and Denominators are not provided for Age Standardisation.
E54000018,NHS Coventry and Warwickshire Integrated Care Board,Persons,,,,CVDP001CVD,Prevalence of GP recorded cardiovascular disease (wide definition).,CVD: Prevalence (CVDP001CVD),7.27,2,Deprivation quintile - Age Standardised,0,,To March 2026,7.58,7.42,Numerators and Denominators are not provided for Age Standardisation.
E54000018,NHS Coventry and Warwickshire Integrated Care Board,Persons,,,,CVDP001CVD,Prevalence of GP recorded cardiovascular disease (wide definition).,CVD: Prevalence (CVDP001CVD),6.48,3,Deprivation quintile - Age Standardised,0,,To March 2026,6.72,6.6,Numerators and Denominators are not provided for Age Standardisation.
E54000018,NHS Coventry and Warwickshire Integrated Care Board,Persons,,,,CVDP001CVD,Prevalence of GP recorded cardiovascular disease (wide definition).,CVD: Prevalence (CVDP001CVD),5.96,4,Deprivation quintile - Age Standardised,0,,To March 2026,6.16,6.06,Numerators and Denominators are not provided for Age Standardisation.
E54000018,NHS Coventry and Warwickshire Integrated Care Board,Persons,,,,CVDP001CVD,Prevalence of GP recorded cardiovascular disease (wide definition).,CVD: Prevalence (CVDP001CVD),5.45,5 - least deprived,Deprivation quintile - Age Standardised,0,,To March 2026,5.67,5.56,Numerators and Denominators are not provided for Age Standardisation.
E54000058,NHS Derby and Derbyshire Integrated Care Board,Persons,914150.0,,,CVDP001CVD,Prevalence of GP recorded cardiovascular disease (wide definition).,CVD: Prevalence (CVDP001CVD),8.0,Persons,Sex,0,73625.0,To March 2026,8.11,8.05,
E54000058,NHS Derby and Derbyshire Integrated Care Board,Female,460035.0,,,CVDP001CVD,Prevalence of GP recorded cardiovascular disease (wide definition).,CVD: Prevalence (CVDP001CVD),6.31,Female,Sex,0,29370.0,To March 2026,6.45,6.38,
E54000058,NHS Derby and Derbyshire Integrated Care Board,Male,454115.0,,,CVDP001CVD,Prevalence of GP recorded cardiovascular disease (wide definition).,CVD: Prevalence (CVDP001CVD),9.66,Male,Sex,0,44255.0,To March 2026,9.83,9.75,
E54000058,NHS Derby and Derbyshire Integrated Care Board,Male,155035.0,,,CVDP001CVD,Prevalence of GP recorded cardiovascular disease (wide definition).,CVD: Prevalence (CVDP001CVD),0.28,18-39,Age group,0,485.0,To March 2026,0.34,0.31,
E54000058,NHS Derby and Derbyshire Integrated Care Board,Female,149050.0,,,CVDP001CVD,Prevalence of GP recorded cardiovascular disease (wide definition).,CVD: Prevalence (CVDP001CVD),0.21,18-39,Age group,0,340.0,To March 2026,0.25,0.23,
E54000058,NHS Derby and Derbyshire Integrated Care Board,Persons,304085.0,,,CVDP001CVD,Prevalence of GP recorded cardiovascular disease (wide definition).,CVD: Prevalence (CVDP001CVD),0.25,18-39,Age group,0,825.0,To March 2026,0.29,0.27,
E54000058,NHS Derby and Derbyshire Integrated Care Board,Male,148505.0,,,CVDP001CVD,Prevalence of GP recorded cardiovascular disease (wide definition).,CVD: Prevalence (CVDP001CVD),4.11,40-59,Age group,0,6260.0,To March 2026,4.32,4.22,
E54000058,NHS Derby and Derbyshire Integrated Care Board,Female,144445.0,,,CVDP001CVD,Prevalence of GP recorded cardiovascular disease (wide definition).,CVD: Prevalence (CVDP001CVD),2.12,40-59,Age group,0,3165.0,To March 2026,2.27,2.19,
E54000058,NHS Derby and Derbyshire Integrated Care Board,Persons,292950.0,,,CVDP001CVD,Prevalence of GP recorded cardiovascular disease (wide definition).,CVD: Prevalence (CVDP001CVD),3.15,40-59,Age group,0,9425.0,To March 2026,3.28,3.22,
E54000058,NHS Derby and Derbyshire Integrated Care Board,Male,122680.0,,,CVDP001CVD,Prevalence of GP recorded cardiovascular disease (wide definition).,CVD: Prevalence (CVDP001CVD),20.71,60-79,Age group,0,25680.0,To March 2026,21.16,20.93,
E54000058,NHS Derby and Derbyshire Integrated Care Board,Female,128825.0,,,CVDP001CVD,Prevalence of GP recorded cardiovascular disease (wide definition).,CVD: Prevalence (CVDP001CVD),10.74,60-79,Age group,0,14055.0,To March 2026,11.08,10.91,
E54000058,NHS Derby and Derbyshire Integrated Care Board,Persons,251500.0,,,CVDP001CVD,Prevalence of GP recorded cardiovascular disease (wide definition).,CVD: Prevalence (CVDP001CVD),15.66,60-79,Age group,0,39735.0,To March 2026,15.94,15.8,
E54000058,NHS Derby and Derbyshire Integrated Care Board,Male,27890.0,,,CVDP001CVD,Prevalence of GP recorded cardiovascular disease (wide definition).,CVD: Prevalence (CVDP001CVD),41.84,80+,Age group,0,11830.0,To March 2026,43.0,42.42,
E54000058,NHS Derby and Derbyshire Integrated Care Board,Female,37720.0,,,CVDP001CVD,Prevalence of GP recorded cardiovascular disease (wide definition).,CVD: Prevalence (CVDP001CVD),30.83,80+,Age group,0,11805.0,To March 2026,31.77,31.3,
E54000058,NHS Derby and Derbyshire Integrated Care Board,Persons,65610.0,,,CVDP001CVD,Prevalence of GP recorded cardiovascular disease (wide definition).,CVD: Prevalence (CVDP001CVD),35.66,80+,Age group,0,23635.0,To March 2026,36.39,36.03,
E54000058,NHS Derby and Derbyshire Integrated Care Board,Persons,171655.0,,,CVDP001CVD,Prevalence of GP recorded cardiovascular disease (wide definition).,CVD: Prevalence (CVDP001CVD),7.08,1 - most deprived,Deprivation quintile,0,12360.0,To March 2026,7.32,7.2,
E54000058,NHS Derby and Derbyshire Integrated Care Board,Persons,167930.0,,,CVDP001CVD,Prevalence of GP recorded cardiovascular disease (wide definition).,CVD: Prevalence (CVDP001CVD),8.07,2,Deprivation quintile,0,13775.0,To March 2026,8.34,8.2,
E54000058,NHS Derby and Derbyshire Integrated Care Board,Persons,182640.0,,,CVDP001CVD,Prevalence of GP recorded cardiovascular disease (wide definition).,CVD: Prevalence (CVDP001CVD),8.61,3,Deprivation quintile,0,15955.0,To March 2026,8.87,8.74,
E54000058,NHS Derby and Derbyshire Integrated Care Board,Persons,173430.0,,,CVDP001CVD,Prevalence of GP recorded cardiovascular disease (wide definition).,CVD: Prevalence (CVDP001CVD),8.44,4,Deprivation quintile,0,14875.0,To March 2026,8.71,8.58,
E54000058,NHS Derby and Derbyshire Integrated Care Board,Persons,193085.0,,,CVDP001CVD,Prevalence of GP recorded cardiovascular disease (wide definition).,CVD: Prevalence (CVDP001CVD),8.42,5 - least deprived,Deprivation quintile,0,16500.0,To March 2026,8.67,8.55,
E54000058,NHS Derby and Derbyshire Integrated Care Board,Female,,,,CVDP001CVD,Prevalence of GP recorded cardiovascular disease (wide definition).,CVD: Prevalence (CVDP001CVD),5.43,Female,Sex - Age Standardised,0,,To March 2026,5.56,5.49,Numerators and Denominators are not provided for Age Standardisation.
E54000058,NHS Derby and Derbyshire Integrated Care Board,Male,,,,CVDP001CVD,Prevalence of GP recorded cardiovascular disease (wide definition).,CVD: Prevalence (CVDP001CVD),9.46,Male,Sex - Age Standardised,0,,To March 2026,9.64,9.54,Numerators and Denominators are not provided for Age Standardisation.
E54000058,NHS Derby and Derbyshire Integrated Care Board,Persons,,,,CVDP001CVD,Prevalence of GP recorded cardiovascular disease (wide definition).,CVD: Prevalence (CVDP001CVD),7.38,Persons,Sex - Age Standardised,0,,To March 2026,7.48,7.43,Numerators and Denominators are not provided for Age Standardisation.
E54000058,NHS Derby and Derbyshire Integrated Care Board,Persons,,,,CVDP001CVD,Prevalence of GP recorded cardiovascular disease (wide definition).,CVD: Prevalence (CVDP001CVD),9.85,1 - most deprived,Deprivation quintile - Age Standardised,0,,To March 2026,10.22,10.04,Numerators and Denominators are not provided for Age Standardisation.
E54000058,NHS Derby and Derbyshire Integrated Care Board,Persons,,,,CVDP001CVD,Prevalence of GP recorded cardiovascular disease (wide definition).,CVD: Prevalence (CVDP001CVD),8.65,2,Deprivation quintile - Age Standardised,0,,To March 2026,8.95,8.8,Numerators and Denominators are not provided for Age Standardisation.
E54000058,NHS Derby and Derbyshire Integrated Care Board,Persons,,,,CVDP001CVD,Prevalence of GP recorded cardiovascular disease (wide definition).,CVD: Prevalence (CVDP001CVD),7.74,3,Deprivation quintile - Age Standardised,0,,To March 2026,7.99,7.86,Numerators and Denominators are not provided for Age Standardisation.
E54000058,NHS Derby and Derbyshire Integrated Care Board,Persons,,,,CVDP001CVD,Prevalence of GP recorded cardiovascular disease (wide definition).,CVD: Prevalence (CVDP001CVD),6.98,4,Deprivation quintile - Age Standardised,0,,To March 2026,7.21,7.09,Numerators and Denominators are not provided for Age Standardisation.
E54000058,NHS Derby and Derbyshire Integrated Care Board,Persons,,,,CVDP001CVD,Prevalence of GP recorded cardiovascular disease (wide definition).,CVD: Prevalence (CVDP001CVD),6.43,5 - least deprived,Deprivation quintile - Age Standardised,0,,To March 2026,6.64,6.53,Numerators and Denominators are not provided for Age Standardisation.
E54000037,NHS Devon Integrated Care Board,Persons,1056515.0,,,CVDP001CVD,Prevalence of GP recorded cardiovascular disease (wide definition).,CVD: Prevalence (CVDP001CVD),8.49,Persons,Sex,0,90270.0,To March 2026,8.6,8.54,
E54000037,NHS Devon Integrated Care Board,Female,542280.0,,,CVDP001CVD,Prevalence of GP recorded cardiovascular disease (wide definition).,CVD: Prevalence (CVDP001CVD),6.46,Female,Sex,0,35395.0,To March 2026,6.59,6.53,
E54000037,NHS Devon Integrated Care Board,Male,514230.0,,,CVDP001CVD,Prevalence of GP recorded cardiovascular disease (wide definition).,CVD: Prevalence (CVDP001CVD),10.59,Male,Sex,0,54875.0,To March 2026,10.76,10.67,
E54000037,NHS Devon Integrated Care Board,Male,168500.0,,,CVDP001CVD,Prevalence of GP recorded cardiovascular disease (wide definition).,CVD: Prevalence (CVDP001CVD),0.24,18-39,Age group,0,450.0,To March 2026,0.29,0.27,
E54000037,NHS Devon Integrated Care Board,Female,166715.0,,,CVDP001CVD,Prevalence of GP recorded cardiovascular disease (wide definition).,CVD: Prevalence (CVDP001CVD),0.16,18-39,Age group,0,305.0,To March 2026,0.2,0.18,
E54000037,NHS Devon Integrated Care Board,Persons,335215.0,,,CVDP001CVD,Prevalence of GP recorded cardiovascular disease (wide definition).,CVD: Prevalence (CVDP001CVD),0.21,18-39,Age group,0,750.0,To March 2026,0.24,0.22,
E54000037,NHS Devon Integrated Care Board,Male,153620.0,,,CVDP001CVD,Prevalence of GP recorded cardiovascular disease (wide definition).,CVD: Prevalence (CVDP001CVD),3.99,40-59,Age group,0,6285.0,To March 2026,4.19,4.09,
E54000037,NHS Devon Integrated Care Board,Female,157670.0,,,CVDP001CVD,Prevalence of GP recorded cardiovascular disease (wide definition).,CVD: Prevalence (CVDP001CVD),1.85,40-59,Age group,0,3025.0,To March 2026,1.99,1.92,
E54000037,NHS Devon Integrated Care Board,Persons,311290.0,,,CVDP001CVD,Prevalence of GP recorded cardiovascular disease (wide definition).,CVD: Prevalence (CVDP001CVD),2.93,40-59,Age group,0,9315.0,To March 2026,3.05,2.99,
E54000037,NHS Devon Integrated Care Board,Male,152750.0,,,CVDP001CVD,Prevalence of GP recorded cardiovascular disease (wide definition).,CVD: Prevalence (CVDP001CVD),20.62,60-79,Age group,0,31805.0,To March 2026,21.03,20.82,
E54000037,NHS Devon Integrated Care Board,Female,164620.0,,,CVDP001CVD,Prevalence of GP recorded cardiovascular disease (wide definition).,CVD: Prevalence (CVDP001CVD),9.86,60-79,Age group,0,16470.0,To March 2026,10.15,10.01,
E54000037,NHS Devon Integrated Care Board,Persons,317370.0,,,CVDP001CVD,Prevalence of GP recorded cardiovascular disease (wide definition).,CVD: Prevalence (CVDP001CVD),15.09,60-79,Age group,0,48280.0,To March 2026,15.34,15.21,
E54000037,NHS Devon Integrated Care Board,Male,39360.0,,,CVDP001CVD,Prevalence of GP recorded cardiovascular disease (wide definition).,CVD: Prevalence (CVDP001CVD),41.02,80+,Age group,0,16335.0,To March 2026,41.99,41.5,
E54000037,NHS Devon Integrated Care Board,Female,53275.0,,,CVDP001CVD,Prevalence of GP recorded cardiovascular disease (wide definition).,CVD: Prevalence (CVDP001CVD),28.88,80+,Age group,0,15595.0,To March 2026,29.66,29.27,
E54000037,NHS Devon Integrated Care Board,Persons,92635.0,,,CVDP001CVD,Prevalence of GP recorded cardiovascular disease (wide definition).,CVD: Prevalence (CVDP001CVD),34.16,80+,Age group,0,31930.0,To March 2026,34.77,34.47,
E54000037,NHS Devon Integrated Care Board,Persons,128305.0,,,CVDP001CVD,Prevalence of GP recorded cardiovascular disease (wide definition).,CVD: Prevalence (CVDP001CVD),8.05,1 - most deprived,Deprivation quintile,0,10525.0,To March 2026,8.35,8.2,
E54000037,NHS Devon Integrated Care Board,Persons,235635.0,,,CVDP001CVD,Prevalence of GP recorded cardiovascular disease (wide definition).,CVD: Prevalence (CVDP001CVD),9.18,2,Deprivation quintile,0,21905.0,To March 2026,9.41,9.3,
E54000037,NHS Devon Integrated Care Board,Persons,276615.0,,,CVDP001CVD,Prevalence of GP recorded cardiovascular disease (wide definition).,CVD: Prevalence (CVDP001CVD),8.88,3,Deprivation quintile,0,24850.0,To March 2026,9.09,8.98,
E54000037,NHS Devon Integrated Care Board,Persons,209535.0,,,CVDP001CVD,Prevalence of GP recorded cardiovascular disease (wide definition).,CVD: Prevalence (CVDP001CVD),9.41,4,Deprivation quintile,0,19980.0,To March 2026,9.66,9.54,
E54000037,NHS Devon Integrated Care Board,Persons,134805.0,,,CVDP001CVD,Prevalence of GP recorded cardiovascular disease (wide definition).,CVD: Prevalence (CVDP001CVD),9.45,5 - least deprived,Deprivation quintile,0,12950.0,To March 2026,9.76,9.61,
E54000037,NHS Devon Integrated Care Board,Female,,,,CVDP001CVD,Prevalence of GP recorded cardiovascular disease (wide definition).,CVD: Prevalence (CVDP001CVD),4.92,Female,Sex - Age Standardised,0,,To March 2026,5.03,4.97,Numerators and Denominators are not provided for Age Standardisation.
E54000037,NHS Devon Integrated Care Board,Male,,,,CVDP001CVD,Prevalence of GP recorded cardiovascular disease (wide definition).,CVD: Prevalence (CVDP001CVD),9.21,Male,Sex - Age Standardised,0,,To March 2026,9.36,9.28,Numerators and Denominators are not provided for Age Standardisation.
E54000037,NHS Devon Integrated Care Board,Persons,,,,CVDP001CVD,Prevalence of GP recorded cardiovascular disease (wide definition).,CVD: Prevalence (CVDP001CVD),6.96,Persons,Sex - Age Standardised,0,,To March 2026,7.05,7.01,Numerators and Denominators are not provided for Age Standardisation.
E54000037,NHS Devon Integrated Care Board,Persons,,,,CVDP001CVD,Prevalence of GP recorded cardiovascular disease (wide definition).,CVD: Prevalence (CVDP001CVD),9.81,1 - most deprived,Deprivation quintile - Age Standardised,0,,To March 2026,10.2,10.0,Numerators and Denominators are not provided for Age Standardisation.
E54000037,NHS Devon Integrated Care Board,Persons,,,,CVDP001CVD,Prevalence of GP recorded cardiovascular disease (wide definition).,CVD: Prevalence (CVDP001CVD),8.29,2,Deprivation quintile - Age Standardised,0,,To March 2026,8.52,8.4,Numerators and Denominators are not provided for Age Standardisation.
E54000037,NHS Devon Integrated Care Board,Persons,,,,CVDP001CVD,Prevalence of GP recorded cardiovascular disease (wide definition).,CVD: Prevalence (CVDP001CVD),7.28,3,Deprivation quintile - Age Standardised,0,,To March 2026,7.47,7.37,Numerators and Denominators are not provided for Age Standardisation.
E54000037,NHS Devon Integrated Care Board,Persons,,,,CVDP001CVD,Prevalence of GP recorded cardiovascular disease (wide definition).,CVD: Prevalence (CVDP001CVD),6.95,4,Deprivation quintile - Age Standardised,0,,To March 2026,7.16,7.06,Numerators and Denominators are not provided for Age Standardisation.
E54000037,NHS Devon Integrated Care Board,Persons,,,,CVDP001CVD,Prevalence of GP recorded cardiovascular disease (wide definition).,CVD: Prevalence (CVDP001CVD),5.99,5 - least deprived,Deprivation quintile - Age Standardised,0,,To March 2026,6.21,6.1,Numerators and Denominators are not provided for Age Standardisation.
E54000041,NHS Dorset Integrated Care Board,Persons,688885.0,,,CVDP001CVD,Prevalence of GP recorded cardiovascular disease (wide definition).,CVD: Prevalence (CVDP001CVD),8.59,Persons,Sex,0,59665.0,To March 2026,8.73,8.66,
E54000041,NHS Dorset Integrated Care Board,Female,349965.0,,,CVDP001CVD,Prevalence of GP recorded cardiovascular disease (wide definition).,CVD: Prevalence (CVDP001CVD),6.69,Female,Sex,0,23690.0,To March 2026,6.85,6.77,
E54000041,NHS Dorset Integrated Care Board,Male,338920.0,,,CVDP001CVD,Prevalence of GP recorded cardiovascular disease (wide definition).,CVD: Prevalence (CVDP001CVD),10.51,Male,Sex,0,35970.0,To March 2026,10.72,10.61,
E54000041,NHS Dorset Integrated Care Board,Male,105410.0,,,CVDP001CVD,Prevalence of GP recorded cardiovascular disease (wide definition).,CVD: Prevalence (CVDP001CVD),0.24,18-39,Age group,0,280.0,To March 2026,0.3,0.27,
E54000041,NHS Dorset Integrated Care Board,Female,101690.0,,,CVDP001CVD,Prevalence of GP recorded cardiovascular disease (wide definition).,CVD: Prevalence (CVDP001CVD),0.15,18-39,Age group,0,180.0,To March 2026,0.2,0.18,
E54000041,NHS Dorset Integrated Care Board,Persons,207100.0,,,CVDP001CVD,Prevalence of GP recorded cardiovascular disease (wide definition).,CVD: Prevalence (CVDP001CVD),0.2,18-39,Age group,0,460.0,To March 2026,0.24,0.22,
E54000041,NHS Dorset Integrated Care Board,Male,105810.0,,,CVDP001CVD,Prevalence of GP recorded cardiovascular disease (wide definition).,CVD: Prevalence (CVDP001CVD),3.66,40-59,Age group,0,3990.0,To March 2026,3.89,3.77,
E54000041,NHS Dorset Integrated Care Board,Female,103360.0,,,CVDP001CVD,Prevalence of GP recorded cardiovascular disease (wide definition).,CVD: Prevalence (CVDP001CVD),1.74,40-59,Age group,0,1880.0,To March 2026,1.9,1.82,
E54000041,NHS Dorset Integrated Care Board,Persons,209170.0,,,CVDP001CVD,Prevalence of GP recorded cardiovascular disease (wide definition).,CVD: Prevalence (CVDP001CVD),2.74,40-59,Age group,0,5870.0,To March 2026,2.88,2.81,
E54000041,NHS Dorset Integrated Care Board,Male,99975.0,,,CVDP001CVD,Prevalence of GP recorded cardiovascular disease (wide definition).,CVD: Prevalence (CVDP001CVD),19.83,60-79,Age group,0,20070.0,To March 2026,20.32,20.07,
E54000041,NHS Dorset Integrated Care Board,Female,107775.0,,,CVDP001CVD,Prevalence of GP recorded cardiovascular disease (wide definition).,CVD: Prevalence (CVDP001CVD),9.53,60-79,Age group,0,10455.0,To March 2026,9.88,9.7,
E54000041,NHS Dorset Integrated Care Board,Persons,207750.0,,,CVDP001CVD,Prevalence of GP recorded cardiovascular disease (wide definition).,CVD: Prevalence (CVDP001CVD),14.54,60-79,Age group,0,30525.0,To March 2026,14.85,14.69,
E54000041,NHS Dorset Integrated Care Board,Male,27725.0,,,CVDP001CVD,Prevalence of GP recorded cardiovascular disease (wide definition).,CVD: Prevalence (CVDP001CVD),41.37,80+,Age group,0,11630.0,To March 2026,42.53,41.95,
E54000041,NHS Dorset Integrated Care Board,Female,37140.0,,,CVDP001CVD,Prevalence of GP recorded cardiovascular disease (wide definition).,CVD: Prevalence (CVDP001CVD),29.63,80+,Age group,0,11175.0,To March 2026,30.56,30.09,
E54000041,NHS Dorset Integrated Care Board,Persons,64865.0,,,CVDP001CVD,Prevalence of GP recorded cardiovascular disease (wide definition).,CVD: Prevalence (CVDP001CVD),34.79,80+,Age group,0,22805.0,To March 2026,35.53,35.16,
E54000041,NHS Dorset Integrated Care Board,Persons,57880.0,,,CVDP001CVD,Prevalence of GP recorded cardiovascular disease (wide definition).,CVD: Prevalence (CVDP001CVD),6.9,1 - most deprived,Deprivation quintile,0,4115.0,To March 2026,7.32,7.11,
E54000041,NHS Dorset Integrated Care Board,Persons,109935.0,,,CVDP001CVD,Prevalence of GP recorded cardiovascular disease (wide definition).,CVD: Prevalence (CVDP001CVD),8.16,2,Deprivation quintile,0,9155.0,To March 2026,8.49,8.33,
E54000041,NHS Dorset Integrated Care Board,Persons,180505.0,,,CVDP001CVD,Prevalence of GP recorded cardiovascular disease (wide definition).,CVD: Prevalence (CVDP001CVD),9.22,3,Deprivation quintile,0,16885.0,To March 2026,9.49,9.35,
E54000041,NHS Dorset Integrated Care Board,Persons,167550.0,,,CVDP001CVD,Prevalence of GP recorded cardiovascular disease (wide definition).,CVD: Prevalence (CVDP001CVD),9.52,4,Deprivation quintile,0,16190.0,To March 2026,9.8,9.66,
E54000041,NHS Dorset Integrated Care Board,Persons,140215.0,,,CVDP001CVD,Prevalence of GP recorded cardiovascular disease (wide definition).,CVD: Prevalence (CVDP001CVD),9.95,5 - least deprived,Deprivation quintile,0,14175.0,To March 2026,10.27,10.11,
E54000041,NHS Dorset Integrated Care Board,Female,,,,CVDP001CVD,Prevalence of GP recorded cardiovascular disease (wide definition).,CVD: Prevalence (CVDP001CVD),4.81,Female,Sex - Age Standardised,0,,To March 2026,4.94,4.87,Numerators and Denominators are not provided for Age Standardisation.
E54000041,NHS Dorset Integrated Care Board,Male,,,,CVDP001CVD,Prevalence of GP recorded cardiovascular disease (wide definition).,CVD: Prevalence (CVDP001CVD),8.91,Male,Sex - Age Standardised,0,,To March 2026,9.1,9.01,Numerators and Denominators are not provided for Age Standardisation.
E54000041,NHS Dorset Integrated Care Board,Persons,,,,CVDP001CVD,Prevalence of GP recorded cardiovascular disease (wide definition).,CVD: Prevalence (CVDP001CVD),6.78,Persons,Sex - Age Standardised,0,,To March 2026,6.89,6.83,Numerators and Denominators are not provided for Age Standardisation.
E54000041,NHS Dorset Integrated Care Board,Persons,,,,CVDP001CVD,Prevalence of GP recorded cardiovascular disease (wide definition).,CVD: Prevalence (CVDP001CVD),9.11,1 - most deprived,Deprivation quintile - Age Standardised,0,,To March 2026,9.7,9.4,Numerators and Denominators are not provided for Age Standardisation.
E54000041,NHS Dorset Integrated Care Board,Persons,,,,CVDP001CVD,Prevalence of GP recorded cardiovascular disease (wide definition).,CVD: Prevalence (CVDP001CVD),8.22,2,Deprivation quintile - Age Standardised,0,,To March 2026,8.58,8.4,Numerators and Denominators are not provided for Age Standardisation.
E54000041,NHS Dorset Integrated Care Board,Persons,,,,CVDP001CVD,Prevalence of GP recorded cardiovascular disease (wide definition).,CVD: Prevalence (CVDP001CVD),7.57,3,Deprivation quintile - Age Standardised,0,,To March 2026,7.81,7.69,Numerators and Denominators are not provided for Age Standardisation.
E54000041,NHS Dorset Integrated Care Board,Persons,,,,CVDP001CVD,Prevalence of GP recorded cardiovascular disease (wide definition).,CVD: Prevalence (CVDP001CVD),6.99,4,Deprivation quintile - Age Standardised,0,,To March 2026,7.22,7.11,Numerators and Denominators are not provided for Age Standardisation.
E54000041,NHS Dorset Integrated Care Board,Persons,,,,CVDP001CVD,Prevalence of GP recorded cardiovascular disease (wide definition).,CVD: Prevalence (CVDP001CVD),6.46,5 - least deprived,Deprivation quintile - Age Standardised,0,,To March 2026,6.69,6.58,Numerators and Denominators are not provided for Age Standardisation.
E54000034,NHS Frimley Integrated Care Board,Persons,669780.0,,,CVDP001CVD,Prevalence of GP recorded cardiovascular disease (wide definition).,CVD: Prevalence (CVDP001CVD),5.79,Persons,Sex,0,39155.0,To March 2026,5.9,5.85,
E54000034,NHS Frimley Integrated Care Board,Female,337310.0,,,CVDP001CVD,Prevalence of GP recorded cardiovascular disease (wide definition).,CVD: Prevalence (CVDP001CVD),4.28,Female,Sex,0,14650.0,To March 2026,4.41,4.34,
E54000034,NHS Frimley Integrated Care Board,Male,332470.0,,,CVDP001CVD,Prevalence of GP recorded cardiovascular disease (wide definition).,CVD: Prevalence (CVDP001CVD),7.28,Male,Sex,0,24500.0,To March 2026,7.46,7.37,
E54000034,NHS Frimley Integrated Care Board,Male,122285.0,,,CVDP001CVD,Prevalence of GP recorded cardiovascular disease (wide definition).,CVD: Prevalence (CVDP001CVD),0.23,18-39,Age group,0,310.0,To March 2026,0.28,0.25,
E54000034,NHS Frimley Integrated Care Board,Female,121280.0,,,CVDP001CVD,Prevalence of GP recorded cardiovascular disease (wide definition).,CVD: Prevalence (CVDP001CVD),0.14,18-39,Age group,0,190.0,To March 2026,0.18,0.16,
E54000034,NHS Frimley Integrated Care Board,Persons,243560.0,,,CVDP001CVD,Prevalence of GP recorded cardiovascular disease (wide definition).,CVD: Prevalence (CVDP001CVD),0.19,18-39,Age group,0,500.0,To March 2026,0.22,0.21,
E54000034,NHS Frimley Integrated Care Board,Male,120920.0,,,CVDP001CVD,Prevalence of GP recorded cardiovascular disease (wide definition).,CVD: Prevalence (CVDP001CVD),3.3,40-59,Age group,0,4110.0,To March 2026,3.5,3.4,
E54000034,NHS Frimley Integrated Care Board,Female,116775.0,,,CVDP001CVD,Prevalence of GP recorded cardiovascular disease (wide definition).,CVD: Prevalence (CVDP001CVD),1.42,40-59,Age group,0,1735.0,To March 2026,1.56,1.49,
E54000034,NHS Frimley Integrated Care Board,Persons,237695.0,,,CVDP001CVD,Prevalence of GP recorded cardiovascular disease (wide definition).,CVD: Prevalence (CVDP001CVD),2.4,40-59,Age group,0,5845.0,To March 2026,2.52,2.46,
E54000034,NHS Frimley Integrated Care Board,Male,72475.0,,,CVDP001CVD,Prevalence of GP recorded cardiovascular disease (wide definition).,CVD: Prevalence (CVDP001CVD),18.48,60-79,Age group,0,13600.0,To March 2026,19.05,18.76,
E54000034,NHS Frimley Integrated Care Board,Female,76140.0,,,CVDP001CVD,Prevalence of GP recorded cardiovascular disease (wide definition).,CVD: Prevalence (CVDP001CVD),8.38,60-79,Age group,0,6535.0,To March 2026,8.78,8.58,
E54000034,NHS Frimley Integrated Care Board,Persons,148610.0,,,CVDP001CVD,Prevalence of GP recorded cardiovascular disease (wide definition).,CVD: Prevalence (CVDP001CVD),13.37,60-79,Age group,0,20130.0,To March 2026,13.72,13.55,
E54000034,NHS Frimley Integrated Care Board,Male,16795.0,,,CVDP001CVD,Prevalence of GP recorded cardiovascular disease (wide definition).,CVD: Prevalence (CVDP001CVD),37.88,80+,Age group,0,6485.0,To March 2026,39.35,38.61,
E54000034,NHS Frimley Integrated Care Board,Female,23115.0,,,CVDP001CVD,Prevalence of GP recorded cardiovascular disease (wide definition).,CVD: Prevalence (CVDP001CVD),26.22,80+,Age group,0,6190.0,To March 2026,27.35,26.78,
E54000034,NHS Frimley Integrated Care Board,Persons,39910.0,,,CVDP001CVD,Prevalence of GP recorded cardiovascular disease (wide definition).,CVD: Prevalence (CVDP001CVD),31.31,80+,Age group,0,12675.0,To March 2026,32.22,31.76,
E54000034,NHS Frimley Integrated Care Board,Persons,13835.0,,,CVDP001CVD,Prevalence of GP recorded cardiovascular disease (wide definition).,CVD: Prevalence (CVDP001CVD),7.0,1 - most deprived,Deprivation quintile,0,1030.0,To March 2026,7.87,7.43,
E54000034,NHS Frimley Integrated Care Board,Persons,103080.0,,,CVDP001CVD,Prevalence of GP recorded cardiovascular disease (wide definition).,CVD: Prevalence (CVDP001CVD),5.73,2,Deprivation quintile,0,6050.0,To March 2026,6.01,5.87,
E54000034,NHS Frimley Integrated Care Board,Persons,112735.0,,,CVDP001CVD,Prevalence of GP recorded cardiovascular disease (wide definition).,CVD: Prevalence (CVDP001CVD),5.5,3,Deprivation quintile,0,6355.0,To March 2026,5.77,5.64,
E54000034,NHS Frimley Integrated Care Board,Persons,114435.0,,,CVDP001CVD,Prevalence of GP recorded cardiovascular disease (wide definition).,CVD: Prevalence (CVDP001CVD),6.13,4,Deprivation quintile,0,7170.0,To March 2026,6.41,6.27,
E54000034,NHS Frimley Integrated Care Board,Persons,282865.0,,,CVDP001CVD,Prevalence of GP recorded cardiovascular disease (wide definition).,CVD: Prevalence (CVDP001CVD),6.35,5 - least deprived,Deprivation quintile,0,18220.0,To March 2026,6.53,6.44,
E54000034,NHS Frimley Integrated Care Board,Female,,,,CVDP001CVD,Prevalence of GP recorded cardiovascular disease (wide definition).,CVD: Prevalence (CVDP001CVD),4.34,Female,Sex - Age Standardised,0,,To March 2026,4.49,4.41,Numerators and Denominators are not provided for Age Standardisation.
E54000034,NHS Frimley Integrated Care Board,Male,,,,CVDP001CVD,Prevalence of GP recorded cardiovascular disease (wide definition).,CVD: Prevalence (CVDP001CVD),8.51,Male,Sex - Age Standardised,0,,To March 2026,8.73,8.62,Numerators and Denominators are not provided for Age Standardisation.
E54000034,NHS Frimley Integrated Care Board,Persons,,,,CVDP001CVD,Prevalence of GP recorded cardiovascular disease (wide definition).,CVD: Prevalence (CVDP001CVD),6.35,Persons,Sex - Age Standardised,0,,To March 2026,6.48,6.42,Numerators and Denominators are not provided for Age Standardisation.
E54000034,NHS Frimley Integrated Care Board,Persons,,,,CVDP001CVD,Prevalence of GP recorded cardiovascular disease (wide definition).,CVD: Prevalence (CVDP001CVD),10.09,1 - most deprived,Deprivation quintile - Age Standardised,0,,To March 2026,11.49,10.78,Numerators and Denominators are not provided for Age Standardisation.
E54000034,NHS Frimley Integrated Care Board,Persons,,,,CVDP001CVD,Prevalence of GP recorded cardiovascular disease (wide definition).,CVD: Prevalence (CVDP001CVD),8.76,2,Deprivation quintile - Age Standardised,0,,To March 2026,9.24,9.0,Numerators and Denominators are not provided for Age Standardisation.
E54000034,NHS Frimley Integrated Care Board,Persons,,,,CVDP001CVD,Prevalence of GP recorded cardiovascular disease (wide definition).,CVD: Prevalence (CVDP001CVD),7.18,3,Deprivation quintile - Age Standardised,0,,To March 2026,7.56,7.37,Numerators and Denominators are not provided for Age Standardisation.
E54000034,NHS Frimley Integrated Care Board,Persons,,,,CVDP001CVD,Prevalence of GP recorded cardiovascular disease (wide definition).,CVD: Prevalence (CVDP001CVD),6.19,4,Deprivation quintile - Age Standardised,0,,To March 2026,6.49,6.34,Numerators and Denominators are not provided for Age Standardisation.
E54000034,NHS Frimley Integrated Care Board,Persons,,,,CVDP001CVD,Prevalence of GP recorded cardiovascular disease (wide definition).,CVD: Prevalence (CVDP001CVD),5.38,5 - least deprived,Deprivation quintile - Age Standardised,0,,To March 2026,5.54,5.46,Numerators and Denominators are not provided for Age Standardisation.
E54000043,NHS Gloucestershire Integrated Care Board,Persons,564790.0,,,CVDP001CVD,Prevalence of GP recorded cardiovascular disease (wide definition).,CVD: Prevalence (CVDP001CVD),7.24,Persons,Sex,0,41285.0,To March 2026,7.38,7.31,
E54000043,NHS Gloucestershire Integrated Care Board,Female,288345.0,,,CVDP001CVD,Prevalence of GP recorded cardiovascular disease (wide definition).,CVD: Prevalence (CVDP001CVD),5.38,Female,Sex,0,15740.0,To March 2026,5.54,5.46,
E54000043,NHS Gloucestershire Integrated Care Board,Male,276445.0,,,CVDP001CVD,Prevalence of GP recorded cardiovascular disease (wide definition).,CVD: Prevalence (CVDP001CVD),9.13,Male,Sex,0,25545.0,To March 2026,9.35,9.24,
E54000043,NHS Gloucestershire Integrated Care Board,Male,91060.0,,,CVDP001CVD,Prevalence of GP recorded cardiovascular disease (wide definition).,CVD: Prevalence (CVDP001CVD),0.22,18-39,Age group,0,225.0,To March 2026,0.28,0.25,
E54000043,NHS Gloucestershire Integrated Care Board,Female,90330.0,,,CVDP001CVD,Prevalence of GP recorded cardiovascular disease (wide definition).,CVD: Prevalence (CVDP001CVD),0.15,18-39,Age group,0,155.0,To March 2026,0.2,0.17,
E54000043,NHS Gloucestershire Integrated Care Board,Persons,181390.0,,,CVDP001CVD,Prevalence of GP recorded cardiovascular disease (wide definition).,CVD: Prevalence (CVDP001CVD),0.19,18-39,Age group,0,380.0,To March 2026,0.23,0.21,
E54000043,NHS Gloucestershire Integrated Care Board,Male,88915.0,,,CVDP001CVD,Prevalence of GP recorded cardiovascular disease (wide definition).,CVD: Prevalence (CVDP001CVD),3.59,40-59,Age group,0,3305.0,To March 2026,3.84,3.72,
E54000043,NHS Gloucestershire Integrated Care Board,Female,90275.0,,,CVDP001CVD,Prevalence of GP recorded cardiovascular disease (wide definition).,CVD: Prevalence (CVDP001CVD),1.54,40-59,Age group,0,1465.0,To March 2026,1.71,1.62,
E54000043,NHS Gloucestershire Integrated Care Board,Persons,179190.0,,,CVDP001CVD,Prevalence of GP recorded cardiovascular disease (wide definition).,CVD: Prevalence (CVDP001CVD),2.59,40-59,Age group,0,4770.0,To March 2026,2.74,2.66,
E54000043,NHS Gloucestershire Integrated Care Board,Male,77255.0,,,CVDP001CVD,Prevalence of GP recorded cardiovascular disease (wide definition).,CVD: Prevalence (CVDP001CVD),18.34,60-79,Age group,0,14380.0,To March 2026,18.89,18.61,
E54000043,NHS Gloucestershire Integrated Care Board,Female,82130.0,,,CVDP001CVD,Prevalence of GP recorded cardiovascular disease (wide definition).,CVD: Prevalence (CVDP001CVD),8.59,60-79,Age group,0,7210.0,To March 2026,8.97,8.78,
E54000043,NHS Gloucestershire Integrated Care Board,Persons,159390.0,,,CVDP001CVD,Prevalence of GP recorded cardiovascular disease (wide definition).,CVD: Prevalence (CVDP001CVD),13.38,60-79,Age group,0,21590.0,To March 2026,13.72,13.55,
E54000043,NHS Gloucestershire Integrated Care Board,Male,19210.0,,,CVDP001CVD,Prevalence of GP recorded cardiovascular disease (wide definition).,CVD: Prevalence (CVDP001CVD),39.06,80+,Age group,0,7635.0,To March 2026,40.43,39.74,
E54000043,NHS Gloucestershire Integrated Care Board,Female,25605.0,,,CVDP001CVD,Prevalence of GP recorded cardiovascular disease (wide definition).,CVD: Prevalence (CVDP001CVD),26.43,80+,Age group,0,6905.0,To March 2026,27.51,26.97,
E54000043,NHS Gloucestershire Integrated Care Board,Persons,44815.0,,,CVDP001CVD,Prevalence of GP recorded cardiovascular disease (wide definition).,CVD: Prevalence (CVDP001CVD),32.01,80+,Age group,0,14540.0,To March 2026,32.88,32.45,
E54000043,NHS Gloucestershire Integrated Care Board,Persons,43530.0,,,CVDP001CVD,Prevalence of GP recorded cardiovascular disease (wide definition).,CVD: Prevalence (CVDP001CVD),6.4,1 - most deprived,Deprivation quintile,0,2885.0,To March 2026,6.86,6.63,
E54000043,NHS Gloucestershire Integrated Care Board,Persons,60685.0,,,CVDP001CVD,Prevalence of GP recorded cardiovascular disease (wide definition).,CVD: Prevalence (CVDP001CVD),7.12,2,Deprivation quintile,0,4445.0,To March 2026,7.53,7.32,
E54000043,NHS Gloucestershire Integrated Care Board,Persons,112225.0,,,CVDP001CVD,Prevalence of GP recorded cardiovascular disease (wide definition).,CVD: Prevalence (CVDP001CVD),8.32,3,Deprivation quintile,0,9520.0,To March 2026,8.64,8.48,
E54000043,NHS Gloucestershire Integrated Care Board,Persons,125580.0,,,CVDP001CVD,Prevalence of GP recorded cardiovascular disease (wide definition).,CVD: Prevalence (CVDP001CVD),8.64,4,Deprivation quintile,0,11050.0,To March 2026,8.96,8.8,
E54000043,NHS Gloucestershire Integrated Care Board,Persons,162080.0,,,CVDP001CVD,Prevalence of GP recorded cardiovascular disease (wide definition).,CVD: Prevalence (CVDP001CVD),7.81,5 - least deprived,Deprivation quintile,0,12865.0,To March 2026,8.07,7.94,
E54000043,NHS Gloucestershire Integrated Care Board,Female,,,,CVDP001CVD,Prevalence of GP recorded cardiovascular disease (wide definition).,CVD: Prevalence (CVDP001CVD),4.4,Female,Sex - Age Standardised,0,,To March 2026,4.54,4.47,Numerators and Denominators are not provided for Age Standardisation.
E54000043,NHS Gloucestershire Integrated Care Board,Male,,,,CVDP001CVD,Prevalence of GP recorded cardiovascular disease (wide definition).,CVD: Prevalence (CVDP001CVD),8.46,Male,Sex - Age Standardised,0,,To March 2026,8.67,8.57,Numerators and Denominators are not provided for Age Standardisation.
E54000043,NHS Gloucestershire Integrated Care Board,Persons,,,,CVDP001CVD,Prevalence of GP recorded cardiovascular disease (wide definition).,CVD: Prevalence (CVDP001CVD),6.35,Persons,Sex - Age Standardised,0,,To March 2026,6.47,6.41,Numerators and Denominators are not provided for Age Standardisation.
E54000043,NHS Gloucestershire Integrated Care Board,Persons,,,,CVDP001CVD,Prevalence of GP recorded cardiovascular disease (wide definition).,CVD: Prevalence (CVDP001CVD),8.87,1 - most deprived,Deprivation quintile - Age Standardised,0,,To March 2026,9.56,9.21,Numerators and Denominators are not provided for Age Standardisation.
E54000043,NHS Gloucestershire Integrated Care Board,Persons,,,,CVDP001CVD,Prevalence of GP recorded cardiovascular disease (wide definition).,CVD: Prevalence (CVDP001CVD),7.91,2,Deprivation quintile - Age Standardised,0,,To March 2026,8.4,8.15,Numerators and Denominators are not provided for Age Standardisation.
E54000043,NHS Gloucestershire Integrated Care Board,Persons,,,,CVDP001CVD,Prevalence of GP recorded cardiovascular disease (wide definition).,CVD: Prevalence (CVDP001CVD),6.71,3,Deprivation quintile - Age Standardised,0,,To March 2026,7.0,6.85,Numerators and Denominators are not provided for Age Standardisation.
E54000043,NHS Gloucestershire Integrated Care Board,Persons,,,,CVDP001CVD,Prevalence of GP recorded cardiovascular disease (wide definition).,CVD: Prevalence (CVDP001CVD),6.36,4,Deprivation quintile - Age Standardised,0,,To March 2026,6.61,6.48,Numerators and Denominators are not provided for Age Standardisation.
E54000043,NHS Gloucestershire Integrated Care Board,Persons,,,,CVDP001CVD,Prevalence of GP recorded cardiovascular disease (wide definition).,CVD: Prevalence (CVDP001CVD),5.76,5 - least deprived,Deprivation quintile - Age Standardised,0,,To March 2026,5.97,5.87,Numerators and Denominators are not provided for Age Standardisation.
E54000057,NHS Greater Manchester Integrated Care Board,Persons,2588425.0,,,CVDP001CVD,Prevalence of GP recorded cardiovascular disease (wide definition).,CVD: Prevalence (CVDP001CVD),6.4,Persons,Sex,0,166485.0,To March 2026,6.46,6.43,
E54000057,NHS Greater Manchester Integrated Care Board,Female,1284680.0,,,CVDP001CVD,Prevalence of GP recorded cardiovascular disease (wide definition).,CVD: Prevalence (CVDP001CVD),5.1,Female,Sex,0,66035.0,To March 2026,5.18,5.14,
E54000057,NHS Greater Manchester Integrated Care Board,Male,1303740.0,,,CVDP001CVD,Prevalence of GP recorded cardiovascular disease (wide definition).,CVD: Prevalence (CVDP001CVD),7.66,Male,Sex,0,100455.0,To March 2026,7.75,7.7,
E54000057,NHS Greater Manchester Integrated Care Board,Male,547640.0,,,CVDP001CVD,Prevalence of GP recorded cardiovascular disease (wide definition).,CVD: Prevalence (CVDP001CVD),0.24,18-39,Age group,0,1405.0,To March 2026,0.27,0.26,
E54000057,NHS Greater Manchester Integrated Care Board,Female,533470.0,,,CVDP001CVD,Prevalence of GP recorded cardiovascular disease (wide definition).,CVD: Prevalence (CVDP001CVD),0.16,18-39,Age group,0,935.0,To March 2026,0.19,0.18,
E54000057,NHS Greater Manchester Integrated Care Board,Persons,1081110.0,,,CVDP001CVD,Prevalence of GP recorded cardiovascular disease (wide definition).,CVD: Prevalence (CVDP001CVD),0.21,18-39,Age group,0,2340.0,To March 2026,0.23,0.22,
E54000057,NHS Greater Manchester Integrated Care Board,Male,431530.0,,,CVDP001CVD,Prevalence of GP recorded cardiovascular disease (wide definition).,CVD: Prevalence (CVDP001CVD),4.15,40-59,Age group,0,18165.0,To March 2026,4.27,4.21,
E54000057,NHS Greater Manchester Integrated Care Board,Female,396425.0,,,CVDP001CVD,Prevalence of GP recorded cardiovascular disease (wide definition).,CVD: Prevalence (CVDP001CVD),2.24,40-59,Age group,0,9070.0,To March 2026,2.33,2.29,
E54000057,NHS Greater Manchester Integrated Care Board,Persons,827955.0,,,CVDP001CVD,Prevalence of GP recorded cardiovascular disease (wide definition).,CVD: Prevalence (CVDP001CVD),3.25,40-59,Age group,0,27235.0,To March 2026,3.33,3.29,
E54000057,NHS Greater Manchester Integrated Care Board,Male,271430.0,,,CVDP001CVD,Prevalence of GP recorded cardiovascular disease (wide definition).,CVD: Prevalence (CVDP001CVD),21.54,60-79,Age group,0,58885.0,To March 2026,21.85,21.69,
E54000057,NHS Greater Manchester Integrated Care Board,Female,279165.0,,,CVDP001CVD,Prevalence of GP recorded cardiovascular disease (wide definition).,CVD: Prevalence (CVDP001CVD),11.84,60-79,Age group,0,33400.0,To March 2026,12.09,11.96,
E54000057,NHS Greater Manchester Integrated Care Board,Persons,550595.0,,,CVDP001CVD,Prevalence of GP recorded cardiovascular disease (wide definition).,CVD: Prevalence (CVDP001CVD),16.66,60-79,Age group,0,92285.0,To March 2026,16.86,16.76,
E54000057,NHS Greater Manchester Integrated Care Board,Male,53140.0,,,CVDP001CVD,Prevalence of GP recorded cardiovascular disease (wide definition).,CVD: Prevalence (CVDP001CVD),40.98,80+,Age group,0,22000.0,To March 2026,41.82,41.4,
E54000057,NHS Greater Manchester Integrated Care Board,Female,75625.0,,,CVDP001CVD,Prevalence of GP recorded cardiovascular disease (wide definition).,CVD: Prevalence (CVDP001CVD),29.59,80+,Age group,0,22625.0,To March 2026,30.24,29.92,
E54000057,NHS Greater Manchester Integrated Care Board,Persons,128765.0,,,CVDP001CVD,Prevalence of GP recorded cardiovascular disease (wide definition).,CVD: Prevalence (CVDP001CVD),34.4,80+,Age group,0,44625.0,To March 2026,34.92,34.66,
E54000057,NHS Greater Manchester Integrated Care Board,Persons,998010.0,,,CVDP001CVD,Prevalence of GP recorded cardiovascular disease (wide definition).,CVD: Prevalence (CVDP001CVD),6.54,1 - most deprived,Deprivation quintile,0,65740.0,To March 2026,6.64,6.59,
E54000057,NHS Greater Manchester Integrated Care Board,Persons,534670.0,,,CVDP001CVD,Prevalence of GP recorded cardiovascular disease (wide definition).,CVD: Prevalence (CVDP001CVD),6.06,2,Deprivation quintile,0,32725.0,To March 2026,6.18,6.12,
E54000057,NHS Greater Manchester Integrated Care Board,Persons,325310.0,,,CVDP001CVD,Prevalence of GP recorded cardiovascular disease (wide definition).,CVD: Prevalence (CVDP001CVD),6.95,3,Deprivation quintile,0,22900.0,To March 2026,7.13,7.04,
E54000057,NHS Greater Manchester Integrated Care Board,Persons,326400.0,,,CVDP001CVD,Prevalence of GP recorded cardiovascular disease (wide definition).,CVD: Prevalence (CVDP001CVD),7.51,4,Deprivation quintile,0,24805.0,To March 2026,7.69,7.6,
E54000057,NHS Greater Manchester Integrated Care Board,Persons,266525.0,,,CVDP001CVD,Prevalence of GP recorded cardiovascular disease (wide definition).,CVD: Prevalence (CVDP001CVD),7.38,5 - least deprived,Deprivation quintile,0,19930.0,To March 2026,7.58,7.48,
E54000057,NHS Greater Manchester Integrated Care Board,Female,,,,CVDP001CVD,Prevalence of GP recorded cardiovascular disease (wide definition).,CVD: Prevalence (CVDP001CVD),5.75,Female,Sex - Age Standardised,0,,To March 2026,5.83,5.79,Numerators and Denominators are not provided for Age Standardisation.
E54000057,NHS Greater Manchester Integrated Care Board,Male,,,,CVDP001CVD,Prevalence of GP recorded cardiovascular disease (wide definition).,CVD: Prevalence (CVDP001CVD),9.78,Male,Sex - Age Standardised,0,,To March 2026,9.9,9.84,Numerators and Denominators are not provided for Age Standardisation.
E54000057,NHS Greater Manchester Integrated Care Board,Persons,,,,CVDP001CVD,Prevalence of GP recorded cardiovascular disease (wide definition).,CVD: Prevalence (CVDP001CVD),7.7,Persons,Sex - Age Standardised,0,,To March 2026,7.77,7.73,Numerators and Denominators are not provided for Age Standardisation.
E54000057,NHS Greater Manchester Integrated Care Board,Persons,,,,CVDP001CVD,Prevalence of GP recorded cardiovascular disease (wide definition).,CVD: Prevalence (CVDP001CVD),9.17,1 - most deprived,Deprivation quintile - Age Standardised,0,,To March 2026,9.32,9.24,Numerators and Denominators are not provided for Age Standardisation.
E54000057,NHS Greater Manchester Integrated Care Board,Persons,,,,CVDP001CVD,Prevalence of GP recorded cardiovascular disease (wide definition).,CVD: Prevalence (CVDP001CVD),7.61,2,Deprivation quintile - Age Standardised,0,,To March 2026,7.78,7.7,Numerators and Denominators are not provided for Age Standardisation.
E54000057,NHS Greater Manchester Integrated Care Board,Persons,,,,CVDP001CVD,Prevalence of GP recorded cardiovascular disease (wide definition).,CVD: Prevalence (CVDP001CVD),6.67,3,Deprivation quintile - Age Standardised,0,,To March 2026,6.85,6.76,Numerators and Denominators are not provided for Age Standardisation.
E54000057,NHS Greater Manchester Integrated Care Board,Persons,,,,CVDP001CVD,Prevalence of GP recorded cardiovascular disease (wide definition).,CVD: Prevalence (CVDP001CVD),6.12,4,Deprivation quintile - Age Standardised,0,,To March 2026,6.28,6.2,Numerators and Denominators are not provided for Age Standardisation.
E54000057,NHS Greater Manchester Integrated Care Board,Persons,,,,CVDP001CVD,Prevalence of GP recorded cardiovascular disease (wide definition).,CVD: Prevalence (CVDP001CVD),5.59,5 - least deprived,Deprivation quintile - Age Standardised,0,,To March 2026,5.75,5.67,Numerators and Denominators are not provided for Age Standardisation.
E54000042,Nhs Hampshire And Isle Of Wight Integrated Care Board,Persons,1600435.0,,,CVDP001CVD,Prevalence of GP recorded cardiovascular disease (wide definition).,CVD: Prevalence (CVDP001CVD),7.17,Persons,Sex,0,115395.0,To March 2026,7.25,7.21,
E54000042,Nhs Hampshire And Isle Of Wight Integrated Care Board,Female,810380.0,,,CVDP001CVD,Prevalence of GP recorded cardiovascular disease (wide definition).,CVD: Prevalence (CVDP001CVD),5.49,Female,Sex,0,44890.0,To March 2026,5.59,5.54,
E54000042,Nhs Hampshire And Isle Of Wight Integrated Care Board,Male,790060.0,,,CVDP001CVD,Prevalence of GP recorded cardiovascular disease (wide definition).,CVD: Prevalence (CVDP001CVD),8.86,Male,Sex,0,70505.0,To March 2026,8.99,8.92,
E54000042,Nhs Hampshire And Isle Of Wight Integrated Care Board,Male,279620.0,,,CVDP001CVD,Prevalence of GP recorded cardiovascular disease (wide definition).,CVD: Prevalence (CVDP001CVD),0.22,18-39,Age group,0,670.0,To March 2026,0.26,0.24,
E54000042,Nhs Hampshire And Isle Of Wight Integrated Care Board,Female,271765.0,,,CVDP001CVD,Prevalence of GP recorded cardiovascular disease (wide definition).,CVD: Prevalence (CVDP001CVD),0.18,18-39,Age group,0,520.0,To March 2026,0.21,0.19,
E54000042,Nhs Hampshire And Isle Of Wight Integrated Care Board,Persons,551390.0,,,CVDP001CVD,Prevalence of GP recorded cardiovascular disease (wide definition).,CVD: Prevalence (CVDP001CVD),0.2,18-39,Age group,0,1190.0,To March 2026,0.23,0.22,
E54000042,Nhs Hampshire And Isle Of Wight Integrated Care Board,Male,251640.0,,,CVDP001CVD,Prevalence of GP recorded cardiovascular disease (wide definition).,CVD: Prevalence (CVDP001CVD),3.53,40-59,Age group,0,9060.0,To March 2026,3.67,3.6,
E54000042,Nhs Hampshire And Isle Of Wight Integrated Care Board,Female,246480.0,,,CVDP001CVD,Prevalence of GP recorded cardiovascular disease (wide definition).,CVD: Prevalence (CVDP001CVD),1.68,40-59,Age group,0,4275.0,To March 2026,1.79,1.73,
E54000042,Nhs Hampshire And Isle Of Wight Integrated Care Board,Persons,498120.0,,,CVDP001CVD,Prevalence of GP recorded cardiovascular disease (wide definition).,CVD: Prevalence (CVDP001CVD),2.63,40-59,Age group,0,13335.0,To March 2026,2.72,2.68,
E54000042,Nhs Hampshire And Isle Of Wight Integrated Care Board,Male,206995.0,,,CVDP001CVD,Prevalence of GP recorded cardiovascular disease (wide definition).,CVD: Prevalence (CVDP001CVD),19.1,60-79,Age group,0,39880.0,To March 2026,19.44,19.27,
E54000042,Nhs Hampshire And Isle Of Wight Integrated Care Board,Female,220770.0,,,CVDP001CVD,Prevalence of GP recorded cardiovascular disease (wide definition).,CVD: Prevalence (CVDP001CVD),8.98,60-79,Age group,0,20080.0,To March 2026,9.22,9.1,
E54000042,Nhs Hampshire And Isle Of Wight Integrated Care Board,Persons,427765.0,,,CVDP001CVD,Prevalence of GP recorded cardiovascular disease (wide definition).,CVD: Prevalence (CVDP001CVD),13.91,60-79,Age group,0,59965.0,To March 2026,14.12,14.02,
E54000042,Nhs Hampshire And Isle Of Wight Integrated Care Board,Male,51800.0,,,CVDP001CVD,Prevalence of GP recorded cardiovascular disease (wide definition).,CVD: Prevalence (CVDP001CVD),39.92,80+,Age group,0,20895.0,To March 2026,40.76,40.34,
E54000042,Nhs Hampshire And Isle Of Wight Integrated Care Board,Female,71365.0,,,CVDP001CVD,Prevalence of GP recorded cardiovascular disease (wide definition).,CVD: Prevalence (CVDP001CVD),27.72,80+,Age group,0,20015.0,To March 2026,28.37,28.04,
E54000042,Nhs Hampshire And Isle Of Wight Integrated Care Board,Persons,123160.0,,,CVDP001CVD,Prevalence of GP recorded cardiovascular disease (wide definition).,CVD: Prevalence (CVDP001CVD),32.95,80+,Age group,0,40910.0,To March 2026,33.48,33.22,
E54000042,Nhs Hampshire And Isle Of Wight Integrated Care Board,Persons,180315.0,,,CVDP001CVD,Prevalence of GP recorded cardiovascular disease (wide definition).,CVD: Prevalence (CVDP001CVD),6.39,1 - most deprived,Deprivation quintile,0,11730.0,To March 2026,6.62,6.51,
E54000042,Nhs Hampshire And Isle Of Wight Integrated Care Board,Persons,288710.0,,,CVDP001CVD,Prevalence of GP recorded cardiovascular disease (wide definition).,CVD: Prevalence (CVDP001CVD),6.84,2,Deprivation quintile,0,20030.0,To March 2026,7.03,6.94,
E54000042,Nhs Hampshire And Isle Of Wight Integrated Care Board,Persons,269585.0,,,CVDP001CVD,Prevalence of GP recorded cardiovascular disease (wide definition).,CVD: Prevalence (CVDP001CVD),8.15,3,Deprivation quintile,0,22250.0,To March 2026,8.36,8.25,
E54000042,Nhs Hampshire And Isle Of Wight Integrated Care Board,Persons,340690.0,,,CVDP001CVD,Prevalence of GP recorded cardiovascular disease (wide definition).,CVD: Prevalence (CVDP001CVD),7.69,4,Deprivation quintile,0,26495.0,To March 2026,7.87,7.78,
E54000042,Nhs Hampshire And Isle Of Wight Integrated Care Board,Persons,437370.0,,,CVDP001CVD,Prevalence of GP recorded cardiovascular disease (wide definition).,CVD: Prevalence (CVDP001CVD),7.91,5 - least deprived,Deprivation quintile,0,34935.0,To March 2026,8.07,7.99,
E54000042,Nhs Hampshire And Isle Of Wight Integrated Care Board,Female,,,,CVDP001CVD,Prevalence of GP recorded cardiovascular disease (wide definition).,CVD: Prevalence (CVDP001CVD),4.6,Female,Sex - Age Standardised,0,,To March 2026,4.69,4.64,Numerators and Denominators are not provided for Age Standardisation.
E54000042,Nhs Hampshire And Isle Of Wight Integrated Care Board,Male,,,,CVDP001CVD,Prevalence of GP recorded cardiovascular disease (wide definition).,CVD: Prevalence (CVDP001CVD),8.69,Male,Sex - Age Standardised,0,,To March 2026,8.82,8.75,Numerators and Denominators are not provided for Age Standardisation.
E54000042,Nhs Hampshire And Isle Of Wight Integrated Care Board,Persons,,,,CVDP001CVD,Prevalence of GP recorded cardiovascular disease (wide definition).,CVD: Prevalence (CVDP001CVD),6.55,Persons,Sex - Age Standardised,0,,To March 2026,6.62,6.59,Numerators and Denominators are not provided for Age Standardisation.
E54000042,Nhs Hampshire And Isle Of Wight Integrated Care Board,Persons,,,,CVDP001CVD,Prevalence of GP recorded cardiovascular disease (wide definition).,CVD: Prevalence (CVDP001CVD),9.44,1 - most deprived,Deprivation quintile - Age Standardised,0,,To March 2026,9.8,9.62,Numerators and Denominators are not provided for Age Standardisation.
E54000042,Nhs Hampshire And Isle Of Wight Integrated Care Board,Persons,,,,CVDP001CVD,Prevalence of GP recorded cardiovascular disease (wide definition).,CVD: Prevalence (CVDP001CVD),7.88,2,Deprivation quintile - Age Standardised,0,,To March 2026,8.11,8.0,Numerators and Denominators are not provided for Age Standardisation.
E54000042,Nhs Hampshire And Isle Of Wight Integrated Care Board,Persons,,,,CVDP001CVD,Prevalence of GP recorded cardiovascular disease (wide definition).,CVD: Prevalence (CVDP001CVD),7.17,3,Deprivation quintile - Age Standardised,0,,To March 2026,7.37,7.27,Numerators and Denominators are not provided for Age Standardisation.
E54000042,Nhs Hampshire And Isle Of Wight Integrated Care Board,Persons,,,,CVDP001CVD,Prevalence of GP recorded cardiovascular disease (wide definition).,CVD: Prevalence (CVDP001CVD),6.54,4,Deprivation quintile - Age Standardised,0,,To March 2026,6.7,6.62,Numerators and Denominators are not provided for Age Standardisation.
E54000042,Nhs Hampshire And Isle Of Wight Integrated Care Board,Persons,,,,CVDP001CVD,Prevalence of GP recorded cardiovascular disease (wide definition).,CVD: Prevalence (CVDP001CVD),5.98,5 - least deprived,Deprivation quintile - Age Standardised,0,,To March 2026,6.11,6.04,Numerators and Denominators are not provided for Age Standardisation.
E54000019,NHS Herefordshire and Worcestershire Integrated Care Board,Persons,681885.0,,,CVDP001CVD,Prevalence of GP recorded cardiovascular disease (wide definition).,CVD: Prevalence (CVDP001CVD),7.75,Persons,Sex,0,53260.0,To March 2026,7.87,7.81,
E54000019,NHS Herefordshire and Worcestershire Integrated Care Board,Female,346910.0,,,CVDP001CVD,Prevalence of GP recorded cardiovascular disease (wide definition).,CVD: Prevalence (CVDP001CVD),5.78,Female,Sex,0,20315.0,To March 2026,5.93,5.86,
E54000019,NHS Herefordshire and Worcestershire Integrated Care Board,Male,334975.0,,,CVDP001CVD,Prevalence of GP recorded cardiovascular disease (wide definition).,CVD: Prevalence (CVDP001CVD),9.74,Male,Sex,0,32945.0,To March 2026,9.94,9.84,
E54000019,NHS Herefordshire and Worcestershire Integrated Care Board,Male,104455.0,,,CVDP001CVD,Prevalence of GP recorded cardiovascular disease (wide definition).,CVD: Prevalence (CVDP001CVD),0.22,18-39,Age group,0,265.0,To March 2026,0.29,0.25,
E54000019,NHS Herefordshire and Worcestershire Integrated Care Board,Female,102825.0,,,CVDP001CVD,Prevalence of GP recorded cardiovascular disease (wide definition).,CVD: Prevalence (CVDP001CVD),0.13,18-39,Age group,0,160.0,To March 2026,0.18,0.16,
E54000019,NHS Herefordshire and Worcestershire Integrated Care Board,Persons,207280.0,,,CVDP001CVD,Prevalence of GP recorded cardiovascular disease (wide definition).,CVD: Prevalence (CVDP001CVD),0.19,18-39,Age group,0,425.0,To March 2026,0.23,0.21,
E54000019,NHS Herefordshire and Worcestershire Integrated Care Board,Male,106385.0,,,CVDP001CVD,Prevalence of GP recorded cardiovascular disease (wide definition).,CVD: Prevalence (CVDP001CVD),3.62,40-59,Age group,0,3975.0,To March 2026,3.85,3.73,
E54000019,NHS Herefordshire and Worcestershire Integrated Care Board,Female,106080.0,,,CVDP001CVD,Prevalence of GP recorded cardiovascular disease (wide definition).,CVD: Prevalence (CVDP001CVD),1.57,40-59,Age group,0,1745.0,To March 2026,1.72,1.64,
E54000019,NHS Herefordshire and Worcestershire Integrated Care Board,Persons,212465.0,,,CVDP001CVD,Prevalence of GP recorded cardiovascular disease (wide definition).,CVD: Prevalence (CVDP001CVD),2.62,40-59,Age group,0,5715.0,To March 2026,2.76,2.69,
E54000019,NHS Herefordshire and Worcestershire Integrated Care Board,Male,98990.0,,,CVDP001CVD,Prevalence of GP recorded cardiovascular disease (wide definition).,CVD: Prevalence (CVDP001CVD),18.75,60-79,Age group,0,18805.0,To March 2026,19.24,19.0,
E54000019,NHS Herefordshire and Worcestershire Integrated Care Board,Female,104830.0,,,CVDP001CVD,Prevalence of GP recorded cardiovascular disease (wide definition).,CVD: Prevalence (CVDP001CVD),8.79,60-79,Age group,0,9400.0,To March 2026,9.14,8.97,
E54000019,NHS Herefordshire and Worcestershire Integrated Care Board,Persons,203820.0,,,CVDP001CVD,Prevalence of GP recorded cardiovascular disease (wide definition).,CVD: Prevalence (CVDP001CVD),13.69,60-79,Age group,0,28205.0,To March 2026,13.99,13.84,
E54000019,NHS Herefordshire and Worcestershire Integrated Care Board,Male,25145.0,,,CVDP001CVD,Prevalence of GP recorded cardiovascular disease (wide definition).,CVD: Prevalence (CVDP001CVD),38.79,80+,Age group,0,9905.0,To March 2026,39.99,39.39,
E54000019,NHS Herefordshire and Worcestershire Integrated Care Board,Female,33170.0,,,CVDP001CVD,Prevalence of GP recorded cardiovascular disease (wide definition).,CVD: Prevalence (CVDP001CVD),26.69,80+,Age group,0,9010.0,To March 2026,27.64,27.16,
E54000019,NHS Herefordshire and Worcestershire Integrated Care Board,Persons,58320.0,,,CVDP001CVD,Prevalence of GP recorded cardiovascular disease (wide definition).,CVD: Prevalence (CVDP001CVD),32.06,80+,Age group,0,18915.0,To March 2026,32.82,32.44,
E54000019,NHS Herefordshire and Worcestershire Integrated Care Board,Persons,74730.0,,,CVDP001CVD,Prevalence of GP recorded cardiovascular disease (wide definition).,CVD: Prevalence (CVDP001CVD),7.21,1 - most deprived,Deprivation quintile,0,5525.0,To March 2026,7.58,7.39,
E54000019,NHS Herefordshire and Worcestershire Integrated Care Board,Persons,107000.0,,,CVDP001CVD,Prevalence of GP recorded cardiovascular disease (wide definition).,CVD: Prevalence (CVDP001CVD),7.92,2,Deprivation quintile,0,8650.0,To March 2026,8.25,8.08,
E54000019,NHS Herefordshire and Worcestershire Integrated Care Board,Persons,191265.0,,,CVDP001CVD,Prevalence of GP recorded cardiovascular disease (wide definition).,CVD: Prevalence (CVDP001CVD),8.25,3,Deprivation quintile,0,16015.0,To March 2026,8.5,8.37,
E54000019,NHS Herefordshire and Worcestershire Integrated Care Board,Persons,160360.0,,,CVDP001CVD,Prevalence of GP recorded cardiovascular disease (wide definition).,CVD: Prevalence (CVDP001CVD),8.15,4,Deprivation quintile,0,13280.0,To March 2026,8.42,8.28,
E54000019,NHS Herefordshire and Worcestershire Integrated Care Board,Persons,127375.0,,,CVDP001CVD,Prevalence of GP recorded cardiovascular disease (wide definition).,CVD: Prevalence (CVDP001CVD),7.92,5 - least deprived,Deprivation quintile,0,10275.0,To March 2026,8.22,8.07,
E54000019,NHS Herefordshire and Worcestershire Integrated Care Board,Female,,,,CVDP001CVD,Prevalence of GP recorded cardiovascular disease (wide definition).,CVD: Prevalence (CVDP001CVD),4.44,Female,Sex - Age Standardised,0,,To March 2026,4.56,4.5,Numerators and Denominators are not provided for Age Standardisation.
E54000019,NHS Herefordshire and Worcestershire Integrated Care Board,Male,,,,CVDP001CVD,Prevalence of GP recorded cardiovascular disease (wide definition).,CVD: Prevalence (CVDP001CVD),8.49,Male,Sex - Age Standardised,0,,To March 2026,8.68,8.58,Numerators and Denominators are not provided for Age Standardisation.
E54000019,NHS Herefordshire and Worcestershire Integrated Care Board,Persons,,,,CVDP001CVD,Prevalence of GP recorded cardiovascular disease (wide definition).,CVD: Prevalence (CVDP001CVD),6.39,Persons,Sex - Age Standardised,0,,To March 2026,6.5,6.44,Numerators and Denominators are not provided for Age Standardisation.
E54000019,NHS Herefordshire and Worcestershire Integrated Care Board,Persons,,,,CVDP001CVD,Prevalence of GP recorded cardiovascular disease (wide definition).,CVD: Prevalence (CVDP001CVD),9.27,1 - most deprived,Deprivation quintile - Age Standardised,0,,To March 2026,9.79,9.53,Numerators and Denominators are not provided for Age Standardisation.
E54000019,NHS Herefordshire and Worcestershire Integrated Care Board,Persons,,,,CVDP001CVD,Prevalence of GP recorded cardiovascular disease (wide definition).,CVD: Prevalence (CVDP001CVD),8.0,2,Deprivation quintile - Age Standardised,0,,To March 2026,8.35,8.17,Numerators and Denominators are not provided for Age Standardisation.
E54000019,NHS Herefordshire and Worcestershire Integrated Care Board,Persons,,,,CVDP001CVD,Prevalence of GP recorded cardiovascular disease (wide definition).,CVD: Prevalence (CVDP001CVD),6.63,3,Deprivation quintile - Age Standardised,0,,To March 2026,6.84,6.73,Numerators and Denominators are not provided for Age Standardisation.
E54000019,NHS Herefordshire and Worcestershire Integrated Care Board,Persons,,,,CVDP001CVD,Prevalence of GP recorded cardiovascular disease (wide definition).,CVD: Prevalence (CVDP001CVD),6.47,4,Deprivation quintile - Age Standardised,0,,To March 2026,6.7,6.58,Numerators and Denominators are not provided for Age Standardisation.
E54000019,NHS Herefordshire and Worcestershire Integrated Care Board,Persons,,,,CVDP001CVD,Prevalence of GP recorded cardiovascular disease (wide definition).,CVD: Prevalence (CVDP001CVD),6.22,5 - least deprived,Deprivation quintile - Age Standardised,0,,To March 2026,6.47,6.34,Numerators and Denominators are not provided for Age Standardisation.
E54000025,NHS Hertfordshire and West Essex Integrated Care Board,Persons,1316000.0,,,CVDP001CVD,Prevalence of GP recorded cardiovascular disease (wide definition).,CVD: Prevalence (CVDP001CVD),5.92,Persons,Sex,0,78485.0,To March 2026,6.0,5.96,
E54000025,NHS Hertfordshire and West Essex Integrated Care Board,Female,666975.0,,,CVDP001CVD,Prevalence of GP recorded cardiovascular disease (wide definition).,CVD: Prevalence (CVDP001CVD),4.43,Female,Sex,0,29845.0,To March 2026,4.52,4.47,
E54000025,NHS Hertfordshire and West Essex Integrated Care Board,Male,649025.0,,,CVDP001CVD,Prevalence of GP recorded cardiovascular disease (wide definition).,CVD: Prevalence (CVDP001CVD),7.43,Male,Sex,0,48640.0,To March 2026,7.56,7.49,
E54000025,NHS Hertfordshire and West Essex Integrated Care Board,Male,230785.0,,,CVDP001CVD,Prevalence of GP recorded cardiovascular disease (wide definition).,CVD: Prevalence (CVDP001CVD),0.24,18-39,Age group,0,600.0,To March 2026,0.28,0.26,
E54000025,NHS Hertfordshire and West Essex Integrated Care Board,Female,228250.0,,,CVDP001CVD,Prevalence of GP recorded cardiovascular disease (wide definition).,CVD: Prevalence (CVDP001CVD),0.15,18-39,Age group,0,385.0,To March 2026,0.19,0.17,
E54000025,NHS Hertfordshire and West Essex Integrated Care Board,Persons,459035.0,,,CVDP001CVD,Prevalence of GP recorded cardiovascular disease (wide definition).,CVD: Prevalence (CVDP001CVD),0.2,18-39,Age group,0,985.0,To March 2026,0.23,0.21,
E54000025,NHS Hertfordshire and West Essex Integrated Care Board,Male,232335.0,,,CVDP001CVD,Prevalence of GP recorded cardiovascular disease (wide definition).,CVD: Prevalence (CVDP001CVD),3.2,40-59,Age group,0,7605.0,To March 2026,3.35,3.27,
E54000025,NHS Hertfordshire and West Essex Integrated Care Board,Female,228700.0,,,CVDP001CVD,Prevalence of GP recorded cardiovascular disease (wide definition).,CVD: Prevalence (CVDP001CVD),1.47,40-59,Age group,0,3465.0,To March 2026,1.57,1.52,
E54000025,NHS Hertfordshire and West Essex Integrated Care Board,Persons,461035.0,,,CVDP001CVD,Prevalence of GP recorded cardiovascular disease (wide definition).,CVD: Prevalence (CVDP001CVD),2.36,40-59,Age group,0,11070.0,To March 2026,2.45,2.4,
E54000025,NHS Hertfordshire and West Essex Integrated Care Board,Male,150915.0,,,CVDP001CVD,Prevalence of GP recorded cardiovascular disease (wide definition).,CVD: Prevalence (CVDP001CVD),17.74,60-79,Age group,0,27065.0,To March 2026,18.13,17.93,
E54000025,NHS Hertfordshire and West Essex Integrated Care Board,Female,159960.0,,,CVDP001CVD,Prevalence of GP recorded cardiovascular disease (wide definition).,CVD: Prevalence (CVDP001CVD),8.22,60-79,Age group,0,13370.0,To March 2026,8.49,8.36,
E54000025,NHS Hertfordshire and West Essex Integrated Care Board,Persons,310875.0,,,CVDP001CVD,Prevalence of GP recorded cardiovascular disease (wide definition).,CVD: Prevalence (CVDP001CVD),12.89,60-79,Age group,0,40435.0,To March 2026,13.13,13.01,
E54000025,NHS Hertfordshire and West Essex Integrated Care Board,Male,34990.0,,,CVDP001CVD,Prevalence of GP recorded cardiovascular disease (wide definition).,CVD: Prevalence (CVDP001CVD),37.69,80+,Age group,0,13365.0,To March 2026,38.71,38.2,
E54000025,NHS Hertfordshire and West Essex Integrated Care Board,Female,50065.0,,,CVDP001CVD,Prevalence of GP recorded cardiovascular disease (wide definition).,CVD: Prevalence (CVDP001CVD),24.85,80+,Age group,0,12630.0,To March 2026,25.6,25.22,
E54000025,NHS Hertfordshire and West Essex Integrated Care Board,Persons,85055.0,,,CVDP001CVD,Prevalence of GP recorded cardiovascular disease (wide definition).,CVD: Prevalence (CVDP001CVD),30.25,80+,Age group,0,25995.0,To March 2026,30.87,30.56,
E54000025,NHS Hertfordshire and West Essex Integrated Care Board,Persons,18330.0,,,CVDP001CVD,Prevalence of GP recorded cardiovascular disease (wide definition).,CVD: Prevalence (CVDP001CVD),7.93,1 - most deprived,Deprivation quintile,0,1525.0,To March 2026,8.73,8.33,
E54000025,NHS Hertfordshire and West Essex Integrated Care Board,Persons,201760.0,,,CVDP001CVD,Prevalence of GP recorded cardiovascular disease (wide definition).,CVD: Prevalence (CVDP001CVD),5.8,2,Deprivation quintile,0,11905.0,To March 2026,6.0,5.9,
E54000025,NHS Hertfordshire and West Essex Integrated Care Board,Persons,296410.0,,,CVDP001CVD,Prevalence of GP recorded cardiovascular disease (wide definition).,CVD: Prevalence (CVDP001CVD),6.19,3,Deprivation quintile,0,18590.0,To March 2026,6.36,6.27,
E54000025,NHS Hertfordshire and West Essex Integrated Care Board,Persons,268105.0,,,CVDP001CVD,Prevalence of GP recorded cardiovascular disease (wide definition).,CVD: Prevalence (CVDP001CVD),6.46,4,Deprivation quintile,0,17560.0,To March 2026,6.64,6.55,
E54000025,NHS Hertfordshire and West Essex Integrated Care Board,Persons,449275.0,,,CVDP001CVD,Prevalence of GP recorded cardiovascular disease (wide definition).,CVD: Prevalence (CVDP001CVD),6.3,5 - least deprived,Deprivation quintile,0,28620.0,To March 2026,6.44,6.37,
E54000025,NHS Hertfordshire and West Essex Integrated Care Board,Female,,,,CVDP001CVD,Prevalence of GP recorded cardiovascular disease (wide definition).,CVD: Prevalence (CVDP001CVD),4.2,Female,Sex - Age Standardised,0,,To March 2026,4.3,4.25,Numerators and Denominators are not provided for Age Standardisation.
E54000025,NHS Hertfordshire and West Essex Integrated Care Board,Male,,,,CVDP001CVD,Prevalence of GP recorded cardiovascular disease (wide definition).,CVD: Prevalence (CVDP001CVD),8.23,Male,Sex - Age Standardised,0,,To March 2026,8.38,8.31,Numerators and Denominators are not provided for Age Standardisation.
E54000025,NHS Hertfordshire and West Essex Integrated Care Board,Persons,,,,CVDP001CVD,Prevalence of GP recorded cardiovascular disease (wide definition).,CVD: Prevalence (CVDP001CVD),6.11,Persons,Sex - Age Standardised,0,,To March 2026,6.2,6.16,Numerators and Denominators are not provided for Age Standardisation.
E54000025,NHS Hertfordshire and West Essex Integrated Care Board,Persons,,,,CVDP001CVD,Prevalence of GP recorded cardiovascular disease (wide definition).,CVD: Prevalence (CVDP001CVD),7.92,1 - most deprived,Deprivation quintile - Age Standardised,0,,To March 2026,8.81,8.36,Numerators and Denominators are not provided for Age Standardisation.
E54000025,NHS Hertfordshire and West Essex Integrated Care Board,Persons,,,,CVDP001CVD,Prevalence of GP recorded cardiovascular disease (wide definition).,CVD: Prevalence (CVDP001CVD),7.42,2,Deprivation quintile - Age Standardised,0,,To March 2026,7.7,7.56,Numerators and Denominators are not provided for Age Standardisation.
E54000025,NHS Hertfordshire and West Essex Integrated Care Board,Persons,,,,CVDP001CVD,Prevalence of GP recorded cardiovascular disease (wide definition).,CVD: Prevalence (CVDP001CVD),6.83,3,Deprivation quintile - Age Standardised,0,,To March 2026,7.03,6.93,Numerators and Denominators are not provided for Age Standardisation.
E54000025,NHS Hertfordshire and West Essex Integrated Care Board,Persons,,,,CVDP001CVD,Prevalence of GP recorded cardiovascular disease (wide definition).,CVD: Prevalence (CVDP001CVD),6.03,4,Deprivation quintile - Age Standardised,0,,To March 2026,6.22,6.12,Numerators and Denominators are not provided for Age Standardisation.
E54000025,NHS Hertfordshire and West Essex Integrated Care Board,Persons,,,,CVDP001CVD,Prevalence of GP recorded cardiovascular disease (wide definition).,CVD: Prevalence (CVDP001CVD),5.54,5 - least deprived,Deprivation quintile - Age Standardised,0,,To March 2026,5.68,5.61,Numerators and Denominators are not provided for Age Standardisation.
E54000051,NHS Humber and North Yorkshire Integrated Care Board,Persons,1464300.0,,,CVDP001CVD,Prevalence of GP recorded cardiovascular disease (wide definition).,CVD: Prevalence (CVDP001CVD),8.31,Persons,Sex,0,122280.0,To March 2026,8.4,8.35,
E54000051,NHS Humber and North Yorkshire Integrated Care Board,Female,742615.0,,,CVDP001CVD,Prevalence of GP recorded cardiovascular disease (wide definition).,CVD: Prevalence (CVDP001CVD),6.4,Female,Sex,0,47955.0,To March 2026,6.51,6.46,
E54000051,NHS Humber and North Yorkshire Integrated Care Board,Male,721685.0,,,CVDP001CVD,Prevalence of GP recorded cardiovascular disease (wide definition).,CVD: Prevalence (CVDP001CVD),10.23,Male,Sex,0,74330.0,To March 2026,10.37,10.3,
E54000051,NHS Humber and North Yorkshire Integrated Care Board,Male,237655.0,,,CVDP001CVD,Prevalence of GP recorded cardiovascular disease (wide definition).,CVD: Prevalence (CVDP001CVD),0.25,18-39,Age group,0,640.0,To March 2026,0.29,0.27,
E54000051,NHS Humber and North Yorkshire Integrated Care Board,Female,234205.0,,,CVDP001CVD,Prevalence of GP recorded cardiovascular disease (wide definition).,CVD: Prevalence (CVDP001CVD),0.18,18-39,Age group,0,455.0,To March 2026,0.21,0.19,
E54000051,NHS Humber and North Yorkshire Integrated Care Board,Persons,471860.0,,,CVDP001CVD,Prevalence of GP recorded cardiovascular disease (wide definition).,CVD: Prevalence (CVDP001CVD),0.22,18-39,Age group,0,1095.0,To March 2026,0.25,0.23,
E54000051,NHS Humber and North Yorkshire Integrated Care Board,Male,227285.0,,,CVDP001CVD,Prevalence of GP recorded cardiovascular disease (wide definition).,CVD: Prevalence (CVDP001CVD),3.96,40-59,Age group,0,9195.0,To March 2026,4.13,4.05,
E54000051,NHS Humber and North Yorkshire Integrated Care Board,Female,224110.0,,,CVDP001CVD,Prevalence of GP recorded cardiovascular disease (wide definition).,CVD: Prevalence (CVDP001CVD),2.06,40-59,Age group,0,4745.0,To March 2026,2.18,2.12,
E54000051,NHS Humber and North Yorkshire Integrated Care Board,Persons,451395.0,,,CVDP001CVD,Prevalence of GP recorded cardiovascular disease (wide definition).,CVD: Prevalence (CVDP001CVD),3.04,40-59,Age group,0,13940.0,To March 2026,3.14,3.09,
E54000051,NHS Humber and North Yorkshire Integrated Care Board,Male,209450.0,,,CVDP001CVD,Prevalence of GP recorded cardiovascular disease (wide definition).,CVD: Prevalence (CVDP001CVD),20.9,60-79,Age group,0,44145.0,To March 2026,21.25,21.08,
E54000051,NHS Humber and North Yorkshire Integrated Care Board,Female,219600.0,,,CVDP001CVD,Prevalence of GP recorded cardiovascular disease (wide definition).,CVD: Prevalence (CVDP001CVD),10.44,60-79,Age group,0,23215.0,To March 2026,10.7,10.57,
E54000051,NHS Humber and North Yorkshire Integrated Care Board,Persons,429050.0,,,CVDP001CVD,Prevalence of GP recorded cardiovascular disease (wide definition).,CVD: Prevalence (CVDP001CVD),15.59,60-79,Age group,0,67360.0,To March 2026,15.81,15.7,
E54000051,NHS Humber and North Yorkshire Integrated Care Board,Male,47295.0,,,CVDP001CVD,Prevalence of GP recorded cardiovascular disease (wide definition).,CVD: Prevalence (CVDP001CVD),42.57,80+,Age group,0,20345.0,To March 2026,43.47,43.02,
E54000051,NHS Humber and North Yorkshire Integrated Care Board,Female,64700.0,,,CVDP001CVD,Prevalence of GP recorded cardiovascular disease (wide definition).,CVD: Prevalence (CVDP001CVD),29.85,80+,Age group,0,19540.0,To March 2026,30.55,30.2,
E54000051,NHS Humber and North Yorkshire Integrated Care Board,Persons,111995.0,,,CVDP001CVD,Prevalence of GP recorded cardiovascular disease (wide definition).,CVD: Prevalence (CVDP001CVD),35.33,80+,Age group,0,39885.0,To March 2026,35.89,35.61,
E54000051,NHS Humber and North Yorkshire Integrated Care Board,Persons,253930.0,,,CVDP001CVD,Prevalence of GP recorded cardiovascular disease (wide definition).,CVD: Prevalence (CVDP001CVD),7.93,1 - most deprived,Deprivation quintile,0,20405.0,To March 2026,8.14,8.04,
E54000051,NHS Humber and North Yorkshire Integrated Care Board,Persons,194920.0,,,CVDP001CVD,Prevalence of GP recorded cardiovascular disease (wide definition).,CVD: Prevalence (CVDP001CVD),8.99,2,Deprivation quintile,0,17765.0,To March 2026,9.24,9.11,
E54000051,NHS Humber and North Yorkshire Integrated Care Board,Persons,261610.0,,,CVDP001CVD,Prevalence of GP recorded cardiovascular disease (wide definition).,CVD: Prevalence (CVDP001CVD),9.15,3,Deprivation quintile,0,24220.0,To March 2026,9.37,9.26,
E54000051,NHS Humber and North Yorkshire Integrated Care Board,Persons,322780.0,,,CVDP001CVD,Prevalence of GP recorded cardiovascular disease (wide definition).,CVD: Prevalence (CVDP001CVD),9.16,4,Deprivation quintile,0,29880.0,To March 2026,9.36,9.26,
E54000051,NHS Humber and North Yorkshire Integrated Care Board,Persons,345005.0,,,CVDP001CVD,Prevalence of GP recorded cardiovascular disease (wide definition).,CVD: Prevalence (CVDP001CVD),8.67,5 - least deprived,Deprivation quintile,0,30220.0,To March 2026,8.85,8.76,
E54000051,NHS Humber and North Yorkshire Integrated Care Board,Female,,,,CVDP001CVD,Prevalence of GP recorded cardiovascular disease (wide definition).,CVD: Prevalence (CVDP001CVD),5.23,Female,Sex - Age Standardised,0,,To March 2026,5.32,5.27,Numerators and Denominators are not provided for Age Standardisation.
E54000051,NHS Humber and North Yorkshire Integrated Care Board,Male,,,,CVDP001CVD,Prevalence of GP recorded cardiovascular disease (wide definition).,CVD: Prevalence (CVDP001CVD),9.43,Male,Sex - Age Standardised,0,,To March 2026,9.56,9.5,Numerators and Denominators are not provided for Age Standardisation.
E54000051,NHS Humber and North Yorkshire Integrated Care Board,Persons,,,,CVDP001CVD,Prevalence of GP recorded cardiovascular disease (wide definition).,CVD: Prevalence (CVDP001CVD),7.24,Persons,Sex - Age Standardised,0,,To March 2026,7.32,7.28,Numerators and Denominators are not provided for Age Standardisation.
E54000051,NHS Humber and North Yorkshire Integrated Care Board,Persons,,,,CVDP001CVD,Prevalence of GP recorded cardiovascular disease (wide definition).,CVD: Prevalence (CVDP001CVD),10.15,1 - most deprived,Deprivation quintile - Age Standardised,0,,To March 2026,10.44,10.29,Numerators and Denominators are not provided for Age Standardisation.
E54000051,NHS Humber and North Yorkshire Integrated Care Board,Persons,,,,CVDP001CVD,Prevalence of GP recorded cardiovascular disease (wide definition).,CVD: Prevalence (CVDP001CVD),8.41,2,Deprivation quintile - Age Standardised,0,,To March 2026,8.66,8.53,Numerators and Denominators are not provided for Age Standardisation.
E54000051,NHS Humber and North Yorkshire Integrated Care Board,Persons,,,,CVDP001CVD,Prevalence of GP recorded cardiovascular disease (wide definition).,CVD: Prevalence (CVDP001CVD),7.47,3,Deprivation quintile - Age Standardised,0,,To March 2026,7.67,7.57,Numerators and Denominators are not provided for Age Standardisation.
E54000051,NHS Humber and North Yorkshire Integrated Care Board,Persons,,,,CVDP001CVD,Prevalence of GP recorded cardiovascular disease (wide definition).,CVD: Prevalence (CVDP001CVD),7.1,4,Deprivation quintile - Age Standardised,0,,To March 2026,7.27,7.19,Numerators and Denominators are not provided for Age Standardisation.
E54000051,NHS Humber and North Yorkshire Integrated Care Board,Persons,,,,CVDP001CVD,Prevalence of GP recorded cardiovascular disease (wide definition).,CVD: Prevalence (CVDP001CVD),6.62,5 - least deprived,Deprivation quintile - Age Standardised,0,,To March 2026,6.78,6.7,Numerators and Denominators are not provided for Age Standardisation.
E54000032,NHS Kent and Medway Integrated Care Board,Persons,1605015.0,,,CVDP001CVD,Prevalence of GP recorded cardiovascular disease (wide definition).,CVD: Prevalence (CVDP001CVD),6.47,Persons,Sex,0,104410.0,To March 2026,6.54,6.51,
E54000032,NHS Kent and Medway Integrated Care Board,Female,820655.0,,,CVDP001CVD,Prevalence of GP recorded cardiovascular disease (wide definition).,CVD: Prevalence (CVDP001CVD),4.79,Female,Sex,0,39650.0,To March 2026,4.88,4.83,
E54000032,NHS Kent and Medway Integrated Care Board,Male,784360.0,,,CVDP001CVD,Prevalence of GP recorded cardiovascular disease (wide definition).,CVD: Prevalence (CVDP001CVD),8.2,Male,Sex,0,64760.0,To March 2026,8.32,8.26,
E54000032,NHS Kent and Medway Integrated Care Board,Male,273155.0,,,CVDP001CVD,Prevalence of GP recorded cardiovascular disease (wide definition).,CVD: Prevalence (CVDP001CVD),0.24,18-39,Age group,0,715.0,To March 2026,0.28,0.26,
E54000032,NHS Kent and Medway Integrated Care Board,Female,273755.0,,,CVDP001CVD,Prevalence of GP recorded cardiovascular disease (wide definition).,CVD: Prevalence (CVDP001CVD),0.17,18-39,Age group,0,500.0,To March 2026,0.2,0.18,
E54000032,NHS Kent and Medway Integrated Care Board,Persons,546910.0,,,CVDP001CVD,Prevalence of GP recorded cardiovascular disease (wide definition).,CVD: Prevalence (CVDP001CVD),0.21,18-39,Age group,0,1215.0,To March 2026,0.23,0.22,
E54000032,NHS Kent and Medway Integrated Care Board,Male,262935.0,,,CVDP001CVD,Prevalence of GP recorded cardiovascular disease (wide definition).,CVD: Prevalence (CVDP001CVD),3.48,40-59,Age group,0,9345.0,To March 2026,3.63,3.55,
E54000032,NHS Kent and Medway Integrated Care Board,Female,264855.0,,,CVDP001CVD,Prevalence of GP recorded cardiovascular disease (wide definition).,CVD: Prevalence (CVDP001CVD),1.61,40-59,Age group,0,4380.0,To March 2026,1.7,1.65,
E54000032,NHS Kent and Medway Integrated Care Board,Persons,527785.0,,,CVDP001CVD,Prevalence of GP recorded cardiovascular disease (wide definition).,CVD: Prevalence (CVDP001CVD),2.56,40-59,Age group,0,13725.0,To March 2026,2.64,2.6,
E54000032,NHS Kent and Medway Integrated Care Board,Male,200920.0,,,CVDP001CVD,Prevalence of GP recorded cardiovascular disease (wide definition).,CVD: Prevalence (CVDP001CVD),18.24,60-79,Age group,0,36990.0,To March 2026,18.58,18.41,
E54000032,NHS Kent and Medway Integrated Care Board,Female,216165.0,,,CVDP001CVD,Prevalence of GP recorded cardiovascular disease (wide definition).,CVD: Prevalence (CVDP001CVD),8.39,60-79,Age group,0,18390.0,To March 2026,8.63,8.51,
E54000032,NHS Kent and Medway Integrated Care Board,Persons,417085.0,,,CVDP001CVD,Prevalence of GP recorded cardiovascular disease (wide definition).,CVD: Prevalence (CVDP001CVD),13.18,60-79,Age group,0,55385.0,To March 2026,13.38,13.28,
E54000032,NHS Kent and Medway Integrated Care Board,Male,47355.0,,,CVDP001CVD,Prevalence of GP recorded cardiovascular disease (wide definition).,CVD: Prevalence (CVDP001CVD),36.97,80+,Age group,0,17710.0,To March 2026,37.84,37.4,
E54000032,NHS Kent and Medway Integrated Care Board,Female,65880.0,,,CVDP001CVD,Prevalence of GP recorded cardiovascular disease (wide definition).,CVD: Prevalence (CVDP001CVD),24.53,80+,Age group,0,16375.0,To March 2026,25.19,24.86,
E54000032,NHS Kent and Medway Integrated Care Board,Persons,113235.0,,,CVDP001CVD,Prevalence of GP recorded cardiovascular disease (wide definition).,CVD: Prevalence (CVDP001CVD),29.84,80+,Age group,0,34085.0,To March 2026,30.37,30.1,
E54000032,NHS Kent and Medway Integrated Care Board,Persons,244345.0,,,CVDP001CVD,Prevalence of GP recorded cardiovascular disease (wide definition).,CVD: Prevalence (CVDP001CVD),6.21,1 - most deprived,Deprivation quintile,0,15395.0,To March 2026,6.4,6.3,
E54000032,NHS Kent and Medway Integrated Care Board,Persons,285410.0,,,CVDP001CVD,Prevalence of GP recorded cardiovascular disease (wide definition).,CVD: Prevalence (CVDP001CVD),7.21,2,Deprivation quintile,0,20855.0,To March 2026,7.4,7.31,
E54000032,NHS Kent and Medway Integrated Care Board,Persons,352480.0,,,CVDP001CVD,Prevalence of GP recorded cardiovascular disease (wide definition).,CVD: Prevalence (CVDP001CVD),7.03,3,Deprivation quintile,0,25065.0,To March 2026,7.2,7.11,
E54000032,NHS Kent and Medway Integrated Care Board,Persons,348225.0,,,CVDP001CVD,Prevalence of GP recorded cardiovascular disease (wide definition).,CVD: Prevalence (CVDP001CVD),7.1,4,Deprivation quintile,0,25020.0,To March 2026,7.27,7.19,
E54000032,NHS Kent and Medway Integrated Care Board,Persons,262775.0,,,CVDP001CVD,Prevalence of GP recorded cardiovascular disease (wide definition).,CVD: Prevalence (CVDP001CVD),6.76,5 - least deprived,Deprivation quintile,0,18010.0,To March 2026,6.95,6.85,
E54000032,NHS Kent and Medway Integrated Care Board,Female,,,,CVDP001CVD,Prevalence of GP recorded cardiovascular disease (wide definition).,CVD: Prevalence (CVDP001CVD),4.25,Female,Sex - Age Standardised,0,,To March 2026,4.34,4.29,Numerators and Denominators are not provided for Age Standardisation.
E54000032,NHS Kent and Medway Integrated Care Board,Male,,,,CVDP001CVD,Prevalence of GP recorded cardiovascular disease (wide definition).,CVD: Prevalence (CVDP001CVD),8.3,Male,Sex - Age Standardised,0,,To March 2026,8.43,8.37,Numerators and Denominators are not provided for Age Standardisation.
E54000032,NHS Kent and Medway Integrated Care Board,Persons,,,,CVDP001CVD,Prevalence of GP recorded cardiovascular disease (wide definition).,CVD: Prevalence (CVDP001CVD),6.17,Persons,Sex - Age Standardised,0,,To March 2026,6.24,6.21,Numerators and Denominators are not provided for Age Standardisation.
E54000032,NHS Kent and Medway Integrated Care Board,Persons,,,,CVDP001CVD,Prevalence of GP recorded cardiovascular disease (wide definition).,CVD: Prevalence (CVDP001CVD),7.83,1 - most deprived,Deprivation quintile - Age Standardised,0,,To March 2026,8.09,7.96,Numerators and Denominators are not provided for Age Standardisation.
E54000032,NHS Kent and Medway Integrated Care Board,Persons,,,,CVDP001CVD,Prevalence of GP recorded cardiovascular disease (wide definition).,CVD: Prevalence (CVDP001CVD),7.15,2,Deprivation quintile - Age Standardised,0,,To March 2026,7.35,7.25,Numerators and Denominators are not provided for Age Standardisation.
E54000032,NHS Kent and Medway Integrated Care Board,Persons,,,,CVDP001CVD,Prevalence of GP recorded cardiovascular disease (wide definition).,CVD: Prevalence (CVDP001CVD),6.32,3,Deprivation quintile - Age Standardised,0,,To March 2026,6.48,6.4,Numerators and Denominators are not provided for Age Standardisation.
E54000032,NHS Kent and Medway Integrated Care Board,Persons,,,,CVDP001CVD,Prevalence of GP recorded cardiovascular disease (wide definition).,CVD: Prevalence (CVDP001CVD),5.96,4,Deprivation quintile - Age Standardised,0,,To March 2026,6.12,6.04,Numerators and Denominators are not provided for Age Standardisation.
E54000032,NHS Kent and Medway Integrated Care Board,Persons,,,,CVDP001CVD,Prevalence of GP recorded cardiovascular disease (wide definition).,CVD: Prevalence (CVDP001CVD),5.34,5 - least deprived,Deprivation quintile - Age Standardised,0,,To March 2026,5.51,5.42,Numerators and Denominators are not provided for Age Standardisation.
E54000048,NHS Lancashire and South Cumbria Integrated Care Board,Persons,1481555.0,,,CVDP001CVD,Prevalence of GP recorded cardiovascular disease (wide definition).,CVD: Prevalence (CVDP001CVD),8.13,Persons,Sex,0,121065.0,To March 2026,8.22,8.17,
E54000048,NHS Lancashire and South Cumbria Integrated Care Board,Female,742580.0,,,CVDP001CVD,Prevalence of GP recorded cardiovascular disease (wide definition).,CVD: Prevalence (CVDP001CVD),6.31,Female,Sex,0,47290.0,To March 2026,6.42,6.37,
E54000048,NHS Lancashire and South Cumbria Integrated Care Board,Male,738975.0,,,CVDP001CVD,Prevalence of GP recorded cardiovascular disease (wide definition).,CVD: Prevalence (CVDP001CVD),9.92,Male,Sex,0,73775.0,To March 2026,10.05,9.98,
E54000048,NHS Lancashire and South Cumbria Integrated Care Board,Male,261350.0,,,CVDP001CVD,Prevalence of GP recorded cardiovascular disease (wide definition).,CVD: Prevalence (CVDP001CVD),0.28,18-39,Age group,0,795.0,To March 2026,0.33,0.3,
E54000048,NHS Lancashire and South Cumbria Integrated Care Board,Female,250055.0,,,CVDP001CVD,Prevalence of GP recorded cardiovascular disease (wide definition).,CVD: Prevalence (CVDP001CVD),0.2,18-39,Age group,0,550.0,To March 2026,0.24,0.22,
E54000048,NHS Lancashire and South Cumbria Integrated Care Board,Persons,511405.0,,,CVDP001CVD,Prevalence of GP recorded cardiovascular disease (wide definition).,CVD: Prevalence (CVDP001CVD),0.25,18-39,Age group,0,1340.0,To March 2026,0.28,0.26,
E54000048,NHS Lancashire and South Cumbria Integrated Care Board,Male,234865.0,,,CVDP001CVD,Prevalence of GP recorded cardiovascular disease (wide definition).,CVD: Prevalence (CVDP001CVD),4.52,40-59,Age group,0,10820.0,To March 2026,4.69,4.61,
E54000048,NHS Lancashire and South Cumbria Integrated Care Board,Female,227375.0,,,CVDP001CVD,Prevalence of GP recorded cardiovascular disease (wide definition).,CVD: Prevalence (CVDP001CVD),2.33,40-59,Age group,0,5445.0,To March 2026,2.46,2.39,
E54000048,NHS Lancashire and South Cumbria Integrated Care Board,Persons,462240.0,,,CVDP001CVD,Prevalence of GP recorded cardiovascular disease (wide definition).,CVD: Prevalence (CVDP001CVD),3.47,40-59,Age group,0,16265.0,To March 2026,3.57,3.52,
E54000048,NHS Lancashire and South Cumbria Integrated Care Board,Male,199120.0,,,CVDP001CVD,Prevalence of GP recorded cardiovascular disease (wide definition).,CVD: Prevalence (CVDP001CVD),21.69,60-79,Age group,0,43555.0,To March 2026,22.06,21.87,
E54000048,NHS Lancashire and South Cumbria Integrated Care Board,Female,205825.0,,,CVDP001CVD,Prevalence of GP recorded cardiovascular disease (wide definition).,CVD: Prevalence (CVDP001CVD),11.23,60-79,Age group,0,23405.0,To March 2026,11.51,11.37,
E54000048,NHS Lancashire and South Cumbria Integrated Care Board,Persons,404945.0,,,CVDP001CVD,Prevalence of GP recorded cardiovascular disease (wide definition).,CVD: Prevalence (CVDP001CVD),16.42,60-79,Age group,0,66960.0,To March 2026,16.65,16.54,
E54000048,NHS Lancashire and South Cumbria Integrated Care Board,Male,43640.0,,,CVDP001CVD,Prevalence of GP recorded cardiovascular disease (wide definition).,CVD: Prevalence (CVDP001CVD),42.17,80+,Age group,0,18605.0,To March 2026,43.1,42.63,
E54000048,NHS Lancashire and South Cumbria Integrated Care Board,Female,59325.0,,,CVDP001CVD,Prevalence of GP recorded cardiovascular disease (wide definition).,CVD: Prevalence (CVDP001CVD),29.8,80+,Age group,0,17895.0,To March 2026,30.53,30.16,
E54000048,NHS Lancashire and South Cumbria Integrated Care Board,Persons,102965.0,,,CVDP001CVD,Prevalence of GP recorded cardiovascular disease (wide definition).,CVD: Prevalence (CVDP001CVD),35.16,80+,Age group,0,36500.0,To March 2026,35.74,35.45,
E54000048,NHS Lancashire and South Cumbria Integrated Care Board,Persons,436365.0,,,CVDP001CVD,Prevalence of GP recorded cardiovascular disease (wide definition).,CVD: Prevalence (CVDP001CVD),7.64,1 - most deprived,Deprivation quintile,0,33690.0,To March 2026,7.8,7.72,
E54000048,NHS Lancashire and South Cumbria Integrated Care Board,Persons,273370.0,,,CVDP001CVD,Prevalence of GP recorded cardiovascular disease (wide definition).,CVD: Prevalence (CVDP001CVD),8.41,2,Deprivation quintile,0,23285.0,To March 2026,8.62,8.52,
E54000048,NHS Lancashire and South Cumbria Integrated Care Board,Persons,225710.0,,,CVDP001CVD,Prevalence of GP recorded cardiovascular disease (wide definition).,CVD: Prevalence (CVDP001CVD),8.65,3,Deprivation quintile,0,19795.0,To March 2026,8.89,8.77,
E54000048,NHS Lancashire and South Cumbria Integrated Care Board,Persons,299210.0,,,CVDP001CVD,Prevalence of GP recorded cardiovascular disease (wide definition).,CVD: Prevalence (CVDP001CVD),8.79,4,Deprivation quintile,0,26600.0,To March 2026,8.99,8.89,
E54000048,NHS Lancashire and South Cumbria Integrated Care Board,Persons,212845.0,,,CVDP001CVD,Prevalence of GP recorded cardiovascular disease (wide definition).,CVD: Prevalence (CVDP001CVD),8.58,5 - least deprived,Deprivation quintile,0,18515.0,To March 2026,8.82,8.7,
E54000048,NHS Lancashire and South Cumbria Integrated Care Board,Female,,,,CVDP001CVD,Prevalence of GP recorded cardiovascular disease (wide definition).,CVD: Prevalence (CVDP001CVD),5.56,Female,Sex - Age Standardised,0,,To March 2026,5.66,5.61,Numerators and Denominators are not provided for Age Standardisation.
E54000048,NHS Lancashire and South Cumbria Integrated Care Board,Male,,,,CVDP001CVD,Prevalence of GP recorded cardiovascular disease (wide definition).,CVD: Prevalence (CVDP001CVD),9.86,Male,Sex - Age Standardised,0,,To March 2026,10.01,9.94,Numerators and Denominators are not provided for Age Standardisation.
E54000048,NHS Lancashire and South Cumbria Integrated Care Board,Persons,,,,CVDP001CVD,Prevalence of GP recorded cardiovascular disease (wide definition).,CVD: Prevalence (CVDP001CVD),7.64,Persons,Sex - Age Standardised,0,,To March 2026,7.73,7.68,Numerators and Denominators are not provided for Age Standardisation.
E54000048,NHS Lancashire and South Cumbria Integrated Care Board,Persons,,,,CVDP001CVD,Prevalence of GP recorded cardiovascular disease (wide definition).,CVD: Prevalence (CVDP001CVD),10.22,1 - most deprived,Deprivation quintile - Age Standardised,0,,To March 2026,10.44,10.33,Numerators and Denominators are not provided for Age Standardisation.
E54000048,NHS Lancashire and South Cumbria Integrated Care Board,Persons,,,,CVDP001CVD,Prevalence of GP recorded cardiovascular disease (wide definition).,CVD: Prevalence (CVDP001CVD),8.21,2,Deprivation quintile - Age Standardised,0,,To March 2026,8.43,8.32,Numerators and Denominators are not provided for Age Standardisation.
E54000048,NHS Lancashire and South Cumbria Integrated Care Board,Persons,,,,CVDP001CVD,Prevalence of GP recorded cardiovascular disease (wide definition).,CVD: Prevalence (CVDP001CVD),7.17,3,Deprivation quintile - Age Standardised,0,,To March 2026,7.38,7.28,Numerators and Denominators are not provided for Age Standardisation.
E54000048,NHS Lancashire and South Cumbria Integrated Care Board,Persons,,,,CVDP001CVD,Prevalence of GP recorded cardiovascular disease (wide definition).,CVD: Prevalence (CVDP001CVD),6.88,4,Deprivation quintile - Age Standardised,0,,To March 2026,7.05,6.96,Numerators and Denominators are not provided for Age Standardisation.
E54000048,NHS Lancashire and South Cumbria Integrated Care Board,Persons,,,,CVDP001CVD,Prevalence of GP recorded cardiovascular disease (wide definition).,CVD: Prevalence (CVDP001CVD),6.38,5 - least deprived,Deprivation quintile - Age Standardised,0,,To March 2026,6.57,6.48,Numerators and Denominators are not provided for Age Standardisation.
E54000015,"NHS Leicester, Leicestershire and Rutland Integrated Care Board",Persons,989130.0,,,CVDP001CVD,Prevalence of GP recorded cardiovascular disease (wide definition).,CVD: Prevalence (CVDP001CVD),6.54,Persons,Sex,0,65130.0,To March 2026,6.63,6.58,
E54000015,"NHS Leicester, Leicestershire and Rutland Integrated Care Board",Female,491060.0,,,CVDP001CVD,Prevalence of GP recorded cardiovascular disease (wide definition).,CVD: Prevalence (CVDP001CVD),4.95,Female,Sex,0,24620.0,To March 2026,5.07,5.01,
E54000015,"NHS Leicester, Leicestershire and Rutland Integrated Care Board",Male,498070.0,,,CVDP001CVD,Prevalence of GP recorded cardiovascular disease (wide definition).,CVD: Prevalence (CVDP001CVD),8.06,Male,Sex,0,40510.0,To March 2026,8.21,8.13,
E54000015,"NHS Leicester, Leicestershire and Rutland Integrated Care Board",Male,197815.0,,,CVDP001CVD,Prevalence of GP recorded cardiovascular disease (wide definition).,CVD: Prevalence (CVDP001CVD),0.24,18-39,Age group,0,520.0,To March 2026,0.29,0.26,
E54000015,"NHS Leicester, Leicestershire and Rutland Integrated Care Board",Female,182080.0,,,CVDP001CVD,Prevalence of GP recorded cardiovascular disease (wide definition).,CVD: Prevalence (CVDP001CVD),0.15,18-39,Age group,0,310.0,To March 2026,0.19,0.17,
E54000015,"NHS Leicester, Leicestershire and Rutland Integrated Care Board",Persons,379900.0,,,CVDP001CVD,Prevalence of GP recorded cardiovascular disease (wide definition).,CVD: Prevalence (CVDP001CVD),0.2,18-39,Age group,0,830.0,To March 2026,0.23,0.22,
E54000015,"NHS Leicester, Leicestershire and Rutland Integrated Care Board",Male,158895.0,,,CVDP001CVD,Prevalence of GP recorded cardiovascular disease (wide definition).,CVD: Prevalence (CVDP001CVD),3.66,40-59,Age group,0,5970.0,To March 2026,3.85,3.76,
E54000015,"NHS Leicester, Leicestershire and Rutland Integrated Care Board",Female,153160.0,,,CVDP001CVD,Prevalence of GP recorded cardiovascular disease (wide definition).,CVD: Prevalence (CVDP001CVD),1.68,40-59,Age group,0,2665.0,To March 2026,1.81,1.74,
E54000015,"NHS Leicester, Leicestershire and Rutland Integrated Care Board",Persons,312055.0,,,CVDP001CVD,Prevalence of GP recorded cardiovascular disease (wide definition).,CVD: Prevalence (CVDP001CVD),2.71,40-59,Age group,0,8630.0,To March 2026,2.82,2.77,
E54000015,"NHS Leicester, Leicestershire and Rutland Integrated Care Board",Male,115655.0,,,CVDP001CVD,Prevalence of GP recorded cardiovascular disease (wide definition).,CVD: Prevalence (CVDP001CVD),20.05,60-79,Age group,0,23455.0,To March 2026,20.51,20.28,
E54000015,"NHS Leicester, Leicestershire and Rutland Integrated Care Board",Female,121175.0,,,CVDP001CVD,Prevalence of GP recorded cardiovascular disease (wide definition).,CVD: Prevalence (CVDP001CVD),9.47,60-79,Age group,0,11675.0,To March 2026,9.8,9.63,
E54000015,"NHS Leicester, Leicestershire and Rutland Integrated Care Board",Persons,236835.0,,,CVDP001CVD,Prevalence of GP recorded cardiovascular disease (wide definition).,CVD: Prevalence (CVDP001CVD),14.69,60-79,Age group,0,35130.0,To March 2026,14.98,14.83,
E54000015,"NHS Leicester, Leicestershire and Rutland Integrated Care Board",Male,25705.0,,,CVDP001CVD,Prevalence of GP recorded cardiovascular disease (wide definition).,CVD: Prevalence (CVDP001CVD),40.51,80+,Age group,0,10565.0,To March 2026,41.71,41.11,
E54000015,"NHS Leicester, Leicestershire and Rutland Integrated Care Board",Female,34640.0,,,CVDP001CVD,Prevalence of GP recorded cardiovascular disease (wide definition).,CVD: Prevalence (CVDP001CVD),28.31,80+,Age group,0,9975.0,To March 2026,29.27,28.79,
E54000015,"NHS Leicester, Leicestershire and Rutland Integrated Care Board",Persons,60345.0,,,CVDP001CVD,Prevalence of GP recorded cardiovascular disease (wide definition).,CVD: Prevalence (CVDP001CVD),33.66,80+,Age group,0,20540.0,To March 2026,34.42,34.04,
E54000015,"NHS Leicester, Leicestershire and Rutland Integrated Care Board",Persons,118315.0,,,CVDP001CVD,Prevalence of GP recorded cardiovascular disease (wide definition).,CVD: Prevalence (CVDP001CVD),6.12,1 - most deprived,Deprivation quintile,0,7405.0,To March 2026,6.4,6.26,
E54000015,"NHS Leicester, Leicestershire and Rutland Integrated Care Board",Persons,172360.0,,,CVDP001CVD,Prevalence of GP recorded cardiovascular disease (wide definition).,CVD: Prevalence (CVDP001CVD),6.06,2,Deprivation quintile,0,10635.0,To March 2026,6.29,6.17,
E54000015,"NHS Leicester, Leicestershire and Rutland Integrated Care Board",Persons,155960.0,,,CVDP001CVD,Prevalence of GP recorded cardiovascular disease (wide definition).,CVD: Prevalence (CVDP001CVD),7.14,3,Deprivation quintile,0,11330.0,To March 2026,7.39,7.26,
E54000015,"NHS Leicester, Leicestershire and Rutland Integrated Care Board",Persons,230155.0,,,CVDP001CVD,Prevalence of GP recorded cardiovascular disease (wide definition).,CVD: Prevalence (CVDP001CVD),7.62,4,Deprivation quintile,0,17795.0,To March 2026,7.84,7.73,
E54000015,"NHS Leicester, Leicestershire and Rutland Integrated Care Board",Persons,241220.0,,,CVDP001CVD,Prevalence of GP recorded cardiovascular disease (wide definition).,CVD: Prevalence (CVDP001CVD),7.57,5 - least deprived,Deprivation quintile,0,18510.0,To March 2026,7.78,7.67,
E54000015,"NHS Leicester, Leicestershire and Rutland Integrated Care Board",Female,,,,CVDP001CVD,Prevalence of GP recorded cardiovascular disease (wide definition).,CVD: Prevalence (CVDP001CVD),4.81,Female,Sex - Age Standardised,0,,To March 2026,4.93,4.87,Numerators and Denominators are not provided for Age Standardisation.
E54000015,"NHS Leicester, Leicestershire and Rutland Integrated Care Board",Male,,,,CVDP001CVD,Prevalence of GP recorded cardiovascular disease (wide definition).,CVD: Prevalence (CVDP001CVD),9.09,Male,Sex - Age Standardised,0,,To March 2026,9.27,9.18,Numerators and Denominators are not provided for Age Standardisation.
E54000015,"NHS Leicester, Leicestershire and Rutland Integrated Care Board",Persons,,,,CVDP001CVD,Prevalence of GP recorded cardiovascular disease (wide definition).,CVD: Prevalence (CVDP001CVD),6.88,Persons,Sex - Age Standardised,0,,To March 2026,6.99,6.93,Numerators and Denominators are not provided for Age Standardisation.
E54000015,"NHS Leicester, Leicestershire and Rutland Integrated Care Board",Persons,,,,CVDP001CVD,Prevalence of GP recorded cardiovascular disease (wide definition).,CVD: Prevalence (CVDP001CVD),9.43,1 - most deprived,Deprivation quintile - Age Standardised,0,,To March 2026,9.89,9.66,Numerators and Denominators are not provided for Age Standardisation.
E54000015,"NHS Leicester, Leicestershire and Rutland Integrated Care Board",Persons,,,,CVDP001CVD,Prevalence of GP recorded cardiovascular disease (wide definition).,CVD: Prevalence (CVDP001CVD),8.02,2,Deprivation quintile - Age Standardised,0,,To March 2026,8.34,8.18,Numerators and Denominators are not provided for Age Standardisation.
E54000015,"NHS Leicester, Leicestershire and Rutland Integrated Care Board",Persons,,,,CVDP001CVD,Prevalence of GP recorded cardiovascular disease (wide definition).,CVD: Prevalence (CVDP001CVD),7.25,3,Deprivation quintile - Age Standardised,0,,To March 2026,7.53,7.39,Numerators and Denominators are not provided for Age Standardisation.
E54000015,"NHS Leicester, Leicestershire and Rutland Integrated Care Board",Persons,,,,CVDP001CVD,Prevalence of GP recorded cardiovascular disease (wide definition).,CVD: Prevalence (CVDP001CVD),6.57,4,Deprivation quintile - Age Standardised,0,,To March 2026,6.77,6.67,Numerators and Denominators are not provided for Age Standardisation.
E54000015,"NHS Leicester, Leicestershire and Rutland Integrated Care Board",Persons,,,,CVDP001CVD,Prevalence of GP recorded cardiovascular disease (wide definition).,CVD: Prevalence (CVDP001CVD),6.19,5 - least deprived,Deprivation quintile - Age Standardised,0,,To March 2026,6.38,6.28,Numerators and Denominators are not provided for Age Standardisation.
E54000013,NHS Lincolnshire Integrated Care Board,Persons,658195.0,,,CVDP001CVD,Prevalence of GP recorded cardiovascular disease (wide definition).,CVD: Prevalence (CVDP001CVD),8.66,Persons,Sex,0,57460.0,To March 2026,8.8,8.73,
E54000013,NHS Lincolnshire Integrated Care Board,Female,333800.0,,,CVDP001CVD,Prevalence of GP recorded cardiovascular disease (wide definition).,CVD: Prevalence (CVDP001CVD),6.76,Female,Sex,0,22865.0,To March 2026,6.94,6.85,
E54000013,NHS Lincolnshire Integrated Care Board,Male,324390.0,,,CVDP001CVD,Prevalence of GP recorded cardiovascular disease (wide definition).,CVD: Prevalence (CVDP001CVD),10.56,Male,Sex,0,34595.0,To March 2026,10.77,10.66,
E54000013,NHS Lincolnshire Integrated Care Board,Male,103775.0,,,CVDP001CVD,Prevalence of GP recorded cardiovascular disease (wide definition).,CVD: Prevalence (CVDP001CVD),0.27,18-39,Age group,0,315.0,To March 2026,0.34,0.3,
E54000013,NHS Lincolnshire Integrated Care Board,Female,99935.0,,,CVDP001CVD,Prevalence of GP recorded cardiovascular disease (wide definition).,CVD: Prevalence (CVDP001CVD),0.21,18-39,Age group,0,235.0,To March 2026,0.27,0.24,
E54000013,NHS Lincolnshire Integrated Care Board,Persons,203710.0,,,CVDP001CVD,Prevalence of GP recorded cardiovascular disease (wide definition).,CVD: Prevalence (CVDP001CVD),0.25,18-39,Age group,0,550.0,To March 2026,0.29,0.27,
E54000013,NHS Lincolnshire Integrated Care Board,Male,100090.0,,,CVDP001CVD,Prevalence of GP recorded cardiovascular disease (wide definition).,CVD: Prevalence (CVDP001CVD),4.15,40-59,Age group,0,4280.0,To March 2026,4.4,4.28,
E54000013,NHS Lincolnshire Integrated Care Board,Female,101025.0,,,CVDP001CVD,Prevalence of GP recorded cardiovascular disease (wide definition).,CVD: Prevalence (CVDP001CVD),2.22,40-59,Age group,0,2330.0,To March 2026,2.4,2.31,
E54000013,NHS Lincolnshire Integrated Care Board,Persons,201115.0,,,CVDP001CVD,Prevalence of GP recorded cardiovascular disease (wide definition).,CVD: Prevalence (CVDP001CVD),3.21,40-59,Age group,0,6610.0,To March 2026,3.37,3.29,
E54000013,NHS Lincolnshire Integrated Care Board,Male,96710.0,,,CVDP001CVD,Prevalence of GP recorded cardiovascular disease (wide definition).,CVD: Prevalence (CVDP001CVD),20.67,60-79,Age group,0,20235.0,To March 2026,21.18,20.92,
E54000013,NHS Lincolnshire Integrated Care Board,Female,101965.0,,,CVDP001CVD,Prevalence of GP recorded cardiovascular disease (wide definition).,CVD: Prevalence (CVDP001CVD),10.69,60-79,Age group,0,11095.0,To March 2026,11.07,10.88,
E54000013,NHS Lincolnshire Integrated Care Board,Persons,198675.0,,,CVDP001CVD,Prevalence of GP recorded cardiovascular disease (wide definition).,CVD: Prevalence (CVDP001CVD),15.61,60-79,Age group,0,31330.0,To March 2026,15.93,15.77,
E54000013,NHS Lincolnshire Integrated Care Board,Male,23820.0,,,CVDP001CVD,Prevalence of GP recorded cardiovascular disease (wide definition).,CVD: Prevalence (CVDP001CVD),40.38,80+,Age group,0,9765.0,To March 2026,41.62,41.0,
E54000013,NHS Lincolnshire Integrated Care Board,Female,30875.0,,,CVDP001CVD,Prevalence of GP recorded cardiovascular disease (wide definition).,CVD: Prevalence (CVDP001CVD),29.29,80+,Age group,0,9200.0,To March 2026,30.31,29.8,
E54000013,NHS Lincolnshire Integrated Care Board,Persons,54695.0,,,CVDP001CVD,Prevalence of GP recorded cardiovascular disease (wide definition).,CVD: Prevalence (CVDP001CVD),34.28,80+,Age group,0,18965.0,To March 2026,35.08,34.68,
E54000013,NHS Lincolnshire Integrated Care Board,Persons,97455.0,,,CVDP001CVD,Prevalence of GP recorded cardiovascular disease (wide definition).,CVD: Prevalence (CVDP001CVD),9.18,1 - most deprived,Deprivation quintile,0,9125.0,To March 2026,9.55,9.36,
E54000013,NHS Lincolnshire Integrated Care Board,Persons,147250.0,,,CVDP001CVD,Prevalence of GP recorded cardiovascular disease (wide definition).,CVD: Prevalence (CVDP001CVD),9.0,2,Deprivation quintile,0,13470.0,To March 2026,9.3,9.15,
E54000013,NHS Lincolnshire Integrated Care Board,Persons,130520.0,,,CVDP001CVD,Prevalence of GP recorded cardiovascular disease (wide definition).,CVD: Prevalence (CVDP001CVD),9.25,3,Deprivation quintile,0,12275.0,To March 2026,9.56,9.41,
E54000013,NHS Lincolnshire Integrated Care Board,Persons,136420.0,,,CVDP001CVD,Prevalence of GP recorded cardiovascular disease (wide definition).,CVD: Prevalence (CVDP001CVD),9.12,4,Deprivation quintile,0,12645.0,To March 2026,9.42,9.27,
E54000013,NHS Lincolnshire Integrated Care Board,Persons,104965.0,,,CVDP001CVD,Prevalence of GP recorded cardiovascular disease (wide definition).,CVD: Prevalence (CVDP001CVD),9.22,5 - least deprived,Deprivation quintile,0,9865.0,To March 2026,9.57,9.4,
E54000013,NHS Lincolnshire Integrated Care Board,Female,,,,CVDP001CVD,Prevalence of GP recorded cardiovascular disease (wide definition).,CVD: Prevalence (CVDP001CVD),5.33,Female,Sex - Age Standardised,0,,To March 2026,5.47,5.4,Numerators and Denominators are not provided for Age Standardisation.
E54000013,NHS Lincolnshire Integrated Care Board,Male,,,,CVDP001CVD,Prevalence of GP recorded cardiovascular disease (wide definition).,CVD: Prevalence (CVDP001CVD),9.3,Male,Sex - Age Standardised,0,,To March 2026,9.5,9.4,Numerators and Denominators are not provided for Age Standardisation.
E54000013,NHS Lincolnshire Integrated Care Board,Persons,,,,CVDP001CVD,Prevalence of GP recorded cardiovascular disease (wide definition).,CVD: Prevalence (CVDP001CVD),7.25,Persons,Sex - Age Standardised,0,,To March 2026,7.37,7.31,Numerators and Denominators are not provided for Age Standardisation.
E54000013,NHS Lincolnshire Integrated Care Board,Persons,,,,CVDP001CVD,Prevalence of GP recorded cardiovascular disease (wide definition).,CVD: Prevalence (CVDP001CVD),9.08,1 - most deprived,Deprivation quintile - Age Standardised,0,,To March 2026,9.47,9.28,Numerators and Denominators are not provided for Age Standardisation.
E54000013,NHS Lincolnshire Integrated Care Board,Persons,,,,CVDP001CVD,Prevalence of GP recorded cardiovascular disease (wide definition).,CVD: Prevalence (CVDP001CVD),7.84,2,Deprivation quintile - Age Standardised,0,,To March 2026,8.12,7.98,Numerators and Denominators are not provided for Age Standardisation.
E54000013,NHS Lincolnshire Integrated Care Board,Persons,,,,CVDP001CVD,Prevalence of GP recorded cardiovascular disease (wide definition).,CVD: Prevalence (CVDP001CVD),7.42,3,Deprivation quintile - Age Standardised,0,,To March 2026,7.7,7.56,Numerators and Denominators are not provided for Age Standardisation.
E54000013,NHS Lincolnshire Integrated Care Board,Persons,,,,CVDP001CVD,Prevalence of GP recorded cardiovascular disease (wide definition).,CVD: Prevalence (CVDP001CVD),7.34,4,Deprivation quintile - Age Standardised,0,,To March 2026,7.61,7.48,Numerators and Denominators are not provided for Age Standardisation.
E54000013,NHS Lincolnshire Integrated Care Board,Persons,,,,CVDP001CVD,Prevalence of GP recorded cardiovascular disease (wide definition).,CVD: Prevalence (CVDP001CVD),6.72,5 - least deprived,Deprivation quintile - Age Standardised,0,,To March 2026,7.0,6.86,Numerators and Denominators are not provided for Age Standardisation.
E54000026,NHS Mid and South Essex Integrated Care Board,Persons,1020285.0,,,CVDP001CVD,Prevalence of GP recorded cardiovascular disease (wide definition).,CVD: Prevalence (CVDP001CVD),6.33,Persons,Sex,0,65105.0,To March 2026,6.43,6.38,
E54000026,NHS Mid and South Essex Integrated Care Board,Female,520880.0,,,CVDP001CVD,Prevalence of GP recorded cardiovascular disease (wide definition).,CVD: Prevalence (CVDP001CVD),4.76,Female,Sex,0,25080.0,To March 2026,4.87,4.82,
E54000026,NHS Mid and South Essex Integrated Care Board,Male,499405.0,,,CVDP001CVD,Prevalence of GP recorded cardiovascular disease (wide definition).,CVD: Prevalence (CVDP001CVD),7.94,Male,Sex,0,40025.0,To March 2026,8.09,8.01,
E54000026,NHS Mid and South Essex Integrated Care Board,Male,174085.0,,,CVDP001CVD,Prevalence of GP recorded cardiovascular disease (wide definition).,CVD: Prevalence (CVDP001CVD),0.21,18-39,Age group,0,410.0,To March 2026,0.26,0.24,
E54000026,NHS Mid and South Essex Integrated Care Board,Female,174740.0,,,CVDP001CVD,Prevalence of GP recorded cardiovascular disease (wide definition).,CVD: Prevalence (CVDP001CVD),0.17,18-39,Age group,0,330.0,To March 2026,0.21,0.19,
E54000026,NHS Mid and South Essex Integrated Care Board,Persons,348825.0,,,CVDP001CVD,Prevalence of GP recorded cardiovascular disease (wide definition).,CVD: Prevalence (CVDP001CVD),0.2,18-39,Age group,0,740.0,To March 2026,0.23,0.21,
E54000026,NHS Mid and South Essex Integrated Care Board,Male,170865.0,,,CVDP001CVD,Prevalence of GP recorded cardiovascular disease (wide definition).,CVD: Prevalence (CVDP001CVD),3.41,40-59,Age group,0,5970.0,To March 2026,3.58,3.49,
E54000026,NHS Mid and South Essex Integrated Care Board,Female,169780.0,,,CVDP001CVD,Prevalence of GP recorded cardiovascular disease (wide definition).,CVD: Prevalence (CVDP001CVD),1.62,40-59,Age group,0,2845.0,To March 2026,1.74,1.68,
E54000026,NHS Mid and South Essex Integrated Care Board,Persons,340645.0,,,CVDP001CVD,Prevalence of GP recorded cardiovascular disease (wide definition).,CVD: Prevalence (CVDP001CVD),2.53,40-59,Age group,0,8815.0,To March 2026,2.64,2.59,
E54000026,NHS Mid and South Essex Integrated Care Board,Male,124785.0,,,CVDP001CVD,Prevalence of GP recorded cardiovascular disease (wide definition).,CVD: Prevalence (CVDP001CVD),17.93,60-79,Age group,0,22635.0,To March 2026,18.35,18.14,
E54000026,NHS Mid and South Essex Integrated Care Board,Female,134195.0,,,CVDP001CVD,Prevalence of GP recorded cardiovascular disease (wide definition).,CVD: Prevalence (CVDP001CVD),8.47,60-79,Age group,0,11560.0,To March 2026,8.77,8.62,
E54000026,NHS Mid and South Essex Integrated Care Board,Persons,258980.0,,,CVDP001CVD,Prevalence of GP recorded cardiovascular disease (wide definition).,CVD: Prevalence (CVDP001CVD),13.07,60-79,Age group,0,34195.0,To March 2026,13.34,13.2,
E54000026,NHS Mid and South Essex Integrated Care Board,Male,29670.0,,,CVDP001CVD,Prevalence of GP recorded cardiovascular disease (wide definition).,CVD: Prevalence (CVDP001CVD),36.56,80+,Age group,0,11010.0,To March 2026,37.66,37.11,
E54000026,NHS Mid and South Essex Integrated Care Board,Female,42165.0,,,CVDP001CVD,Prevalence of GP recorded cardiovascular disease (wide definition).,CVD: Prevalence (CVDP001CVD),24.12,80+,Age group,0,10345.0,To March 2026,24.94,24.53,
E54000026,NHS Mid and South Essex Integrated Care Board,Persons,71835.0,,,CVDP001CVD,Prevalence of GP recorded cardiovascular disease (wide definition).,CVD: Prevalence (CVDP001CVD),29.39,80+,Age group,0,21355.0,To March 2026,30.06,29.72,
E54000026,NHS Mid and South Essex Integrated Care Board,Persons,101530.0,,,CVDP001CVD,Prevalence of GP recorded cardiovascular disease (wide definition).,CVD: Prevalence (CVDP001CVD),6.49,1 - most deprived,Deprivation quintile,0,6745.0,To March 2026,6.8,6.64,
E54000026,NHS Mid and South Essex Integrated Care Board,Persons,182035.0,,,CVDP001CVD,Prevalence of GP recorded cardiovascular disease (wide definition).,CVD: Prevalence (CVDP001CVD),6.23,2,Deprivation quintile,0,11550.0,To March 2026,6.46,6.35,
E54000026,NHS Mid and South Essex Integrated Care Board,Persons,199830.0,,,CVDP001CVD,Prevalence of GP recorded cardiovascular disease (wide definition).,CVD: Prevalence (CVDP001CVD),7.03,3,Deprivation quintile,0,14265.0,To March 2026,7.25,7.14,
E54000026,NHS Mid and South Essex Integrated Care Board,Persons,236305.0,,,CVDP001CVD,Prevalence of GP recorded cardiovascular disease (wide definition).,CVD: Prevalence (CVDP001CVD),6.68,4,Deprivation quintile,0,16015.0,To March 2026,6.88,6.78,
E54000026,NHS Mid and South Essex Integrated Care Board,Persons,261615.0,,,CVDP001CVD,Prevalence of GP recorded cardiovascular disease (wide definition).,CVD: Prevalence (CVDP001CVD),6.38,5 - least deprived,Deprivation quintile,0,16930.0,To March 2026,6.57,6.47,
E54000026,NHS Mid and South Essex Integrated Care Board,Female,,,,CVDP001CVD,Prevalence of GP recorded cardiovascular disease (wide definition).,CVD: Prevalence (CVDP001CVD),4.25,Female,Sex - Age Standardised,0,,To March 2026,4.35,4.3,Numerators and Denominators are not provided for Age Standardisation.
E54000026,NHS Mid and South Essex Integrated Care Board,Male,,,,CVDP001CVD,Prevalence of GP recorded cardiovascular disease (wide definition).,CVD: Prevalence (CVDP001CVD),8.18,Male,Sex - Age Standardised,0,,To March 2026,8.35,8.27,Numerators and Denominators are not provided for Age Standardisation.
E54000026,NHS Mid and South Essex Integrated Care Board,Persons,,,,CVDP001CVD,Prevalence of GP recorded cardiovascular disease (wide definition).,CVD: Prevalence (CVDP001CVD),6.11,Persons,Sex - Age Standardised,0,,To March 2026,6.2,6.16,Numerators and Denominators are not provided for Age Standardisation.
E54000026,NHS Mid and South Essex Integrated Care Board,Persons,,,,CVDP001CVD,Prevalence of GP recorded cardiovascular disease (wide definition).,CVD: Prevalence (CVDP001CVD),8.36,1 - most deprived,Deprivation quintile - Age Standardised,0,,To March 2026,8.78,8.57,Numerators and Denominators are not provided for Age Standardisation.
E54000026,NHS Mid and South Essex Integrated Care Board,Persons,,,,CVDP001CVD,Prevalence of GP recorded cardiovascular disease (wide definition).,CVD: Prevalence (CVDP001CVD),7.28,2,Deprivation quintile - Age Standardised,0,,To March 2026,7.56,7.42,Numerators and Denominators are not provided for Age Standardisation.
E54000026,NHS Mid and South Essex Integrated Care Board,Persons,,,,CVDP001CVD,Prevalence of GP recorded cardiovascular disease (wide definition).,CVD: Prevalence (CVDP001CVD),6.44,3,Deprivation quintile - Age Standardised,0,,To March 2026,6.66,6.55,Numerators and Denominators are not provided for Age Standardisation.
E54000026,NHS Mid and South Essex Integrated Care Board,Persons,,,,CVDP001CVD,Prevalence of GP recorded cardiovascular disease (wide definition).,CVD: Prevalence (CVDP001CVD),5.89,4,Deprivation quintile - Age Standardised,0,,To March 2026,6.09,5.99,Numerators and Denominators are not provided for Age Standardisation.
E54000026,NHS Mid and South Essex Integrated Care Board,Persons,,,,CVDP001CVD,Prevalence of GP recorded cardiovascular disease (wide definition).,CVD: Prevalence (CVDP001CVD),5.4,5 - least deprived,Deprivation quintile - Age Standardised,0,,To March 2026,5.57,5.48,Numerators and Denominators are not provided for Age Standardisation.
E54000022,Nhs Norfolk And Waveney Integrated Care Board,Persons,866015.0,,,CVDP001CVD,Prevalence of GP recorded cardiovascular disease (wide definition).,CVD: Prevalence (CVDP001CVD),8.15,Persons,Sex,0,71045.0,To March 2026,8.26,8.2,
E54000022,Nhs Norfolk And Waveney Integrated Care Board,Female,439075.0,,,CVDP001CVD,Prevalence of GP recorded cardiovascular disease (wide definition).,CVD: Prevalence (CVDP001CVD),6.19,Female,Sex,0,27510.0,To March 2026,6.34,6.26,
E54000022,Nhs Norfolk And Waveney Integrated Care Board,Male,426940.0,,,CVDP001CVD,Prevalence of GP recorded cardiovascular disease (wide definition).,CVD: Prevalence (CVDP001CVD),10.11,Male,Sex,0,43535.0,To March 2026,10.29,10.2,
E54000022,Nhs Norfolk And Waveney Integrated Care Board,Male,138010.0,,,CVDP001CVD,Prevalence of GP recorded cardiovascular disease (wide definition).,CVD: Prevalence (CVDP001CVD),0.21,18-39,Age group,0,330.0,To March 2026,0.26,0.24,
E54000022,Nhs Norfolk And Waveney Integrated Care Board,Female,132795.0,,,CVDP001CVD,Prevalence of GP recorded cardiovascular disease (wide definition).,CVD: Prevalence (CVDP001CVD),0.15,18-39,Age group,0,230.0,To March 2026,0.2,0.17,
E54000022,Nhs Norfolk And Waveney Integrated Care Board,Persons,270800.0,,,CVDP001CVD,Prevalence of GP recorded cardiovascular disease (wide definition).,CVD: Prevalence (CVDP001CVD),0.19,18-39,Age group,0,560.0,To March 2026,0.22,0.21,
E54000022,Nhs Norfolk And Waveney Integrated Care Board,Male,130235.0,,,CVDP001CVD,Prevalence of GP recorded cardiovascular disease (wide definition).,CVD: Prevalence (CVDP001CVD),3.82,40-59,Age group,0,5110.0,To March 2026,4.03,3.92,
E54000022,Nhs Norfolk And Waveney Integrated Care Board,Female,128265.0,,,CVDP001CVD,Prevalence of GP recorded cardiovascular disease (wide definition).,CVD: Prevalence (CVDP001CVD),1.93,40-59,Age group,0,2570.0,To March 2026,2.08,2.0,
E54000022,Nhs Norfolk And Waveney Integrated Care Board,Persons,258495.0,,,CVDP001CVD,Prevalence of GP recorded cardiovascular disease (wide definition).,CVD: Prevalence (CVDP001CVD),2.91,40-59,Age group,0,7680.0,To March 2026,3.04,2.97,
E54000022,Nhs Norfolk And Waveney Integrated Care Board,Male,125130.0,,,CVDP001CVD,Prevalence of GP recorded cardiovascular disease (wide definition).,CVD: Prevalence (CVDP001CVD),19.49,60-79,Age group,0,24665.0,To March 2026,19.93,19.71,
E54000022,Nhs Norfolk And Waveney Integrated Care Board,Female,134130.0,,,CVDP001CVD,Prevalence of GP recorded cardiovascular disease (wide definition).,CVD: Prevalence (CVDP001CVD),9.27,60-79,Age group,0,12635.0,To March 2026,9.58,9.42,
E54000022,Nhs Norfolk And Waveney Integrated Care Board,Persons,259260.0,,,CVDP001CVD,Prevalence of GP recorded cardiovascular disease (wide definition).,CVD: Prevalence (CVDP001CVD),14.25,60-79,Age group,0,37305.0,To March 2026,14.52,14.39,
E54000022,Nhs Norfolk And Waveney Integrated Care Board,Male,33570.0,,,CVDP001CVD,Prevalence of GP recorded cardiovascular disease (wide definition).,CVD: Prevalence (CVDP001CVD),39.49,80+,Age group,0,13435.0,To March 2026,40.54,40.02,
E54000022,Nhs Norfolk And Waveney Integrated Care Board,Female,43885.0,,,CVDP001CVD,Prevalence of GP recorded cardiovascular disease (wide definition).,CVD: Prevalence (CVDP001CVD),27.09,80+,Age group,0,12070.0,To March 2026,27.92,27.51,
E54000022,Nhs Norfolk And Waveney Integrated Care Board,Persons,77455.0,,,CVDP001CVD,Prevalence of GP recorded cardiovascular disease (wide definition).,CVD: Prevalence (CVDP001CVD),32.6,80+,Age group,0,25505.0,To March 2026,33.26,32.93,
E54000022,Nhs Norfolk And Waveney Integrated Care Board,Persons,140530.0,,,CVDP001CVD,Prevalence of GP recorded cardiovascular disease (wide definition).,CVD: Prevalence (CVDP001CVD),7.02,1 - most deprived,Deprivation quintile,0,10050.0,To March 2026,7.29,7.15,
E54000022,Nhs Norfolk And Waveney Integrated Care Board,Persons,191150.0,,,CVDP001CVD,Prevalence of GP recorded cardiovascular disease (wide definition).,CVD: Prevalence (CVDP001CVD),8.98,2,Deprivation quintile,0,17410.0,To March 2026,9.24,9.11,
E54000022,Nhs Norfolk And Waveney Integrated Care Board,Persons,252975.0,,,CVDP001CVD,Prevalence of GP recorded cardiovascular disease (wide definition).,CVD: Prevalence (CVDP001CVD),9.6,3,Deprivation quintile,0,24570.0,To March 2026,9.83,9.71,
E54000022,Nhs Norfolk And Waveney Integrated Care Board,Persons,148935.0,,,CVDP001CVD,Prevalence of GP recorded cardiovascular disease (wide definition).,CVD: Prevalence (CVDP001CVD),8.0,4,Deprivation quintile,0,12115.0,To March 2026,8.27,8.13,
E54000022,Nhs Norfolk And Waveney Integrated Care Board,Persons,89925.0,,,CVDP001CVD,Prevalence of GP recorded cardiovascular disease (wide definition).,CVD: Prevalence (CVDP001CVD),7.95,5 - least deprived,Deprivation quintile,0,7305.0,To March 2026,8.3,8.12,
E54000022,Nhs Norfolk And Waveney Integrated Care Board,Female,,,,CVDP001CVD,Prevalence of GP recorded cardiovascular disease (wide definition).,CVD: Prevalence (CVDP001CVD),4.67,Female,Sex - Age Standardised,0,,To March 2026,4.79,4.73,Numerators and Denominators are not provided for Age Standardisation.
E54000022,Nhs Norfolk And Waveney Integrated Care Board,Male,,,,CVDP001CVD,Prevalence of GP recorded cardiovascular disease (wide definition).,CVD: Prevalence (CVDP001CVD),8.74,Male,Sex - Age Standardised,0,,To March 2026,8.9,8.82,Numerators and Denominators are not provided for Age Standardisation.
E54000022,Nhs Norfolk And Waveney Integrated Care Board,Persons,,,,CVDP001CVD,Prevalence of GP recorded cardiovascular disease (wide definition).,CVD: Prevalence (CVDP001CVD),6.62,Persons,Sex - Age Standardised,0,,To March 2026,6.72,6.67,Numerators and Denominators are not provided for Age Standardisation.
E54000022,Nhs Norfolk And Waveney Integrated Care Board,Persons,,,,CVDP001CVD,Prevalence of GP recorded cardiovascular disease (wide definition).,CVD: Prevalence (CVDP001CVD),9.18,1 - most deprived,Deprivation quintile - Age Standardised,0,,To March 2026,9.56,9.37,Numerators and Denominators are not provided for Age Standardisation.
E54000022,Nhs Norfolk And Waveney Integrated Care Board,Persons,,,,CVDP001CVD,Prevalence of GP recorded cardiovascular disease (wide definition).,CVD: Prevalence (CVDP001CVD),7.51,2,Deprivation quintile - Age Standardised,0,,To March 2026,7.75,7.63,Numerators and Denominators are not provided for Age Standardisation.
E54000022,Nhs Norfolk And Waveney Integrated Care Board,Persons,,,,CVDP001CVD,Prevalence of GP recorded cardiovascular disease (wide definition).,CVD: Prevalence (CVDP001CVD),6.85,3,Deprivation quintile - Age Standardised,0,,To March 2026,7.04,6.94,Numerators and Denominators are not provided for Age Standardisation.
E54000022,Nhs Norfolk And Waveney Integrated Care Board,Persons,,,,CVDP001CVD,Prevalence of GP recorded cardiovascular disease (wide definition).,CVD: Prevalence (CVDP001CVD),6.27,4,Deprivation quintile - Age Standardised,0,,To March 2026,6.5,6.38,Numerators and Denominators are not provided for Age Standardisation.
E54000022,Nhs Norfolk And Waveney Integrated Care Board,Persons,,,,CVDP001CVD,Prevalence of GP recorded cardiovascular disease (wide definition).,CVD: Prevalence (CVDP001CVD),5.8,5 - least deprived,Deprivation quintile - Age Standardised,0,,To March 2026,6.09,5.95,Numerators and Denominators are not provided for Age Standardisation.
E54000028,NHS North Central London Integrated Care Board,Persons,1497565.0,,,CVDP001CVD,Prevalence of GP recorded cardiovascular disease (wide definition).,CVD: Prevalence (CVDP001CVD),3.89,Persons,Sex,0,58765.0,To March 2026,3.96,3.92,
E54000028,NHS North Central London Integrated Care Board,Female,755240.0,,,CVDP001CVD,Prevalence of GP recorded cardiovascular disease (wide definition).,CVD: Prevalence (CVDP001CVD),2.86,Female,Sex,0,21885.0,To March 2026,2.94,2.9,
E54000028,NHS North Central London Integrated Care Board,Male,742325.0,,,CVDP001CVD,Prevalence of GP recorded cardiovascular disease (wide definition).,CVD: Prevalence (CVDP001CVD),4.92,Male,Sex,0,36875.0,To March 2026,5.02,4.97,
E54000028,NHS North Central London Integrated Care Board,Male,342540.0,,,CVDP001CVD,Prevalence of GP recorded cardiovascular disease (wide definition).,CVD: Prevalence (CVDP001CVD),0.15,18-39,Age group,0,565.0,To March 2026,0.18,0.17,
E54000028,NHS North Central London Integrated Care Board,Female,359990.0,,,CVDP001CVD,Prevalence of GP recorded cardiovascular disease (wide definition).,CVD: Prevalence (CVDP001CVD),0.1,18-39,Age group,0,380.0,To March 2026,0.12,0.11,
E54000028,NHS North Central London Integrated Care Board,Persons,702525.0,,,CVDP001CVD,Prevalence of GP recorded cardiovascular disease (wide definition).,CVD: Prevalence (CVDP001CVD),0.13,18-39,Age group,0,945.0,To March 2026,0.14,0.13,
E54000028,NHS North Central London Integrated Care Board,Male,257430.0,,,CVDP001CVD,Prevalence of GP recorded cardiovascular disease (wide definition).,CVD: Prevalence (CVDP001CVD),2.78,40-59,Age group,0,7310.0,To March 2026,2.9,2.84,
E54000028,NHS North Central London Integrated Care Board,Female,232575.0,,,CVDP001CVD,Prevalence of GP recorded cardiovascular disease (wide definition).,CVD: Prevalence (CVDP001CVD),1.25,40-59,Age group,0,3005.0,To March 2026,1.34,1.29,
E54000028,NHS North Central London Integrated Care Board,Persons,490000.0,,,CVDP001CVD,Prevalence of GP recorded cardiovascular disease (wide definition).,CVD: Prevalence (CVDP001CVD),2.07,40-59,Age group,0,10315.0,To March 2026,2.15,2.1,
E54000028,NHS North Central London Integrated Care Board,Male,119915.0,,,CVDP001CVD,Prevalence of GP recorded cardiovascular disease (wide definition).,CVD: Prevalence (CVDP001CVD),16.93,60-79,Age group,0,20560.0,To March 2026,17.36,17.14,
E54000028,NHS North Central London Integrated Care Board,Female,129255.0,,,CVDP001CVD,Prevalence of GP recorded cardiovascular disease (wide definition).,CVD: Prevalence (CVDP001CVD),7.9,60-79,Age group,0,10405.0,To March 2026,8.2,8.05,
E54000028,NHS North Central London Integrated Care Board,Persons,249170.0,,,CVDP001CVD,Prevalence of GP recorded cardiovascular disease (wide definition).,CVD: Prevalence (CVDP001CVD),12.3,60-79,Age group,0,30960.0,To March 2026,12.56,12.43,
E54000028,NHS North Central London Integrated Care Board,Male,22445.0,,,CVDP001CVD,Prevalence of GP recorded cardiovascular disease (wide definition).,CVD: Prevalence (CVDP001CVD),36.98,80+,Age group,0,8440.0,To March 2026,38.25,37.61,
E54000028,NHS North Central London Integrated Care Board,Female,33420.0,,,CVDP001CVD,Prevalence of GP recorded cardiovascular disease (wide definition).,CVD: Prevalence (CVDP001CVD),23.78,80+,Age group,0,8100.0,To March 2026,24.69,24.23,
E54000028,NHS North Central London Integrated Care Board,Persons,55865.0,,,CVDP001CVD,Prevalence of GP recorded cardiovascular disease (wide definition).,CVD: Prevalence (CVDP001CVD),29.23,80+,Age group,0,16540.0,To March 2026,29.99,29.61,
E54000028,NHS North Central London Integrated Care Board,Persons,293425.0,,,CVDP001CVD,Prevalence of GP recorded cardiovascular disease (wide definition).,CVD: Prevalence (CVDP001CVD),4.11,1 - most deprived,Deprivation quintile,0,12260.0,To March 2026,4.25,4.18,
E54000028,NHS North Central London Integrated Care Board,Persons,432845.0,,,CVDP001CVD,Prevalence of GP recorded cardiovascular disease (wide definition).,CVD: Prevalence (CVDP001CVD),3.73,2,Deprivation quintile,0,16395.0,To March 2026,3.85,3.79,
E54000028,NHS North Central London Integrated Care Board,Persons,304365.0,,,CVDP001CVD,Prevalence of GP recorded cardiovascular disease (wide definition).,CVD: Prevalence (CVDP001CVD),3.98,3,Deprivation quintile,0,12315.0,To March 2026,4.12,4.05,
E54000028,NHS North Central London Integrated Care Board,Persons,237710.0,,,CVDP001CVD,Prevalence of GP recorded cardiovascular disease (wide definition).,CVD: Prevalence (CVDP001CVD),4.72,4,Deprivation quintile,0,11430.0,To March 2026,4.89,4.81,
E54000028,NHS North Central London Integrated Care Board,Persons,120600.0,,,CVDP001CVD,Prevalence of GP recorded cardiovascular disease (wide definition).,CVD: Prevalence (CVDP001CVD),4.82,5 - least deprived,Deprivation quintile,0,5955.0,To March 2026,5.06,4.94,
E54000028,NHS North Central London Integrated Care Board,Female,,,,CVDP001CVD,Prevalence of GP recorded cardiovascular disease (wide definition).,CVD: Prevalence (CVDP001CVD),4.07,Female,Sex - Age Standardised,0,,To March 2026,4.18,4.12,Numerators and Denominators are not provided for Age Standardisation.
E54000028,NHS North Central London Integrated Care Board,Male,,,,CVDP001CVD,Prevalence of GP recorded cardiovascular disease (wide definition).,CVD: Prevalence (CVDP001CVD),8.01,Male,Sex - Age Standardised,0,,To March 2026,8.18,8.1,Numerators and Denominators are not provided for Age Standardisation.
E54000028,NHS North Central London Integrated Care Board,Persons,,,,CVDP001CVD,Prevalence of GP recorded cardiovascular disease (wide definition).,CVD: Prevalence (CVDP001CVD),5.92,Persons,Sex - Age Standardised,0,,To March 2026,6.02,5.97,Numerators and Denominators are not provided for Age Standardisation.
E54000028,NHS North Central London Integrated Care Board,Persons,,,,CVDP001CVD,Prevalence of GP recorded cardiovascular disease (wide definition).,CVD: Prevalence (CVDP001CVD),6.6,1 - most deprived,Deprivation quintile - Age Standardised,0,,To March 2026,6.85,6.73,Numerators and Denominators are not provided for Age Standardisation.
E54000028,NHS North Central London Integrated Care Board,Persons,,,,CVDP001CVD,Prevalence of GP recorded cardiovascular disease (wide definition).,CVD: Prevalence (CVDP001CVD),5.84,2,Deprivation quintile - Age Standardised,0,,To March 2026,6.03,5.93,Numerators and Denominators are not provided for Age Standardisation.
E54000028,NHS North Central London Integrated Care Board,Persons,,,,CVDP001CVD,Prevalence of GP recorded cardiovascular disease (wide definition).,CVD: Prevalence (CVDP001CVD),5.16,3,Deprivation quintile - Age Standardised,0,,To March 2026,5.36,5.26,Numerators and Denominators are not provided for Age Standardisation.
E54000028,NHS North Central London Integrated Care Board,Persons,,,,CVDP001CVD,Prevalence of GP recorded cardiovascular disease (wide definition).,CVD: Prevalence (CVDP001CVD),4.88,4,Deprivation quintile - Age Standardised,0,,To March 2026,5.07,4.98,Numerators and Denominators are not provided for Age Standardisation.
E54000028,NHS North Central London Integrated Care Board,Persons,,,,CVDP001CVD,Prevalence of GP recorded cardiovascular disease (wide definition).,CVD: Prevalence (CVDP001CVD),4.27,5 - least deprived,Deprivation quintile - Age Standardised,0,,To March 2026,4.5,4.38,Numerators and Denominators are not provided for Age Standardisation.
E54000050,NHS North East and North Cumbria Integrated Care Board,Persons,2640825.0,,,CVDP001CVD,Prevalence of GP recorded cardiovascular disease (wide definition).,CVD: Prevalence (CVDP001CVD),8.46,Persons,Sex,0,224295.0,To March 2026,8.53,8.49,
E54000050,NHS North East and North Cumbria Integrated Care Board,Female,1327325.0,,,CVDP001CVD,Prevalence of GP recorded cardiovascular disease (wide definition).,CVD: Prevalence (CVDP001CVD),6.65,Female,Sex,0,88880.0,To March 2026,6.74,6.7,
E54000050,NHS North East and North Cumbria Integrated Care Board,Male,1313500.0,,,CVDP001CVD,Prevalence of GP recorded cardiovascular disease (wide definition).,CVD: Prevalence (CVDP001CVD),10.26,Male,Sex,0,135415.0,To March 2026,10.36,10.31,
E54000050,NHS North East and North Cumbria Integrated Care Board,Male,476415.0,,,CVDP001CVD,Prevalence of GP recorded cardiovascular disease (wide definition).,CVD: Prevalence (CVDP001CVD),0.25,18-39,Age group,0,1270.0,To March 2026,0.28,0.27,
E54000050,NHS North East and North Cumbria Integrated Care Board,Female,451560.0,,,CVDP001CVD,Prevalence of GP recorded cardiovascular disease (wide definition).,CVD: Prevalence (CVDP001CVD),0.18,18-39,Age group,0,880.0,To March 2026,0.21,0.2,
E54000050,NHS North East and North Cumbria Integrated Care Board,Persons,927975.0,,,CVDP001CVD,Prevalence of GP recorded cardiovascular disease (wide definition).,CVD: Prevalence (CVDP001CVD),0.22,18-39,Age group,0,2150.0,To March 2026,0.24,0.23,
E54000050,NHS North East and North Cumbria Integrated Care Board,Male,407250.0,,,CVDP001CVD,Prevalence of GP recorded cardiovascular disease (wide definition).,CVD: Prevalence (CVDP001CVD),4.53,40-59,Age group,0,18710.0,To March 2026,4.66,4.59,
E54000050,NHS North East and North Cumbria Integrated Care Board,Female,398115.0,,,CVDP001CVD,Prevalence of GP recorded cardiovascular disease (wide definition).,CVD: Prevalence (CVDP001CVD),2.32,40-59,Age group,0,9410.0,To March 2026,2.41,2.36,
E54000050,NHS North East and North Cumbria Integrated Care Board,Persons,805365.0,,,CVDP001CVD,Prevalence of GP recorded cardiovascular disease (wide definition).,CVD: Prevalence (CVDP001CVD),3.45,40-59,Age group,0,28120.0,To March 2026,3.53,3.49,
E54000050,NHS North East and North Cumbria Integrated Care Board,Male,356220.0,,,CVDP001CVD,Prevalence of GP recorded cardiovascular disease (wide definition).,CVD: Prevalence (CVDP001CVD),23.09,60-79,Age group,0,82750.0,To March 2026,23.37,23.23,
E54000050,NHS North East and North Cumbria Integrated Care Board,Female,374990.0,,,CVDP001CVD,Prevalence of GP recorded cardiovascular disease (wide definition).,CVD: Prevalence (CVDP001CVD),12.1,60-79,Age group,0,45760.0,To March 2026,12.31,12.2,
E54000050,NHS North East and North Cumbria Integrated Care Board,Persons,731210.0,,,CVDP001CVD,Prevalence of GP recorded cardiovascular disease (wide definition).,CVD: Prevalence (CVDP001CVD),17.49,60-79,Age group,0,128510.0,To March 2026,17.66,17.58,
E54000050,NHS North East and North Cumbria Integrated Care Board,Male,73620.0,,,CVDP001CVD,Prevalence of GP recorded cardiovascular disease (wide definition).,CVD: Prevalence (CVDP001CVD),44.04,80+,Age group,0,32685.0,To March 2026,44.76,44.4,
E54000050,NHS North East and North Cumbria Integrated Care Board,Female,102660.0,,,CVDP001CVD,Prevalence of GP recorded cardiovascular disease (wide definition).,CVD: Prevalence (CVDP001CVD),31.69,80+,Age group,0,32830.0,To March 2026,32.26,31.98,
E54000050,NHS North East and North Cumbria Integrated Care Board,Persons,176275.0,,,CVDP001CVD,Prevalence of GP recorded cardiovascular disease (wide definition).,CVD: Prevalence (CVDP001CVD),36.94,80+,Age group,0,65510.0,To March 2026,37.39,37.16,
E54000050,NHS North East and North Cumbria Integrated Care Board,Persons,818535.0,,,CVDP001CVD,Prevalence of GP recorded cardiovascular disease (wide definition).,CVD: Prevalence (CVDP001CVD),8.75,1 - most deprived,Deprivation quintile,0,72105.0,To March 2026,8.87,8.81,
E54000050,NHS North East and North Cumbria Integrated Care Board,Persons,558320.0,,,CVDP001CVD,Prevalence of GP recorded cardiovascular disease (wide definition).,CVD: Prevalence (CVDP001CVD),9.28,2,Deprivation quintile,0,52225.0,To March 2026,9.43,9.35,
E54000050,NHS North East and North Cumbria Integrated Care Board,Persons,388600.0,,,CVDP001CVD,Prevalence of GP recorded cardiovascular disease (wide definition).,CVD: Prevalence (CVDP001CVD),9.24,3,Deprivation quintile,0,36265.0,To March 2026,9.42,9.33,
E54000050,NHS North East and North Cumbria Integrated Care Board,Persons,364190.0,,,CVDP001CVD,Prevalence of GP recorded cardiovascular disease (wide definition).,CVD: Prevalence (CVDP001CVD),9.27,4,Deprivation quintile,0,34095.0,To March 2026,9.46,9.36,
E54000050,NHS North East and North Cumbria Integrated Care Board,Persons,351775.0,,,CVDP001CVD,Prevalence of GP recorded cardiovascular disease (wide definition).,CVD: Prevalence (CVDP001CVD),8.32,5 - least deprived,Deprivation quintile,0,29580.0,To March 2026,8.5,8.41,
E54000050,NHS North East and North Cumbria Integrated Care Board,Female,,,,CVDP001CVD,Prevalence of GP recorded cardiovascular disease (wide definition).,CVD: Prevalence (CVDP001CVD),5.88,Female,Sex - Age Standardised,0,,To March 2026,5.96,5.92,Numerators and Denominators are not provided for Age Standardisation.
E54000050,NHS North East and North Cumbria Integrated Care Board,Male,,,,CVDP001CVD,Prevalence of GP recorded cardiovascular disease (wide definition).,CVD: Prevalence (CVDP001CVD),10.32,Male,Sex - Age Standardised,0,,To March 2026,10.43,10.37,Numerators and Denominators are not provided for Age Standardisation.
E54000050,NHS North East and North Cumbria Integrated Care Board,Persons,,,,CVDP001CVD,Prevalence of GP recorded cardiovascular disease (wide definition).,CVD: Prevalence (CVDP001CVD),8.01,Persons,Sex - Age Standardised,0,,To March 2026,8.07,8.04,Numerators and Denominators are not provided for Age Standardisation.
E54000050,NHS North East and North Cumbria Integrated Care Board,Persons,,,,CVDP001CVD,Prevalence of GP recorded cardiovascular disease (wide definition).,CVD: Prevalence (CVDP001CVD),10.14,1 - most deprived,Deprivation quintile - Age Standardised,0,,To March 2026,10.29,10.21,Numerators and Denominators are not provided for Age Standardisation.
E54000050,NHS North East and North Cumbria Integrated Care Board,Persons,,,,CVDP001CVD,Prevalence of GP recorded cardiovascular disease (wide definition).,CVD: Prevalence (CVDP001CVD),8.66,2,Deprivation quintile - Age Standardised,0,,To March 2026,8.81,8.74,Numerators and Denominators are not provided for Age Standardisation.
E54000050,NHS North East and North Cumbria Integrated Care Board,Persons,,,,CVDP001CVD,Prevalence of GP recorded cardiovascular disease (wide definition).,CVD: Prevalence (CVDP001CVD),7.63,3,Deprivation quintile - Age Standardised,0,,To March 2026,7.79,7.71,Numerators and Denominators are not provided for Age Standardisation.
E54000050,NHS North East and North Cumbria Integrated Care Board,Persons,,,,CVDP001CVD,Prevalence of GP recorded cardiovascular disease (wide definition).,CVD: Prevalence (CVDP001CVD),7.05,4,Deprivation quintile - Age Standardised,0,,To March 2026,7.21,7.13,Numerators and Denominators are not provided for Age Standardisation.
E54000050,NHS North East and North Cumbria Integrated Care Board,Persons,,,,CVDP001CVD,Prevalence of GP recorded cardiovascular disease (wide definition).,CVD: Prevalence (CVDP001CVD),6.48,5 - least deprived,Deprivation quintile - Age Standardised,0,,To March 2026,6.63,6.55,Numerators and Denominators are not provided for Age Standardisation.
E54000029,NHS North East London Integrated Care Board,Persons,1934280.0,,,CVDP001CVD,Prevalence of GP recorded cardiovascular disease (wide definition).,CVD: Prevalence (CVDP001CVD),3.98,Persons,Sex,0,77460.0,To March 2026,4.03,4.0,
E54000029,NHS North East London Integrated Care Board,Female,940285.0,,,CVDP001CVD,Prevalence of GP recorded cardiovascular disease (wide definition).,CVD: Prevalence (CVDP001CVD),2.91,Female,Sex,0,27665.0,To March 2026,2.98,2.94,
E54000029,NHS North East London Integrated Care Board,Male,993995.0,,,CVDP001CVD,Prevalence of GP recorded cardiovascular disease (wide definition).,CVD: Prevalence (CVDP001CVD),4.97,Male,Sex,0,49800.0,To March 2026,5.05,5.01,
E54000029,NHS North East London Integrated Care Board,Male,489465.0,,,CVDP001CVD,Prevalence of GP recorded cardiovascular disease (wide definition).,CVD: Prevalence (CVDP001CVD),0.18,18-39,Age group,0,960.0,To March 2026,0.21,0.2,
E54000029,NHS North East London Integrated Care Board,Female,467580.0,,,CVDP001CVD,Prevalence of GP recorded cardiovascular disease (wide definition).,CVD: Prevalence (CVDP001CVD),0.11,18-39,Age group,0,545.0,To March 2026,0.13,0.12,
E54000029,NHS North East London Integrated Care Board,Persons,957045.0,,,CVDP001CVD,Prevalence of GP recorded cardiovascular disease (wide definition).,CVD: Prevalence (CVDP001CVD),0.15,18-39,Age group,0,1500.0,To March 2026,0.16,0.16,
E54000029,NHS North East London Integrated Care Board,Male,342620.0,,,CVDP001CVD,Prevalence of GP recorded cardiovascular disease (wide definition).,CVD: Prevalence (CVDP001CVD),3.33,40-59,Age group,0,11610.0,To March 2026,3.45,3.39,
E54000029,NHS North East London Integrated Care Board,Female,293970.0,,,CVDP001CVD,Prevalence of GP recorded cardiovascular disease (wide definition).,CVD: Prevalence (CVDP001CVD),1.62,40-59,Age group,0,4905.0,To March 2026,1.71,1.67,
E54000029,NHS North East London Integrated Care Board,Persons,636590.0,,,CVDP001CVD,Prevalence of GP recorded cardiovascular disease (wide definition).,CVD: Prevalence (CVDP001CVD),2.56,40-59,Age group,0,16515.0,To March 2026,2.63,2.59,
E54000029,NHS North East London Integrated Care Board,Male,139755.0,,,CVDP001CVD,Prevalence of GP recorded cardiovascular disease (wide definition).,CVD: Prevalence (CVDP001CVD),20.59,60-79,Age group,0,29070.0,To March 2026,21.01,20.8,
E54000029,NHS North East London Integrated Care Board,Female,145525.0,,,CVDP001CVD,Prevalence of GP recorded cardiovascular disease (wide definition).,CVD: Prevalence (CVDP001CVD),9.45,60-79,Age group,0,13970.0,To March 2026,9.75,9.6,
E54000029,NHS North East London Integrated Care Board,Persons,285280.0,,,CVDP001CVD,Prevalence of GP recorded cardiovascular disease (wide definition).,CVD: Prevalence (CVDP001CVD),14.96,60-79,Age group,0,43040.0,To March 2026,15.22,15.09,
E54000029,NHS North East London Integrated Care Board,Male,22155.0,,,CVDP001CVD,Prevalence of GP recorded cardiovascular disease (wide definition).,CVD: Prevalence (CVDP001CVD),36.2,80+,Age group,0,8160.0,To March 2026,37.46,36.83,
E54000029,NHS North East London Integrated Care Board,Female,33210.0,,,CVDP001CVD,Prevalence of GP recorded cardiovascular disease (wide definition).,CVD: Prevalence (CVDP001CVD),24.36,80+,Age group,0,8245.0,To March 2026,25.29,24.82,
E54000029,NHS North East London Integrated Care Board,Persons,55365.0,,,CVDP001CVD,Prevalence of GP recorded cardiovascular disease (wide definition).,CVD: Prevalence (CVDP001CVD),29.25,80+,Age group,0,16405.0,To March 2026,30.01,29.63,
E54000029,NHS North East London Integrated Care Board,Persons,458430.0,,,CVDP001CVD,Prevalence of GP recorded cardiovascular disease (wide definition).,CVD: Prevalence (CVDP001CVD),4.21,1 - most deprived,Deprivation quintile,0,19575.0,To March 2026,4.33,4.27,
E54000029,NHS North East London Integrated Care Board,Persons,737000.0,,,CVDP001CVD,Prevalence of GP recorded cardiovascular disease (wide definition).,CVD: Prevalence (CVDP001CVD),4.17,2,Deprivation quintile,0,31060.0,To March 2026,4.26,4.21,
E54000029,NHS North East London Integrated Care Board,Persons,327930.0,,,CVDP001CVD,Prevalence of GP recorded cardiovascular disease (wide definition).,CVD: Prevalence (CVDP001CVD),4.22,3,Deprivation quintile,0,14060.0,To March 2026,4.36,4.29,
E54000029,NHS North East London Integrated Care Board,Persons,160280.0,,,CVDP001CVD,Prevalence of GP recorded cardiovascular disease (wide definition).,CVD: Prevalence (CVDP001CVD),4.6,4,Deprivation quintile,0,7535.0,To March 2026,4.8,4.7,
E54000029,NHS North East London Integrated Care Board,Persons,89920.0,,,CVDP001CVD,Prevalence of GP recorded cardiovascular disease (wide definition).,CVD: Prevalence (CVDP001CVD),5.38,5 - least deprived,Deprivation quintile,0,4970.0,To March 2026,5.68,5.53,
E54000029,NHS North East London Integrated Care Board,Female,,,,CVDP001CVD,Prevalence of GP recorded cardiovascular disease (wide definition).,CVD: Prevalence (CVDP001CVD),4.71,Female,Sex - Age Standardised,0,,To March 2026,4.82,4.76,Numerators and Denominators are not provided for Age Standardisation.
E54000029,NHS North East London Integrated Care Board,Male,,,,CVDP001CVD,Prevalence of GP recorded cardiovascular disease (wide definition).,CVD: Prevalence (CVDP001CVD),9.19,Male,Sex - Age Standardised,0,,To March 2026,9.36,9.27,Numerators and Denominators are not provided for Age Standardisation.
E54000029,NHS North East London Integrated Care Board,Persons,,,,CVDP001CVD,Prevalence of GP recorded cardiovascular disease (wide definition).,CVD: Prevalence (CVDP001CVD),6.87,Persons,Sex - Age Standardised,0,,To March 2026,6.97,6.92,Numerators and Denominators are not provided for Age Standardisation.
E54000029,NHS North East London Integrated Care Board,Persons,,,,CVDP001CVD,Prevalence of GP recorded cardiovascular disease (wide definition).,CVD: Prevalence (CVDP001CVD),7.52,1 - most deprived,Deprivation quintile - Age Standardised,0,,To March 2026,7.74,7.63,Numerators and Denominators are not provided for Age Standardisation.
E54000029,NHS North East London Integrated Care Board,Persons,,,,CVDP001CVD,Prevalence of GP recorded cardiovascular disease (wide definition).,CVD: Prevalence (CVDP001CVD),6.8,2,Deprivation quintile - Age Standardised,0,,To March 2026,6.96,6.88,Numerators and Denominators are not provided for Age Standardisation.
E54000029,NHS North East London Integrated Care Board,Persons,,,,CVDP001CVD,Prevalence of GP recorded cardiovascular disease (wide definition).,CVD: Prevalence (CVDP001CVD),5.63,3,Deprivation quintile - Age Standardised,0,,To March 2026,5.83,5.73,Numerators and Denominators are not provided for Age Standardisation.
E54000029,NHS North East London Integrated Care Board,Persons,,,,CVDP001CVD,Prevalence of GP recorded cardiovascular disease (wide definition).,CVD: Prevalence (CVDP001CVD),4.93,4,Deprivation quintile - Age Standardised,0,,To March 2026,5.17,5.05,Numerators and Denominators are not provided for Age Standardisation.
E54000029,NHS North East London Integrated Care Board,Persons,,,,CVDP001CVD,Prevalence of GP recorded cardiovascular disease (wide definition).,CVD: Prevalence (CVDP001CVD),4.47,5 - least deprived,Deprivation quintile - Age Standardised,0,,To March 2026,4.74,4.6,Numerators and Denominators are not provided for Age Standardisation.
E54000027,NHS North West London Integrated Care Board,Persons,2424560.0,,,CVDP001CVD,Prevalence of GP recorded cardiovascular disease (wide definition).,CVD: Prevalence (CVDP001CVD),4.15,Persons,Sex,0,101135.0,To March 2026,4.2,4.17,
E54000027,NHS North West London Integrated Care Board,Female,1164550.0,,,CVDP001CVD,Prevalence of GP recorded cardiovascular disease (wide definition).,CVD: Prevalence (CVDP001CVD),3.23,Female,Sex,0,38025.0,To March 2026,3.3,3.27,
E54000027,NHS North West London Integrated Care Board,Male,1260010.0,,,CVDP001CVD,Prevalence of GP recorded cardiovascular disease (wide definition).,CVD: Prevalence (CVDP001CVD),4.97,Male,Sex,0,63110.0,To March 2026,5.05,5.01,
E54000027,NHS North West London Integrated Care Board,Male,605390.0,,,CVDP001CVD,Prevalence of GP recorded cardiovascular disease (wide definition).,CVD: Prevalence (CVDP001CVD),0.18,18-39,Age group,0,1140.0,To March 2026,0.2,0.19,
E54000027,NHS North West London Integrated Care Board,Female,562640.0,,,CVDP001CVD,Prevalence of GP recorded cardiovascular disease (wide definition).,CVD: Prevalence (CVDP001CVD),0.12,18-39,Age group,0,735.0,To March 2026,0.14,0.13,
E54000027,NHS North West London Integrated Care Board,Persons,1168030.0,,,CVDP001CVD,Prevalence of GP recorded cardiovascular disease (wide definition).,CVD: Prevalence (CVDP001CVD),0.15,18-39,Age group,0,1875.0,To March 2026,0.17,0.16,
E54000027,NHS North West London Integrated Care Board,Male,429245.0,,,CVDP001CVD,Prevalence of GP recorded cardiovascular disease (wide definition).,CVD: Prevalence (CVDP001CVD),2.98,40-59,Age group,0,13020.0,To March 2026,3.08,3.03,
E54000027,NHS North West London Integrated Care Board,Female,356785.0,,,CVDP001CVD,Prevalence of GP recorded cardiovascular disease (wide definition).,CVD: Prevalence (CVDP001CVD),1.5,40-59,Age group,0,5480.0,To March 2026,1.58,1.54,
E54000027,NHS North West London Integrated Care Board,Persons,786030.0,,,CVDP001CVD,Prevalence of GP recorded cardiovascular disease (wide definition).,CVD: Prevalence (CVDP001CVD),2.32,40-59,Age group,0,18500.0,To March 2026,2.39,2.35,
E54000027,NHS North West London Integrated Care Board,Male,190610.0,,,CVDP001CVD,Prevalence of GP recorded cardiovascular disease (wide definition).,CVD: Prevalence (CVDP001CVD),18.56,60-79,Age group,0,35710.0,To March 2026,18.91,18.73,
E54000027,NHS North West London Integrated Care Board,Female,196470.0,,,CVDP001CVD,Prevalence of GP recorded cardiovascular disease (wide definition).,CVD: Prevalence (CVDP001CVD),9.34,60-79,Age group,0,18595.0,To March 2026,9.59,9.47,
E54000027,NHS North West London Integrated Care Board,Persons,387080.0,,,CVDP001CVD,Prevalence of GP recorded cardiovascular disease (wide definition).,CVD: Prevalence (CVDP001CVD),13.92,60-79,Age group,0,54305.0,To March 2026,14.14,14.03,
E54000027,NHS North West London Integrated Care Board,Male,34760.0,,,CVDP001CVD,Prevalence of GP recorded cardiovascular disease (wide definition).,CVD: Prevalence (CVDP001CVD),37.59,80+,Age group,0,13245.0,To March 2026,38.61,38.1,
E54000027,NHS North West London Integrated Care Board,Female,48660.0,,,CVDP001CVD,Prevalence of GP recorded cardiovascular disease (wide definition).,CVD: Prevalence (CVDP001CVD),26.76,80+,Age group,0,13215.0,To March 2026,27.55,27.15,
E54000027,NHS North West London Integrated Care Board,Persons,83420.0,,,CVDP001CVD,Prevalence of GP recorded cardiovascular disease (wide definition).,CVD: Prevalence (CVDP001CVD),31.4,80+,Age group,0,26455.0,To March 2026,32.03,31.72,
E54000027,NHS North West London Integrated Care Board,Persons,270425.0,,,CVDP001CVD,Prevalence of GP recorded cardiovascular disease (wide definition).,CVD: Prevalence (CVDP001CVD),4.89,1 - most deprived,Deprivation quintile,0,13450.0,To March 2026,5.06,4.97,
E54000027,NHS North West London Integrated Care Board,Persons,655135.0,,,CVDP001CVD,Prevalence of GP recorded cardiovascular disease (wide definition).,CVD: Prevalence (CVDP001CVD),4.8,2,Deprivation quintile,0,31780.0,To March 2026,4.9,4.85,
E54000027,NHS North West London Integrated Care Board,Persons,619900.0,,,CVDP001CVD,Prevalence of GP recorded cardiovascular disease (wide definition).,CVD: Prevalence (CVDP001CVD),4.61,3,Deprivation quintile,0,28915.0,To March 2026,4.72,4.66,
E54000027,NHS North West London Integrated Care Board,Persons,396000.0,,,CVDP001CVD,Prevalence of GP recorded cardiovascular disease (wide definition).,CVD: Prevalence (CVDP001CVD),4.44,4,Deprivation quintile,0,17820.0,To March 2026,4.56,4.5,
E54000027,NHS North West London Integrated Care Board,Persons,158010.0,,,CVDP001CVD,Prevalence of GP recorded cardiovascular disease (wide definition).,CVD: Prevalence (CVDP001CVD),4.97,5 - least deprived,Deprivation quintile,0,8025.0,To March 2026,5.19,5.08,
E54000027,NHS North West London Integrated Care Board,Female,,,,CVDP001CVD,Prevalence of GP recorded cardiovascular disease (wide definition).,CVD: Prevalence (CVDP001CVD),4.73,Female,Sex - Age Standardised,0,,To March 2026,4.83,4.78,Numerators and Denominators are not provided for Age Standardisation.
E54000027,NHS North West London Integrated Care Board,Male,,,,CVDP001CVD,Prevalence of GP recorded cardiovascular disease (wide definition).,CVD: Prevalence (CVDP001CVD),8.59,Male,Sex - Age Standardised,0,,To March 2026,8.74,8.66,Numerators and Denominators are not provided for Age Standardisation.
E54000027,NHS North West London Integrated Care Board,Persons,,,,CVDP001CVD,Prevalence of GP recorded cardiovascular disease (wide definition).,CVD: Prevalence (CVDP001CVD),6.61,Persons,Sex - Age Standardised,0,,To March 2026,6.69,6.65,Numerators and Denominators are not provided for Age Standardisation.
E54000027,NHS North West London Integrated Care Board,Persons,,,,CVDP001CVD,Prevalence of GP recorded cardiovascular disease (wide definition).,CVD: Prevalence (CVDP001CVD),6.15,1 - most deprived,Deprivation quintile - Age Standardised,0,,To March 2026,6.37,6.26,Numerators and Denominators are not provided for Age Standardisation.
E54000027,NHS North West London Integrated Care Board,Persons,,,,CVDP001CVD,Prevalence of GP recorded cardiovascular disease (wide definition).,CVD: Prevalence (CVDP001CVD),6.13,2,Deprivation quintile - Age Standardised,0,,To March 2026,6.27,6.2,Numerators and Denominators are not provided for Age Standardisation.
E54000027,NHS North West London Integrated Care Board,Persons,,,,CVDP001CVD,Prevalence of GP recorded cardiovascular disease (wide definition).,CVD: Prevalence (CVDP001CVD),5.45,3,Deprivation quintile - Age Standardised,0,,To March 2026,5.58,5.52,Numerators and Denominators are not provided for Age Standardisation.
E54000027,NHS North West London Integrated Care Board,Persons,,,,CVDP001CVD,Prevalence of GP recorded cardiovascular disease (wide definition).,CVD: Prevalence (CVDP001CVD),4.35,4,Deprivation quintile - Age Standardised,0,,To March 2026,4.49,4.42,Numerators and Denominators are not provided for Age Standardisation.
E54000027,NHS North West London Integrated Care Board,Persons,,,,CVDP001CVD,Prevalence of GP recorded cardiovascular disease (wide definition).,CVD: Prevalence (CVDP001CVD),3.92,5 - least deprived,Deprivation quintile - Age Standardised,0,,To March 2026,4.11,4.01,Numerators and Denominators are not provided for Age Standardisation.
E54000059,NHS Northamptonshire Integrated Care Board,Persons,667130.0,,,CVDP001CVD,Prevalence of GP recorded cardiovascular disease (wide definition).,CVD: Prevalence (CVDP001CVD),6.29,Persons,Sex,0,42380.0,To March 2026,6.41,6.35,
E54000059,NHS Northamptonshire Integrated Care Board,Female,334105.0,,,CVDP001CVD,Prevalence of GP recorded cardiovascular disease (wide definition).,CVD: Prevalence (CVDP001CVD),4.83,Female,Sex,0,16385.0,To March 2026,4.98,4.9,
E54000059,NHS Northamptonshire Integrated Care Board,Male,333025.0,,,CVDP001CVD,Prevalence of GP recorded cardiovascular disease (wide definition).,CVD: Prevalence (CVDP001CVD),7.72,Male,Sex,0,26000.0,To March 2026,7.9,7.81,
E54000059,NHS Northamptonshire Integrated Care Board,Male,122105.0,,,CVDP001CVD,Prevalence of GP recorded cardiovascular disease (wide definition).,CVD: Prevalence (CVDP001CVD),0.24,18-39,Age group,0,325.0,To March 2026,0.3,0.27,
E54000059,NHS Northamptonshire Integrated Care Board,Female,118805.0,,,CVDP001CVD,Prevalence of GP recorded cardiovascular disease (wide definition).,CVD: Prevalence (CVDP001CVD),0.19,18-39,Age group,0,255.0,To March 2026,0.24,0.21,
E54000059,NHS Northamptonshire Integrated Care Board,Persons,240910.0,,,CVDP001CVD,Prevalence of GP recorded cardiovascular disease (wide definition).,CVD: Prevalence (CVDP001CVD),0.22,18-39,Age group,0,580.0,To March 2026,0.26,0.24,
E54000059,NHS Northamptonshire Integrated Care Board,Male,116835.0,,,CVDP001CVD,Prevalence of GP recorded cardiovascular disease (wide definition).,CVD: Prevalence (CVDP001CVD),3.52,40-59,Age group,0,4240.0,To March 2026,3.74,3.63,
E54000059,NHS Northamptonshire Integrated Care Board,Female,110895.0,,,CVDP001CVD,Prevalence of GP recorded cardiovascular disease (wide definition).,CVD: Prevalence (CVDP001CVD),1.86,40-59,Age group,0,2150.0,To March 2026,2.02,1.94,
E54000059,NHS Northamptonshire Integrated Care Board,Persons,227730.0,,,CVDP001CVD,Prevalence of GP recorded cardiovascular disease (wide definition).,CVD: Prevalence (CVDP001CVD),2.74,40-59,Age group,0,6390.0,To March 2026,2.87,2.81,
E54000059,NHS Northamptonshire Integrated Care Board,Male,77365.0,,,CVDP001CVD,Prevalence of GP recorded cardiovascular disease (wide definition).,CVD: Prevalence (CVDP001CVD),19.02,60-79,Age group,0,14930.0,To March 2026,19.58,19.3,
E54000059,NHS Northamptonshire Integrated Care Board,Female,82095.0,,,CVDP001CVD,Prevalence of GP recorded cardiovascular disease (wide definition).,CVD: Prevalence (CVDP001CVD),9.48,60-79,Age group,0,7950.0,To March 2026,9.88,9.68,
E54000059,NHS Northamptonshire Integrated Care Board,Persons,159465.0,,,CVDP001CVD,Prevalence of GP recorded cardiovascular disease (wide definition).,CVD: Prevalence (CVDP001CVD),14.18,60-79,Age group,0,22880.0,To March 2026,14.52,14.35,
E54000059,NHS Northamptonshire Integrated Care Board,Male,16720.0,,,CVDP001CVD,Prevalence of GP recorded cardiovascular disease (wide definition).,CVD: Prevalence (CVDP001CVD),38.16,80+,Age group,0,6505.0,To March 2026,39.64,38.9,
E54000059,NHS Northamptonshire Integrated Care Board,Female,22305.0,,,CVDP001CVD,Prevalence of GP recorded cardiovascular disease (wide definition).,CVD: Prevalence (CVDP001CVD),26.46,80+,Age group,0,6030.0,To March 2026,27.63,27.04,
E54000059,NHS Northamptonshire Integrated Care Board,Persons,39025.0,,,CVDP001CVD,Prevalence of GP recorded cardiovascular disease (wide definition).,CVD: Prevalence (CVDP001CVD),31.66,80+,Age group,0,12535.0,To March 2026,32.59,32.12,
E54000059,NHS Northamptonshire Integrated Care Board,Persons,94415.0,,,CVDP001CVD,Prevalence of GP recorded cardiovascular disease (wide definition).,CVD: Prevalence (CVDP001CVD),5.92,1 - most deprived,Deprivation quintile,0,5730.0,To March 2026,6.22,6.07,
E54000059,NHS Northamptonshire Integrated Care Board,Persons,121045.0,,,CVDP001CVD,Prevalence of GP recorded cardiovascular disease (wide definition).,CVD: Prevalence (CVDP001CVD),6.27,2,Deprivation quintile,0,7750.0,To March 2026,6.54,6.4,
E54000059,NHS Northamptonshire Integrated Care Board,Persons,108645.0,,,CVDP001CVD,Prevalence of GP recorded cardiovascular disease (wide definition).,CVD: Prevalence (CVDP001CVD),7.0,3,Deprivation quintile,0,7770.0,To March 2026,7.31,7.15,
E54000059,NHS Northamptonshire Integrated Care Board,Persons,159710.0,,,CVDP001CVD,Prevalence of GP recorded cardiovascular disease (wide definition).,CVD: Prevalence (CVDP001CVD),7.72,4,Deprivation quintile,0,12530.0,To March 2026,7.98,7.85,
E54000059,NHS Northamptonshire Integrated Care Board,Persons,141610.0,,,CVDP001CVD,Prevalence of GP recorded cardiovascular disease (wide definition).,CVD: Prevalence (CVDP001CVD),6.95,5 - least deprived,Deprivation quintile,0,10030.0,To March 2026,7.22,7.08,
E54000059,NHS Northamptonshire Integrated Care Board,Female,,,,CVDP001CVD,Prevalence of GP recorded cardiovascular disease (wide definition).,CVD: Prevalence (CVDP001CVD),4.8,Female,Sex - Age Standardised,0,,To March 2026,4.95,4.87,Numerators and Denominators are not provided for Age Standardisation.
E54000059,NHS Northamptonshire Integrated Care Board,Male,,,,CVDP001CVD,Prevalence of GP recorded cardiovascular disease (wide definition).,CVD: Prevalence (CVDP001CVD),8.71,Male,Sex - Age Standardised,0,,To March 2026,8.93,8.82,Numerators and Denominators are not provided for Age Standardisation.
E54000059,NHS Northamptonshire Integrated Care Board,Persons,,,,CVDP001CVD,Prevalence of GP recorded cardiovascular disease (wide definition).,CVD: Prevalence (CVDP001CVD),6.68,Persons,Sex - Age Standardised,0,,To March 2026,6.81,6.75,Numerators and Denominators are not provided for Age Standardisation.
E54000059,NHS Northamptonshire Integrated Care Board,Persons,,,,CVDP001CVD,Prevalence of GP recorded cardiovascular disease (wide definition).,CVD: Prevalence (CVDP001CVD),8.7,1 - most deprived,Deprivation quintile - Age Standardised,0,,To March 2026,9.18,8.93,Numerators and Denominators are not provided for Age Standardisation.
E54000059,NHS Northamptonshire Integrated Care Board,Persons,,,,CVDP001CVD,Prevalence of GP recorded cardiovascular disease (wide definition).,CVD: Prevalence (CVDP001CVD),7.72,2,Deprivation quintile - Age Standardised,0,,To March 2026,8.09,7.9,Numerators and Denominators are not provided for Age Standardisation.
E54000059,NHS Northamptonshire Integrated Care Board,Persons,,,,CVDP001CVD,Prevalence of GP recorded cardiovascular disease (wide definition).,CVD: Prevalence (CVDP001CVD),6.59,3,Deprivation quintile - Age Standardised,0,,To March 2026,6.9,6.74,Numerators and Denominators are not provided for Age Standardisation.
E54000059,NHS Northamptonshire Integrated Care Board,Persons,,,,CVDP001CVD,Prevalence of GP recorded cardiovascular disease (wide definition).,CVD: Prevalence (CVDP001CVD),6.26,4,Deprivation quintile - Age Standardised,0,,To March 2026,6.49,6.37,Numerators and Denominators are not provided for Age Standardisation.
E54000059,NHS Northamptonshire Integrated Care Board,Persons,,,,CVDP001CVD,Prevalence of GP recorded cardiovascular disease (wide definition).,CVD: Prevalence (CVDP001CVD),5.92,5 - least deprived,Deprivation quintile - Age Standardised,0,,To March 2026,6.17,6.04,Numerators and Denominators are not provided for Age Standardisation.
E54000060,NHS Nottingham and Nottinghamshire Integrated Care Board,Persons,1018565.0,,,CVDP001CVD,Prevalence of GP recorded cardiovascular disease (wide definition).,CVD: Prevalence (CVDP001CVD),6.88,Persons,Sex,0,70600.0,To March 2026,6.98,6.93,
E54000060,NHS Nottingham and Nottinghamshire Integrated Care Board,Female,511715.0,,,CVDP001CVD,Prevalence of GP recorded cardiovascular disease (wide definition).,CVD: Prevalence (CVDP001CVD),5.39,Female,Sex,0,27875.0,To March 2026,5.51,5.45,
E54000060,NHS Nottingham and Nottinghamshire Integrated Care Board,Male,506855.0,,,CVDP001CVD,Prevalence of GP recorded cardiovascular disease (wide definition).,CVD: Prevalence (CVDP001CVD),8.35,Male,Sex,0,42720.0,To March 2026,8.51,8.43,
E54000060,NHS Nottingham and Nottinghamshire Integrated Care Board,Male,196020.0,,,CVDP001CVD,Prevalence of GP recorded cardiovascular disease (wide definition).,CVD: Prevalence (CVDP001CVD),0.24,18-39,Age group,0,515.0,To March 2026,0.29,0.26,
E54000060,NHS Nottingham and Nottinghamshire Integrated Care Board,Female,190120.0,,,CVDP001CVD,Prevalence of GP recorded cardiovascular disease (wide definition).,CVD: Prevalence (CVDP001CVD),0.16,18-39,Age group,0,335.0,To March 2026,0.2,0.18,
E54000060,NHS Nottingham and Nottinghamshire Integrated Care Board,Persons,386140.0,,,CVDP001CVD,Prevalence of GP recorded cardiovascular disease (wide definition).,CVD: Prevalence (CVDP001CVD),0.21,18-39,Age group,0,850.0,To March 2026,0.24,0.22,
E54000060,NHS Nottingham and Nottinghamshire Integrated Care Board,Male,162630.0,,,CVDP001CVD,Prevalence of GP recorded cardiovascular disease (wide definition).,CVD: Prevalence (CVDP001CVD),3.79,40-59,Age group,0,6320.0,To March 2026,3.98,3.89,
E54000060,NHS Nottingham and Nottinghamshire Integrated Care Board,Female,156260.0,,,CVDP001CVD,Prevalence of GP recorded cardiovascular disease (wide definition).,CVD: Prevalence (CVDP001CVD),1.97,40-59,Age group,0,3190.0,To March 2026,2.11,2.04,
E54000060,NHS Nottingham and Nottinghamshire Integrated Care Board,Persons,318890.0,,,CVDP001CVD,Prevalence of GP recorded cardiovascular disease (wide definition).,CVD: Prevalence (CVDP001CVD),2.92,40-59,Age group,0,9515.0,To March 2026,3.04,2.98,
E54000060,NHS Nottingham and Nottinghamshire Integrated Care Board,Male,121270.0,,,CVDP001CVD,Prevalence of GP recorded cardiovascular disease (wide definition).,CVD: Prevalence (CVDP001CVD),20.26,60-79,Age group,0,24840.0,To March 2026,20.71,20.48,
E54000060,NHS Nottingham and Nottinghamshire Integrated Care Board,Female,127715.0,,,CVDP001CVD,Prevalence of GP recorded cardiovascular disease (wide definition).,CVD: Prevalence (CVDP001CVD),10.22,60-79,Age group,0,13270.0,To March 2026,10.56,10.39,
E54000060,NHS Nottingham and Nottinghamshire Integrated Care Board,Persons,248985.0,,,CVDP001CVD,Prevalence of GP recorded cardiovascular disease (wide definition).,CVD: Prevalence (CVDP001CVD),15.17,60-79,Age group,0,38110.0,To March 2026,15.45,15.31,
E54000060,NHS Nottingham and Nottinghamshire Integrated Care Board,Male,26935.0,,,CVDP001CVD,Prevalence of GP recorded cardiovascular disease (wide definition).,CVD: Prevalence (CVDP001CVD),40.43,80+,Age group,0,11050.0,To March 2026,41.6,41.02,
E54000060,NHS Nottingham and Nottinghamshire Integrated Care Board,Female,37620.0,,,CVDP001CVD,Prevalence of GP recorded cardiovascular disease (wide definition).,CVD: Prevalence (CVDP001CVD),28.99,80+,Age group,0,11080.0,To March 2026,29.91,29.45,
E54000060,NHS Nottingham and Nottinghamshire Integrated Care Board,Persons,64555.0,,,CVDP001CVD,Prevalence of GP recorded cardiovascular disease (wide definition).,CVD: Prevalence (CVDP001CVD),33.91,80+,Age group,0,22125.0,To March 2026,34.64,34.28,
E54000060,NHS Nottingham and Nottinghamshire Integrated Care Board,Persons,270765.0,,,CVDP001CVD,Prevalence of GP recorded cardiovascular disease (wide definition).,CVD: Prevalence (CVDP001CVD),6.51,1 - most deprived,Deprivation quintile,0,17890.0,To March 2026,6.7,6.61,
E54000060,NHS Nottingham and Nottinghamshire Integrated Care Board,Persons,174195.0,,,CVDP001CVD,Prevalence of GP recorded cardiovascular disease (wide definition).,CVD: Prevalence (CVDP001CVD),7.59,2,Deprivation quintile,0,13435.0,To March 2026,7.84,7.71,
E54000060,NHS Nottingham and Nottinghamshire Integrated Care Board,Persons,177270.0,,,CVDP001CVD,Prevalence of GP recorded cardiovascular disease (wide definition).,CVD: Prevalence (CVDP001CVD),7.52,3,Deprivation quintile,0,13550.0,To March 2026,7.77,7.64,
E54000060,NHS Nottingham and Nottinghamshire Integrated Care Board,Persons,160355.0,,,CVDP001CVD,Prevalence of GP recorded cardiovascular disease (wide definition).,CVD: Prevalence (CVDP001CVD),7.47,4,Deprivation quintile,0,12185.0,To March 2026,7.73,7.6,
E54000060,NHS Nottingham and Nottinghamshire Integrated Care Board,Persons,181340.0,,,CVDP001CVD,Prevalence of GP recorded cardiovascular disease (wide definition).,CVD: Prevalence (CVDP001CVD),7.44,5 - least deprived,Deprivation quintile,0,13715.0,To March 2026,7.68,7.56,
E54000060,NHS Nottingham and Nottinghamshire Integrated Care Board,Female,,,,CVDP001CVD,Prevalence of GP recorded cardiovascular disease (wide definition).,CVD: Prevalence (CVDP001CVD),5.16,Female,Sex - Age Standardised,0,,To March 2026,5.28,5.22,Numerators and Denominators are not provided for Age Standardisation.
E54000060,NHS Nottingham and Nottinghamshire Integrated Care Board,Male,,,,CVDP001CVD,Prevalence of GP recorded cardiovascular disease (wide definition).,CVD: Prevalence (CVDP001CVD),9.19,Male,Sex - Age Standardised,0,,To March 2026,9.37,9.28,Numerators and Denominators are not provided for Age Standardisation.
E54000060,NHS Nottingham and Nottinghamshire Integrated Care Board,Persons,,,,CVDP001CVD,Prevalence of GP recorded cardiovascular disease (wide definition).,CVD: Prevalence (CVDP001CVD),7.1,Persons,Sex - Age Standardised,0,,To March 2026,7.2,7.15,Numerators and Denominators are not provided for Age Standardisation.
E54000060,NHS Nottingham and Nottinghamshire Integrated Care Board,Persons,,,,CVDP001CVD,Prevalence of GP recorded cardiovascular disease (wide definition).,CVD: Prevalence (CVDP001CVD),9.13,1 - most deprived,Deprivation quintile - Age Standardised,0,,To March 2026,9.41,9.27,Numerators and Denominators are not provided for Age Standardisation.
E54000060,NHS Nottingham and Nottinghamshire Integrated Care Board,Persons,,,,CVDP001CVD,Prevalence of GP recorded cardiovascular disease (wide definition).,CVD: Prevalence (CVDP001CVD),7.94,2,Deprivation quintile - Age Standardised,0,,To March 2026,8.22,8.08,Numerators and Denominators are not provided for Age Standardisation.
E54000060,NHS Nottingham and Nottinghamshire Integrated Care Board,Persons,,,,CVDP001CVD,Prevalence of GP recorded cardiovascular disease (wide definition).,CVD: Prevalence (CVDP001CVD),7.02,3,Deprivation quintile - Age Standardised,0,,To March 2026,7.27,7.14,Numerators and Denominators are not provided for Age Standardisation.
E54000060,NHS Nottingham and Nottinghamshire Integrated Care Board,Persons,,,,CVDP001CVD,Prevalence of GP recorded cardiovascular disease (wide definition).,CVD: Prevalence (CVDP001CVD),6.53,4,Deprivation quintile - Age Standardised,0,,To March 2026,6.77,6.65,Numerators and Denominators are not provided for Age Standardisation.
E54000060,NHS Nottingham and Nottinghamshire Integrated Care Board,Persons,,,,CVDP001CVD,Prevalence of GP recorded cardiovascular disease (wide definition).,CVD: Prevalence (CVDP001CVD),5.97,5 - least deprived,Deprivation quintile - Age Standardised,0,,To March 2026,6.19,6.08,Numerators and Denominators are not provided for Age Standardisation.
E54000011,"NHS Shropshire, Telford and Wrekin Integrated Care Board",Persons,436150.0,,,CVDP001CVD,Prevalence of GP recorded cardiovascular disease (wide definition).,CVD: Prevalence (CVDP001CVD),8.03,Persons,Sex,0,35385.0,To March 2026,8.19,8.11,
E54000011,"NHS Shropshire, Telford and Wrekin Integrated Care Board",Female,221920.0,,,CVDP001CVD,Prevalence of GP recorded cardiovascular disease (wide definition).,CVD: Prevalence (CVDP001CVD),6.18,Female,Sex,0,13940.0,To March 2026,6.38,6.28,
E54000011,"NHS Shropshire, Telford and Wrekin Integrated Care Board",Male,214230.0,,,CVDP001CVD,Prevalence of GP recorded cardiovascular disease (wide definition).,CVD: Prevalence (CVDP001CVD),9.88,Male,Sex,0,21445.0,To March 2026,10.14,10.01,
E54000011,"NHS Shropshire, Telford and Wrekin Integrated Care Board",Male,68340.0,,,CVDP001CVD,Prevalence of GP recorded cardiovascular disease (wide definition).,CVD: Prevalence (CVDP001CVD),0.24,18-39,Age group,0,185.0,To March 2026,0.31,0.27,
E54000011,"NHS Shropshire, Telford and Wrekin Integrated Care Board",Female,67175.0,,,CVDP001CVD,Prevalence of GP recorded cardiovascular disease (wide definition).,CVD: Prevalence (CVDP001CVD),0.17,18-39,Age group,0,140.0,To March 2026,0.24,0.21,
E54000011,"NHS Shropshire, Telford and Wrekin Integrated Care Board",Persons,135515.0,,,CVDP001CVD,Prevalence of GP recorded cardiovascular disease (wide definition).,CVD: Prevalence (CVDP001CVD),0.22,18-39,Age group,0,325.0,To March 2026,0.27,0.24,
E54000011,"NHS Shropshire, Telford and Wrekin Integrated Care Board",Male,68050.0,,,CVDP001CVD,Prevalence of GP recorded cardiovascular disease (wide definition).,CVD: Prevalence (CVDP001CVD),3.9,40-59,Age group,0,2755.0,To March 2026,4.2,4.05,
E54000011,"NHS Shropshire, Telford and Wrekin Integrated Care Board",Female,68080.0,,,CVDP001CVD,Prevalence of GP recorded cardiovascular disease (wide definition).,CVD: Prevalence (CVDP001CVD),2.0,40-59,Age group,0,1435.0,To March 2026,2.22,2.11,
E54000011,"NHS Shropshire, Telford and Wrekin Integrated Care Board",Persons,136130.0,,,CVDP001CVD,Prevalence of GP recorded cardiovascular disease (wide definition).,CVD: Prevalence (CVDP001CVD),2.99,40-59,Age group,0,4190.0,To March 2026,3.17,3.08,
E54000011,"NHS Shropshire, Telford and Wrekin Integrated Care Board",Male,62490.0,,,CVDP001CVD,Prevalence of GP recorded cardiovascular disease (wide definition).,CVD: Prevalence (CVDP001CVD),19.37,60-79,Age group,0,12295.0,To March 2026,19.99,19.68,
E54000011,"NHS Shropshire, Telford and Wrekin Integrated Care Board",Female,66175.0,,,CVDP001CVD,Prevalence of GP recorded cardiovascular disease (wide definition).,CVD: Prevalence (CVDP001CVD),9.7,60-79,Age group,0,6570.0,To March 2026,10.16,9.93,
E54000011,"NHS Shropshire, Telford and Wrekin Integrated Care Board",Persons,128665.0,,,CVDP001CVD,Prevalence of GP recorded cardiovascular disease (wide definition).,CVD: Prevalence (CVDP001CVD),14.47,60-79,Age group,0,18870.0,To March 2026,14.86,14.66,
E54000011,"NHS Shropshire, Telford and Wrekin Integrated Care Board",Male,15350.0,,,CVDP001CVD,Prevalence of GP recorded cardiovascular disease (wide definition).,CVD: Prevalence (CVDP001CVD),39.64,80+,Age group,0,6205.0,To March 2026,41.19,40.42,
E54000011,"NHS Shropshire, Telford and Wrekin Integrated Care Board",Female,20485.0,,,CVDP001CVD,Prevalence of GP recorded cardiovascular disease (wide definition).,CVD: Prevalence (CVDP001CVD),27.69,80+,Age group,0,5800.0,To March 2026,28.92,28.3,
E54000011,"NHS Shropshire, Telford and Wrekin Integrated Care Board",Persons,35835.0,,,CVDP001CVD,Prevalence of GP recorded cardiovascular disease (wide definition).,CVD: Prevalence (CVDP001CVD),33.0,80+,Age group,0,12000.0,To March 2026,33.98,33.49,
E54000011,"NHS Shropshire, Telford and Wrekin Integrated Care Board",Persons,52815.0,,,CVDP001CVD,Prevalence of GP recorded cardiovascular disease (wide definition).,CVD: Prevalence (CVDP001CVD),7.0,1 - most deprived,Deprivation quintile,0,3810.0,To March 2026,7.44,7.22,
E54000011,"NHS Shropshire, Telford and Wrekin Integrated Care Board",Persons,90625.0,,,CVDP001CVD,Prevalence of GP recorded cardiovascular disease (wide definition).,CVD: Prevalence (CVDP001CVD),8.73,2,Deprivation quintile,0,8075.0,To March 2026,9.1,8.91,
E54000011,"NHS Shropshire, Telford and Wrekin Integrated Care Board",Persons,102300.0,,,CVDP001CVD,Prevalence of GP recorded cardiovascular disease (wide definition).,CVD: Prevalence (CVDP001CVD),9.51,3,Deprivation quintile,0,9915.0,To March 2026,9.87,9.69,
E54000011,"NHS Shropshire, Telford and Wrekin Integrated Care Board",Persons,95575.0,,,CVDP001CVD,Prevalence of GP recorded cardiovascular disease (wide definition).,CVD: Prevalence (CVDP001CVD),9.17,4,Deprivation quintile,0,8940.0,To March 2026,9.54,9.35,
E54000011,"NHS Shropshire, Telford and Wrekin Integrated Care Board",Persons,56535.0,,,CVDP001CVD,Prevalence of GP recorded cardiovascular disease (wide definition).,CVD: Prevalence (CVDP001CVD),7.94,5 - least deprived,Deprivation quintile,0,4615.0,To March 2026,8.39,8.16,
E54000011,"NHS Shropshire, Telford and Wrekin Integrated Care Board",Female,,,,CVDP001CVD,Prevalence of GP recorded cardiovascular disease (wide definition).,CVD: Prevalence (CVDP001CVD),4.91,Female,Sex - Age Standardised,0,,To March 2026,5.08,4.99,Numerators and Denominators are not provided for Age Standardisation.
E54000011,"NHS Shropshire, Telford and Wrekin Integrated Care Board",Male,,,,CVDP001CVD,Prevalence of GP recorded cardiovascular disease (wide definition).,CVD: Prevalence (CVDP001CVD),8.84,Male,Sex - Age Standardised,0,,To March 2026,9.09,8.96,Numerators and Denominators are not provided for Age Standardisation.
E54000011,"NHS Shropshire, Telford and Wrekin Integrated Care Board",Persons,,,,CVDP001CVD,Prevalence of GP recorded cardiovascular disease (wide definition).,CVD: Prevalence (CVDP001CVD),6.81,Persons,Sex - Age Standardised,0,,To March 2026,6.95,6.88,Numerators and Denominators are not provided for Age Standardisation.
E54000011,"NHS Shropshire, Telford and Wrekin Integrated Care Board",Persons,,,,CVDP001CVD,Prevalence of GP recorded cardiovascular disease (wide definition).,CVD: Prevalence (CVDP001CVD),9.58,1 - most deprived,Deprivation quintile - Age Standardised,0,,To March 2026,10.22,9.89,Numerators and Denominators are not provided for Age Standardisation.
E54000011,"NHS Shropshire, Telford and Wrekin Integrated Care Board",Persons,,,,CVDP001CVD,Prevalence of GP recorded cardiovascular disease (wide definition).,CVD: Prevalence (CVDP001CVD),7.5,2,Deprivation quintile - Age Standardised,0,,To March 2026,7.85,7.68,Numerators and Denominators are not provided for Age Standardisation.
E54000011,"NHS Shropshire, Telford and Wrekin Integrated Care Board",Persons,,,,CVDP001CVD,Prevalence of GP recorded cardiovascular disease (wide definition).,CVD: Prevalence (CVDP001CVD),6.87,3,Deprivation quintile - Age Standardised,0,,To March 2026,7.16,7.01,Numerators and Denominators are not provided for Age Standardisation.
E54000011,"NHS Shropshire, Telford and Wrekin Integrated Care Board",Persons,,,,CVDP001CVD,Prevalence of GP recorded cardiovascular disease (wide definition).,CVD: Prevalence (CVDP001CVD),6.93,4,Deprivation quintile - Age Standardised,0,,To March 2026,7.24,7.09,Numerators and Denominators are not provided for Age Standardisation.
E54000011,"NHS Shropshire, Telford and Wrekin Integrated Care Board",Persons,,,,CVDP001CVD,Prevalence of GP recorded cardiovascular disease (wide definition).,CVD: Prevalence (CVDP001CVD),6.63,5 - least deprived,Deprivation quintile - Age Standardised,0,,To March 2026,7.05,6.84,Numerators and Denominators are not provided for Age Standardisation.
E54000038,NHS Somerset Integrated Care Board,Persons,495780.0,,,CVDP001CVD,Prevalence of GP recorded cardiovascular disease (wide definition).,CVD: Prevalence (CVDP001CVD),8.6,Persons,Sex,0,43050.0,To March 2026,8.76,8.68,
E54000038,NHS Somerset Integrated Care Board,Female,252625.0,,,CVDP001CVD,Prevalence of GP recorded cardiovascular disease (wide definition).,CVD: Prevalence (CVDP001CVD),6.39,Female,Sex,0,16380.0,To March 2026,6.58,6.48,
E54000038,NHS Somerset Integrated Care Board,Male,243155.0,,,CVDP001CVD,Prevalence of GP recorded cardiovascular disease (wide definition).,CVD: Prevalence (CVDP001CVD),10.85,Male,Sex,0,26670.0,To March 2026,11.09,10.97,
E54000038,NHS Somerset Integrated Care Board,Male,73685.0,,,CVDP001CVD,Prevalence of GP recorded cardiovascular disease (wide definition).,CVD: Prevalence (CVDP001CVD),0.22,18-39,Age group,0,190.0,To March 2026,0.29,0.26,
E54000038,NHS Somerset Integrated Care Board,Female,71830.0,,,CVDP001CVD,Prevalence of GP recorded cardiovascular disease (wide definition).,CVD: Prevalence (CVDP001CVD),0.18,18-39,Age group,0,150.0,To March 2026,0.24,0.21,
E54000038,NHS Somerset Integrated Care Board,Persons,145515.0,,,CVDP001CVD,Prevalence of GP recorded cardiovascular disease (wide definition).,CVD: Prevalence (CVDP001CVD),0.21,18-39,Age group,0,335.0,To March 2026,0.26,0.23,
E54000038,NHS Somerset Integrated Care Board,Male,75640.0,,,CVDP001CVD,Prevalence of GP recorded cardiovascular disease (wide definition).,CVD: Prevalence (CVDP001CVD),3.94,40-59,Age group,0,3085.0,To March 2026,4.22,4.08,
E54000038,NHS Somerset Integrated Care Board,Female,75535.0,,,CVDP001CVD,Prevalence of GP recorded cardiovascular disease (wide definition).,CVD: Prevalence (CVDP001CVD),1.76,40-59,Age group,0,1400.0,To March 2026,1.95,1.85,
E54000038,NHS Somerset Integrated Care Board,Persons,151175.0,,,CVDP001CVD,Prevalence of GP recorded cardiovascular disease (wide definition).,CVD: Prevalence (CVDP001CVD),2.88,40-59,Age group,0,4480.0,To March 2026,3.05,2.96,
E54000038,NHS Somerset Integrated Care Board,Male,74705.0,,,CVDP001CVD,Prevalence of GP recorded cardiovascular disease (wide definition).,CVD: Prevalence (CVDP001CVD),20.84,60-79,Age group,0,15785.0,To March 2026,21.42,21.13,
E54000038,NHS Somerset Integrated Care Board,Female,79805.0,,,CVDP001CVD,Prevalence of GP recorded cardiovascular disease (wide definition).,CVD: Prevalence (CVDP001CVD),9.47,60-79,Age group,0,7715.0,To March 2026,9.88,9.67,
E54000038,NHS Somerset Integrated Care Board,Persons,154510.0,,,CVDP001CVD,Prevalence of GP recorded cardiovascular disease (wide definition).,CVD: Prevalence (CVDP001CVD),15.03,60-79,Age group,0,23500.0,To March 2026,15.39,15.21,
E54000038,NHS Somerset Integrated Care Board,Male,19120.0,,,CVDP001CVD,Prevalence of GP recorded cardiovascular disease (wide definition).,CVD: Prevalence (CVDP001CVD),39.13,80+,Age group,0,7615.0,To March 2026,40.51,39.82,
E54000038,NHS Somerset Integrated Care Board,Female,25460.0,,,CVDP001CVD,Prevalence of GP recorded cardiovascular disease (wide definition).,CVD: Prevalence (CVDP001CVD),27.4,80+,Age group,0,7115.0,To March 2026,28.5,27.95,
E54000038,NHS Somerset Integrated Care Board,Persons,44580.0,,,CVDP001CVD,Prevalence of GP recorded cardiovascular disease (wide definition).,CVD: Prevalence (CVDP001CVD),32.6,80+,Age group,0,14730.0,To March 2026,33.48,33.04,
E54000038,NHS Somerset Integrated Care Board,Persons,40935.0,,,CVDP001CVD,Prevalence of GP recorded cardiovascular disease (wide definition).,CVD: Prevalence (CVDP001CVD),8.14,1 - most deprived,Deprivation quintile,0,3440.0,To March 2026,8.68,8.4,
E54000038,NHS Somerset Integrated Care Board,Persons,95865.0,,,CVDP001CVD,Prevalence of GP recorded cardiovascular disease (wide definition).,CVD: Prevalence (CVDP001CVD),10.03,2,Deprivation quintile,0,9795.0,To March 2026,10.41,10.22,
E54000038,NHS Somerset Integrated Care Board,Persons,160670.0,,,CVDP001CVD,Prevalence of GP recorded cardiovascular disease (wide definition).,CVD: Prevalence (CVDP001CVD),9.09,3,Deprivation quintile,0,14835.0,To March 2026,9.38,9.23,
E54000038,NHS Somerset Integrated Care Board,Persons,109875.0,,,CVDP001CVD,Prevalence of GP recorded cardiovascular disease (wide definition).,CVD: Prevalence (CVDP001CVD),9.65,4,Deprivation quintile,0,10800.0,To March 2026,10.01,9.83,
E54000038,NHS Somerset Integrated Care Board,Persons,54770.0,,,CVDP001CVD,Prevalence of GP recorded cardiovascular disease (wide definition).,CVD: Prevalence (CVDP001CVD),7.91,5 - least deprived,Deprivation quintile,0,4460.0,To March 2026,8.37,8.14,
E54000038,NHS Somerset Integrated Care Board,Female,,,,CVDP001CVD,Prevalence of GP recorded cardiovascular disease (wide definition).,CVD: Prevalence (CVDP001CVD),4.7,Female,Sex - Age Standardised,0,,To March 2026,4.85,4.78,Numerators and Denominators are not provided for Age Standardisation.
E54000038,NHS Somerset Integrated Care Board,Male,,,,CVDP001CVD,Prevalence of GP recorded cardiovascular disease (wide definition).,CVD: Prevalence (CVDP001CVD),9.12,Male,Sex - Age Standardised,0,,To March 2026,9.35,9.23,Numerators and Denominators are not provided for Age Standardisation.
E54000038,NHS Somerset Integrated Care Board,Persons,,,,CVDP001CVD,Prevalence of GP recorded cardiovascular disease (wide definition).,CVD: Prevalence (CVDP001CVD),6.83,Persons,Sex - Age Standardised,0,,To March 2026,6.96,6.9,Numerators and Denominators are not provided for Age Standardisation.
E54000038,NHS Somerset Integrated Care Board,Persons,,,,CVDP001CVD,Prevalence of GP recorded cardiovascular disease (wide definition).,CVD: Prevalence (CVDP001CVD),9.58,1 - most deprived,Deprivation quintile - Age Standardised,0,,To March 2026,10.27,9.92,Numerators and Denominators are not provided for Age Standardisation.
E54000038,NHS Somerset Integrated Care Board,Persons,,,,CVDP001CVD,Prevalence of GP recorded cardiovascular disease (wide definition).,CVD: Prevalence (CVDP001CVD),8.22,2,Deprivation quintile - Age Standardised,0,,To March 2026,8.56,8.39,Numerators and Denominators are not provided for Age Standardisation.
E54000038,NHS Somerset Integrated Care Board,Persons,,,,CVDP001CVD,Prevalence of GP recorded cardiovascular disease (wide definition).,CVD: Prevalence (CVDP001CVD),7.18,3,Deprivation quintile - Age Standardised,0,,To March 2026,7.43,7.31,Numerators and Denominators are not provided for Age Standardisation.
E54000038,NHS Somerset Integrated Care Board,Persons,,,,CVDP001CVD,Prevalence of GP recorded cardiovascular disease (wide definition).,CVD: Prevalence (CVDP001CVD),7.02,4,Deprivation quintile - Age Standardised,0,,To March 2026,7.3,7.16,Numerators and Denominators are not provided for Age Standardisation.
E54000038,NHS Somerset Integrated Care Board,Persons,,,,CVDP001CVD,Prevalence of GP recorded cardiovascular disease (wide definition).,CVD: Prevalence (CVDP001CVD),6.27,5 - least deprived,Deprivation quintile - Age Standardised,0,,To March 2026,6.67,6.47,Numerators and Denominators are not provided for Age Standardisation.
E54000030,NHS South East London Integrated Care Board,Persons,1708985.0,,,CVDP001CVD,Prevalence of GP recorded cardiovascular disease (wide definition).,CVD: Prevalence (CVDP001CVD),4.21,Persons,Sex,0,72470.0,To March 2026,4.27,4.24,
E54000030,NHS South East London Integrated Care Board,Female,862990.0,,,CVDP001CVD,Prevalence of GP recorded cardiovascular disease (wide definition).,CVD: Prevalence (CVDP001CVD),3.29,Female,Sex,0,28715.0,To March 2026,3.37,3.33,
E54000030,NHS South East London Integrated Care Board,Male,845995.0,,,CVDP001CVD,Prevalence of GP recorded cardiovascular disease (wide definition).,CVD: Prevalence (CVDP001CVD),5.12,Male,Sex,0,43750.0,To March 2026,5.22,5.17,
E54000030,NHS South East London Integrated Care Board,Male,370030.0,,,CVDP001CVD,Prevalence of GP recorded cardiovascular disease (wide definition).,CVD: Prevalence (CVDP001CVD),0.2,18-39,Age group,0,785.0,To March 2026,0.23,0.21,
E54000030,NHS South East London Integrated Care Board,Female,386530.0,,,CVDP001CVD,Prevalence of GP recorded cardiovascular disease (wide definition).,CVD: Prevalence (CVDP001CVD),0.13,18-39,Age group,0,555.0,To March 2026,0.16,0.14,
E54000030,NHS South East London Integrated Care Board,Persons,756560.0,,,CVDP001CVD,Prevalence of GP recorded cardiovascular disease (wide definition).,CVD: Prevalence (CVDP001CVD),0.17,18-39,Age group,0,1340.0,To March 2026,0.19,0.18,
E54000030,NHS South East London Integrated Care Board,Male,303235.0,,,CVDP001CVD,Prevalence of GP recorded cardiovascular disease (wide definition).,CVD: Prevalence (CVDP001CVD),2.75,40-59,Age group,0,8505.0,To March 2026,2.86,2.8,
E54000030,NHS South East London Integrated Care Board,Female,280280.0,,,CVDP001CVD,Prevalence of GP recorded cardiovascular disease (wide definition).,CVD: Prevalence (CVDP001CVD),1.54,40-59,Age group,0,4435.0,To March 2026,1.63,1.58,
E54000030,NHS South East London Integrated Care Board,Persons,583515.0,,,CVDP001CVD,Prevalence of GP recorded cardiovascular disease (wide definition).,CVD: Prevalence (CVDP001CVD),2.18,40-59,Age group,0,12935.0,To March 2026,2.26,2.22,
E54000030,NHS South East London Integrated Care Board,Male,147430.0,,,CVDP001CVD,Prevalence of GP recorded cardiovascular disease (wide definition).,CVD: Prevalence (CVDP001CVD),16.95,60-79,Age group,0,25270.0,To March 2026,17.33,17.14,
E54000030,NHS South East London Integrated Care Board,Female,157275.0,,,CVDP001CVD,Prevalence of GP recorded cardiovascular disease (wide definition).,CVD: Prevalence (CVDP001CVD),8.65,60-79,Age group,0,13820.0,To March 2026,8.93,8.79,
E54000030,NHS South East London Integrated Care Board,Persons,304705.0,,,CVDP001CVD,Prevalence of GP recorded cardiovascular disease (wide definition).,CVD: Prevalence (CVDP001CVD),12.71,60-79,Age group,0,39090.0,To March 2026,12.95,12.83,
E54000030,NHS South East London Integrated Care Board,Male,25300.0,,,CVDP001CVD,Prevalence of GP recorded cardiovascular disease (wide definition).,CVD: Prevalence (CVDP001CVD),35.75,80+,Age group,0,9195.0,To March 2026,36.93,36.34,
E54000030,NHS South East London Integrated Care Board,Female,38905.0,,,CVDP001CVD,Prevalence of GP recorded cardiovascular disease (wide definition).,CVD: Prevalence (CVDP001CVD),25.04,80+,Age group,0,9910.0,To March 2026,25.9,25.47,
E54000030,NHS South East London Integrated Care Board,Persons,64205.0,,,CVDP001CVD,Prevalence of GP recorded cardiovascular disease (wide definition).,CVD: Prevalence (CVDP001CVD),29.4,80+,Age group,0,19100.0,To March 2026,30.1,29.75,
E54000030,NHS South East London Integrated Care Board,Persons,279380.0,,,CVDP001CVD,Prevalence of GP recorded cardiovascular disease (wide definition).,CVD: Prevalence (CVDP001CVD),4.57,1 - most deprived,Deprivation quintile,0,12985.0,To March 2026,4.73,4.65,
E54000030,NHS South East London Integrated Care Board,Persons,583370.0,,,CVDP001CVD,Prevalence of GP recorded cardiovascular disease (wide definition).,CVD: Prevalence (CVDP001CVD),3.95,2,Deprivation quintile,0,23330.0,To March 2026,4.05,4.0,
E54000030,NHS South East London Integrated Care Board,Persons,349235.0,,,CVDP001CVD,Prevalence of GP recorded cardiovascular disease (wide definition).,CVD: Prevalence (CVDP001CVD),4.01,3,Deprivation quintile,0,14235.0,To March 2026,4.14,4.08,
E54000030,NHS South East London Integrated Care Board,Persons,219715.0,,,CVDP001CVD,Prevalence of GP recorded cardiovascular disease (wide definition).,CVD: Prevalence (CVDP001CVD),4.93,4,Deprivation quintile,0,11030.0,To March 2026,5.11,5.02,
E54000030,NHS South East London Integrated Care Board,Persons,177945.0,,,CVDP001CVD,Prevalence of GP recorded cardiovascular disease (wide definition).,CVD: Prevalence (CVDP001CVD),5.62,5 - least deprived,Deprivation quintile,0,10200.0,To March 2026,5.84,5.73,
E54000030,NHS South East London Integrated Care Board,Female,,,,CVDP001CVD,Prevalence of GP recorded cardiovascular disease (wide definition).,CVD: Prevalence (CVDP001CVD),4.48,Female,Sex - Age Standardised,0,,To March 2026,4.58,4.53,Numerators and Denominators are not provided for Age Standardisation.
E54000030,NHS South East London Integrated Care Board,Male,,,,CVDP001CVD,Prevalence of GP recorded cardiovascular disease (wide definition).,CVD: Prevalence (CVDP001CVD),7.97,Male,Sex - Age Standardised,0,,To March 2026,8.12,8.05,Numerators and Denominators are not provided for Age Standardisation.
E54000030,NHS South East London Integrated Care Board,Persons,,,,CVDP001CVD,Prevalence of GP recorded cardiovascular disease (wide definition).,CVD: Prevalence (CVDP001CVD),6.12,Persons,Sex - Age Standardised,0,,To March 2026,6.21,6.17,Numerators and Denominators are not provided for Age Standardisation.
E54000030,NHS South East London Integrated Care Board,Persons,,,,CVDP001CVD,Prevalence of GP recorded cardiovascular disease (wide definition).,CVD: Prevalence (CVDP001CVD),7.56,1 - most deprived,Deprivation quintile - Age Standardised,0,,To March 2026,7.84,7.7,Numerators and Denominators are not provided for Age Standardisation.
E54000030,NHS South East London Integrated Care Board,Persons,,,,CVDP001CVD,Prevalence of GP recorded cardiovascular disease (wide definition).,CVD: Prevalence (CVDP001CVD),6.66,2,Deprivation quintile - Age Standardised,0,,To March 2026,6.84,6.75,Numerators and Denominators are not provided for Age Standardisation.
E54000030,NHS South East London Integrated Care Board,Persons,,,,CVDP001CVD,Prevalence of GP recorded cardiovascular disease (wide definition).,CVD: Prevalence (CVDP001CVD),5.81,3,Deprivation quintile - Age Standardised,0,,To March 2026,6.02,5.91,Numerators and Denominators are not provided for Age Standardisation.
E54000030,NHS South East London Integrated Care Board,Persons,,,,CVDP001CVD,Prevalence of GP recorded cardiovascular disease (wide definition).,CVD: Prevalence (CVDP001CVD),5.11,4,Deprivation quintile - Age Standardised,0,,To March 2026,5.32,5.21,Numerators and Denominators are not provided for Age Standardisation.
E54000030,NHS South East London Integrated Care Board,Persons,,,,CVDP001CVD,Prevalence of GP recorded cardiovascular disease (wide definition).,CVD: Prevalence (CVDP001CVD),4.65,5 - least deprived,Deprivation quintile - Age Standardised,0,,To March 2026,4.84,4.74,Numerators and Denominators are not provided for Age Standardisation.
E54000031,NHS South West London Integrated Care Board,Persons,1390410.0,,,CVDP001CVD,Prevalence of GP recorded cardiovascular disease (wide definition).,CVD: Prevalence (CVDP001CVD),4.25,Persons,Sex,0,59515.0,To March 2026,4.31,4.28,
E54000031,NHS South West London Integrated Care Board,Female,700040.0,,,CVDP001CVD,Prevalence of GP recorded cardiovascular disease (wide definition).,CVD: Prevalence (CVDP001CVD),3.15,Female,Sex,0,22370.0,To March 2026,3.24,3.2,
E54000031,NHS South West London Integrated Care Board,Male,690370.0,,,CVDP001CVD,Prevalence of GP recorded cardiovascular disease (wide definition).,CVD: Prevalence (CVDP001CVD),5.33,Male,Sex,0,37145.0,To March 2026,5.43,5.38,
E54000031,NHS South West London Integrated Care Board,Male,278655.0,,,CVDP001CVD,Prevalence of GP recorded cardiovascular disease (wide definition).,CVD: Prevalence (CVDP001CVD),0.19,18-39,Age group,0,570.0,To March 2026,0.22,0.2,
E54000031,NHS South West London Integrated Care Board,Female,291605.0,,,CVDP001CVD,Prevalence of GP recorded cardiovascular disease (wide definition).,CVD: Prevalence (CVDP001CVD),0.1,18-39,Age group,0,330.0,To March 2026,0.13,0.11,
E54000031,NHS South West London Integrated Care Board,Persons,570260.0,,,CVDP001CVD,Prevalence of GP recorded cardiovascular disease (wide definition).,CVD: Prevalence (CVDP001CVD),0.15,18-39,Age group,0,900.0,To March 2026,0.17,0.16,
E54000031,NHS South West London Integrated Care Board,Male,261590.0,,,CVDP001CVD,Prevalence of GP recorded cardiovascular disease (wide definition).,CVD: Prevalence (CVDP001CVD),2.54,40-59,Age group,0,6800.0,To March 2026,2.66,2.6,
E54000031,NHS South West London Integrated Care Board,Female,237810.0,,,CVDP001CVD,Prevalence of GP recorded cardiovascular disease (wide definition).,CVD: Prevalence (CVDP001CVD),1.15,40-59,Age group,0,2840.0,To March 2026,1.24,1.19,
E54000031,NHS South West London Integrated Care Board,Persons,499400.0,,,CVDP001CVD,Prevalence of GP recorded cardiovascular disease (wide definition).,CVD: Prevalence (CVDP001CVD),1.89,40-59,Age group,0,9640.0,To March 2026,1.97,1.93,
E54000031,NHS South West London Integrated Care Board,Male,125810.0,,,CVDP001CVD,Prevalence of GP recorded cardiovascular disease (wide definition).,CVD: Prevalence (CVDP001CVD),16.44,60-79,Age group,0,20945.0,To March 2026,16.85,16.65,
E54000031,NHS South West London Integrated Care Board,Female,134785.0,,,CVDP001CVD,Prevalence of GP recorded cardiovascular disease (wide definition).,CVD: Prevalence (CVDP001CVD),7.68,60-79,Age group,0,10540.0,To March 2026,7.97,7.82,
E54000031,NHS South West London Integrated Care Board,Persons,260595.0,,,CVDP001CVD,Prevalence of GP recorded cardiovascular disease (wide definition).,CVD: Prevalence (CVDP001CVD),11.96,60-79,Age group,0,31485.0,To March 2026,12.21,12.08,
E54000031,NHS South West London Integrated Care Board,Male,24315.0,,,CVDP001CVD,Prevalence of GP recorded cardiovascular disease (wide definition).,CVD: Prevalence (CVDP001CVD),35.72,80+,Age group,0,8830.0,To March 2026,36.93,36.32,
E54000031,NHS South West London Integrated Care Board,Female,35835.0,,,CVDP001CVD,Prevalence of GP recorded cardiovascular disease (wide definition).,CVD: Prevalence (CVDP001CVD),23.72,80+,Age group,0,8660.0,To March 2026,24.6,24.16,
E54000031,NHS South West London Integrated Care Board,Persons,60150.0,,,CVDP001CVD,Prevalence of GP recorded cardiovascular disease (wide definition).,CVD: Prevalence (CVDP001CVD),28.71,80+,Age group,0,17490.0,To March 2026,29.44,29.08,
E54000031,NHS South West London Integrated Care Board,Persons,95770.0,,,CVDP001CVD,Prevalence of GP recorded cardiovascular disease (wide definition).,CVD: Prevalence (CVDP001CVD),4.62,1 - most deprived,Deprivation quintile,0,4555.0,To March 2026,4.89,4.75,
E54000031,NHS South West London Integrated Care Board,Persons,251310.0,,,CVDP001CVD,Prevalence of GP recorded cardiovascular disease (wide definition).,CVD: Prevalence (CVDP001CVD),4.31,2,Deprivation quintile,0,11040.0,To March 2026,4.47,4.39,
E54000031,NHS South West London Integrated Care Board,Persons,299510.0,,,CVDP001CVD,Prevalence of GP recorded cardiovascular disease (wide definition).,CVD: Prevalence (CVDP001CVD),4.1,3,Deprivation quintile,0,12490.0,To March 2026,4.24,4.17,
E54000031,NHS South West London Integrated Care Board,Persons,349670.0,,,CVDP001CVD,Prevalence of GP recorded cardiovascular disease (wide definition).,CVD: Prevalence (CVDP001CVD),4.32,4,Deprivation quintile,0,15335.0,To March 2026,4.45,4.38,
E54000031,NHS South West London Integrated Care Board,Persons,368080.0,,,CVDP001CVD,Prevalence of GP recorded cardiovascular disease (wide definition).,CVD: Prevalence (CVDP001CVD),4.48,5 - least deprived,Deprivation quintile,0,16740.0,To March 2026,4.62,4.55,
E54000031,NHS South West London Integrated Care Board,Female,,,,CVDP001CVD,Prevalence of GP recorded cardiovascular disease (wide definition).,CVD: Prevalence (CVDP001CVD),3.95,Female,Sex - Age Standardised,0,,To March 2026,4.05,4.0,Numerators and Denominators are not provided for Age Standardisation.
E54000031,NHS South West London Integrated Care Board,Male,,,,CVDP001CVD,Prevalence of GP recorded cardiovascular disease (wide definition).,CVD: Prevalence (CVDP001CVD),7.68,Male,Sex - Age Standardised,0,,To March 2026,7.84,7.76,Numerators and Denominators are not provided for Age Standardisation.
E54000031,NHS South West London Integrated Care Board,Persons,,,,CVDP001CVD,Prevalence of GP recorded cardiovascular disease (wide definition).,CVD: Prevalence (CVDP001CVD),5.71,Persons,Sex - Age Standardised,0,,To March 2026,5.81,5.76,Numerators and Denominators are not provided for Age Standardisation.
E54000031,NHS South West London Integrated Care Board,Persons,,,,CVDP001CVD,Prevalence of GP recorded cardiovascular disease (wide definition).,CVD: Prevalence (CVDP001CVD),7.5,1 - most deprived,Deprivation quintile - Age Standardised,0,,To March 2026,7.98,7.74,Numerators and Denominators are not provided for Age Standardisation.
E54000031,NHS South West London Integrated Care Board,Persons,,,,CVDP001CVD,Prevalence of GP recorded cardiovascular disease (wide definition).,CVD: Prevalence (CVDP001CVD),6.59,2,Deprivation quintile - Age Standardised,0,,To March 2026,6.85,6.72,Numerators and Denominators are not provided for Age Standardisation.
E54000031,NHS South West London Integrated Care Board,Persons,,,,CVDP001CVD,Prevalence of GP recorded cardiovascular disease (wide definition).,CVD: Prevalence (CVDP001CVD),6.07,3,Deprivation quintile - Age Standardised,0,,To March 2026,6.29,6.18,Numerators and Denominators are not provided for Age Standardisation.
E54000031,NHS South West London Integrated Care Board,Persons,,,,CVDP001CVD,Prevalence of GP recorded cardiovascular disease (wide definition).,CVD: Prevalence (CVDP001CVD),5.35,4,Deprivation quintile - Age Standardised,0,,To March 2026,5.53,5.44,Numerators and Denominators are not provided for Age Standardisation.
E54000031,NHS South West London Integrated Care Board,Persons,,,,CVDP001CVD,Prevalence of GP recorded cardiovascular disease (wide definition).,CVD: Prevalence (CVDP001CVD),4.73,5 - least deprived,Deprivation quintile - Age Standardised,0,,To March 2026,4.88,4.8,Numerators and Denominators are not provided for Age Standardisation.
E54000061,NHS South Yorkshire Integrated Care Board,Persons,1200945.0,,,CVDP001CVD,Prevalence of GP recorded cardiovascular disease (wide definition).,CVD: Prevalence (CVDP001CVD),7.82,Persons,Sex,0,94535.0,To March 2026,7.92,7.87,
E54000061,NHS South Yorkshire Integrated Care Board,Female,595575.0,,,CVDP001CVD,Prevalence of GP recorded cardiovascular disease (wide definition).,CVD: Prevalence (CVDP001CVD),6.38,Female,Sex,0,38380.0,To March 2026,6.51,6.44,
E54000061,NHS South Yorkshire Integrated Care Board,Male,605370.0,,,CVDP001CVD,Prevalence of GP recorded cardiovascular disease (wide definition).,CVD: Prevalence (CVDP001CVD),9.2,Male,Sex,0,56155.0,To March 2026,9.35,9.28,
E54000061,NHS South Yorkshire Integrated Care Board,Male,241700.0,,,CVDP001CVD,Prevalence of GP recorded cardiovascular disease (wide definition).,CVD: Prevalence (CVDP001CVD),0.29,18-39,Age group,0,750.0,To March 2026,0.33,0.31,
E54000061,NHS South Yorkshire Integrated Care Board,Female,224665.0,,,CVDP001CVD,Prevalence of GP recorded cardiovascular disease (wide definition).,CVD: Prevalence (CVDP001CVD),0.22,18-39,Age group,0,530.0,To March 2026,0.26,0.24,
E54000061,NHS South Yorkshire Integrated Care Board,Persons,466365.0,,,CVDP001CVD,Prevalence of GP recorded cardiovascular disease (wide definition).,CVD: Prevalence (CVDP001CVD),0.26,18-39,Age group,0,1280.0,To March 2026,0.29,0.27,
E54000061,NHS South Yorkshire Integrated Care Board,Male,190315.0,,,CVDP001CVD,Prevalence of GP recorded cardiovascular disease (wide definition).,CVD: Prevalence (CVDP001CVD),4.64,40-59,Age group,0,9015.0,To March 2026,4.83,4.74,
E54000061,NHS South Yorkshire Integrated Care Board,Female,180155.0,,,CVDP001CVD,Prevalence of GP recorded cardiovascular disease (wide definition).,CVD: Prevalence (CVDP001CVD),2.67,40-59,Age group,0,4945.0,To March 2026,2.82,2.74,
E54000061,NHS South Yorkshire Integrated Care Board,Persons,370470.0,,,CVDP001CVD,Prevalence of GP recorded cardiovascular disease (wide definition).,CVD: Prevalence (CVDP001CVD),3.71,40-59,Age group,0,13960.0,To March 2026,3.83,3.77,
E54000061,NHS South Yorkshire Integrated Care Board,Male,142435.0,,,CVDP001CVD,Prevalence of GP recorded cardiovascular disease (wide definition).,CVD: Prevalence (CVDP001CVD),22.88,60-79,Age group,0,32900.0,To March 2026,23.32,23.1,
E54000061,NHS South Yorkshire Integrated Care Board,Female,148185.0,,,CVDP001CVD,Prevalence of GP recorded cardiovascular disease (wide definition).,CVD: Prevalence (CVDP001CVD),12.62,60-79,Age group,0,18955.0,To March 2026,12.96,12.79,
E54000061,NHS South Yorkshire Integrated Care Board,Persons,290620.0,,,CVDP001CVD,Prevalence of GP recorded cardiovascular disease (wide definition).,CVD: Prevalence (CVDP001CVD),17.7,60-79,Age group,0,51855.0,To March 2026,17.98,17.84,
E54000061,NHS South Yorkshire Integrated Care Board,Male,30920.0,,,CVDP001CVD,Prevalence of GP recorded cardiovascular disease (wide definition).,CVD: Prevalence (CVDP001CVD),43.09,80+,Age group,0,13495.0,To March 2026,44.19,43.64,
E54000061,NHS South Yorkshire Integrated Care Board,Female,42570.0,,,CVDP001CVD,Prevalence of GP recorded cardiovascular disease (wide definition).,CVD: Prevalence (CVDP001CVD),32.32,80+,Age group,0,13950.0,To March 2026,33.21,32.77,
E54000061,NHS South Yorkshire Integrated Care Board,Persons,73490.0,,,CVDP001CVD,Prevalence of GP recorded cardiovascular disease (wide definition).,CVD: Prevalence (CVDP001CVD),36.99,80+,Age group,0,27440.0,To March 2026,37.69,37.34,
E54000061,NHS South Yorkshire Integrated Care Board,Persons,444040.0,,,CVDP001CVD,Prevalence of GP recorded cardiovascular disease (wide definition).,CVD: Prevalence (CVDP001CVD),7.98,1 - most deprived,Deprivation quintile,0,35790.0,To March 2026,8.14,8.06,
E54000061,NHS South Yorkshire Integrated Care Board,Persons,227415.0,,,CVDP001CVD,Prevalence of GP recorded cardiovascular disease (wide definition).,CVD: Prevalence (CVDP001CVD),8.16,2,Deprivation quintile,0,18815.0,To March 2026,8.39,8.27,
E54000061,NHS South Yorkshire Integrated Care Board,Persons,202110.0,,,CVDP001CVD,Prevalence of GP recorded cardiovascular disease (wide definition).,CVD: Prevalence (CVDP001CVD),7.93,3,Deprivation quintile,0,16265.0,To March 2026,8.17,8.05,
E54000061,NHS South Yorkshire Integrated Care Board,Persons,160650.0,,,CVDP001CVD,Prevalence of GP recorded cardiovascular disease (wide definition).,CVD: Prevalence (CVDP001CVD),9.11,4,Deprivation quintile,0,14860.0,To March 2026,9.39,9.25,
E54000061,NHS South Yorkshire Integrated Care Board,Persons,122755.0,,,CVDP001CVD,Prevalence of GP recorded cardiovascular disease (wide definition).,CVD: Prevalence (CVDP001CVD),6.88,5 - least deprived,Deprivation quintile,0,8615.0,To March 2026,7.16,7.02,
E54000061,NHS South Yorkshire Integrated Care Board,Female,,,,CVDP001CVD,Prevalence of GP recorded cardiovascular disease (wide definition).,CVD: Prevalence (CVDP001CVD),6.22,Female,Sex - Age Standardised,0,,To March 2026,6.35,6.29,Numerators and Denominators are not provided for Age Standardisation.
E54000061,NHS South Yorkshire Integrated Care Board,Male,,,,CVDP001CVD,Prevalence of GP recorded cardiovascular disease (wide definition).,CVD: Prevalence (CVDP001CVD),10.35,Male,Sex - Age Standardised,0,,To March 2026,10.52,10.44,Numerators and Denominators are not provided for Age Standardisation.
E54000061,NHS South Yorkshire Integrated Care Board,Persons,,,,CVDP001CVD,Prevalence of GP recorded cardiovascular disease (wide definition).,CVD: Prevalence (CVDP001CVD),8.23,Persons,Sex - Age Standardised,0,,To March 2026,8.33,8.28,Numerators and Denominators are not provided for Age Standardisation.
E54000061,NHS South Yorkshire Integrated Care Board,Persons,,,,CVDP001CVD,Prevalence of GP recorded cardiovascular disease (wide definition).,CVD: Prevalence (CVDP001CVD),10.06,1 - most deprived,Deprivation quintile - Age Standardised,0,,To March 2026,10.27,10.16,Numerators and Denominators are not provided for Age Standardisation.
E54000061,NHS South Yorkshire Integrated Care Board,Persons,,,,CVDP001CVD,Prevalence of GP recorded cardiovascular disease (wide definition).,CVD: Prevalence (CVDP001CVD),8.61,2,Deprivation quintile - Age Standardised,0,,To March 2026,8.86,8.74,Numerators and Denominators are not provided for Age Standardisation.
E54000061,NHS South Yorkshire Integrated Care Board,Persons,,,,CVDP001CVD,Prevalence of GP recorded cardiovascular disease (wide definition).,CVD: Prevalence (CVDP001CVD),7.6,3,Deprivation quintile - Age Standardised,0,,To March 2026,7.84,7.72,Numerators and Denominators are not provided for Age Standardisation.
E54000061,NHS South Yorkshire Integrated Care Board,Persons,,,,CVDP001CVD,Prevalence of GP recorded cardiovascular disease (wide definition).,CVD: Prevalence (CVDP001CVD),7.2,4,Deprivation quintile - Age Standardised,0,,To March 2026,7.45,7.33,Numerators and Denominators are not provided for Age Standardisation.
E54000061,NHS South Yorkshire Integrated Care Board,Persons,,,,CVDP001CVD,Prevalence of GP recorded cardiovascular disease (wide definition).,CVD: Prevalence (CVDP001CVD),5.93,5 - least deprived,Deprivation quintile - Age Standardised,0,,To March 2026,6.2,6.07,Numerators and Denominators are not provided for Age Standardisation.
E54000010,NHS Staffordshire and Stoke-on-Trent Integrated Care Board,Persons,937855.0,,,CVDP001CVD,Prevalence of GP recorded cardiovascular disease (wide definition).,CVD: Prevalence (CVDP001CVD),7.55,Persons,Sex,0,71295.0,To March 2026,7.66,7.6,
E54000010,NHS Staffordshire and Stoke-on-Trent Integrated Care Board,Female,471670.0,,,CVDP001CVD,Prevalence of GP recorded cardiovascular disease (wide definition).,CVD: Prevalence (CVDP001CVD),5.74,Female,Sex,0,27395.0,To March 2026,5.88,5.81,
E54000010,NHS Staffordshire and Stoke-on-Trent Integrated Care Board,Male,466185.0,,,CVDP001CVD,Prevalence of GP recorded cardiovascular disease (wide definition).,CVD: Prevalence (CVDP001CVD),9.33,Male,Sex,0,43900.0,To March 2026,9.5,9.42,
E54000010,NHS Staffordshire and Stoke-on-Trent Integrated Care Board,Male,160860.0,,,CVDP001CVD,Prevalence of GP recorded cardiovascular disease (wide definition).,CVD: Prevalence (CVDP001CVD),0.25,18-39,Age group,0,435.0,To March 2026,0.3,0.27,
E54000010,NHS Staffordshire and Stoke-on-Trent Integrated Care Board,Female,157060.0,,,CVDP001CVD,Prevalence of GP recorded cardiovascular disease (wide definition).,CVD: Prevalence (CVDP001CVD),0.19,18-39,Age group,0,325.0,To March 2026,0.23,0.21,
E54000010,NHS Staffordshire and Stoke-on-Trent Integrated Care Board,Persons,317920.0,,,CVDP001CVD,Prevalence of GP recorded cardiovascular disease (wide definition).,CVD: Prevalence (CVDP001CVD),0.22,18-39,Age group,0,765.0,To March 2026,0.26,0.24,
E54000010,NHS Staffordshire and Stoke-on-Trent Integrated Care Board,Male,151830.0,,,CVDP001CVD,Prevalence of GP recorded cardiovascular disease (wide definition).,CVD: Prevalence (CVDP001CVD),3.96,40-59,Age group,0,6165.0,To March 2026,4.16,4.06,
E54000010,NHS Staffordshire and Stoke-on-Trent Integrated Care Board,Female,145475.0,,,CVDP001CVD,Prevalence of GP recorded cardiovascular disease (wide definition).,CVD: Prevalence (CVDP001CVD),1.9,40-59,Age group,0,2865.0,To March 2026,2.04,1.97,
E54000010,NHS Staffordshire and Stoke-on-Trent Integrated Care Board,Persons,297300.0,,,CVDP001CVD,Prevalence of GP recorded cardiovascular disease (wide definition).,CVD: Prevalence (CVDP001CVD),2.98,40-59,Age group,0,9030.0,To March 2026,3.1,3.04,
E54000010,NHS Staffordshire and Stoke-on-Trent Integrated Care Board,Male,123890.0,,,CVDP001CVD,Prevalence of GP recorded cardiovascular disease (wide definition).,CVD: Prevalence (CVDP001CVD),20.22,60-79,Age group,0,25330.0,To March 2026,20.67,20.45,
E54000010,NHS Staffordshire and Stoke-on-Trent Integrated Care Board,Female,129215.0,,,CVDP001CVD,Prevalence of GP recorded cardiovascular disease (wide definition).,CVD: Prevalence (CVDP001CVD),9.87,60-79,Age group,0,12970.0,To March 2026,10.2,10.04,
E54000010,NHS Staffordshire and Stoke-on-Trent Integrated Care Board,Persons,253110.0,,,CVDP001CVD,Prevalence of GP recorded cardiovascular disease (wide definition).,CVD: Prevalence (CVDP001CVD),14.99,60-79,Age group,0,38300.0,To March 2026,15.27,15.13,
E54000010,NHS Staffordshire and Stoke-on-Trent Integrated Care Board,Male,29610.0,,,CVDP001CVD,Prevalence of GP recorded cardiovascular disease (wide definition).,CVD: Prevalence (CVDP001CVD),39.86,80+,Age group,0,11965.0,To March 2026,40.97,40.41,
E54000010,NHS Staffordshire and Stoke-on-Trent Integrated Care Board,Female,39920.0,,,CVDP001CVD,Prevalence of GP recorded cardiovascular disease (wide definition).,CVD: Prevalence (CVDP001CVD),27.71,80+,Age group,0,11235.0,To March 2026,28.59,28.15,
E54000010,NHS Staffordshire and Stoke-on-Trent Integrated Care Board,Persons,69525.0,,,CVDP001CVD,Prevalence of GP recorded cardiovascular disease (wide definition).,CVD: Prevalence (CVDP001CVD),33.02,80+,Age group,0,23200.0,To March 2026,33.72,33.37,
E54000010,NHS Staffordshire and Stoke-on-Trent Integrated Care Board,Persons,182555.0,,,CVDP001CVD,Prevalence of GP recorded cardiovascular disease (wide definition).,CVD: Prevalence (CVDP001CVD),7.0,1 - most deprived,Deprivation quintile,0,12990.0,To March 2026,7.23,7.12,
E54000010,NHS Staffordshire and Stoke-on-Trent Integrated Care Board,Persons,175435.0,,,CVDP001CVD,Prevalence of GP recorded cardiovascular disease (wide definition).,CVD: Prevalence (CVDP001CVD),7.42,2,Deprivation quintile,0,13230.0,To March 2026,7.67,7.54,
E54000010,NHS Staffordshire and Stoke-on-Trent Integrated Care Board,Persons,180920.0,,,CVDP001CVD,Prevalence of GP recorded cardiovascular disease (wide definition).,CVD: Prevalence (CVDP001CVD),8.32,3,Deprivation quintile,0,15285.0,To March 2026,8.58,8.45,
E54000010,NHS Staffordshire and Stoke-on-Trent Integrated Care Board,Persons,206325.0,,,CVDP001CVD,Prevalence of GP recorded cardiovascular disease (wide definition).,CVD: Prevalence (CVDP001CVD),8.33,4,Deprivation quintile,0,17440.0,To March 2026,8.57,8.45,
E54000010,NHS Staffordshire and Stoke-on-Trent Integrated Care Board,Persons,173725.0,,,CVDP001CVD,Prevalence of GP recorded cardiovascular disease (wide definition).,CVD: Prevalence (CVDP001CVD),7.83,5 - least deprived,Deprivation quintile,0,13830.0,To March 2026,8.09,7.96,
E54000010,NHS Staffordshire and Stoke-on-Trent Integrated Care Board,Female,,,,CVDP001CVD,Prevalence of GP recorded cardiovascular disease (wide definition).,CVD: Prevalence (CVDP001CVD),4.94,Female,Sex - Age Standardised,0,,To March 2026,5.06,5.0,Numerators and Denominators are not provided for Age Standardisation.
E54000010,NHS Staffordshire and Stoke-on-Trent Integrated Care Board,Male,,,,CVDP001CVD,Prevalence of GP recorded cardiovascular disease (wide definition).,CVD: Prevalence (CVDP001CVD),9.14,Male,Sex - Age Standardised,0,,To March 2026,9.32,9.23,Numerators and Denominators are not provided for Age Standardisation.
E54000010,NHS Staffordshire and Stoke-on-Trent Integrated Care Board,Persons,,,,CVDP001CVD,Prevalence of GP recorded cardiovascular disease (wide definition).,CVD: Prevalence (CVDP001CVD),6.97,Persons,Sex - Age Standardised,0,,To March 2026,7.07,7.02,Numerators and Denominators are not provided for Age Standardisation.
E54000010,NHS Staffordshire and Stoke-on-Trent Integrated Care Board,Persons,,,,CVDP001CVD,Prevalence of GP recorded cardiovascular disease (wide definition).,CVD: Prevalence (CVDP001CVD),9.6,1 - most deprived,Deprivation quintile - Age Standardised,0,,To March 2026,9.95,9.77,Numerators and Denominators are not provided for Age Standardisation.
E54000010,NHS Staffordshire and Stoke-on-Trent Integrated Care Board,Persons,,,,CVDP001CVD,Prevalence of GP recorded cardiovascular disease (wide definition).,CVD: Prevalence (CVDP001CVD),8.26,2,Deprivation quintile - Age Standardised,0,,To March 2026,8.56,8.41,Numerators and Denominators are not provided for Age Standardisation.
E54000010,NHS Staffordshire and Stoke-on-Trent Integrated Care Board,Persons,,,,CVDP001CVD,Prevalence of GP recorded cardiovascular disease (wide definition).,CVD: Prevalence (CVDP001CVD),7.16,3,Deprivation quintile - Age Standardised,0,,To March 2026,7.39,7.27,Numerators and Denominators are not provided for Age Standardisation.
E54000010,NHS Staffordshire and Stoke-on-Trent Integrated Care Board,Persons,,,,CVDP001CVD,Prevalence of GP recorded cardiovascular disease (wide definition).,CVD: Prevalence (CVDP001CVD),6.71,4,Deprivation quintile - Age Standardised,0,,To March 2026,6.92,6.81,Numerators and Denominators are not provided for Age Standardisation.
E54000010,NHS Staffordshire and Stoke-on-Trent Integrated Care Board,Persons,,,,CVDP001CVD,Prevalence of GP recorded cardiovascular disease (wide definition).,CVD: Prevalence (CVDP001CVD),5.97,5 - least deprived,Deprivation quintile - Age Standardised,0,,To March 2026,6.18,6.08,Numerators and Denominators are not provided for Age Standardisation.
E54000023,NHS Suffolk and North East Essex Integrated Care Board,Persons,874450.0,,,CVDP001CVD,Prevalence of GP recorded cardiovascular disease (wide definition).,CVD: Prevalence (CVDP001CVD),7.69,Persons,Sex,0,67720.0,To March 2026,7.8,7.74,
E54000023,NHS Suffolk and North East Essex Integrated Care Board,Female,443600.0,,,CVDP001CVD,Prevalence of GP recorded cardiovascular disease (wide definition).,CVD: Prevalence (CVDP001CVD),5.86,Female,Sex,0,26300.0,To March 2026,6.0,5.93,
E54000023,NHS Suffolk and North East Essex Integrated Care Board,Male,430845.0,,,CVDP001CVD,Prevalence of GP recorded cardiovascular disease (wide definition).,CVD: Prevalence (CVDP001CVD),9.53,Male,Sex,0,41420.0,To March 2026,9.7,9.61,
E54000023,NHS Suffolk and North East Essex Integrated Care Board,Male,142085.0,,,CVDP001CVD,Prevalence of GP recorded cardiovascular disease (wide definition).,CVD: Prevalence (CVDP001CVD),0.24,18-39,Age group,0,380.0,To March 2026,0.29,0.27,
E54000023,NHS Suffolk and North East Essex Integrated Care Board,Female,137165.0,,,CVDP001CVD,Prevalence of GP recorded cardiovascular disease (wide definition).,CVD: Prevalence (CVDP001CVD),0.19,18-39,Age group,0,295.0,To March 2026,0.24,0.22,
E54000023,NHS Suffolk and North East Essex Integrated Care Board,Persons,279250.0,,,CVDP001CVD,Prevalence of GP recorded cardiovascular disease (wide definition).,CVD: Prevalence (CVDP001CVD),0.22,18-39,Age group,0,675.0,To March 2026,0.26,0.24,
E54000023,NHS Suffolk and North East Essex Integrated Care Board,Male,136760.0,,,CVDP001CVD,Prevalence of GP recorded cardiovascular disease (wide definition).,CVD: Prevalence (CVDP001CVD),3.74,40-59,Age group,0,5260.0,To March 2026,3.95,3.85,
E54000023,NHS Suffolk and North East Essex Integrated Care Board,Female,134555.0,,,CVDP001CVD,Prevalence of GP recorded cardiovascular disease (wide definition).,CVD: Prevalence (CVDP001CVD),1.86,40-59,Age group,0,2600.0,To March 2026,2.01,1.93,
E54000023,NHS Suffolk and North East Essex Integrated Care Board,Persons,271315.0,,,CVDP001CVD,Prevalence of GP recorded cardiovascular disease (wide definition).,CVD: Prevalence (CVDP001CVD),2.83,40-59,Age group,0,7855.0,To March 2026,2.96,2.9,
E54000023,NHS Suffolk and North East Essex Integrated Care Board,Male,120585.0,,,CVDP001CVD,Prevalence of GP recorded cardiovascular disease (wide definition).,CVD: Prevalence (CVDP001CVD),19.09,60-79,Age group,0,23285.0,To March 2026,19.53,19.31,
E54000023,NHS Suffolk and North East Essex Integrated Care Board,Female,130085.0,,,CVDP001CVD,Prevalence of GP recorded cardiovascular disease (wide definition).,CVD: Prevalence (CVDP001CVD),9.03,60-79,Age group,0,11950.0,To March 2026,9.35,9.19,
E54000023,NHS Suffolk and North East Essex Integrated Care Board,Persons,250670.0,,,CVDP001CVD,Prevalence of GP recorded cardiovascular disease (wide definition).,CVD: Prevalence (CVDP001CVD),13.92,60-79,Age group,0,35235.0,To March 2026,14.19,14.06,
E54000023,NHS Suffolk and North East Essex Integrated Care Board,Male,31420.0,,,CVDP001CVD,Prevalence of GP recorded cardiovascular disease (wide definition).,CVD: Prevalence (CVDP001CVD),39.24,80+,Age group,0,12500.0,To March 2026,40.33,39.78,
E54000023,NHS Suffolk and North East Essex Integrated Care Board,Female,41790.0,,,CVDP001CVD,Prevalence of GP recorded cardiovascular disease (wide definition).,CVD: Prevalence (CVDP001CVD),26.98,80+,Age group,0,11455.0,To March 2026,27.83,27.4,
E54000023,NHS Suffolk and North East Essex Integrated Care Board,Persons,73210.0,,,CVDP001CVD,Prevalence of GP recorded cardiovascular disease (wide definition).,CVD: Prevalence (CVDP001CVD),32.38,80+,Age group,0,23955.0,To March 2026,33.06,32.72,
E54000023,NHS Suffolk and North East Essex Integrated Care Board,Persons,100400.0,,,CVDP001CVD,Prevalence of GP recorded cardiovascular disease (wide definition).,CVD: Prevalence (CVDP001CVD),7.8,1 - most deprived,Deprivation quintile,0,8000.0,To March 2026,8.13,7.97,
E54000023,NHS Suffolk and North East Essex Integrated Care Board,Persons,149280.0,,,CVDP001CVD,Prevalence of GP recorded cardiovascular disease (wide definition).,CVD: Prevalence (CVDP001CVD),8.31,2,Deprivation quintile,0,12610.0,To March 2026,8.59,8.45,
E54000023,NHS Suffolk and North East Essex Integrated Care Board,Persons,247885.0,,,CVDP001CVD,Prevalence of GP recorded cardiovascular disease (wide definition).,CVD: Prevalence (CVDP001CVD),8.02,3,Deprivation quintile,0,20145.0,To March 2026,8.23,8.13,
E54000023,NHS Suffolk and North East Essex Integrated Care Board,Persons,173120.0,,,CVDP001CVD,Prevalence of GP recorded cardiovascular disease (wide definition).,CVD: Prevalence (CVDP001CVD),8.4,4,Deprivation quintile,0,14775.0,To March 2026,8.67,8.53,
E54000023,NHS Suffolk and North East Essex Integrated Care Board,Persons,144145.0,,,CVDP001CVD,Prevalence of GP recorded cardiovascular disease (wide definition).,CVD: Prevalence (CVDP001CVD),7.76,5 - least deprived,Deprivation quintile,0,11380.0,To March 2026,8.03,7.89,
E54000023,NHS Suffolk and North East Essex Integrated Care Board,Female,,,,CVDP001CVD,Prevalence of GP recorded cardiovascular disease (wide definition).,CVD: Prevalence (CVDP001CVD),4.61,Female,Sex - Age Standardised,0,,To March 2026,4.73,4.67,Numerators and Denominators are not provided for Age Standardisation.
E54000023,NHS Suffolk and North East Essex Integrated Care Board,Male,,,,CVDP001CVD,Prevalence of GP recorded cardiovascular disease (wide definition).,CVD: Prevalence (CVDP001CVD),8.65,Male,Sex - Age Standardised,0,,To March 2026,8.83,8.74,Numerators and Denominators are not provided for Age Standardisation.
E54000023,NHS Suffolk and North East Essex Integrated Care Board,Persons,,,,CVDP001CVD,Prevalence of GP recorded cardiovascular disease (wide definition).,CVD: Prevalence (CVDP001CVD),6.54,Persons,Sex - Age Standardised,0,,To March 2026,6.64,6.59,Numerators and Denominators are not provided for Age Standardisation.
E54000023,NHS Suffolk and North East Essex Integrated Care Board,Persons,,,,CVDP001CVD,Prevalence of GP recorded cardiovascular disease (wide definition).,CVD: Prevalence (CVDP001CVD),8.64,1 - most deprived,Deprivation quintile - Age Standardised,0,,To March 2026,9.04,8.84,Numerators and Denominators are not provided for Age Standardisation.
E54000023,NHS Suffolk and North East Essex Integrated Care Board,Persons,,,,CVDP001CVD,Prevalence of GP recorded cardiovascular disease (wide definition).,CVD: Prevalence (CVDP001CVD),7.78,2,Deprivation quintile - Age Standardised,0,,To March 2026,8.07,7.93,Numerators and Denominators are not provided for Age Standardisation.
E54000023,NHS Suffolk and North East Essex Integrated Care Board,Persons,,,,CVDP001CVD,Prevalence of GP recorded cardiovascular disease (wide definition).,CVD: Prevalence (CVDP001CVD),6.71,3,Deprivation quintile - Age Standardised,0,,To March 2026,6.91,6.81,Numerators and Denominators are not provided for Age Standardisation.
E54000023,NHS Suffolk and North East Essex Integrated Care Board,Persons,,,,CVDP001CVD,Prevalence of GP recorded cardiovascular disease (wide definition).,CVD: Prevalence (CVDP001CVD),6.35,4,Deprivation quintile - Age Standardised,0,,To March 2026,6.57,6.46,Numerators and Denominators are not provided for Age Standardisation.
E54000023,NHS Suffolk and North East Essex Integrated Care Board,Persons,,,,CVDP001CVD,Prevalence of GP recorded cardiovascular disease (wide definition).,CVD: Prevalence (CVDP001CVD),5.98,5 - least deprived,Deprivation quintile - Age Standardised,0,,To March 2026,6.22,6.1,Numerators and Denominators are not provided for Age Standardisation.
E54000063,Nhs Surrey Heartlands Integrated Care Board,Persons,859495.0,,,CVDP001CVD,Prevalence of GP recorded cardiovascular disease (wide definition).,CVD: Prevalence (CVDP001CVD),6.1,Persons,Sex,0,52855.0,To March 2026,6.2,6.15,
E54000063,Nhs Surrey Heartlands Integrated Care Board,Female,437120.0,,,CVDP001CVD,Prevalence of GP recorded cardiovascular disease (wide definition).,CVD: Prevalence (CVDP001CVD),4.52,Female,Sex,0,20025.0,To March 2026,4.64,4.58,
E54000063,Nhs Surrey Heartlands Integrated Care Board,Male,422375.0,,,CVDP001CVD,Prevalence of GP recorded cardiovascular disease (wide definition).,CVD: Prevalence (CVDP001CVD),7.69,Male,Sex,0,32825.0,To March 2026,7.85,7.77,
E54000063,Nhs Surrey Heartlands Integrated Care Board,Male,141510.0,,,CVDP001CVD,Prevalence of GP recorded cardiovascular disease (wide definition).,CVD: Prevalence (CVDP001CVD),0.2,18-39,Age group,0,315.0,To March 2026,0.25,0.22,
E54000063,Nhs Surrey Heartlands Integrated Care Board,Female,140895.0,,,CVDP001CVD,Prevalence of GP recorded cardiovascular disease (wide definition).,CVD: Prevalence (CVDP001CVD),0.14,18-39,Age group,0,225.0,To March 2026,0.18,0.16,
E54000063,Nhs Surrey Heartlands Integrated Care Board,Persons,282405.0,,,CVDP001CVD,Prevalence of GP recorded cardiovascular disease (wide definition).,CVD: Prevalence (CVDP001CVD),0.18,18-39,Age group,0,540.0,To March 2026,0.21,0.19,
E54000063,Nhs Surrey Heartlands Integrated Care Board,Male,151665.0,,,CVDP001CVD,Prevalence of GP recorded cardiovascular disease (wide definition).,CVD: Prevalence (CVDP001CVD),3.02,40-59,Age group,0,4715.0,To March 2026,3.2,3.11,
E54000063,Nhs Surrey Heartlands Integrated Care Board,Female,149895.0,,,CVDP001CVD,Prevalence of GP recorded cardiovascular disease (wide definition).,CVD: Prevalence (CVDP001CVD),1.17,40-59,Age group,0,1835.0,To March 2026,1.28,1.23,
E54000063,Nhs Surrey Heartlands Integrated Care Board,Persons,301555.0,,,CVDP001CVD,Prevalence of GP recorded cardiovascular disease (wide definition).,CVD: Prevalence (CVDP001CVD),2.12,40-59,Age group,0,6550.0,To March 2026,2.22,2.17,
E54000063,Nhs Surrey Heartlands Integrated Care Board,Male,103280.0,,,CVDP001CVD,Prevalence of GP recorded cardiovascular disease (wide definition).,CVD: Prevalence (CVDP001CVD),17.12,60-79,Age group,0,17915.0,To March 2026,17.58,17.35,
E54000063,Nhs Surrey Heartlands Integrated Care Board,Female,108855.0,,,CVDP001CVD,Prevalence of GP recorded cardiovascular disease (wide definition).,CVD: Prevalence (CVDP001CVD),7.46,60-79,Age group,0,8295.0,To March 2026,7.78,7.62,
E54000063,Nhs Surrey Heartlands Integrated Care Board,Persons,212135.0,,,CVDP001CVD,Prevalence of GP recorded cardiovascular disease (wide definition).,CVD: Prevalence (CVDP001CVD),12.22,60-79,Age group,0,26210.0,To March 2026,12.5,12.36,
E54000063,Nhs Surrey Heartlands Integrated Care Board,Male,25925.0,,,CVDP001CVD,Prevalence of GP recorded cardiovascular disease (wide definition).,CVD: Prevalence (CVDP001CVD),37.53,80+,Age group,0,9880.0,To March 2026,38.71,38.12,
E54000063,Nhs Surrey Heartlands Integrated Care Board,Female,37475.0,,,CVDP001CVD,Prevalence of GP recorded cardiovascular disease (wide definition).,CVD: Prevalence (CVDP001CVD),25.36,80+,Age group,0,9670.0,To March 2026,26.25,25.81,
E54000063,Nhs Surrey Heartlands Integrated Care Board,Persons,63400.0,,,CVDP001CVD,Prevalence of GP recorded cardiovascular disease (wide definition).,CVD: Prevalence (CVDP001CVD),30.48,80+,Age group,0,19550.0,To March 2026,31.2,30.84,
E54000063,Nhs Surrey Heartlands Integrated Care Board,Persons,4235.0,,,CVDP001CVD,Prevalence of GP recorded cardiovascular disease (wide definition).,CVD: Prevalence (CVDP001CVD),5.95,1 - most deprived,Deprivation quintile,0,280.0,To March 2026,7.43,6.66,
E54000063,Nhs Surrey Heartlands Integrated Care Board,Persons,71635.0,,,CVDP001CVD,Prevalence of GP recorded cardiovascular disease (wide definition).,CVD: Prevalence (CVDP001CVD),5.95,2,Deprivation quintile,0,4390.0,To March 2026,6.31,6.13,
E54000063,Nhs Surrey Heartlands Integrated Care Board,Persons,121420.0,,,CVDP001CVD,Prevalence of GP recorded cardiovascular disease (wide definition).,CVD: Prevalence (CVDP001CVD),6.57,3,Deprivation quintile,0,8150.0,To March 2026,6.86,6.71,
E54000063,Nhs Surrey Heartlands Integrated Care Board,Persons,213065.0,,,CVDP001CVD,Prevalence of GP recorded cardiovascular disease (wide definition).,CVD: Prevalence (CVDP001CVD),6.58,4,Deprivation quintile,0,14245.0,To March 2026,6.79,6.69,
E54000063,Nhs Surrey Heartlands Integrated Care Board,Persons,439590.0,,,CVDP001CVD,Prevalence of GP recorded cardiovascular disease (wide definition).,CVD: Prevalence (CVDP001CVD),6.0,5 - least deprived,Deprivation quintile,0,26700.0,To March 2026,6.14,6.07,
E54000063,Nhs Surrey Heartlands Integrated Care Board,Female,,,,CVDP001CVD,Prevalence of GP recorded cardiovascular disease (wide definition).,CVD: Prevalence (CVDP001CVD),3.91,Female,Sex - Age Standardised,0,,To March 2026,4.02,3.97,Numerators and Denominators are not provided for Age Standardisation.
E54000063,Nhs Surrey Heartlands Integrated Care Board,Male,,,,CVDP001CVD,Prevalence of GP recorded cardiovascular disease (wide definition).,CVD: Prevalence (CVDP001CVD),7.94,Male,Sex - Age Standardised,0,,To March 2026,8.12,8.03,Numerators and Denominators are not provided for Age Standardisation.
E54000063,Nhs Surrey Heartlands Integrated Care Board,Persons,,,,CVDP001CVD,Prevalence of GP recorded cardiovascular disease (wide definition).,CVD: Prevalence (CVDP001CVD),5.83,Persons,Sex - Age Standardised,0,,To March 2026,5.93,5.88,Numerators and Denominators are not provided for Age Standardisation.
E54000063,Nhs Surrey Heartlands Integrated Care Board,Persons,,,,CVDP001CVD,Prevalence of GP recorded cardiovascular disease (wide definition).,CVD: Prevalence (CVDP001CVD),8.33,1 - most deprived,Deprivation quintile - Age Standardised,0,,To March 2026,10.71,9.47,Numerators and Denominators are not provided for Age Standardisation.
E54000063,Nhs Surrey Heartlands Integrated Care Board,Persons,,,,CVDP001CVD,Prevalence of GP recorded cardiovascular disease (wide definition).,CVD: Prevalence (CVDP001CVD),7.98,2,Deprivation quintile - Age Standardised,0,,To March 2026,8.49,8.23,Numerators and Denominators are not provided for Age Standardisation.
E54000063,Nhs Surrey Heartlands Integrated Care Board,Persons,,,,CVDP001CVD,Prevalence of GP recorded cardiovascular disease (wide definition).,CVD: Prevalence (CVDP001CVD),7.06,3,Deprivation quintile - Age Standardised,0,,To March 2026,7.39,7.23,Numerators and Denominators are not provided for Age Standardisation.
E54000063,Nhs Surrey Heartlands Integrated Care Board,Persons,,,,CVDP001CVD,Prevalence of GP recorded cardiovascular disease (wide definition).,CVD: Prevalence (CVDP001CVD),6.38,4,Deprivation quintile - Age Standardised,0,,To March 2026,6.6,6.49,Numerators and Denominators are not provided for Age Standardisation.
E54000063,Nhs Surrey Heartlands Integrated Care Board,Persons,,,,CVDP001CVD,Prevalence of GP recorded cardiovascular disease (wide definition).,CVD: Prevalence (CVDP001CVD),5.57,5 - least deprived,Deprivation quintile - Age Standardised,0,,To March 2026,5.72,5.64,Numerators and Denominators are not provided for Age Standardisation.
E54000064,Nhs Sussex Integrated Care Board,Persons,1508985.0,,,CVDP001CVD,Prevalence of GP recorded cardiovascular disease (wide definition).,CVD: Prevalence (CVDP001CVD),7.22,Persons,Sex,0,109615.0,To March 2026,7.31,7.26,
E54000064,Nhs Sussex Integrated Care Board,Female,770420.0,,,CVDP001CVD,Prevalence of GP recorded cardiovascular disease (wide definition).,CVD: Prevalence (CVDP001CVD),5.52,Female,Sex,0,42920.0,To March 2026,5.62,5.57,
E54000064,Nhs Sussex Integrated Care Board,Male,738565.0,,,CVDP001CVD,Prevalence of GP recorded cardiovascular disease (wide definition).,CVD: Prevalence (CVDP001CVD),8.97,Male,Sex,0,66695.0,To March 2026,9.1,9.03,
E54000064,Nhs Sussex Integrated Care Board,Male,245680.0,,,CVDP001CVD,Prevalence of GP recorded cardiovascular disease (wide definition).,CVD: Prevalence (CVDP001CVD),0.22,18-39,Age group,0,575.0,To March 2026,0.25,0.23,
E54000064,Nhs Sussex Integrated Care Board,Female,242500.0,,,CVDP001CVD,Prevalence of GP recorded cardiovascular disease (wide definition).,CVD: Prevalence (CVDP001CVD),0.16,18-39,Age group,0,420.0,To March 2026,0.19,0.17,
E54000064,Nhs Sussex Integrated Care Board,Persons,488180.0,,,CVDP001CVD,Prevalence of GP recorded cardiovascular disease (wide definition).,CVD: Prevalence (CVDP001CVD),0.19,18-39,Age group,0,1000.0,To March 2026,0.22,0.2,
E54000064,Nhs Sussex Integrated Care Board,Male,241655.0,,,CVDP001CVD,Prevalence of GP recorded cardiovascular disease (wide definition).,CVD: Prevalence (CVDP001CVD),3.42,40-59,Age group,0,8440.0,To March 2026,3.57,3.49,
E54000064,Nhs Sussex Integrated Care Board,Female,238990.0,,,CVDP001CVD,Prevalence of GP recorded cardiovascular disease (wide definition).,CVD: Prevalence (CVDP001CVD),1.56,40-59,Age group,0,3850.0,To March 2026,1.66,1.61,
E54000064,Nhs Sussex Integrated Care Board,Persons,480640.0,,,CVDP001CVD,Prevalence of GP recorded cardiovascular disease (wide definition).,CVD: Prevalence (CVDP001CVD),2.51,40-59,Age group,0,12290.0,To March 2026,2.6,2.56,
E54000064,Nhs Sussex Integrated Care Board,Male,200150.0,,,CVDP001CVD,Prevalence of GP recorded cardiovascular disease (wide definition).,CVD: Prevalence (CVDP001CVD),18.6,60-79,Age group,0,37575.0,To March 2026,18.94,18.77,
E54000064,Nhs Sussex Integrated Care Board,Female,216430.0,,,CVDP001CVD,Prevalence of GP recorded cardiovascular disease (wide definition).,CVD: Prevalence (CVDP001CVD),8.68,60-79,Age group,0,19035.0,To March 2026,8.92,8.8,
E54000064,Nhs Sussex Integrated Care Board,Persons,416580.0,,,CVDP001CVD,Prevalence of GP recorded cardiovascular disease (wide definition).,CVD: Prevalence (CVDP001CVD),13.49,60-79,Age group,0,56610.0,To March 2026,13.69,13.59,
E54000064,Nhs Sussex Integrated Care Board,Male,51085.0,,,CVDP001CVD,Prevalence of GP recorded cardiovascular disease (wide definition).,CVD: Prevalence (CVDP001CVD),38.93,80+,Age group,0,20105.0,To March 2026,39.78,39.35,
E54000064,Nhs Sussex Integrated Care Board,Female,72500.0,,,CVDP001CVD,Prevalence of GP recorded cardiovascular disease (wide definition).,CVD: Prevalence (CVDP001CVD),26.72,80+,Age group,0,19610.0,To March 2026,27.37,27.05,
E54000064,Nhs Sussex Integrated Care Board,Persons,123585.0,,,CVDP001CVD,Prevalence of GP recorded cardiovascular disease (wide definition).,CVD: Prevalence (CVDP001CVD),31.87,80+,Age group,0,39710.0,To March 2026,32.39,32.13,
E54000064,Nhs Sussex Integrated Care Board,Persons,142360.0,,,CVDP001CVD,Prevalence of GP recorded cardiovascular disease (wide definition).,CVD: Prevalence (CVDP001CVD),6.6,1 - most deprived,Deprivation quintile,0,9575.0,To March 2026,6.86,6.73,
E54000064,Nhs Sussex Integrated Care Board,Persons,246115.0,,,CVDP001CVD,Prevalence of GP recorded cardiovascular disease (wide definition).,CVD: Prevalence (CVDP001CVD),6.9,2,Deprivation quintile,0,17225.0,To March 2026,7.1,7.0,
E54000064,Nhs Sussex Integrated Care Board,Persons,359600.0,,,CVDP001CVD,Prevalence of GP recorded cardiovascular disease (wide definition).,CVD: Prevalence (CVDP001CVD),8.31,3,Deprivation quintile,0,30200.0,To March 2026,8.49,8.4,
E54000064,Nhs Sussex Integrated Care Board,Persons,345530.0,,,CVDP001CVD,Prevalence of GP recorded cardiovascular disease (wide definition).,CVD: Prevalence (CVDP001CVD),7.87,4,Deprivation quintile,0,27500.0,To March 2026,8.05,7.96,
E54000064,Nhs Sussex Integrated Care Board,Persons,327655.0,,,CVDP001CVD,Prevalence of GP recorded cardiovascular disease (wide definition).,CVD: Prevalence (CVDP001CVD),7.58,5 - least deprived,Deprivation quintile,0,25135.0,To March 2026,7.76,7.67,
E54000064,Nhs Sussex Integrated Care Board,Female,,,,CVDP001CVD,Prevalence of GP recorded cardiovascular disease (wide definition).,CVD: Prevalence (CVDP001CVD),4.39,Female,Sex - Age Standardised,0,,To March 2026,4.47,4.43,Numerators and Denominators are not provided for Age Standardisation.
E54000064,Nhs Sussex Integrated Care Board,Male,,,,CVDP001CVD,Prevalence of GP recorded cardiovascular disease (wide definition).,CVD: Prevalence (CVDP001CVD),8.43,Male,Sex - Age Standardised,0,,To March 2026,8.56,8.5,Numerators and Denominators are not provided for Age Standardisation.
E54000064,Nhs Sussex Integrated Care Board,Persons,,,,CVDP001CVD,Prevalence of GP recorded cardiovascular disease (wide definition).,CVD: Prevalence (CVDP001CVD),6.3,Persons,Sex - Age Standardised,0,,To March 2026,6.37,6.34,Numerators and Denominators are not provided for Age Standardisation.
E54000064,Nhs Sussex Integrated Care Board,Persons,,,,CVDP001CVD,Prevalence of GP recorded cardiovascular disease (wide definition).,CVD: Prevalence (CVDP001CVD),8.61,1 - most deprived,Deprivation quintile - Age Standardised,0,,To March 2026,8.97,8.79,Numerators and Denominators are not provided for Age Standardisation.
E54000064,Nhs Sussex Integrated Care Board,Persons,,,,CVDP001CVD,Prevalence of GP recorded cardiovascular disease (wide definition).,CVD: Prevalence (CVDP001CVD),7.8,2,Deprivation quintile - Age Standardised,0,,To March 2026,8.05,7.92,Numerators and Denominators are not provided for Age Standardisation.
E54000064,Nhs Sussex Integrated Care Board,Persons,,,,CVDP001CVD,Prevalence of GP recorded cardiovascular disease (wide definition).,CVD: Prevalence (CVDP001CVD),6.95,3,Deprivation quintile - Age Standardised,0,,To March 2026,7.12,7.03,Numerators and Denominators are not provided for Age Standardisation.
E54000064,Nhs Sussex Integrated Care Board,Persons,,,,CVDP001CVD,Prevalence of GP recorded cardiovascular disease (wide definition).,CVD: Prevalence (CVDP001CVD),6.13,4,Deprivation quintile - Age Standardised,0,,To March 2026,6.29,6.21,Numerators and Denominators are not provided for Age Standardisation.
E54000064,Nhs Sussex Integrated Care Board,Persons,,,,CVDP001CVD,Prevalence of GP recorded cardiovascular disease (wide definition).,CVD: Prevalence (CVDP001CVD),5.85,5 - least deprived,Deprivation quintile - Age Standardised,0,,To March 2026,6.0,5.93,Numerators and Denominators are not provided for Age Standardisation.
E54000054,NHS West Yorkshire Integrated Care Board,Persons,2089690.0,,,CVDP001CVD,Prevalence of GP recorded cardiovascular disease (wide definition).,CVD: Prevalence (CVDP001CVD),6.95,Persons,Sex,0,145880.0,To March 2026,7.02,6.98,
E54000054,NHS West Yorkshire Integrated Care Board,Female,1042510.0,,,CVDP001CVD,Prevalence of GP recorded cardiovascular disease (wide definition).,CVD: Prevalence (CVDP001CVD),5.45,Female,Sex,0,57255.0,To March 2026,5.54,5.49,
E54000054,NHS West Yorkshire Integrated Care Board,Male,1047180.0,,,CVDP001CVD,Prevalence of GP recorded cardiovascular disease (wide definition).,CVD: Prevalence (CVDP001CVD),8.41,Male,Sex,0,88625.0,To March 2026,8.52,8.46,
E54000054,NHS West Yorkshire Integrated Care Board,Male,420475.0,,,CVDP001CVD,Prevalence of GP recorded cardiovascular disease (wide definition).,CVD: Prevalence (CVDP001CVD),0.25,18-39,Age group,0,1105.0,To March 2026,0.28,0.26,
E54000054,NHS West Yorkshire Integrated Care Board,Female,406075.0,,,CVDP001CVD,Prevalence of GP recorded cardiovascular disease (wide definition).,CVD: Prevalence (CVDP001CVD),0.17,18-39,Age group,0,735.0,To March 2026,0.19,0.18,
E54000054,NHS West Yorkshire Integrated Care Board,Persons,826550.0,,,CVDP001CVD,Prevalence of GP recorded cardiovascular disease (wide definition).,CVD: Prevalence (CVDP001CVD),0.21,18-39,Age group,0,1840.0,To March 2026,0.23,0.22,
E54000054,NHS West Yorkshire Integrated Care Board,Male,346460.0,,,CVDP001CVD,Prevalence of GP recorded cardiovascular disease (wide definition).,CVD: Prevalence (CVDP001CVD),4.36,40-59,Age group,0,15330.0,To March 2026,4.49,4.42,
E54000054,NHS West Yorkshire Integrated Care Board,Female,325295.0,,,CVDP001CVD,Prevalence of GP recorded cardiovascular disease (wide definition).,CVD: Prevalence (CVDP001CVD),2.24,40-59,Age group,0,7440.0,To March 2026,2.34,2.29,
E54000054,NHS West Yorkshire Integrated Care Board,Persons,671755.0,,,CVDP001CVD,Prevalence of GP recorded cardiovascular disease (wide definition).,CVD: Prevalence (CVDP001CVD),3.35,40-59,Age group,0,22770.0,To March 2026,3.43,3.39,
E54000054,NHS West Yorkshire Integrated Care Board,Male,232255.0,,,CVDP001CVD,Prevalence of GP recorded cardiovascular disease (wide definition).,CVD: Prevalence (CVDP001CVD),21.98,60-79,Age group,0,51430.0,To March 2026,22.31,22.14,
E54000054,NHS West Yorkshire Integrated Care Board,Female,243315.0,,,CVDP001CVD,Prevalence of GP recorded cardiovascular disease (wide definition).,CVD: Prevalence (CVDP001CVD),11.34,60-79,Age group,0,27890.0,To March 2026,11.59,11.46,
E54000054,NHS West Yorkshire Integrated Care Board,Persons,475570.0,,,CVDP001CVD,Prevalence of GP recorded cardiovascular disease (wide definition).,CVD: Prevalence (CVDP001CVD),16.57,60-79,Age group,0,79320.0,To March 2026,16.78,16.68,
E54000054,NHS West Yorkshire Integrated Care Board,Male,47995.0,,,CVDP001CVD,Prevalence of GP recorded cardiovascular disease (wide definition).,CVD: Prevalence (CVDP001CVD),42.81,80+,Age group,0,20760.0,To March 2026,43.7,43.26,
E54000054,NHS West Yorkshire Integrated Care Board,Female,67820.0,,,CVDP001CVD,Prevalence of GP recorded cardiovascular disease (wide definition).,CVD: Prevalence (CVDP001CVD),30.9,80+,Age group,0,21195.0,To March 2026,31.6,31.25,
E54000054,NHS West Yorkshire Integrated Care Board,Persons,115815.0,,,CVDP001CVD,Prevalence of GP recorded cardiovascular disease (wide definition).,CVD: Prevalence (CVDP001CVD),35.95,80+,Age group,0,41955.0,To March 2026,36.5,36.23,
E54000054,NHS West Yorkshire Integrated Care Board,Persons,754580.0,,,CVDP001CVD,Prevalence of GP recorded cardiovascular disease (wide definition).,CVD: Prevalence (CVDP001CVD),6.48,1 - most deprived,Deprivation quintile,0,49325.0,To March 2026,6.59,6.54,
E54000054,NHS West Yorkshire Integrated Care Board,Persons,365170.0,,,CVDP001CVD,Prevalence of GP recorded cardiovascular disease (wide definition).,CVD: Prevalence (CVDP001CVD),7.19,2,Deprivation quintile,0,26545.0,To March 2026,7.35,7.27,
E54000054,NHS West Yorkshire Integrated Care Board,Persons,333270.0,,,CVDP001CVD,Prevalence of GP recorded cardiovascular disease (wide definition).,CVD: Prevalence (CVDP001CVD),7.46,3,Deprivation quintile,0,25170.0,To March 2026,7.64,7.55,
E54000054,NHS West Yorkshire Integrated Care Board,Persons,331045.0,,,CVDP001CVD,Prevalence of GP recorded cardiovascular disease (wide definition).,CVD: Prevalence (CVDP001CVD),7.94,4,Deprivation quintile,0,26585.0,To March 2026,8.12,8.03,
E54000054,NHS West Yorkshire Integrated Care Board,Persons,229315.0,,,CVDP001CVD,Prevalence of GP recorded cardiovascular disease (wide definition).,CVD: Prevalence (CVDP001CVD),7.51,5 - least deprived,Deprivation quintile,0,17470.0,To March 2026,7.73,7.62,
E54000054,NHS West Yorkshire Integrated Care Board,Female,,,,CVDP001CVD,Prevalence of GP recorded cardiovascular disease (wide definition).,CVD: Prevalence (CVDP001CVD),5.65,Female,Sex - Age Standardised,0,,To March 2026,5.74,5.7,Numerators and Denominators are not provided for Age Standardisation.
E54000054,NHS West Yorkshire Integrated Care Board,Male,,,,CVDP001CVD,Prevalence of GP recorded cardiovascular disease (wide definition).,CVD: Prevalence (CVDP001CVD),10.02,Male,Sex - Age Standardised,0,,To March 2026,10.15,10.08,Numerators and Denominators are not provided for Age Standardisation.
E54000054,NHS West Yorkshire Integrated Care Board,Persons,,,,CVDP001CVD,Prevalence of GP recorded cardiovascular disease (wide definition).,CVD: Prevalence (CVDP001CVD),7.75,Persons,Sex - Age Standardised,0,,To March 2026,7.83,7.79,Numerators and Denominators are not provided for Age Standardisation.
E54000054,NHS West Yorkshire Integrated Care Board,Persons,,,,CVDP001CVD,Prevalence of GP recorded cardiovascular disease (wide definition).,CVD: Prevalence (CVDP001CVD),9.65,1 - most deprived,Deprivation quintile - Age Standardised,0,,To March 2026,9.83,9.74,Numerators and Denominators are not provided for Age Standardisation.
E54000054,NHS West Yorkshire Integrated Care Board,Persons,,,,CVDP001CVD,Prevalence of GP recorded cardiovascular disease (wide definition).,CVD: Prevalence (CVDP001CVD),7.82,2,Deprivation quintile - Age Standardised,0,,To March 2026,8.01,7.91,Numerators and Denominators are not provided for Age Standardisation.
E54000054,NHS West Yorkshire Integrated Care Board,Persons,,,,CVDP001CVD,Prevalence of GP recorded cardiovascular disease (wide definition).,CVD: Prevalence (CVDP001CVD),6.93,3,Deprivation quintile - Age Standardised,0,,To March 2026,7.11,7.02,Numerators and Denominators are not provided for Age Standardisation.
E54000054,NHS West Yorkshire Integrated Care Board,Persons,,,,CVDP001CVD,Prevalence of GP recorded cardiovascular disease (wide definition).,CVD: Prevalence (CVDP001CVD),6.44,4,Deprivation quintile - Age Standardised,0,,To March 2026,6.61,6.52,Numerators and Denominators are not provided for Age Standardisation.
E54000054,NHS West Yorkshire Integrated Care Board,Persons,,,,CVDP001CVD,Prevalence of GP recorded cardiovascular disease (wide definition).,CVD: Prevalence (CVDP001CVD),5.84,5 - least deprived,Deprivation quintile - Age Standardised,0,,To March 2026,6.02,5.93,Numerators and Denominators are not provided for Age Standardisation.
